Name #1,Name #2,Event,Type,Year,Channel,Uploaded,URL,ID,Views,Content category,Availability
CALLI,KIRUMA,could not identify event,Accapella,2026,FOB,2026-10-09,https://www.youtube.com/watch?v=Cs-uQ2uLbd8,Cs-uQ2uLbd8,6792,battle,available
MORGANA,TICC,KAMPFANSAGE,On Beat,2026,FOB,2026-10-08,https://www.youtube.com/watch?v=gxhc7dJDfXY,gxhc7dJDfXY,14488,other,available
TICC,MORGANA,KAMPFANSAGE PINKY PROMISE,On Beat,2026,FOB,2026-10-08,https://www.youtube.com/watch?v=P628J1-KhYk,P628J1-KhYk,35560,other,available
Calli,TAHA,Splash ´26,On Beat,2026,DLTLLY,2026-10-08,https://www.youtube.com/watch?v=3ag6xhLecYE,3ag6xhLecYE,9989,battle,available
YUAH,NASTIC,GAMESCOM,Accapella,2026,FOB,2026-10-06,https://www.youtube.com/watch?v=qvRk6YZIIac,qvRk6YZIIac,15457,battle,available
DESPO,YUMI,RAP BATTLE,Accapella,2026,FOB,2026-10-04,https://www.youtube.com/watch?v=PfjVgJUet-I,PfjVgJUet-I,7214,battle,available
PA SPORTS,SSYNIC,Das Interview zum Battle BDay 13,Accapella,2026,DLTLLY,2026-10-04,https://www.youtube.com/watch?v=K92Gh3gC5M8,K92Gh3gC5M8,268931,interview,available
Ssynic,PA Sports,Out Now #,Accapella,2026,DLTLLY,2026-10-04,https://www.youtube.com/watch?v=DhYYYeVJ8RU,DhYYYeVJ8RU,26912,promo,available
PA SPORTS,SSYNIC,BDay 13,Accapella,2026,DLTLLY,2026-10-04,https://www.youtube.com/watch?v=5XeO9CDpv8s,5XeO9CDpv8s,1213700,battle,available
SIZYPHOS,MIKESH,INTERVIEW,Accapella,2026,FOB,2026-10-02,https://www.youtube.com/watch?v=Z0M-8X6wyeU,Z0M-8X6wyeU,33015,interview,available
MIKESH,SIZYPHOS,RAP BATTLE,Accapella,2026,FOB,2026-10-02,https://www.youtube.com/watch?v=-DTi_KButbQ,-DTi_KButbQ,171294,battle,available
Morgana & Shizu,Cashus K & Mazzikaner,2on2 Splash ´26,On Beat,2026,DLTLLY,2026-10-01,https://www.youtube.com/watch?v=Z427fU4jRgA,Z427fU4jRgA,14092,battle,available
Haszcara,Faivel,Splash ´26,On Beat,2026,DLTLLY,2026-09-29,https://www.youtube.com/watch?v=epza8e0NCw0,epza8e0NCw0,15294,battle,available
PHASENKIND,YUAH,RAP BATTLE,Accapella,2026,FOB,2026-09-29,https://www.youtube.com/watch?v=Nmt67cqH7YM,Nmt67cqH7YM,31536,battle,available
PHASENKIND,YUAH,INTERVIEW,Accapella,2026,FOB,2026-09-29,https://www.youtube.com/watch?v=1cj6VstWk08,1cj6VstWk08,4530,interview,available
Yarambo,Bdad,München,Accapella,2026,DLTLLY,2026-09-27,https://www.youtube.com/watch?v=dnRNrxgxNWM,dnRNrxgxNWM,97622,battle,available
Yarambo,Bdad,Das Interview zum Battle München,Accapella,2026,DLTLLY,2026-09-27,https://www.youtube.com/watch?v=XcwDDCughrk,XcwDDCughrk,14914,interview,available
ZEPTAH,DJIBY,RAP BATTLE,Accapella,2026,FOB,2026-09-27,https://www.youtube.com/watch?v=3GsM6N3FcUM,3GsM6N3FcUM,9579,battle,available
KITANA,WOLFF,INTERVIEW,Accapella,2026,FOB,2026-09-25,https://www.youtube.com/watch?v=ZKq782PlY6s,ZKq782PlY6s,25666,interview,available
WOLFF,KITANA,RAP BATTLE,Accapella,2026,FOB,2026-09-25,https://www.youtube.com/watch?v=LAiHiEcKpic,LAiHiEcKpic,84959,battle,available
KAZRAEL,H1,FACE-OFF,Accapella,2026,FOB,2026-09-24,https://www.youtube.com/watch?v=pDeZgX14aLU,pDeZgX14aLU,4804,battle,available
Joseph Steinschleuder,Niza,Das Interview zum Battle München,Accapella,2026,DLTLLY,2026-09-20,https://www.youtube.com/watch?v=uynqumUoKWs,uynqumUoKWs,11777,interview,available
BATTLERAP GERTI,F!O,RAP BATTLE,Accapella,2026,FOB,2026-09-20,https://www.youtube.com/watch?v=gf0fM4bPxrk,gf0fM4bPxrk,14020,battle,available
Joseph Steinschleuder,Niza,München,Accapella,2026,DLTLLY,2026-09-20,https://www.youtube.com/watch?v=L1P2iNzFgk8,L1P2iNzFgk8,53614,battle,available
HERR SÖREN,FLIMMER,RAP BATTLE,Accapella,2026,FOB,2026-09-18,https://www.youtube.com/watch?v=Whqrd-VxEOw,Whqrd-VxEOw,13152,battle,available
Mighty P,Pusha,Splash ´26,On Beat,2026,DLTLLY,2026-09-17,https://www.youtube.com/watch?v=LTW6bwfUSJ4,LTW6bwfUSJ4,21058,battle,available
CALLI,FAIVEL,RAP BATTLE,Accapella,2026,FOB,2026-09-15,https://www.youtube.com/watch?v=oeNCc4KUSPM,oeNCc4KUSPM,Unknown,battle,available
H1,KAZRAEL,RAP BATTLE,Accapella,2026,FOB,2026-09-15,https://www.youtube.com/watch?v=ivpY6cy2A9k,ivpY6cy2A9k,Unknown,battle,available
LYLYTH,LONZO,RAP BATTLE,Accapella,2026,FOB,2026-09-15,https://www.youtube.com/watch?v=fI-tfwo8Q3A,fI-tfwo8Q3A,Unknown,battle,available
WALTER DER G,RIESENLAUCH,RAP BATTLE,Accapella,2026,FOB,2026-09-15,https://www.youtube.com/watch?v=enJ2ErrrlT0,enJ2ErrrlT0,Unknown,battle,available
FYNN,FATE,RAP BATTLE,Accapella,2026,FOB,2026-09-15,https://www.youtube.com/watch?v=ZG6bLe52I4M,ZG6bLe52I4M,Unknown,battle,available
LEROU,VETO,RAP BATTLE,Accapella,2026,FOB,2026-09-15,https://www.youtube.com/watch?v=TPKcgVGSf2Y,TPKcgVGSf2Y,Unknown,battle,available
CASHUS K,VON FELIX,RAP BATTLE,Accapella,2026,FOB,2026-09-15,https://www.youtube.com/watch?v=OlTbg-M33F4,OlTbg-M33F4,Unknown,battle,available
GERRO,MUSIO,RAP BATTLE,Accapella,2026,FOB,2026-09-15,https://www.youtube.com/watch?v=N0jberfOjcc,N0jberfOjcc,Unknown,battle,available
DER SANDMANN,WANDELBARZ,RAP BATTLE,Accapella,2026,FOB,2026-09-15,https://www.youtube.com/watch?v=LVMQdEgyG2A,LVMQdEgyG2A,Unknown,battle,available
HARDRADA,APATUAL,RAP BATTLE,Accapella,2026,FOB,2026-09-15,https://www.youtube.com/watch?v=JPuXijwxHSo,JPuXijwxHSo,Unknown,battle,available
ENYO,TAREK,RAP BATTLE,Accapella,2026,FOB,2026-09-15,https://www.youtube.com/watch?v=HLlDSLiflR4,HLlDSLiflR4,Unknown,battle,available
CAPTAIN SÄGE,ZOLA,RAP BATTLE,Accapella,2026,FOB,2026-09-15,https://www.youtube.com/watch?v=2AOHE79_6Og,2AOHE79_6Og,Unknown,battle,available
Zeuge,Riesenlauch,München,Accapella,2026,DLTLLY,2026-09-13,https://www.youtube.com/watch?v=FbxfJFvinzY,FbxfJFvinzY,32659,battle,available
BONG TEGGY,NATIF,FACE-OFF,Accapella,2026,FOB,2026-09-12,https://www.youtube.com/watch?v=sp0neWkCrjM,sp0neWkCrjM,34087,battle,available
BAULT,RIESENLAUCH,RAP BATTLE,Accapella,2026,FOB,2026-09-11,https://www.youtube.com/watch?v=Hf_t30pOxIE,Hf_t30pOxIE,41179,battle,available
BAULT,RIESENLAUCH,INTERVIEW,Accapella,2026,FOB,2026-09-11,https://www.youtube.com/watch?v=A56HSbCY_mI,A56HSbCY_mI,5292,interview,available
L-SUPREMA,ZATO,RAP BATTLE,Accapella,2026,FOB,2026-09-07,https://www.youtube.com/watch?v=qPugGiQc2q8,qPugGiQc2q8,Unknown,battle,available
SAM SOULJAH,PAROSE,RAP BATTLE,Accapella,2026,FOB,2026-09-07,https://www.youtube.com/watch?v=K_-_Q-eCNTk,K_-_Q-eCNTk,Unknown,battle,available
Gerro,Enyo,München,Accapella,2026,DLTLLY,2026-09-06,https://www.youtube.com/watch?v=G9dK5hjg_yY,G9dK5hjg_yY,42164,battle,available
VYRUS,TICC,INTERVIEW,Accapella,2026,FOB,2026-09-04,https://www.youtube.com/watch?v=vgmgdw-C548,vgmgdw-C548,15016,interview,available
TICC,VYRUS,RAP BATTLE,Accapella,2026,FOB,2026-09-04,https://www.youtube.com/watch?v=MqZWgbXxUXM,MqZWgbXxUXM,182364,battle,available
PA SPORTS,SSYNIC,Die Pressekonferenz vor dem Battle,Accapella,2026,DLTLLY,2026-09-01,https://www.youtube.com/watch?v=V9CpAMI6rG4,V9CpAMI6rG4,213699,promo,available
Tamarillo,Mordrake,Overload,On Beat,2026,DLTLLY,2026-09-01,https://www.youtube.com/watch?v=P9e9rqq-MZ8,P9e9rqq-MZ8,25094,battle,available
N'antinein,Shizu,München,Accapella,2026,DLTLLY,2026-08-30,https://www.youtube.com/watch?v=UX-ougxtVA4,UX-ougxtVA4,28345,battle,available
PA SPORTS,SSYNIC,EXTENDED TRAILER,Accapella,2026,DLTLLY,2026-08-29,https://www.youtube.com/watch?v=WDa_44Ex1d4,WDa_44Ex1d4,222048,promo,available
JOSEPH STEINSCHLEUDER,JIZI,RAP BATTLE,Accapella,2026,FOB,2026-08-28,https://www.youtube.com/watch?v=OWjZ1rKUdY4,OWjZ1rKUdY4,151600,battle,available
JOSEPH STEINSCHLEUDER,JIZI,INTERVIEW,Accapella,2026,FOB,2026-08-28,https://www.youtube.com/watch?v=GCbBPX6U8Uw,GCbBPX6U8Uw,15727,interview,available
Lex177,AMS,Overload,On Beat,2026,DLTLLY,2026-08-27,https://www.youtube.com/watch?v=KinnuU4vtyg,KinnuU4vtyg,17853,battle,available
Neilz & Veto,Fynn & Faivel,2on2 München,Accapella,2026,DLTLLY,2026-08-23,https://www.youtube.com/watch?v=w6cctGAqO_U,w6cctGAqO_U,41517,battle,available
FYNN,TICC,BATTLERAP QUIZ,Accapella,2026,FOB,2026-08-23,https://www.youtube.com/watch?v=g-6YPMNcbfM,g-6YPMNcbfM,5137,other,available
JÄL,MZUDEMK,INTERVIEW,Accapella,2026,FOB,2026-08-21,https://www.youtube.com/watch?v=dc94LS1h-WY,dc94LS1h-WY,19858,interview,available
JÄL,MZUDEMK,RAP BATTLE,Accapella,2026,FOB,2026-08-21,https://www.youtube.com/watch?v=FGEuFL7pC9s,FGEuFL7pC9s,87456,battle,available
Fate,Zato,Overload,On Beat,2026,DLTLLY,2026-08-20,https://www.youtube.com/watch?v=rNW-pKZctes,rNW-pKZctes,12692,battle,available
Yuah,MzudemK,AufTakt Turnier Halbfinale,On Beat,2026,DLTLLY,2026-08-16,https://www.youtube.com/watch?v=qrrxkFWXwtU,qrrxkFWXwtU,282166,battle,available
Yuah,MzudemK,Das Interview zum Battle,Accapella,2026,DLTLLY,2026-08-16,https://www.youtube.com/watch?v=1TryIt4Ifp8,1TryIt4Ifp8,39252,interview,available
BUNGEE,SA7VA,RAP BATTLE,Accapella,2026,FOB,2026-08-14,https://www.youtube.com/watch?v=YTYh1Rv79mA,YTYh1Rv79mA,4109,battle,available
Clockwork,Nema,Overload,On Beat,2026,DLTLLY,2026-08-13,https://www.youtube.com/watch?v=Fk3ydkKihFQ,Fk3ydkKihFQ,5214,battle,available
Requiem,Kitana,AufTakt Turnier Halbfinale,On Beat,2026,DLTLLY,2026-08-09,https://www.youtube.com/watch?v=pk96wkqBBuE,pk96wkqBBuE,88141,battle,available
Requiem,Kitana,Das Interview zum Battle,Accapella,2026,DLTLLY,2026-08-09,https://www.youtube.com/watch?v=GZSS71EMh58,GZSS71EMh58,16413,interview,available
SIRG,CAPTAIN SÄGE,RAP BATTLE,Accapella,2026,FOB,2026-08-07,https://www.youtube.com/watch?v=XR9HTuOpnKI,XR9HTuOpnKI,5832,battle,available
Stylz,Dr. Docs,Overload,On Beat,2026,DLTLLY,2026-08-06,https://www.youtube.com/watch?v=JatKpzj7LbY,JatKpzj7LbY,5908,battle,available
Nasty,Shate,Overload,On Beat,2026,DLTLLY,2026-08-04,https://www.youtube.com/watch?v=THPglEVRglU,THPglEVRglU,6033,battle,available
ALEX STOLDT,YORICK THIEDE,BATTLERAP QUIZ,Accapella,2026,FOB,2026-08-04,https://www.youtube.com/watch?v=K4wIut76wLw,K4wIut76wLw,16675,other,available
MC Geuner,Fynn,One Night Stand Hannover,Accapella,2026,DLTLLY,2026-08-02,https://www.youtube.com/watch?v=FxgfvgO9ILU,FxgfvgO9ILU,29479,battle,available
KIRUMA,REQUIEM,INTERVIEW,Accapella,2026,FOB,2026-07-31,https://www.youtube.com/watch?v=aPWbAJYxabw,aPWbAJYxabw,5070,interview,available
REQUIEM,KIRUMA,RAP BATTLE,Accapella,2026,FOB,2026-07-31,https://www.youtube.com/watch?v=4sh65wui_Co,4sh65wui_Co,48508,battle,available
2ocke,L-Suprema,Overload,On Beat,2026,DLTLLY,2026-07-30,https://www.youtube.com/watch?v=5fKmuXggZpM,5fKmuXggZpM,25928,battle,available
NEILZ,CRAZE,BATTLERAP QUIZ,Accapella,2026,FOB,2026-07-29,https://www.youtube.com/watch?v=MrcnKD4pPII,MrcnKD4pPII,8610,other,available
Neilz,Joseph Steinschleuder,MAYhem 9,Accapella,2026,DLTLLY,2026-07-26,https://www.youtube.com/watch?v=8OAbSNVmNlI,8OAbSNVmNlI,99169,battle,available
ŌKAMI,CAPTAIN SÄGE,BEATBOX BATTLE,Accapella,2026,FOB,2026-07-24,https://www.youtube.com/watch?v=ZAx7kqWMKjM,ZAx7kqWMKjM,4120,battle,available
BertlB,Filo,Overload,On Beat,2026,DLTLLY,2026-07-21,https://www.youtube.com/watch?v=GhJs4ayqtlY,GhJs4ayqtlY,6680,battle,available
Real Deal,Marlo,MAYhem 9,Accapella,2026,DLTLLY,2026-07-19,https://www.youtube.com/watch?v=dFowzI8VJl8,dFowzI8VJl8,8662,battle,available
NASTIC,VETO,RAP BATTLE,Accapella,2026,FOB,2026-07-17,https://www.youtube.com/watch?v=t6TA-2CstgY,t6TA-2CstgY,6219,battle,available
Shortworth,Kid Soldier,MAYhem 9,Accapella,2026,DLTLLY,2026-07-12,https://www.youtube.com/watch?v=B5s6Oqz0VQM,B5s6Oqz0VQM,42855,battle,available
SA7VA,TOBO,RAP BATTLE,Accapella,2026,FOB,2026-07-10,https://www.youtube.com/watch?v=gmnLJAOAZgk,gmnLJAOAZgk,3723,battle,available
Hiding John,Kato,Das Interview zum Battle,Accapella,2026,DLTLLY,2026-07-05,https://www.youtube.com/watch?v=Zk-tZ5JkFac,Zk-tZ5JkFac,28280,interview,available
HIDING JOHN,KATO,🏆 Titlematch 🏆 2026 MAYhem 9,Accapella,2026,DLTLLY,2026-07-05,https://www.youtube.com/watch?v=FbnEx-taxzE,FbnEx-taxzE,137116,battle,available
FAIVEL,MILO,RAP BATTLE,Accapella,2026,FOB,2026-07-03,https://www.youtube.com/watch?v=7HnahEogrrU,7HnahEogrrU,4025,battle,available
PA SPORTS,???,Matchup Reveal,Accapella,2026,DLTLLY,2026-06-30,https://www.youtube.com/watch?v=GacefTqdX9Q,GacefTqdX9Q,84094,promo,available
Bdad,Bong Teggy,Das Interview zum Battle One Night Stand Hannover,Accapella,2026,DLTLLY,2026-06-28,https://www.youtube.com/watch?v=_WUzp_nt6SI,_WUzp_nt6SI,19395,interview,available
Bdad,Bong Teggy,One Night Stand Hannover,Accapella,2026,DLTLLY,2026-06-28,https://www.youtube.com/watch?v=6iPV29ICcvY,6iPV29ICcvY,127465,battle,available
YOUNG KENNEDY,DER SANDMANN,RAP BATTLE,Accapella,2026,FOB,2026-06-26,https://www.youtube.com/watch?v=m4-hFITahgM,m4-hFITahgM,8330,battle,available
MIKESH,SIZYPHOS,RAP BATTLE,Accapella,2026,FOB,2026-06-26,https://www.youtube.com/watch?v=hu0oYcTUOVY,hu0oYcTUOVY,Unknown,other,unavailable
BAULT,RIESENLAUCH,RAP BATTLE,Accapella,2026,FOB,2026-06-26,https://www.youtube.com/watch?v=KzRrewkoXjI,KzRrewkoXjI,Unknown,other,unavailable
Onkel Oktomusch,Jizi,One Night Stand Hannover,Accapella,2026,DLTLLY,2026-06-21,https://www.youtube.com/watch?v=K8Cz4FHQYE0,K8Cz4FHQYE0,50910,battle,available
FYNN,WANDELBARZ,RAP BATTLE,Accapella,2026,FOB,2026-06-19,https://www.youtube.com/watch?v=__M8b36irRg,__M8b36irRg,18037,battle,available
Bault,Kriso,One Night Stand Hannover,Accapella,2026,DLTLLY,2026-06-18,https://www.youtube.com/watch?v=wgpHn5IV4Ok,wgpHn5IV4Ok,14865,battle,available
Schote,Lucs,Stuttgart,On Beat,2026,DLTLLY,2026-06-16,https://www.youtube.com/watch?v=ejqd2c-fPuc,ejqd2c-fPuc,13706,battle,available
Vyrus,Davie Jones,One Night Stand Hannover,Accapella,2026,DLTLLY,2026-06-14,https://www.youtube.com/watch?v=sL8zsLGBnpg,sL8zsLGBnpg,62778,battle,available
Vyrus,Davie Jones,Das Interview zum Battle One Night Stand Hannover,Accapella,2026,DLTLLY,2026-06-14,https://www.youtube.com/watch?v=qcgfwnvNCb4,qcgfwnvNCb4,5116,interview,available
MC GEUNER,BAULT,RAP BATTLE,Accapella,2026,FOB,2026-06-12,https://www.youtube.com/watch?v=TsKszFVq5rQ,TsKszFVq5rQ,17008,battle,available
RIESENLAUCH,BAULT,FACE-OFF,Accapella,2026,FOB,2026-06-07,https://www.youtube.com/watch?v=oeoN1BPA2jc,oeoN1BPA2jc,3497,battle,available
Wolff,Karkobi,Stuttgart,Accapella,2026,DLTLLY,2026-06-07,https://www.youtube.com/watch?v=LWug3_KKfq8,LWug3_KKfq8,43738,battle,available
Wolff,Karkobi,Das Interview zum Battle Stuttgart,Accapella,2026,DLTLLY,2026-06-07,https://www.youtube.com/watch?v=KSOeIX1ebvA,KSOeIX1ebvA,5507,interview,available
BDAD,NEILZ,RAP BATTLE,Accapella,2026,FOB,2026-06-05,https://www.youtube.com/watch?v=B17aVZQSv0s,B17aVZQSv0s,45031,battle,available
Phasenkind,Requiem,AufTakt Turnier Viertelfinale,On Beat,2026,DLTLLY,2026-06-04,https://www.youtube.com/watch?v=UJ8mDq0AL2g,UJ8mDq0AL2g,42524,battle,available
BX,Jäl,Stuttgart,Accapella,2026,DLTLLY,2026-05-31,https://www.youtube.com/watch?v=xEvCsDglOzY,xEvCsDglOzY,13915,battle,available
KITANA,WOLFF,FACE-OFF,Accapella,2026,FOB,2026-05-31,https://www.youtube.com/watch?v=aLwVHJV0fbU,aLwVHJV0fbU,18441,battle,available
OREGANO,DANNY DEADWEIGHT,RAP BATTLE,Accapella,2026,FOB,2026-05-29,https://www.youtube.com/watch?v=pKNO2GcnXLY,pKNO2GcnXLY,37418,battle,available
Kitana,Liuz,AufTakt Turnier Viertelfinale,On Beat,2026,DLTLLY,2026-05-28,https://www.youtube.com/watch?v=2SWOJoAL_eo,2SWOJoAL_eo,54419,battle,available
Burst + T-Way,Baretta + Valik,2on2 Stuttgart,Accapella,2026,DLTLLY,2026-05-24,https://www.youtube.com/watch?v=r_VnKhLvPLE,r_VnKhLvPLE,9166,battle,available
MZUDEMK,JÄL,FACE-OFF,Accapella,2026,FOB,2026-05-24,https://www.youtube.com/watch?v=RVKuk3aPKtk,RVKuk3aPKtk,17732,battle,available
AMS,KARKOBI,RAP BATTLE,Accapella,2026,FOB,2026-05-22,https://www.youtube.com/watch?v=ZKuC5GjmQgE,ZKuC5GjmQgE,18143,battle,available
Hiding John,Kato,Battlerap.de,Accapella,2026,DLTLLY,2026-05-22,https://www.youtube.com/watch?v=XFWQxZKp2Js,XFWQxZKp2Js,36194,other,available
Real Deal,Marlo,Battlerap.de,Accapella,2026,DLTLLY,2026-05-22,https://www.youtube.com/watch?v=SWGILQ1S7kM,SWGILQ1S7kM,14431,other,available
Shortworth,Kid Soldier,Battlerap.de,Accapella,2026,DLTLLY,2026-05-22,https://www.youtube.com/watch?v=HwwG26qxNVE,HwwG26qxNVE,10033,other,available
Neilz,Joseph Steinschleuder,Battlerap.de,Accapella,2026,DLTLLY,2026-05-22,https://www.youtube.com/watch?v=HoBsRdYeJrk,HoBsRdYeJrk,26824,other,available
Yuah,Aladin,AufTakt Turnier Viertelfinale,On Beat,2026,DLTLLY,2026-05-21,https://www.youtube.com/watch?v=lW-orRYSMn4,lW-orRYSMn4,29829,battle,available
MECHTHILD,GENEROUSISI,RAP BATTLE,Accapella,2026,FOB,2026-05-20,https://www.youtube.com/watch?v=8dCkX2KFzHg,8dCkX2KFzHg,2959,battle,available
Niza + Karma,Ryko + LuckyLily,Das Interview zum Battle,Accapella,2026,DLTLLY,2026-05-17,https://www.youtube.com/watch?v=okfrjaroqdY,okfrjaroqdY,17289,interview,available
Niza + Karma,Ryko + LuckyLily,2on2 Frankfurt,Accapella,2026,DLTLLY,2026-05-17,https://www.youtube.com/watch?v=-72s30AKbkY,-72s30AKbkY,101176,battle,available
Andres Kaliba,MzudemK,AufTakt Turnier Viertelfinale,On Beat,2026,DLTLLY,2026-05-14,https://www.youtube.com/watch?v=aNn9ez8LvT8,aNn9ez8LvT8,140517,battle,available
STYLZ,LAVANDIA,RAP BATTLE,Accapella,2026,FOB,2026-05-12,https://www.youtube.com/watch?v=udRBn6CgHPM,udRBn6CgHPM,2161,battle,available
Mikesh,Kato,Frankfurt,Accapella,2026,DLTLLY,2026-05-10,https://www.youtube.com/watch?v=piqxjN77la8,piqxjN77la8,145542,battle,available
Mikesh,Kato,Das Interview zum Battle,Accapella,2026,DLTLLY,2026-05-10,https://www.youtube.com/watch?v=52EI0IaValk,52EI0IaValk,25945,interview,available
FYNN,HARLEM T,RAP BATTLE,Accapella,2026,FOB,2026-05-08,https://www.youtube.com/watch?v=CyB2-D2_7JQ,CyB2-D2_7JQ,11536,battle,available
Tao,Lavas,Proving Grounds Only 2025,On Beat,2025,DLTLLY,2026-05-05,https://www.youtube.com/watch?v=3Bl_imkNaS4,3Bl_imkNaS4,12197,battle,available
Gregpipe + Patrick Enemy,Ano-nym + Karkobi,Das Interview zum Battle,Accapella,2026,DLTLLY,2026-05-03,https://www.youtube.com/watch?v=31wUPlvyB50,31wUPlvyB50,14089,interview,available
Gregpipe + Patrick Enemy,Ano-nym + Karkobi,2on2 Frankfurt,Accapella,2026,DLTLLY,2026-05-03,https://www.youtube.com/watch?v=2n-m5WBeBcg,2n-m5WBeBcg,93233,battle,available
TEACH,JEPAIN,RAP BATTLE,Accapella,2026,FOB,2026-05-01,https://www.youtube.com/watch?v=xcwMwQtWUIU,xcwMwQtWUIU,3745,battle,available
Yumi,Lyt,Proving Grounds Only 2025,On Beat,2025,DLTLLY,2026-04-30,https://www.youtube.com/watch?v=ciHXMFAoN-o,ciHXMFAoN-o,7312,battle,available
Rool,Malik,Proving Grounds,Accapella,2026,DLTLLY,2026-04-28,https://www.youtube.com/watch?v=4JL8V9Pt50A,4JL8V9Pt50A,5716,battle,available
Karanova,Meidi,Das Interview zum Battle,Accapella,2026,DLTLLY,2026-04-26,https://www.youtube.com/watch?v=pO_MEo9fCwA,pO_MEo9fCwA,15338,interview,available
Karanova,Meidi,Frankfurt,Accapella,2026,DLTLLY,2026-04-26,https://www.youtube.com/watch?v=jaONe5sI0HE,jaONe5sI0HE,101878,battle,available
MUSIO,DER SANDMANN,RAP BATTLE,Accapella,2026,FOB,2026-04-24,https://www.youtube.com/watch?v=SAXHRzyTTSY,SAXHRzyTTSY,6010,battle,available
Maxman,Pusha,Proving Grounds Only 2025,On Beat,2025,DLTLLY,2026-04-23,https://www.youtube.com/watch?v=nqRPp2OhT5E,nqRPp2OhT5E,4969,battle,available
Big Lion,Nour,Proving Grounds,Accapella,2026,DLTLLY,2026-04-21,https://www.youtube.com/watch?v=8NaMnrNKzVo,8NaMnrNKzVo,7122,battle,available
Fate,Young Kennedy,Frankfurt,Accapella,2026,DLTLLY,2026-04-19,https://www.youtube.com/watch?v=9yw56D1lhcY,9yw56D1lhcY,15753,battle,available
TEACH,RIESENLAUCH,RAP BATTLE,Accapella,2026,FOB,2026-04-17,https://www.youtube.com/watch?v=lDF9dH1LFXw,lDF9dH1LFXw,6639,battle,available
Stormy,FEEL.ikx,Proving Grounds Only 2025,On Beat,2025,DLTLLY,2026-04-16,https://www.youtube.com/watch?v=6lUlDGvcq8U,6lUlDGvcq8U,4416,battle,available
Der Sergeant,Mazzikaner,Proving Grounds Only 2025,On Beat,2025,DLTLLY,2026-04-14,https://www.youtube.com/watch?v=oNawmdGv6_c,oNawmdGv6_c,7451,battle,available
VYRUS,AYTEE,🏆 TITLE MATCH 2026 🏆,On Beat,2026,DLTLLY,2026-04-12,https://www.youtube.com/watch?v=vizVXmWnlRM,vizVXmWnlRM,202555,battle,available
Vyrus,Aytee,Interview zum Battle Berlin '26,Accapella,2026,DLTLLY,2026-04-12,https://www.youtube.com/watch?v=2hvdEHwSlfI,2hvdEHwSlfI,24193,interview,available
TAREK,LYT,RAP BATTLE,Accapella,2026,FOB,2026-04-10,https://www.youtube.com/watch?v=fIaTUgqGShM,fIaTUgqGShM,3415,battle,available
Broody,Ottik,Proving Grounds,Accapella,2026,DLTLLY,2026-04-09,https://www.youtube.com/watch?v=pMpOA6WncXk,pMpOA6WncXk,7406,battle,available
Jepain,Capco Jones,Kassel 2026,Accapella,2026,DLTLLY,2026-04-05,https://www.youtube.com/watch?v=xTFdaGQmQQI,xTFdaGQmQQI,8488,battle,available
DARKI,DOPA MANOR,RAP BATTLE,Accapella,2026,FOB,2026-04-03,https://www.youtube.com/watch?v=mYu6hRlxOqo,mYu6hRlxOqo,3660,battle,available
Jilly,Tao,Proving Grounds,Accapella,2026,DLTLLY,2026-04-02,https://www.youtube.com/watch?v=EdO7RtrbH0g,EdO7RtrbH0g,8110,battle,available
MC Gefühle,Roger Rapperer,Zürich,Accapella,2026,DLTLLY,2026-03-31,https://www.youtube.com/watch?v=s_mAiyK4VC4,s_mAiyK4VC4,6510,battle,available
Neilz,Indoor Stan,Kassel 2026,Accapella,2026,DLTLLY,2026-03-29,https://www.youtube.com/watch?v=jfV8k2d7IKs,jfV8k2d7IKs,52449,battle,available
GERRO,FYNN,RAP BATTLE,Accapella,2026,FOB,2026-03-27,https://www.youtube.com/watch?v=ByKkUYVQTUg,ByKkUYVQTUg,8385,battle,available
LAB,24Dias,Zürich,Accapella,2026,DLTLLY,2026-03-26,https://www.youtube.com/watch?v=2qfsQ-xhVeo,2qfsQ-xhVeo,4990,battle,available
Yuah,Ticc,AufTakt Turnier Achtelfinale,On Beat,2026,DLTLLY,2026-03-22,https://www.youtube.com/watch?v=qbtd7vypKFs,qbtd7vypKFs,74141,battle,available
PHASENKIND,CALLI,RAP BATTLE,Accapella,2026,FOB,2026-03-20,https://www.youtube.com/watch?v=jP7NNrIsUok,jP7NNrIsUok,25866,battle,available
Shorteh Taunton,Phasenkind,AufTakt Turnier Achtelfinale,On Beat,2026,DLTLLY,2026-03-19,https://www.youtube.com/watch?v=1GTBGIhTlnM,1GTBGIhTlnM,36923,battle,available
Rager,Liuz,AufTakt Turnier Achtelfinale,On Beat,2026,DLTLLY,2026-03-17,https://www.youtube.com/watch?v=-1qXIraxtxg,-1qXIraxtxg,19285,battle,available
SA7VA,PURP DIVISION,RAP BATTLE,Accapella,2026,FOB,2026-03-15,https://www.youtube.com/watch?v=Rwuy2cTGVAk,Rwuy2cTGVAk,2083,battle,available
Kitana,Lex177,🎤,On Beat,2026,DLTLLY,2026-03-15,https://www.youtube.com/watch?v=N2oySb3MHQM,N2oySb3MHQM,72194,battle,available
Aladin,Emenes,AufTakt Turnier Achtelfinale,On Beat,2026,DLTLLY,2026-03-13,https://www.youtube.com/watch?v=Z4Hsh4zO-ZM,Z4Hsh4zO-ZM,28913,battle,available
MORGANA,"ALLE (AMS, T-WAY, BARETTA, GENEROUSISI)",RAP BATTLE,Accapella,2026,FOB,2026-03-13,https://www.youtube.com/watch?v=-joYyO0kdc4,-joYyO0kdc4,15513,battle,available
Requiem,Jioni,AufTakt Turnier Achtelfinale,On Beat,2026,DLTLLY,2026-03-11,https://www.youtube.com/watch?v=w8F4A98RGS8,w8F4A98RGS8,23352,battle,available
David Ardor,Der Sandmann,Proving Grounds,Accapella,2026,DLTLLY,2026-03-09,https://www.youtube.com/watch?v=fHaEDXoca-o,fHaEDXoca-o,5491,battle,available
Papi Schlauch,Kiruma,Das Interview zum Battle Kassel 2026,Accapella,2026,DLTLLY,2026-03-09,https://www.youtube.com/watch?v=RfzJa_Z8iyQ,RfzJa_Z8iyQ,5183,interview,available
JÄL,VON FELIX,RAP BATTLE,Accapella,2026,FOB,2026-03-08,https://www.youtube.com/watch?v=uKR88ylR1Vc,uKR88ylR1Vc,24851,battle,available
Papi Schlauch,Kiruma,Kassel 2026,Accapella,2026,DLTLLY,2026-03-08,https://www.youtube.com/watch?v=E8cP9xoVsCU,E8cP9xoVsCU,58479,battle,available
Morgana,Yuah,Battlerap Taxi BDay Bash 2025,On Beat,2025,DLTLLY,2026-03-07,https://www.youtube.com/watch?v=NxlVkP2VFLU,NxlVkP2VFLU,19067,battle,available
Yuah,Zeptah,Feel Festival 2025,On Beat,2025,DLTLLY,2026-03-06,https://www.youtube.com/watch?v=O7XAXsCXZj0,O7XAXsCXZj0,24329,battle,available
VYRUS,MZUDEMK,RAP BATTLE,Accapella,2026,FOB,2026-03-06,https://www.youtube.com/watch?v=JKbzDt5CgH0,JKbzDt5CgH0,183683,battle,available
Neilz,Notyzze,Hamburg,Accapella,2026,DLTLLY,2026-03-05,https://www.youtube.com/watch?v=lKlvY2CP-Fw,lKlvY2CP-Fw,26228,battle,available
JAVAS,LUI,RAP BATTLE,Accapella,2026,FOB,2026-03-04,https://www.youtube.com/watch?v=8-w81NCjNCw,8-w81NCjNCw,1823,battle,available
CALLI,ANDRES KALIBA,AufTakt Turnier Achtelfinale,Accapella,2026,DLTLLY,2026-03-03,https://www.youtube.com/watch?v=Xby5r0dfMg4,Xby5r0dfMg4,16527,battle,available
Nastic,MzudemK,AufTakt - Das Battlerap-Turnier,On Beat,2026,DLTLLY,2026-03-01,https://www.youtube.com/watch?v=ofXnIpxuD5Q,ofXnIpxuD5Q,107368,battle,available
ZEPTAH,TICC,RAP BATTLE,Accapella,2026,FOB,2026-02-27,https://www.youtube.com/watch?v=ZPPU1i7ktus,ZPPU1i7ktus,62773,battle,available
Young Kennedy,Aladin,Proving Grounds Only 2025,On Beat,2025,DLTLLY,2026-02-26,https://www.youtube.com/watch?v=nnRbVliegmw,nnRbVliegmw,8815,battle,available
Rager,Yuah,Proving Grounds Only ´25,On Beat,2026,DLTLLY,2026-02-24,https://www.youtube.com/watch?v=fODwwlJUTnM,fODwwlJUTnM,12996,battle,available
Notyzze,Robscure,Kassel 2026,Accapella,2026,DLTLLY,2026-02-22,https://www.youtube.com/watch?v=FoRNSLmihwk,FoRNSLmihwk,35427,battle,available
Aladin,Mighty P,Battlerap Taxi BDay Bash 2025,On Beat,2025,DLTLLY,2026-02-21,https://www.youtube.com/watch?v=1LNFby1VNu0,1LNFby1VNu0,7866,battle,available
CIPHER,MOKO,RAP BATTLE,Accapella,2026,FOB,2026-02-20,https://www.youtube.com/watch?v=dJ8CEOmL608,dJ8CEOmL608,2833,battle,available
Jäl,Mellow,🗣,Accapella,2026,DLTLLY,2026-02-15,https://www.youtube.com/watch?v=WXIuer5Oml4,WXIuer5Oml4,16576,battle,available
ZATO,H1,RAP BATTLE,Accapella,2026,FOB,2026-02-13,https://www.youtube.com/watch?v=MuUfSc36_6U,MuUfSc36_6U,12925,battle,available
Riesenlauch,MC Geuner,Dissember 9,Accapella,2026,DLTLLY,2026-02-08,https://www.youtube.com/watch?v=5sxyiKeEYNs,5sxyiKeEYNs,40453,battle,available
MAVERICK MILES,L-SUPREMA,RAP BATTLE,Accapella,2026,FOB,2026-02-06,https://www.youtube.com/watch?v=rfY5kj8srUY,rfY5kj8srUY,6680,battle,available
RICOCHET,SILVER,RAP BATTLE,Accapella,2026,FOB,2026-02-01,https://www.youtube.com/watch?v=ekmefY3pxG0,ekmefY3pxG0,4073,battle,available
Fate,Shortworth,Dissember 9,Accapella,2026,DLTLLY,2026-02-01,https://www.youtube.com/watch?v=aCCscEorf2w,aCCscEorf2w,29406,battle,available
GEMIN1,JOSEPH STEINSCHLEUDER,ENGLISH,Accapella,2026,FOB,2026-01-30,https://www.youtube.com/watch?v=ka-zuxLIE_A,ka-zuxLIE_A,27595,battle,available
Meidi,Robscure,München 2025,Accapella,2025,DLTLLY,2026-01-25,https://www.youtube.com/watch?v=wmnWMO8RvBQ,wmnWMO8RvBQ,61692,battle,available
Meidi,Robscure,Das Interview zum Battle,Accapella,2026,DLTLLY,2026-01-25,https://www.youtube.com/watch?v=YMvNjnH6hbQ,YMvNjnH6hbQ,10509,interview,available
BURST & T-WAY,HIDING JOHN & HEINZ87,RAP BATTLE,Accapella,2026,FOB,2026-01-23,https://www.youtube.com/watch?v=zjRJDG0Xn_Q,zjRJDG0Xn_Q,18047,battle,available
Ripa,Hoodoo,Proving Grounds,Accapella,2026,DLTLLY,2026-01-22,https://www.youtube.com/watch?v=4nEjyUsmMvg,4nEjyUsmMvg,4203,battle,available
Dyas,Baretta,Battlerap Taxi BDay Bash 2025,On Beat,2025,DLTLLY,2026-01-20,https://www.youtube.com/watch?v=LkTHgzc4mwg,LkTHgzc4mwg,6717,battle,available
Jäl,Frozen,could not identify event,Accapella,2026,DLTLLY,2026-01-18,https://www.youtube.com/watch?v=Z9mdqmXnDnM,Z9mdqmXnDnM,12298,battle,available
KATER99,SA7VA,RAP BATTLE,Accapella,2026,FOB,2026-01-16,https://www.youtube.com/watch?v=6ExQMS0Po20,6ExQMS0Po20,3753,battle,available
Dascha,Mave,Hamburg,Accapella,2026,DLTLLY,2026-01-13,https://www.youtube.com/watch?v=P8bFGQP2P4k,P8bFGQP2P4k,28496,battle,available
MÄST,TESSTIMONY,RAP BATTLE,Accapella,2026,FOB,2026-01-11,https://www.youtube.com/watch?v=roEE44_9vT4,roEE44_9vT4,3927,battle,available
Davie Jones,Kitana,München 2025,Accapella,2025,DLTLLY,2026-01-11,https://www.youtube.com/watch?v=lg04k4t6rmQ,lg04k4t6rmQ,94660,battle,available
Davie Jones,Kitana,Das Interview zum Battle,Accapella,2026,DLTLLY,2026-01-11,https://www.youtube.com/watch?v=cmdMkO1KqVI,cmdMkO1KqVI,13982,interview,available
Notyzze,Yuah,Das Finale Battlerap-Taxi Bday Bash 🔥,Accapella,2026,DLTLLY,2026-01-09,https://www.youtube.com/watch?v=MxPNjKWA7vM,MxPNjKWA7vM,20890,battle,available
TAREK,MAMO,RAP BATTLE,Accapella,2026,FOB,2026-01-09,https://www.youtube.com/watch?v=7u4sLILDFkg,7u4sLILDFkg,4126,battle,available
Shizu,Requiem,München 2025,Accapella,2025,DLTLLY,2026-01-04,https://www.youtube.com/watch?v=G58OamfHFF4,G58OamfHFF4,31868,battle,available
MOODY,WANDELBARZ,RAP BATTLE,Accapella,2026,FOB,2026-01-02,https://www.youtube.com/watch?v=3PKu2m4H8vc,3PKu2m4H8vc,10331,battle,available
SSYNIC,BEASTBOY,battlerap culture Thumbnail:https:,Accapella,2025,DLTLLY,2025-12-31,https://www.youtube.com/watch?v=5Dh1E_ojpus,5Dh1E_ojpus,1782150,other,available
BEASTBOY,SSYNIC,"Das gehypteste, deutsche jemals",Accapella,2025,DLTLLY,2025-12-28,https://www.youtube.com/watch?v=q6vZn31er_8,q6vZn31er_8,1310081,battle,available
Ssynic,Beastboy,Das Interview zum Battle,Accapella,2025,DLTLLY,2025-12-28,https://www.youtube.com/watch?v=9u3vcQdMjeU,9u3vcQdMjeU,271995,interview,available
FAIVEL,CAPCO JONES,RAP BATTLE,Accapella,2025,FOB,2025-12-26,https://www.youtube.com/watch?v=qQDPoPyCtw0,qQDPoPyCtw0,7750,battle,available
Young Kennedy,Gerro,Hamburg 2025,Accapella,2025,DLTLLY,2025-12-24,https://www.youtube.com/watch?v=w1eGiZ53t3o,w1eGiZ53t3o,15174,battle,available
F!O,DANDROID,RAP BATTLE,Accapella,2025,FOB,2025-12-24,https://www.youtube.com/watch?v=D1OHI0iDq4U,D1OHI0iDq4U,14507,battle,available
Musio,Schlawin0r,München 2025,Accapella,2025,DLTLLY,2025-12-21,https://www.youtube.com/watch?v=yTmz0h0MajE,yTmz0h0MajE,11327,battle,available
Allmani,Oudhini,Zürich,Accapella,2025,DLTLLY,2025-12-20,https://www.youtube.com/watch?v=WEm3ENIce48,WEm3ENIce48,6936,battle,available
MERLIN,BONG TEGGY,RAP BATTLE,Accapella,2025,FOB,2025-12-19,https://www.youtube.com/watch?v=M15yikG8_wg,M15yikG8_wg,68024,battle,available
Cashus K & Mazzikaner,Pennakind & Tyler Bourbon,2on2 München,Accapella,2025,DLTLLY,2025-12-14,https://www.youtube.com/watch?v=xlg81_gzpa0,xlg81_gzpa0,9302,battle,available
ZATO,TRIPLE,FREESTYLE BATTLE,Accapella,2025,FOB,2025-12-14,https://www.youtube.com/watch?v=xkK9n7Et5mA,xkK9n7Et5mA,2835,battle,available
DAVIE JONES,FATE,RAP BATTLE,Accapella,2025,FOB,2025-12-12,https://www.youtube.com/watch?v=7tsHTdjf1vo,7tsHTdjf1vo,21999,battle,available
JÄL,VON FELIX,TRAILER,Accapella,2025,FOB,2025-12-11,https://www.youtube.com/watch?v=1sloAOBJ7X0,1sloAOBJ7X0,4737,promo,available
JAMAIKA KLAUS,BARETTA,could not identify event,Accapella,2025,FOB,2025-12-09,https://www.youtube.com/watch?v=lQLcEUQHcYs,lQLcEUQHcYs,4939,battle,available
JOSEPH STEINSCHLEUDER,CASHISCLAY,FREESTYLE,Accapella,2025,FOB,2025-12-08,https://www.youtube.com/watch?v=nLAIi1shXNs,nLAIi1shXNs,20160,battle,available
Notyzze,Triple,Hamburg 2025,Accapella,2025,DLTLLY,2025-12-07,https://www.youtube.com/watch?v=l9g0AAt7q0E,l9g0AAt7q0E,23269,battle,available
CASHUS K,HERR SÖREN,RAP BATTLE,Accapella,2025,FOB,2025-12-06,https://www.youtube.com/watch?v=-cBzvbMHBzY,-cBzvbMHBzY,2202,battle,available
BAULT,FYNN,RAP BATTLE,Accapella,2025,FOB,2025-12-05,https://www.youtube.com/watch?v=YuOlOphdUDk,YuOlOphdUDk,27789,battle,available
ZATO,BARETTA,RAP BATTLE,Accapella,2025,FOB,2025-12-02,https://www.youtube.com/watch?v=LkbaM1tUn7w,LkbaM1tUn7w,7902,battle,available
Riesenlauch,Frax One,Zürich,Accapella,2025,DLTLLY,2025-11-30,https://www.youtube.com/watch?v=UIn4teZtMTU,UIn4teZtMTU,10481,battle,available
Saimon Disko,Lerou,Zürich,Accapella,2025,DLTLLY,2025-11-29,https://www.youtube.com/watch?v=HiTF8Df5bk0,HiTF8Df5bk0,5993,battle,available
ENYO,JÄL,RAP BATTLE,Accapella,2025,FOB,2025-11-28,https://www.youtube.com/watch?v=ImLeWMYysh8,ImLeWMYysh8,11334,battle,available
Morgana & Shizu,Mighty P & Lamin,Splash Festival 2025,On Beat,2025,DLTLLY,2025-11-25,https://www.youtube.com/watch?v=32n-EysbDX4,32n-EysbDX4,10451,battle,available
Gregpipe,Meidi,Bday 12,Accapella,2025,DLTLLY,2025-11-23,https://www.youtube.com/watch?v=jcY3FFWtCTs,jcY3FFWtCTs,153501,battle,available
Gregpipe,Meidi,Das Interview zum Battle,Accapella,2025,DLTLLY,2025-11-23,https://www.youtube.com/watch?v=Mlrf7lvO0Oo,Mlrf7lvO0Oo,14931,interview,available
Nastic & Valik,Requiem & Frozen,Feel '25,On Beat,2025,DLTLLY,2025-11-22,https://www.youtube.com/watch?v=xjEyfYb_hVA,xjEyfYb_hVA,6911,battle,available
VON FELIX,MZUDEMK,RAP BATTLE,Accapella,2025,FOB,2025-11-21,https://www.youtube.com/watch?v=khE4zsuxInQ,khE4zsuxInQ,54272,battle,available
Calli,Quame65,🎤,On Beat,2025,DLTLLY,2025-11-18,https://www.youtube.com/watch?v=Q61s3Q-OkLc,Q61s3Q-OkLc,6747,battle,available
Joseph Steinschleuder,Duff,A cappella,Accapella,2025,DLTLLY,2025-11-16,https://www.youtube.com/watch?v=1J3FJJPZ4fc,1J3FJJPZ4fc,53766,battle,available
Faivel & Young Kennedy,Andres Kaliba & A.GE,🎤,On Beat,2025,DLTLLY,2025-11-14,https://www.youtube.com/watch?v=rs_J2p-5Nxk,rs_J2p-5Nxk,7175,battle,available
VYRUS,KRISO,RAP BATTLE,Accapella,2025,FOB,2025-11-14,https://www.youtube.com/watch?v=qERNJ3ZjU08,qERNJ3ZjU08,15102,battle,available
Aytee,Pablo,🎤,On Beat,2025,DLTLLY,2025-11-09,https://www.youtube.com/watch?v=JGZ6QQPKibE,JGZ6QQPKibE,89274,battle,available
BUNGEE,ADAM RIESE,RAP BATTLE,Accapella,2025,FOB,2025-11-07,https://www.youtube.com/watch?v=gWvK_yWD0Hk,gWvK_yWD0Hk,2472,battle,available
SSYNIC,BEASTBOY,06.12.2025 Berlin,Accapella,2025,DLTLLY,2025-11-03,https://www.youtube.com/watch?v=mHV0ECZZEz8,mHV0ECZZEz8,218724,battle,available
El Cambio,Purp Division,Zürich,Accapella,2025,DLTLLY,2025-11-02,https://www.youtube.com/watch?v=TUTpf3Z3o9Q,TUTpf3Z3o9Q,6832,battle,available
KATER99,LUI,RAP BATTLE,Accapella,2025,FOB,2025-10-31,https://www.youtube.com/watch?v=hSQ1gJ0Oi2Y,hSQ1gJ0Oi2Y,2376,battle,available
Bdad,Shizu,Battlerap-Match Bday 12,Accapella,2025,DLTLLY,2025-10-26,https://www.youtube.com/watch?v=J0qDMBdgcGM,J0qDMBdgcGM,45944,battle,available
KITANA,BDAD,#,Accapella,2025,DLTLLY,2025-10-25,https://www.youtube.com/watch?v=TgW6YAp_izg,TgW6YAp_izg,9417,other,available
MECHTHILD,TRIPLE,RAP BATTLE,Accapella,2025,FOB,2025-10-24,https://www.youtube.com/watch?v=5XXhcodxypE,5XXhcodxypE,4065,battle,available
Leyla Lamour & Liuz,Ano-Nym & Grave40,Splash Festival 2025,On Beat,2025,DLTLLY,2025-10-21,https://www.youtube.com/watch?v=B2Lew8ozYmY,B2Lew8ozYmY,17710,battle,available
Yuah & LuckyLily,Gerro & Tokz,Splash! Festival,On Beat,2025,DLTLLY,2025-10-19,https://www.youtube.com/watch?v=RwBm7UZ77zI,RwBm7UZ77zI,26488,battle,available
ADY ASADICT,EMSTACC,RAP BATTLE,Accapella,2025,FOB,2025-10-17,https://www.youtube.com/watch?v=P4rUdIq44Go,P4rUdIq44Go,2525,battle,available
Mordrake,Despo,Taped!,On Beat,2025,DLTLLY,2025-10-16,https://www.youtube.com/watch?v=SsMrGSWEH3k,SsMrGSWEH3k,8191,battle,available
Ano-Nym,Vyrus,INTERVIEW 12th Bday,Accapella,2025,DLTLLY,2025-10-12,https://www.youtube.com/watch?v=9TFVhqPyL68,9TFVhqPyL68,14169,interview,available
Ano-Nym,Vyrus,TITLE CONTENDERMATCH 12th Bday,On Beat,2025,DLTLLY,2025-10-12,https://www.youtube.com/watch?v=-z0hxHuJbOc,-z0hxHuJbOc,100656,battle,available
FYNN,DYAS,RAP BATTLE,Accapella,2025,FOB,2025-10-10,https://www.youtube.com/watch?v=N7Esy4XcFy0,N7Esy4XcFy0,5301,battle,available
MAC,FÄNNO,RAP BATTLE,Accapella,2025,FOB,2025-10-05,https://www.youtube.com/watch?v=wJEEjaUDmU0,wJEEjaUDmU0,2871,battle,available
Dizaster,Gemin1,"INTERVIEW Berlin, 12th Birthday Event",Accapella,2025,DLTLLY,2025-10-05,https://www.youtube.com/watch?v=rg4vAZ-6uzs,rg4vAZ-6uzs,5081,interview,available
Dizaster,Gemin1,Berlin,Accapella,2025,DLTLLY,2025-10-05,https://www.youtube.com/watch?v=ENLOY68s_Uc,ENLOY68s_Uc,81573,battle,available
BAULT,SA7VA,RAP BATTLE,Accapella,2025,FOB,2025-10-03,https://www.youtube.com/watch?v=4986AsKH2yY,4986AsKH2yY,4882,battle,available
BlaDesa,Calli,Tapefabrik,Accapella,2025,DLTLLY,2025-09-30,https://www.youtube.com/watch?v=rUTpW0OuRUQ,rUTpW0OuRUQ,21204,battle,available
BlaDesa,Calli,INTERVIEW Tapefabrik,Accapella,2025,DLTLLY,2025-09-30,https://www.youtube.com/watch?v=oWDx4eWUlvI,oWDx4eWUlvI,2418,interview,available
Kato & Ryko J,CashisClay & 4Tune,🎤,On Beat,2025,DLTLLY,2025-09-28,https://www.youtube.com/watch?v=rRlHL7A6GsY,rRlHL7A6GsY,22136,battle,available
TOBO,JAVAS,RAP BATTLE,Accapella,2025,FOB,2025-09-26,https://www.youtube.com/watch?v=aS2dhmR_Q9U,aS2dhmR_Q9U,3664,battle,available
Lara Soft,Freezy,Taped!,Accapella,2025,DLTLLY,2025-09-23,https://www.youtube.com/watch?v=_luCDi3t-3w,_luCDi3t-3w,17648,battle,available
Fate & Sh@wdy Sh@f,Cashus K & Mazzikaner,Feel,Accapella,2025,DLTLLY,2025-09-21,https://www.youtube.com/watch?v=r794ZPxMINc,r794ZPxMINc,43420,battle,available
TOMMY GUN,T-WAY,RAP BATTLE,Accapella,2025,FOB,2025-09-19,https://www.youtube.com/watch?v=w61w1samU4k,w61w1samU4k,4622,battle,available
Jepain,Papa TR,Freiburg,Accapella,2025,DLTLLY,2025-09-14,https://www.youtube.com/watch?v=Q8hyICBnNQI,Q8hyICBnNQI,12309,battle,available
MUSIO,TOLLSCHOCK,RAP BATTLE,Accapella,2025,FOB,2025-09-12,https://www.youtube.com/watch?v=XjPwbYieUQs,XjPwbYieUQs,8451,battle,available
Capco Jones,Riesenlauch,Freiburg,Accapella,2025,DLTLLY,2025-09-07,https://www.youtube.com/watch?v=nKZSBk5adnI,nKZSBk5adnI,15204,battle,available
RIMA,MANEK,RAP BATTLE,Accapella,2025,FOB,2025-09-07,https://www.youtube.com/watch?v=Wn_Tm08TPlo,Wn_Tm08TPlo,4519,battle,available
FAIVEL,YUNA L,RAP BATTLE,Accapella,2025,FOB,2025-09-05,https://www.youtube.com/watch?v=J0nUHgX5410,J0nUHgX5410,10697,battle,available
BAULT,SILVER,RAP BATTLE,Accapella,2025,FOB,2025-08-31,https://www.youtube.com/watch?v=SzXSJYcHl80,SzXSJYcHl80,6272,battle,available
Bdad,Kato,Das Interview,Accapella,2025,DLTLLY,2025-08-31,https://www.youtube.com/watch?v=BaWlVU_CqR0,BaWlVU_CqR0,9793,interview,available
Bdad,Kato,Freiburg,Accapella,2025,DLTLLY,2025-08-30,https://www.youtube.com/watch?v=GpW1688ARg0,GpW1688ARg0,86191,battle,available
JIZI,KEULE257,RAP BATTLE,Accapella,2025,FOB,2025-08-29,https://www.youtube.com/watch?v=PlRe0-7MdtE,PlRe0-7MdtE,39511,battle,available
BanDan,Aladin,Wien,Accapella,2025,DLTLLY,2025-08-28,https://www.youtube.com/watch?v=MmlbdfDGL_M,MmlbdfDGL_M,8304,battle,available
Shortworth,Ryko-J,Freiburg,Accapella,2025,DLTLLY,2025-08-24,https://www.youtube.com/watch?v=smdHGVGCCF0,smdHGVGCCF0,56983,battle,available
L-SUPREMA,LYT,RAP BATTLE,Accapella,2025,FOB,2025-08-24,https://www.youtube.com/watch?v=f4lsqfYo37M,f4lsqfYo37M,6533,battle,available
LIUZ,DESPO,RAP BATTLE,Accapella,2025,FOB,2025-08-22,https://www.youtube.com/watch?v=22XkM2AtGc4,22XkM2AtGc4,6691,battle,available
Frax One,Danny Deadweight,Proving Grounds,Accapella,2025,DLTLLY,2025-08-21,https://www.youtube.com/watch?v=8DkFnov9Fow,8DkFnov9Fow,5983,battle,available
Notyzze,Yuah,Freestyle Battle NRWeekend 8,Accapella,2025,DLTLLY,2025-08-20,https://www.youtube.com/watch?v=rPs1RarY43I,rPs1RarY43I,20289,battle,available
Duff,MC Geuner,Freiburg,Accapella,2025,DLTLLY,2025-08-19,https://www.youtube.com/watch?v=A8B7NIVqUlg,A8B7NIVqUlg,21973,battle,available
Wolff,Hiding John,Title Contender Match Freiburg,Accapella,2025,DLTLLY,2025-08-17,https://www.youtube.com/watch?v=p46mDmjoHfg,p46mDmjoHfg,96762,battle,available
TRIPLE,RALLE,RAP BATTLE,Accapella,2025,FOB,2025-08-17,https://www.youtube.com/watch?v=VlMReN-CMX0,VlMReN-CMX0,3243,battle,available
Wolff,Hiding John,INTERVIEW Contender Match Freiburg,Accapella,2025,DLTLLY,2025-08-17,https://www.youtube.com/watch?v=Jzkhb3vMSbQ,Jzkhb3vMSbQ,22153,interview,available
TICC,ROOL,RAP BATTLE,Accapella,2025,FOB,2025-08-15,https://www.youtube.com/watch?v=NyoxA5ATQ3w,NyoxA5ATQ3w,23966,battle,available
Fate,Mordrake,Wien,Accapella,2025,DLTLLY,2025-08-14,https://www.youtube.com/watch?v=qfTXrdF_80I,qfTXrdF_80I,12991,battle,available
FATE & SH@WDY SH@F,BAYZE & DIRTYSANCHEZ,Interview Tapefabrik,Accapella,2025,DLTLLY,2025-08-10,https://www.youtube.com/watch?v=wlonJvDRKGU,wlonJvDRKGU,10409,interview,available
FATE & SH@WDY SH@F,BAYZE & DIRTYSANCHEZ,Tapefabrik,Accapella,2025,DLTLLY,2025-08-10,https://www.youtube.com/watch?v=u2iGVMK4CsI,u2iGVMK4CsI,102677,battle,available
TRACY,MZUDEMK,GAME CHANGER VIERTELFINALE,Accapella,2025,FOB,2025-08-10,https://www.youtube.com/watch?v=QyQ2poDBDYM,QyQ2poDBDYM,33147,battle,available
AMS,JÄL,GAME CHANGER VIERTELFINALE,Accapella,2025,FOB,2025-08-09,https://www.youtube.com/watch?v=eZLTR2OLG7M,eZLTR2OLG7M,11601,battle,available
ENYO,DER SANDMANN,GAME CHANGER VIERTELFINALE,Accapella,2025,FOB,2025-08-08,https://www.youtube.com/watch?v=IWWtO2HfY8g,IWWtO2HfY8g,10304,battle,available
Indoor Stan,Lev Rudi,NRWeekend8,Accapella,2025,DLTLLY,2025-08-07,https://www.youtube.com/watch?v=RCK3TgqE-bw,RCK3TgqE-bw,16609,battle,available
H1,VON FELIX,GAME CHANGER VIERTELFINALE,Accapella,2025,FOB,2025-08-05,https://www.youtube.com/watch?v=r5JmVhtUvho,r5JmVhtUvho,18680,battle,available
Musio,DerNikolai,Proving Grounds,Accapella,2025,DLTLLY,2025-08-05,https://www.youtube.com/watch?v=00roePs4VqY,00roePs4VqY,6936,battle,available
Meidi,Onkel Oktomusch,INTERVIEW Mayhem 8,Accapella,2025,DLTLLY,2025-08-03,https://www.youtube.com/watch?v=jK35e3YVtm4,jK35e3YVtm4,7313,interview,available
Meidi,Onkel Oktomusch,Mayhem 8,Accapella,2025,DLTLLY,2025-08-03,https://www.youtube.com/watch?v=O2f9mPvpMc8,O2f9mPvpMc8,79466,battle,available
MC COLOGNE,KOOZY,could not identify event,Accapella,2025,FOB,2025-08-03,https://www.youtube.com/watch?v=95honUL3sy0,95honUL3sy0,4605,battle,available
REQUIEM,VYRUS,RAP BATTLE,Accapella,2025,FOB,2025-08-01,https://www.youtube.com/watch?v=1RahrZ7_-48,1RahrZ7_-48,30143,battle,available
Kitana,Bdad,INTERVIEW Wien,Accapella,2025,DLTLLY,2025-07-29,https://www.youtube.com/watch?v=0oKUK6ZDGRg,0oKUK6ZDGRg,5505,interview,available
Cashus K,Der Sergeant,NRWeekend '25,Accapella,2025,DLTLLY,2025-07-27,https://www.youtube.com/watch?v=VgcFzs_RtmM,VgcFzs_RtmM,10595,battle,available
YUAH,ILHAN,RAP BATTLE,Accapella,2025,FOB,2025-07-25,https://www.youtube.com/watch?v=_CDt4MYPi9w,_CDt4MYPi9w,26287,battle,available
4Tune,Notyzze,NRWeekend,Accapella,2025,DLTLLY,2025-07-24,https://www.youtube.com/watch?v=XIh_AUB0qvA,XIh_AUB0qvA,67394,battle,available
Georgie,Geerah,Proving Grounds,Accapella,2025,DLTLLY,2025-07-22,https://www.youtube.com/watch?v=MYV5Mucst3k,MYV5Mucst3k,5344,battle,available
Lyrico,Kiruma,Mayhem 8,Accapella,2025,DLTLLY,2025-07-20,https://www.youtube.com/watch?v=i5asR8-1u5Y,i5asR8-1u5Y,58407,battle,available
Lyrico,Kiruma,INTERVIEW Mayhem 8,Accapella,2025,DLTLLY,2025-07-20,https://www.youtube.com/watch?v=1VkoOfAmiR8,1VkoOfAmiR8,7635,interview,available
STEEL,MORGANA,TITLE MATCH,On Beat,2025,FOB,2025-07-18,https://www.youtube.com/watch?v=nFIMoUOATCw,nFIMoUOATCw,31169,battle,available
Andres Kaliba,Grave40,NRWeekend 8,Accapella,2025,DLTLLY,2025-07-16,https://www.youtube.com/watch?v=hC4rzQSLgC0,hC4rzQSLgC0,22619,battle,available
Schlawin0r,Cubsaoui,Proving Grounds,Accapella,2025,DLTLLY,2025-07-15,https://www.youtube.com/watch?v=x-vCS05SbIU,x-vCS05SbIU,8596,battle,available
Tobi High,JerMC,INTERVIEW Wien,Accapella,2025,DLTLLY,2025-07-14,https://www.youtube.com/watch?v=a4QCKcZZZ2Q,a4QCKcZZZ2Q,4728,interview,available
Notyzze,Vyrus,Mayhem 8,Accapella,2025,DLTLLY,2025-07-13,https://www.youtube.com/watch?v=q5OSl7022_c,q5OSl7022_c,118373,battle,available
KIRUMA,WOLFF,RAP BATTLE,Accapella,2025,FOB,2025-07-11,https://www.youtube.com/watch?v=cpaSwgCqRaU,cpaSwgCqRaU,70579,battle,available
RIESENLAUCH,PALEIACCI,RAP BATTLE,Accapella,2025,FOB,2025-07-06,https://www.youtube.com/watch?v=PFt4LwqBAsU,PFt4LwqBAsU,8450,battle,available
JerMC,Tobi High,Wien,Accapella,2025,DLTLLY,2025-07-06,https://www.youtube.com/watch?v=BojmOU1BTI0,BojmOU1BTI0,39979,battle,available
NATALI,SNAKEHEADRHYME,RAP BATTLE,Accapella,2025,FOB,2025-07-04,https://www.youtube.com/watch?v=-8W4n_PWzAA,-8W4n_PWzAA,13871,battle,available
Kitana,Bdad,Wien,Accapella,2025,DLTLLY,2025-06-29,https://www.youtube.com/watch?v=mNPl_gtJN9A,mNPl_gtJN9A,38218,battle,available
JOSEPH STEINSCHLEUDER,HARLEM T,RAP BATTLE,Accapella,2025,FOB,2025-06-27,https://www.youtube.com/watch?v=j6NgJDz5Pac,j6NgJDz5Pac,47571,battle,available
Jilly,SIC68,Proving Grounds,Accapella,2025,DLTLLY,2025-06-24,https://www.youtube.com/watch?v=uE5ThbpbSck,uE5ThbpbSck,6135,battle,available
Despo,Shorteh Taunton,Only,On Beat,2025,DLTLLY,2025-06-23,https://www.youtube.com/watch?v=9btj3F3T-oo,9btj3F3T-oo,8546,battle,available
Faivel,Mellow,WIEN,Accapella,2025,DLTLLY,2025-06-22,https://www.youtube.com/watch?v=tCdymUD7qjk,tCdymUD7qjk,9826,battle,available
MC GEUNER,KRISO,RAP BATTLE,Accapella,2025,FOB,2025-06-20,https://www.youtube.com/watch?v=PJJZYHWUjUg,PJJZYHWUjUg,10661,battle,available
Lazlo Mxrphine,Mighty P.,Only,On Beat,2025,DLTLLY,2025-06-19,https://www.youtube.com/watch?v=5O4q1loFp_Q,5O4q1loFp_Q,28974,battle,available
Gundalf,Purp Division,Proving Grounds,Accapella,2025,DLTLLY,2025-06-17,https://www.youtube.com/watch?v=si8gDwlPxEo,si8gDwlPxEo,9153,battle,available
Riesenlauch,Tyler Bourbon,Wien,Accapella,2025,DLTLLY,2025-06-15,https://www.youtube.com/watch?v=ohUZmNFrR3g,ohUZmNFrR3g,13216,battle,available
MOODY,YOUNG KENNEDY,RAP BATTLE,Accapella,2025,FOB,2025-06-13,https://www.youtube.com/watch?v=BqM7oeYeegs,BqM7oeYeegs,6964,battle,available
Joseph Steinschleuder,Pamflit,International NRWeekend 8,Accapella,2025,DLTLLY,2025-06-07,https://www.youtube.com/watch?v=uXTSyzP-XI0,uXTSyzP-XI0,35229,battle,available
EYNAK,WANDELBARZ,RAP BATTLE,Accapella,2025,FOB,2025-06-06,https://www.youtube.com/watch?v=R81FPAW0Cy8,R81FPAW0Cy8,9899,battle,available
Ticc,Mordrake,Only! Panke Berlin,On Beat,2025,DLTLLY,2025-06-05,https://www.youtube.com/watch?v=KCDHP8wl1RM,KCDHP8wl1RM,42514,battle,available
RYKO-J,LUCKYLILY,NRWeekend 8,Accapella,2025,DLTLLY,2025-06-01,https://www.youtube.com/watch?v=QApiZWI3i6U,QApiZWI3i6U,130814,battle,available
YUMI,DER SANDMANN,RAP BATTLE,Accapella,2025,FOB,2025-06-01,https://www.youtube.com/watch?v=NCYKUvpxs-s,NCYKUvpxs-s,5452,battle,available
Ryko-J,LuckyLily,INTERVIEW NRWeekend 8,Accapella,2025,DLTLLY,2025-06-01,https://www.youtube.com/watch?v=9gVR1RPK4cY,9gVR1RPK4cY,23924,interview,available
H1,MÄST,RAP BATTLE,Accapella,2025,FOB,2025-05-30,https://www.youtube.com/watch?v=KiFGlNKnLw8,KiFGlNKnLw8,8045,battle,available
Gerro,TOKZ,Berlin,On Beat,2025,DLTLLY,2025-05-29,https://www.youtube.com/watch?v=qO64q_vBrqU,qO64q_vBrqU,15052,battle,available
Vyrus,Snakeheadrhyme,NRWeekend 8,Accapella,2025,DLTLLY,2025-05-25,https://www.youtube.com/watch?v=TaYG3fYqX6c,TaYG3fYqX6c,27552,battle,available
VON FELIX,TESSTIMONY,RAP BATTLE,Accapella,2025,FOB,2025-05-25,https://www.youtube.com/watch?v=L51lZHRiuYc,L51lZHRiuYc,8703,battle,available
Vyrus,Snakeheadrhyme,INTERVIEW NRWeekend 8,Accapella,2025,DLTLLY,2025-05-25,https://www.youtube.com/watch?v=HzaSD52w0qw,HzaSD52w0qw,2020,interview,available
AMS,KAZRAEL,RAP BATTLE,Accapella,2025,FOB,2025-05-23,https://www.youtube.com/watch?v=Ioq_13OB1Vg,Ioq_13OB1Vg,7239,battle,available
Herr Sören,Johnny Schewski,Panke Berlin,On Beat,2025,DLTLLY,2025-05-22,https://www.youtube.com/watch?v=5QWp-ZmPxFw,5QWp-ZmPxFw,7701,battle,available
Unanymous,Jeevz,International NRWeekend 8,Accapella,2025,DLTLLY,2025-05-18,https://www.youtube.com/watch?v=f3JE-AzU-0c,f3JE-AzU-0c,8443,battle,available
JERRY VSAN,MZUDEMK,RAP BATTLE,Accapella,2025,FOB,2025-05-16,https://www.youtube.com/watch?v=9T_8MnL4888,9T_8MnL4888,91984,battle,available
Capco Jones,Heinz87,Kassel,Accapella,2025,DLTLLY,2025-05-15,https://www.youtube.com/watch?v=qG0_r9p6Muc,qG0_r9p6Muc,9158,battle,available
🏆 PPV OUT NOW - MIT TITLE MATCH STEEL,MORGANA VYRUS YUAH REQUIEM UVM.,could not identify event,Accapella,2025,FOB,2025-05-15,https://www.youtube.com/watch?v=8SKi-c2pj1c,8SKi-c2pj1c,6965,other,available
Zeuge,Moody,NRWeekend 8,Accapella,2025,DLTLLY,2025-05-11,https://www.youtube.com/watch?v=TXyS6b-GDFE,TXyS6b-GDFE,21040,battle,available
JÄL,SHAWN MORENO,RAP BATTLE,Accapella,2025,FOB,2025-05-09,https://www.youtube.com/watch?v=HotnxCt_Y98,HotnxCt_Y98,9365,battle,available
RIMA,TRACY,RAP BATTLE,Accapella,2025,FOB,2025-05-04,https://www.youtube.com/watch?v=BGPIQFIZTa8,BGPIQFIZTa8,8882,battle,available
Ano-Nym,Morgana,Only '25,On Beat,2025,DLTLLY,2025-05-04,https://www.youtube.com/watch?v=4GcjUISJthk,4GcjUISJthk,132280,battle,available
Morgana,Ano-Nym,Interview Only '25,On Beat,2025,DLTLLY,2025-05-04,https://www.youtube.com/watch?v=3Bc_tXH0MQM,3Bc_tXH0MQM,8272,interview,available
THUNDER HUSTLE,ENYO,RAP BATTLE,Accapella,2025,FOB,2025-05-02,https://www.youtube.com/watch?v=EFQVEjRMQBc,EFQVEjRMQBc,15918,battle,available
Bdad,Kato,Teaser Mayhem 8,Accapella,2025,DLTLLY,2025-05-02,https://www.youtube.com/watch?v=A4YmPpLy6SQ,A4YmPpLy6SQ,9405,promo,available
Cashus K,Mazzikaner,One Rounder Kassel,Accapella,2025,DLTLLY,2025-05-01,https://www.youtube.com/watch?v=8-4oBnK0qvw,8-4oBnK0qvw,9235,battle,available
MAURITS,DARIO,RAP BATTLE,Accapella,2025,FOB,2025-04-29,https://www.youtube.com/watch?v=yY5T08XY69M,yY5T08XY69M,3276,battle,available
Lyrico,Kiruma,Match-Teaser für MAYhem 8 - 03.05.25 - Berlin,Accapella,2025,DLTLLY,2025-04-28,https://www.youtube.com/watch?v=Mc2aXEyvTCU,Mc2aXEyvTCU,8663,promo,available
Emenes,Joseph Steinschleuder,Berlin,Accapella,2025,DLTLLY,2025-04-27,https://www.youtube.com/watch?v=dmih32mOqvI,dmih32mOqvI,172237,battle,available
MOKO,HARLEM T,RAP BATTLE,Accapella,2025,FOB,2025-04-27,https://www.youtube.com/watch?v=Z7zbdw0lQE0,Z7zbdw0lQE0,4522,battle,available
FAIVEL,KRISO,RAP BATTLE,Accapella,2025,FOB,2025-04-25,https://www.youtube.com/watch?v=FfSCHXhfYMw,FfSCHXhfYMw,7992,battle,available
BARETTA,LYT,RAP BATTLE,Accapella,2025,FOB,2025-04-20,https://www.youtube.com/watch?v=gDMtxVnkhjM,gDMtxVnkhjM,5736,battle,available
Sizyphos,Wolff,Interview Kassel,Accapella,2025,DLTLLY,2025-04-20,https://www.youtube.com/watch?v=XBXwa0j6NAY,XBXwa0j6NAY,13318,interview,available
Sizyphos,Wolff,Kassel,Accapella,2025,DLTLLY,2025-04-20,https://www.youtube.com/watch?v=LvFNAUPx3bo,LvFNAUPx3bo,125496,battle,available
LAVAS,FYNN,RAP BATTLE,Accapella,2025,FOB,2025-04-18,https://www.youtube.com/watch?v=VjmsWn79FUw,VjmsWn79FUw,11247,battle,available
Ferry,Shizu,Kassel,Accapella,2025,DLTLLY,2025-04-13,https://www.youtube.com/watch?v=g2pFv1bIBXE,g2pFv1bIBXE,32204,battle,available
CELUNE,BDAD,RAP BATTLE,Accapella,2025,FOB,2025-04-11,https://www.youtube.com/watch?v=q7sXw-FC4YY,q7sXw-FC4YY,38967,battle,available
Ryko J,Fate,DISSember 8,Accapella,2025,DLTLLY,2025-04-10,https://www.youtube.com/watch?v=lKGDAMNjHLE,lKGDAMNjHLE,40117,battle,available
Bdad,Kitana,Teaser Wien 12.04.,Accapella,2025,DLTLLY,2025-04-09,https://www.youtube.com/watch?v=__C8BljtrHc,__C8BljtrHc,11542,promo,available
Yarambo,Meidi,Interview DISSember8,Accapella,2025,DLTLLY,2025-04-06,https://www.youtube.com/watch?v=kxIw0Z2ZA6k,kxIw0Z2ZA6k,12802,interview,available
Yarambo,Meidi,DISSember 8,Accapella,2025,DLTLLY,2025-04-06,https://www.youtube.com/watch?v=UxQTqBKXUfI,UxQTqBKXUfI,149662,battle,available
HIDING JOHN,JIZI,RAP BATTLE,Accapella,2025,FOB,2025-04-04,https://www.youtube.com/watch?v=GFEPBGtw94I,GFEPBGtw94I,90036,battle,available
Craze,Neilz,Interview Dissember8,Accapella,2025,DLTLLY,2025-03-30,https://www.youtube.com/watch?v=lVopiPk8pfE,lVopiPk8pfE,28161,interview,available
Craze,Neilz,Dissember 8,Accapella,2025,DLTLLY,2025-03-30,https://www.youtube.com/watch?v=3p2GdJMQ6GA,3p2GdJMQ6GA,168919,battle,available
OREGANO,DAVIE JONES,RAP BATTLE,Accapella,2025,FOB,2025-03-28,https://www.youtube.com/watch?v=vJvkxeKeC3w,vJvkxeKeC3w,96682,battle,available
DAVIE JONES,BEASTBOY,Interview NRWeekend 8,Accapella,2025,DLTLLY,2025-03-23,https://www.youtube.com/watch?v=E2s4ZnUUzWo,E2s4ZnUUzWo,312134,interview,available
Davie Jones,BEASTBOY,NRWeekend 8,Accapella,2025,DLTLLY,2025-03-23,https://www.youtube.com/watch?v=2gujsLjMnU0,2gujsLjMnU0,3372299,battle,available
JOSEPH STEINSCHLEUDER,VYRUS,RAP BATTLE,Accapella,2025,FOB,2025-03-21,https://www.youtube.com/watch?v=VW9JWWYWTAc,VW9JWWYWTAc,86455,battle,available
Aytee,Karanova,Interview Berlin '25,Accapella,2025,DLTLLY,2025-03-16,https://www.youtube.com/watch?v=s501ewLwo1w,s501ewLwo1w,10018,interview,available
Aytee,Karanova,🏆 TITLE MATCH 2025 🏆,On Beat,2025,DLTLLY,2025-03-16,https://www.youtube.com/watch?v=SYo3zBQzwtQ,SYo3zBQzwtQ,291779,battle,available
KALP ONE,VALIK,RAP BATTLE,Accapella,2024,FOB,2025-03-14,https://www.youtube.com/watch?v=pJA2VSeUyrw,pJA2VSeUyrw,7771,battle,available
Kato,Tobi High,Interview zum Title Match Dissember 8,Accapella,2025,DLTLLY,2025-03-09,https://www.youtube.com/watch?v=Se4aQd0xzL4,Se4aQd0xzL4,25648,interview,available
Kato,Tobi High,Title Match 2024 DISSember 8,Accapella,2024,DLTLLY,2025-03-09,https://www.youtube.com/watch?v=KYE2dCsI8oU,KYE2dCsI8oU,123905,battle,available
LUCKYLILY,T-WAY,RAP BATTLE,Accapella,2025,FOB,2025-03-07,https://www.youtube.com/watch?v=jogDDg8UrT0,jogDDg8UrT0,16109,battle,available
Hiding John,Requiem,DISSember 8,Accapella,2025,DLTLLY,2025-03-02,https://www.youtube.com/watch?v=sVftXy-84ME,sVftXy-84ME,64669,battle,available
TICC,FEEL.IKX,RAP BATTLE,Accapella,2025,FOB,2025-02-28,https://www.youtube.com/watch?v=AFaZPkRlbVQ,AFaZPkRlbVQ,18137,battle,available
Robscure,Karkobi,Kassel,Accapella,2025,DLTLLY,2025-02-23,https://www.youtube.com/watch?v=cPiNUjyXRv4,cPiNUjyXRv4,59029,battle,available
Robscure,Karkobi,Interview Kassel,Accapella,2025,DLTLLY,2025-02-21,https://www.youtube.com/watch?v=moX9dyFWjOo,moX9dyFWjOo,7163,interview,available
ALADIN,KOOZY,RAP BATTLE,Accapella,2025,FOB,2025-02-21,https://www.youtube.com/watch?v=90w3P4aaCew,90w3P4aaCew,5747,battle,available
Requiem,Sizyphos,Freiburg '24,Accapella,2025,DLTLLY,2025-02-16,https://www.youtube.com/watch?v=nkkgsZG1RTI,nkkgsZG1RTI,85407,battle,available
Requiem,Sizyphos,Interview Freiburg,Accapella,2025,DLTLLY,2025-02-16,https://www.youtube.com/watch?v=J0tMmTZQYlo,J0tMmTZQYlo,6034,interview,available
MAZZIKANER & CASHUS K,LAZLO MXRPHINE & DOKTOR LUKAS FRANK,RAP BATTLE,Accapella,2025,FOB,2025-02-14,https://www.youtube.com/watch?v=3_KX2HILsCU,3_KX2HILsCU,7208,battle,available
Davie Jones,Craze,Freiburg '24,Accapella,2025,DLTLLY,2025-02-09,https://www.youtube.com/watch?v=cTXwSOqrZXY,cTXwSOqrZXY,75785,battle,available
Craze,Davie Jones,Interview Freiburg '24,Accapella,2025,DLTLLY,2025-02-09,https://www.youtube.com/watch?v=7Viv4hq0jEo,7Viv4hq0jEo,9651,interview,available
NOTYZZE,YUAH,RAP BATTLE,Accapella,2025,FOB,2025-02-07,https://www.youtube.com/watch?v=BvO2sdUm1q4,BvO2sdUm1q4,52504,battle,available
Moody,Celune,Freiburg '24,Accapella,2025,DLTLLY,2025-02-06,https://www.youtube.com/watch?v=wytgWL8RCEA,wytgWL8RCEA,28890,battle,available
Moody,Celune,Interview Freiburg '24,Accapella,2025,DLTLLY,2025-02-06,https://www.youtube.com/watch?v=e_BdozUEAf8,e_BdozUEAf8,4518,interview,available
Aytee,Karanova,Title Match - Provokation Only Berlin,On Beat,2025,DLTLLY,2025-02-04,https://www.youtube.com/watch?v=Zp6mL0C23YM,Zp6mL0C23YM,11490,battle,available
Shortworth,Young Kennedy,Interview Freiburg '24,Accapella,2025,DLTLLY,2025-02-02,https://www.youtube.com/watch?v=Jb7nLnvt9xk,Jb7nLnvt9xk,1024,interview,available
Young Kennedy,Shortworth,Freiburg '24,Accapella,2025,DLTLLY,2025-02-02,https://www.youtube.com/watch?v=AtYLF4rn1R8,AtYLF4rn1R8,16406,battle,available
HEINZ87,LATIK,RAP BATTLE,Accapella,2025,FOB,2025-01-31,https://www.youtube.com/watch?v=NDHVCiqnl1c,NDHVCiqnl1c,5358,battle,available
Faivel,Riesenlauch,Interview Freiburg 24,Accapella,2025,DLTLLY,2025-01-26,https://www.youtube.com/watch?v=ECj6jzGhp2Q,ECj6jzGhp2Q,1387,interview,available
Faivel,Riesenlauch,Freiburg 24,Accapella,2025,DLTLLY,2025-01-26,https://www.youtube.com/watch?v=5WnR6TDxAhg,5WnR6TDxAhg,16490,battle,available
NRG,FROZEN,RAP BATTLE,Accapella,2025,FOB,2025-01-24,https://www.youtube.com/watch?v=lr-V4CfntNI,lr-V4CfntNI,4515,battle,available
Bdad,Indoor Stan,Interview Freiburg,Accapella,2025,DLTLLY,2025-01-19,https://www.youtube.com/watch?v=kb2BDEOUYwA,kb2BDEOUYwA,4179,interview,available
Bdad,Indoor Stan,Freiburg 24,Accapella,2025,DLTLLY,2025-01-19,https://www.youtube.com/watch?v=PEXAziy1EDo,PEXAziy1EDo,54092,battle,available
MOODY,ROOL,RAP BATTLE,Accapella,2025,FOB,2025-01-17,https://www.youtube.com/watch?v=14zNL0MQ9XQ,14zNL0MQ9XQ,5724,battle,available
Kiruma,Notyzze,"BORA, Duisburg",Accapella,2025,DLTLLY,2025-01-12,https://www.youtube.com/watch?v=KUwb8QdHF0w,KUwb8QdHF0w,38998,battle,available
Notyzze,Kiruma,"Interview BORA, Duisburg",Accapella,2025,DLTLLY,2025-01-12,https://www.youtube.com/watch?v=IIUieRMUmxo,IIUieRMUmxo,7050,interview,available
CUBSAOUI,WATNKERL,RAP BATTLE,Accapella,2025,FOB,2025-01-10,https://www.youtube.com/watch?v=qpFKueKM-Bs,qpFKueKM-Bs,4959,battle,available
Sizyphos,Wolff,Battlerap-Match-Provokation Kassel 25 Sold out,Accapella,2025,DLTLLY,2025-01-10,https://www.youtube.com/watch?v=BbjXBi7dKw8,BbjXBi7dKw8,15254,battle,available
Despo,LAZLO MXRPHINE,Full Duisburg,On Beat,2025,DLTLLY,2025-01-09,https://www.youtube.com/watch?v=w9fzWlAcwio,w9fzWlAcwio,30041,battle,available
LAZLO MXRPHINE,Despo,Interview Duisburg,Accapella,2025,DLTLLY,2025-01-09,https://www.youtube.com/watch?v=vKMm_mg5Zuo,vKMm_mg5Zuo,1801,interview,available
Mighty P,Duff,Duisburg 2024,Accapella,2024,DLTLLY,2025-01-05,https://www.youtube.com/watch?v=iP82Tmhs7QA,iP82Tmhs7QA,20969,battle,available
YUNA L,LUG,RAP BATTLE,Accapella,2025,FOB,2025-01-03,https://www.youtube.com/watch?v=kmIj06LSgh8,kmIj06LSgh8,12373,battle,available
Duff,Mighty P,Interview Duisburg 2024,Accapella,2024,DLTLLY,2025-01-03,https://www.youtube.com/watch?v=NbhXrt3dE38,NbhXrt3dE38,1822,interview,available
Zeptah,Shorteh Taunton,Full Live Feel Festival,On Beat,2025,DLTLLY,2025-01-02,https://www.youtube.com/watch?v=p36W5ErNVMs,p36W5ErNVMs,17910,battle,available
Ryko J,Nastic,Duisburg,Accapella,2024,DLTLLY,2024-12-29,https://www.youtube.com/watch?v=r1gs-4umHNM,r1gs-4umHNM,30715,battle,available
Ryko J,Nastic,Interview Duisburg,Accapella,2024,DLTLLY,2024-12-29,https://www.youtube.com/watch?v=2rSyimY9Tn8,2rSyimY9Tn8,3011,interview,available
MUSIO,TAO,RAP BATTLE,Accapella,2024,FOB,2024-12-27,https://www.youtube.com/watch?v=H7fxAgomU4g,H7fxAgomU4g,10125,battle,available
CSN Galactico & Nastic,Shizu & Morgana,Live Splash Festival 2024,On Beat,2024,DLTLLY,2024-12-26,https://www.youtube.com/watch?v=jv29TjM8rpI,jv29TjM8rpI,21458,battle,available
OREGANO,NATALI,RAP BATTLE,Accapella,2024,FOB,2024-12-24,https://www.youtube.com/watch?v=Hv3vSoclkiU,Hv3vSoclkiU,55329,battle,available
KATO,EZRA,RAP BATTLE,Accapella,2024,FOB,2024-12-22,https://www.youtube.com/watch?v=tzoyIe03xrY,tzoyIe03xrY,21744,battle,available
Aytee,Davie Jones,Interview Duisburg 2024,Accapella,2024,DLTLLY,2024-12-22,https://www.youtube.com/watch?v=T85sc_MOnqA,T85sc_MOnqA,4816,interview,available
Aytee,Davie Jones,Duisburg 2024,Accapella,2024,DLTLLY,2024-12-22,https://www.youtube.com/watch?v=Cte96RAY8Eg,Cte96RAY8Eg,184339,battle,available
CLOCKWORK,PALEIACCI,LEVEL UP FINALE,Accapella,2024,FOB,2024-12-21,https://www.youtube.com/watch?v=iVFXKkpYfIs,iVFXKkpYfIs,5793,battle,available
JOSEPH STEINSCHLEUDER,CSN GALACTICO,RAP BATTLE,Accapella,2024,FOB,2024-12-20,https://www.youtube.com/watch?v=bJ8227BsnDk,bJ8227BsnDk,107698,battle,available
MATTIS,CRAZYO,RAP BATTLE,Accapella,2024,FOB,2024-12-19,https://www.youtube.com/watch?v=h7mOdHjhmKY,h7mOdHjhmKY,7665,battle,available
Karanova,Ano-Nym,splashfest 2024,On Beat,2024,DLTLLY,2024-12-19,https://www.youtube.com/watch?v=DHK_5lqwzJY,DHK_5lqwzJY,45864,battle,available
FYNN,SACHMA,RAP BATTLE,Accapella,2024,FOB,2024-12-18,https://www.youtube.com/watch?v=_djYJf_aEMc,_djYJf_aEMc,6415,battle,available
BDAD,STEEL,RAP BATTLE,Accapella,2024,FOB,2024-12-16,https://www.youtube.com/watch?v=P3N0ynzvueM,P3N0ynzvueM,17613,battle,available
DANNY DEADWEIGHT,HERR SÖREN,RAP BATTLE,Accapella,2024,FOB,2024-12-15,https://www.youtube.com/watch?v=LH8Jm328qJ8,LH8Jm328qJ8,7667,battle,available
Freekno,Gerro,Interview Duisburg,Accapella,2024,DLTLLY,2024-12-15,https://www.youtube.com/watch?v=G_WXB_qsS8I,G_WXB_qsS8I,1168,interview,available
Freekno,Gerro,Duisburg,Accapella,2024,DLTLLY,2024-12-15,https://www.youtube.com/watch?v=9gqaV2Oygk8,9gqaV2Oygk8,13379,battle,available
PAPI SCHLAUCH,SIZYPHOS,RAP BATTLE,Accapella,2024,FOB,2024-12-13,https://www.youtube.com/watch?v=yTCdd3uhIFw,yTCdd3uhIFw,112016,battle,available
P-HAZE,SID,RAP BATTLE,Accapella,2024,FOB,2024-12-09,https://www.youtube.com/watch?v=qDRNB1U0k0Y,qDRNB1U0k0Y,2429,battle,available
Tobi High,Karma,& Interview Splash Festival 2024,Accapella,2024,DLTLLY,2024-12-08,https://www.youtube.com/watch?v=Qfi3sqsUs-Y,Qfi3sqsUs-Y,16972,interview,available
CRAZE,HIDING JOHN,RAP BATTLE,Accapella,2024,FOB,2024-12-06,https://www.youtube.com/watch?v=XwzQlYQviOY,XwzQlYQviOY,131571,battle,available
EIN LETZTES MAL: Yarambo,Meidi,07. Dezember Festsaal Kreuzberg SOLD OUT,Accapella,2024,DLTLLY,2024-12-04,https://www.youtube.com/watch?v=-dUVckiODDg,-dUVckiODDg,26930,battle,available
Bong Teggy,Fate,Feel Festival,On Beat,2024,DLTLLY,2024-12-01,https://www.youtube.com/watch?v=uwVdRxPLKtk,uwVdRxPLKtk,74387,battle,available
Kato,Tobi High,Titelmatch Teaser,Accapella,2024,DLTLLY,2024-11-30,https://www.youtube.com/watch?v=QkIPLLze3ic,QkIPLLze3ic,11921,promo,available
VYRUS,MORGANA,RAP BATTLE,Accapella,2024,FOB,2024-11-29,https://www.youtube.com/watch?v=9YCHMLzIcus,9YCHMLzIcus,47687,battle,available
Joseph Steinschleuder,BanDan,Feel Festival,On Beat,2024,DLTLLY,2024-11-28,https://www.youtube.com/watch?v=GV0mRT9rTv0,GV0mRT9rTv0,29046,battle,available
Ferry & Duzoe,Sizyphos & Fate,2on2 Splash,On Beat,2024,DLTLLY,2024-11-24,https://www.youtube.com/watch?v=fZyWsFSPtxE,fZyWsFSPtxE,120992,battle,available
"3 ""ZINZITYS""",NATALI,RAP BATTLE,Accapella,2024,FOB,2024-11-24,https://www.youtube.com/watch?v=AnW-N-13mEk,AnW-N-13mEk,11548,battle,available
KARANOVA,STEEL,RAP BATTLE,Accapella,2024,FOB,2024-11-22,https://www.youtube.com/watch?v=hCjCg8iUEiM,hCjCg8iUEiM,24410,battle,available
Kid Soldier,Lyrico,& Interview Splash Festival,Accapella,2024,DLTLLY,2024-11-21,https://www.youtube.com/watch?v=rh_32fJVF_Y,rh_32fJVF_Y,21774,interview,available
Fate,Shizu,Vorrunde B-DAY 11,Accapella,2024,DLTLLY,2024-11-19,https://www.youtube.com/watch?v=9W-6Wv-_xC0,9W-6Wv-_xC0,9666,battle,available
DER KATER,JAMAIKA KLAUS,RAP BATTLE,Accapella,2024,FOB,2024-11-17,https://www.youtube.com/watch?v=znyQsdCEmYA,znyQsdCEmYA,4091,battle,available
Bong Teggy,Hiding John,Interview BDAY 11,Accapella,2024,DLTLLY,2024-11-17,https://www.youtube.com/watch?v=B4qGn4U-Ju4,B4qGn4U-Ju4,16636,interview,available
Bong Teggy,Hiding John,BDAY 11,Accapella,2024,DLTLLY,2024-11-17,https://www.youtube.com/watch?v=-XMBtTEwHcc,-XMBtTEwHcc,275041,battle,available
FABS,YOUNG KENNEDY,RAP BATTLE,Accapella,2024,FOB,2024-11-15,https://www.youtube.com/watch?v=jyYNsrDR9BQ,jyYNsrDR9BQ,9667,battle,available
TICC,GEORGIE,RAP BATTLE,Accapella,2024,FOB,2024-11-10,https://www.youtube.com/watch?v=mxTayKYnmQk,mxTayKYnmQk,15972,battle,available
LuckyLily & Sh@wdy Sh@f,Shizu & Morgana,+ Interview Feel Festival,On Beat,2024,DLTLLY,2024-11-10,https://www.youtube.com/watch?v=YeUReNWt9ho,YeUReNWt9ho,218002,battle,available
KIRUMA,TOKZ,RAP BATTLE,Accapella,2024,FOB,2024-11-08,https://www.youtube.com/watch?v=hRe2Ze0d9oY,hRe2Ze0d9oY,8705,battle,available
Moonshadow,Riesenlauch,Proving Grounds,Accapella,2024,DLTLLY,2024-11-07,https://www.youtube.com/watch?v=4TPCafzSUg4,4TPCafzSUg4,8223,battle,available
Papi Schlauch,Yuah,Vorrunde BDAY 11,Accapella,2024,DLTLLY,2024-11-05,https://www.youtube.com/watch?v=HMzkYuFqc-Q,HMzkYuFqc-Q,15579,battle,available
Cashisclay & 4Tune,Freezy & Vyrus,+ Interview Splash Festival 2024,Accapella,2024,DLTLLY,2024-11-03,https://www.youtube.com/watch?v=mmcJqPP9m8c,mmcJqPP9m8c,51912,battle,available
LAVAŞ,CUBSAOUI,RAP BATTLE,Accapella,2024,FOB,2024-11-03,https://www.youtube.com/watch?v=DiDEe5uvyaU,DiDEe5uvyaU,5141,battle,available
ZATO,HEYZEN,RAP BATTLE,Accapella,2024,FOB,2024-11-01,https://www.youtube.com/watch?v=Eu2QW0x-9A0,Eu2QW0x-9A0,4949,battle,available
Mattis & Sid,Aladin & Natali,2on2 Proving Grounds,Accapella,2024,DLTLLY,2024-10-31,https://www.youtube.com/watch?v=c05Xip_nkxM,c05Xip_nkxM,7699,battle,available
Nastic,Mighty P,BDAY 11,Accapella,2024,DLTLLY,2024-10-29,https://www.youtube.com/watch?v=KYCo-Z656io,KYCo-Z656io,10911,battle,available
Oregano,Karanova,BDAY 11,Accapella,2024,DLTLLY,2024-10-27,https://www.youtube.com/watch?v=OQVvKIQSGAc,OQVvKIQSGAc,84601,battle,available
Oregano,Karanova,Interview BDAY 11,Accapella,2024,DLTLLY,2024-10-27,https://www.youtube.com/watch?v=IYFcf4pRKCM,IYFcf4pRKCM,10555,interview,available
SHADYX,HOODOO,RAP BATTLE,Accapella,2024,FOB,2024-10-27,https://www.youtube.com/watch?v=BKtyaBhlrKk,BKtyaBhlrKk,2711,battle,available
BURST & T-WAY,DER SERGEANT & EZRA,RAP BATTLE,Accapella,2024,FOB,2024-10-25,https://www.youtube.com/watch?v=8kr6kd2gUkI,8kr6kd2gUkI,4273,battle,available
Der Sergeant,Capco Jones,Proving Grounds,Accapella,2024,DLTLLY,2024-10-24,https://www.youtube.com/watch?v=VxEGTR28vXE,VxEGTR28vXE,9733,battle,available
Joseph Steinschleuder,N'Antinein,Vorrunde BDAY 11,Accapella,2024,DLTLLY,2024-10-22,https://www.youtube.com/watch?v=awJH7gu-mXo,awJH7gu-mXo,18933,battle,available
JILLY,LUG,RAP BATTLE,Accapella,2024,FOB,2024-10-20,https://www.youtube.com/watch?v=H33I5G3bHdo,H33I5G3bHdo,3232,battle,available
Kid Soldier,Requiem,BDAY 11,Accapella,2024,DLTLLY,2024-10-20,https://www.youtube.com/watch?v=6Ef4eIXn3iI,6Ef4eIXn3iI,32525,battle,available
Kid Soldier,Requiem,Interview BDAY 11,Accapella,2024,DLTLLY,2024-10-20,https://www.youtube.com/watch?v=0Ps66ihY4P4,0Ps66ihY4P4,3852,interview,available
PALEIACCI,FAIVEL,RAP BATTLE,Accapella,2024,FOB,2024-10-18,https://www.youtube.com/watch?v=LCS1uMgU5no,LCS1uMgU5no,7435,battle,available
CLOCKWORK,PALEIACCI,TEASER LEVEL UP FINALE,Accapella,2024,FOB,2024-10-16,https://www.youtube.com/watch?v=JCWqh80-yYQ,JCWqh80-yYQ,1859,promo,available
CLOCKWORK,KRISO,RAP BATTLE,Accapella,2024,FOB,2024-10-13,https://www.youtube.com/watch?v=XPg7-YRYs-0,XPg7-YRYs-0,5456,battle,available
Fate,Bayze,+ Interview BDAY 11,Accapella,2024,DLTLLY,2024-10-13,https://www.youtube.com/watch?v=PO9Fv7MYRx4,PO9Fv7MYRx4,34926,battle,available
FREEKNO,CELUNE,RAP BATTLE,Accapella,2024,FOB,2024-10-11,https://www.youtube.com/watch?v=XTbwRNMD4f8,XTbwRNMD4f8,20883,battle,available
S-Staticx,Dascha,+ Interview Proving Grounds,Accapella,2024,DLTLLY,2024-10-10,https://www.youtube.com/watch?v=bw0R9iSxx30,bw0R9iSxx30,12435,battle,available
SCHLAWIN0R,PESC,RAP BATTLE,Accapella,2024,FOB,2024-10-06,https://www.youtube.com/watch?v=pt4vLRUCPp4,pt4vLRUCPp4,4526,battle,available
Yarambo,Mc Geuner,Interview München,Accapella,2024,DLTLLY,2024-10-06,https://www.youtube.com/watch?v=dG-NXwKzz0I,dG-NXwKzz0I,6363,interview,available
Yarambo,Mc Geuner,München,Accapella,2024,DLTLLY,2024-10-06,https://www.youtube.com/watch?v=VUm9SSe15rA,VUm9SSe15rA,66293,battle,available
LAVAŞ,WINK,RAP BATTLE,Accapella,2024,FOB,2024-10-04,https://www.youtube.com/watch?v=avYJLB-3MB0,avYJLB-3MB0,3937,battle,available
MALIK,SIC68,RAP BATTLE,Accapella,2024,FOB,2024-09-29,https://www.youtube.com/watch?v=zOx16rImWoA,zOx16rImWoA,2932,battle,available
Karanova,N'Antinein,Interview München,Accapella,2024,DLTLLY,2024-09-29,https://www.youtube.com/watch?v=jshtk1lHnSw,jshtk1lHnSw,3563,interview,available
N'antinein,Karanova,München,Accapella,2024,DLTLLY,2024-09-29,https://www.youtube.com/watch?v=IKwLwUyWO6A,IKwLwUyWO6A,30152,battle,available
DAVID ARDOR,BARETTA,RAP BATTLE,Accapella,2024,FOB,2024-09-27,https://www.youtube.com/watch?v=lcLaJCLDByE,lcLaJCLDByE,4995,battle,available
Onkel Fränk,Drunk,+ Interview Proving Grounds Wiesbaden,Accapella,2024,DLTLLY,2024-09-24,https://www.youtube.com/watch?v=Po2-Ba8ug9I,Po2-Ba8ug9I,8569,battle,available
MAZZIKANER,DADDA,RAP BATTLE,Accapella,2024,FOB,2024-09-22,https://www.youtube.com/watch?v=xuMwrAwxjuM,xuMwrAwxjuM,8005,battle,available
Neilz,Davie Jones,D&DL,Accapella,2024,DUDL,2024-09-22,https://www.youtube.com/watch?v=fB5JK8nZ4pw,fB5JK8nZ4pw,38722,battle,available
Hiding John,Kid Soldier,Bad Bars München,Accapella,2024,DLTLLY,2024-09-22,https://www.youtube.com/watch?v=GQcwz2t0yJA,GQcwz2t0yJA,80946,battle,available
Hiding John,Kid Soldier,Interview München,Accapella,2024,DLTLLY,2024-09-22,https://www.youtube.com/watch?v=BHgMmZaslMM,BHgMmZaslMM,8903,interview,available
KIRUMA,MOODY,FSK 0 BATTLE,Accapella,2024,FOB,2024-09-20,https://www.youtube.com/watch?v=D5UKLm3tSj4,D5UKLm3tSj4,17386,battle,available
DANNY DEADWEIGHT,ROOL,RAP BATTLE,Accapella,2024,FOB,2024-09-15,https://www.youtube.com/watch?v=eJic21oJAKo,eJic21oJAKo,4367,battle,available
Craze,Liuz,+ Interview Tapefabrik,On Beat,2024,DLTLLY,2024-09-15,https://www.youtube.com/watch?v=5JMXVlNWVdI,5JMXVlNWVdI,29823,battle,available
PATO G,YUAH,FINALE,Accapella,2024,FOB,2024-09-13,https://www.youtube.com/watch?v=Ht2ioZWrWJw,Ht2ioZWrWJw,5291,battle,available
Punjizz,Shizu aka. DeeLah,+ Interview München,Accapella,2024,DLTLLY,2024-09-12,https://www.youtube.com/watch?v=LLmwMQb1CQI,LLmwMQb1CQI,17057,battle,available
NOTYZZE,YAAMANN,Battle um Platz 3,Accapella,2024,FOB,2024-09-10,https://www.youtube.com/watch?v=2Z3LaxE89EI,2Z3LaxE89EI,3717,battle,available
Joseph Steinschleuder,Davie Jones,+ Interview München,Accapella,2024,DLTLLY,2024-09-08,https://www.youtube.com/watch?v=6ommjEnW9vI,6ommjEnW9vI,64196,battle,available
Morgana,Jeystone,D&DL,Accapella,2024,DUDL,2024-09-08,https://www.youtube.com/watch?v=3wGCnFTZFzs,3wGCnFTZFzs,9360,battle,available
Rool,Dyas,+ Interview Proving Grounds,Accapella,2024,DLTLLY,2024-09-05,https://www.youtube.com/watch?v=jagpHG4EWME,jagpHG4EWME,6727,battle,available
T-Way,Gerro,D&DL,Accapella,2024,DUDL,2024-09-01,https://www.youtube.com/watch?v=z-q8BX6Mxrs,z-q8BX6Mxrs,8261,battle,available
Kato,SnakeHeadRhyme,Interview München,Accapella,2024,DLTLLY,2024-09-01,https://www.youtube.com/watch?v=topFWR2QQZo,topFWR2QQZo,4429,interview,available
Kato,SnakeHeadRhyme,München,Accapella,2024,DLTLLY,2024-09-01,https://www.youtube.com/watch?v=68QK0Kf8Lck,68QK0Kf8Lck,43954,battle,available
Baretta,Herr Sören,+ Interview Proving Grounds,Accapella,2024,DLTLLY,2024-08-29,https://www.youtube.com/watch?v=kcm0rdCOar4,kcm0rdCOar4,9184,battle,available
Ilhan,Kitana,+ Interview Tapefabrik,On Beat,2024,DLTLLY,2024-08-25,https://www.youtube.com/watch?v=AtqetyTbheI,AtqetyTbheI,84152,battle,available
InzaneMane,Leon Vinyard,D&DL,Accapella,2024,DUDL,2024-08-25,https://www.youtube.com/watch?v=115Cl3vTrPM,115Cl3vTrPM,7384,battle,available
JEPAIN,A-RON,RAP BATTLE,Accapella,2024,FOB,2024-08-23,https://www.youtube.com/watch?v=XrEZxw8z5bM,XrEZxw8z5bM,6076,battle,available
Notyzze,Lyrico,+ Interview Tapefabrik,On Beat,2024,DLTLLY,2024-08-22,https://www.youtube.com/watch?v=Tgmq3_4RhjE,Tgmq3_4RhjE,32828,battle,available
Ezra,Jilly,D&DL,Accapella,2024,DUDL,2024-08-18,https://www.youtube.com/watch?v=q8bh5WVlnew,q8bh5WVlnew,4072,battle,available
DANNY DEADWEIGHT,ONKEL FRÄNK,RAP BATTLE,Accapella,2024,FOB,2024-08-18,https://www.youtube.com/watch?v=Mkz8nufAVUo,Mkz8nufAVUo,5572,battle,available
Meidi,Craze,Interview MAYhem #7,Accapella,2024,DLTLLY,2024-08-17,https://www.youtube.com/watch?v=vnq0PZiNHpM,vnq0PZiNHpM,23221,interview,available
Meidi,Craze,MAYhem #7,Accapella,2024,DLTLLY,2024-08-17,https://www.youtube.com/watch?v=-iUQflbZjj4,-iUQflbZjj4,176899,battle,available
MC COLOGNE & PATO G,REQUIEM & FROZEN,RAP BATTLE,Accapella,2024,FOB,2024-08-16,https://www.youtube.com/watch?v=TWJGch9t_tk,TWJGch9t_tk,9683,battle,available
Ssynic,Tobi High,Interview MAYhem #7,Accapella,2024,DLTLLY,2024-08-11,https://www.youtube.com/watch?v=uq5t-evaHBs,uq5t-evaHBs,47508,interview,available
Ssynic,Tobi High,MAYhem #7,Accapella,2024,DLTLLY,2024-08-11,https://www.youtube.com/watch?v=_2mNNkIfRww,_2mNNkIfRww,395623,battle,available
FraxOne,Georgie,D&DL,Accapella,2024,DUDL,2024-08-11,https://www.youtube.com/watch?v=WQKX9rMwfPs,WQKX9rMwfPs,3748,battle,available
FATE,ALADIN,could not identify event,Accapella,2024,FOB,2024-08-11,https://www.youtube.com/watch?v=Ng3dTGNDfOk,Ng3dTGNDfOk,8908,battle,available
VYRUS,BAYZE,could not identify event,Accapella,2024,FOB,2024-08-09,https://www.youtube.com/watch?v=uGlXueV9R_s,uGlXueV9R_s,87198,battle,available
CASHUS K,PAPA TR,ACAPELLA BATTLE,Accapella,2024,FOB,2024-08-04,https://www.youtube.com/watch?v=xeLsNH_EwHU,xeLsNH_EwHU,8350,battle,available
Hiding John,Shizu,MAYhem #7,Accapella,2024,DLTLLY,2024-08-04,https://www.youtube.com/watch?v=ZIH7h0e7aWg,ZIH7h0e7aWg,101979,battle,available
Hiding John,Shizu,Interview MAYhem #7,Accapella,2024,DLTLLY,2024-08-04,https://www.youtube.com/watch?v=5wYtTi39xh8,5wYtTi39xh8,11993,interview,available
YARAMBO,LUCKYLILY,could not identify event,Accapella,2024,FOB,2024-08-02,https://www.youtube.com/watch?v=e-JVkajOSKw,e-JVkajOSKw,123481,battle,available
Requiem,Ilhan,+ Interview MAYhem #7,Accapella,2024,DLTLLY,2024-07-28,https://www.youtube.com/watch?v=9Po9A8VvDFs,9Po9A8VvDFs,30241,battle,available
VYRUS & FREEZY,SIZYPHOS & SH@WDY SH@F,RAP BATTLE,Accapella,2024,FOB,2024-07-26,https://www.youtube.com/watch?v=yC4KF5j4SC0,yC4KF5j4SC0,145852,battle,available
MOODY,EZRA,ONE-ROUNDER,Accapella,2024,FOB,2024-07-21,https://www.youtube.com/watch?v=_xZ5PG4OiQ4,_xZ5PG4OiQ4,4392,battle,available
Quill,Hollow Da Don,International + Interview MAYhem #7,Accapella,2024,DLTLLY,2024-07-21,https://www.youtube.com/watch?v=L4bqv0Z187s,L4bqv0Z187s,70961,battle,available
DAVIE JONES,BDAD,ACAPELLA BATTLE,Accapella,2024,FOB,2024-07-19,https://www.youtube.com/watch?v=j0UoUGbmxcQ,j0UoUGbmxcQ,38741,battle,available
Wolff,T-Way,x Co-Event,Accapella,2024,DLTLLY,2024-07-14,https://www.youtube.com/watch?v=zOWZq8nG75U,zOWZq8nG75U,51143,battle,available
Wolff,T-Way,Interview x Co-Event,Accapella,2024,DLTLLY,2024-07-14,https://www.youtube.com/watch?v=haDRNN288xI,haDRNN288xI,3352,interview,available
HOODOO,GEERAH,ACAPELLA BATLLE,Accapella,2024,FOB,2024-07-14,https://www.youtube.com/watch?v=SooZ6KbCv4I,SooZ6KbCv4I,2823,battle,available
ZEPTAH,REQUIEM,ON BEAT BATTLE,On Beat,2024,FOB,2024-07-12,https://www.youtube.com/watch?v=EJdpjtbvjEo,EJdpjtbvjEo,16481,battle,available
MC Cologne,Bandan,+ Interview x Co-Event,On Beat,2024,DLTLLY,2024-07-11,https://www.youtube.com/watch?v=6nV5CVQoKLo,6nV5CVQoKLo,8848,battle,available
Duff,Neilz,+ Interview x Co-Event,On Beat,2024,DLTLLY,2024-07-07,https://www.youtube.com/watch?v=1MsrFX-bPC4,1MsrFX-bPC4,27836,battle,available
LUCKYLILY,MC GEUNER,ACAPELLA BATTLE,Accapella,2024,FOB,2024-07-05,https://www.youtube.com/watch?v=G3O29FB4itk,G3O29FB4itk,45158,battle,available
Proton,Koozy,+ Interview x Co-Event,On Beat,2024,DLTLLY,2024-07-04,https://www.youtube.com/watch?v=JCMIDlfCDjY,JCMIDlfCDjY,17942,battle,available
CSN Galactico,Jepain,+ Interview x Co-Event,Accapella,2024,DLTLLY,2024-06-30,https://www.youtube.com/watch?v=R-MBPLw_uY0,R-MBPLw_uY0,31911,battle,available
NATALI,KRISO,LEVEL UP TURNIER,Accapella,2024,FOB,2024-06-28,https://www.youtube.com/watch?v=lcDcZyVhX5Y,lcDcZyVhX5Y,9295,battle,available
Mighty P & Lamin,FFFelix & Nastic,2on2 + Interview x Co-Event,Accapella,2024,DLTLLY,2024-06-27,https://www.youtube.com/watch?v=q3gQy17LHC0,q3gQy17LHC0,13785,battle,available
Oregano,Rolling G,+ Interview NRWeekend,Accapella,2024,DLTLLY,2024-06-23,https://www.youtube.com/watch?v=NZFA0665s18,NZFA0665s18,39572,battle,available
PESC,FAIVEL,LEVEL UP TURNIER,Accapella,2024,FOB,2024-06-21,https://www.youtube.com/watch?v=EVKPjgMgfJg,EVKPjgMgfJg,5651,battle,available
Karma,Hiding John (One Rounder),+ Interview NRWeekend,Accapella,2024,DLTLLY,2024-06-21,https://www.youtube.com/watch?v=7Vmk5up-5Fo,7Vmk5up-5Fo,37029,battle,available
Kiruma,Karanova,D&DL 🏆 Title-Match,Accapella,2024,DUDL,2024-06-16,https://www.youtube.com/watch?v=rv_yat0fWhE,rv_yat0fWhE,46010,battle,available
Yarambo & Kato,Sizyphos & Joseph Steinschleuder,Interview Event Name oder Stadt,Accapella,2024,DLTLLY,2024-06-16,https://www.youtube.com/watch?v=g7FPEteqORE,g7FPEteqORE,15998,interview,available
Kato & Yarambo,Joseph Steinschleuder & Sizyphos,2on2 NRWeekend,Accapella,2024,DLTLLY,2024-06-16,https://www.youtube.com/watch?v=4j1hDSpgsFw,4j1hDSpgsFw,223033,battle,available
Django,Shortworth,+ Interview NRWeekend,Accapella,2024,DLTLLY,2024-06-14,https://www.youtube.com/watch?v=mDnBhjsMWeI,mDnBhjsMWeI,12441,battle,available
Liuz,T-Way,Interview NRWeekend,Accapella,2024,DLTLLY,2024-06-09,https://www.youtube.com/watch?v=P4CoLpmrzBM,P4CoLpmrzBM,1447,interview,available
Liuz,T-Way,NRWeekend,Accapella,2024,DLTLLY,2024-06-09,https://www.youtube.com/watch?v=J8bcbhLcKq8,J8bcbhLcKq8,19608,battle,available
Jeystone,N'antinein,Battle,On Beat,2024,DUDL,2024-06-09,https://www.youtube.com/watch?v=IuwaIOsyTXs,IuwaIOsyTXs,8742,battle,available
Ryko-J,Olio,Interview NRWeekend,Accapella,2024,DLTLLY,2024-06-07,https://www.youtube.com/watch?v=jFMyEc04qBk,jFMyEc04qBk,3361,interview,available
DER SERGEANT,EZRA,ACAPELLA BATTLE,Accapella,2024,FOB,2024-06-07,https://www.youtube.com/watch?v=hp9kbzK2ugs,hp9kbzK2ugs,5155,battle,available
Ryko-J,Olio,NRWeekend,Accapella,2024,DLTLLY,2024-06-07,https://www.youtube.com/watch?v=6oGgSiAVu4I,6oGgSiAVu4I,45637,battle,available
Requiem,Fate,Interview NRWeekend,Accapella,2024,DLTLLY,2024-06-02,https://www.youtube.com/watch?v=kR7WEA3d6vI,kR7WEA3d6vI,2744,interview,available
Holu,Zeuge,Battle,Accapella,2024,DUDL,2024-06-02,https://www.youtube.com/watch?v=bf94Ffg-3F4,bf94Ffg-3F4,8918,battle,available
Requiem,Fate,NRWeekend,Accapella,2024,DLTLLY,2024-06-02,https://www.youtube.com/watch?v=OPSI5Jy-AVQ,OPSI5Jy-AVQ,23956,battle,available
KATO,T-WAY,GAMING BARS RELOADED,Accapella,2024,FOB,2024-05-31,https://www.youtube.com/watch?v=nxx7jX1ylPc,nxx7jX1ylPc,12666,battle,available
Heinz87,Gerro,+ Interview NRWeekend,Accapella,2024,DLTLLY,2024-05-31,https://www.youtube.com/watch?v=TcVTAMrwwo0,TcVTAMrwwo0,11295,battle,available
Franz Flaute,MC Rabiat,Battle,Accapella,2024,DUDL,2024-05-26,https://www.youtube.com/watch?v=ca_rG-4NbNw,ca_rG-4NbNw,5247,battle,available
Ferry,Mazzikaner,+ Interview NRWeekend,Accapella,2024,DLTLLY,2024-05-26,https://www.youtube.com/watch?v=SdQ4LvWvy6w,SdQ4LvWvy6w,16570,battle,available
KRISO,CIZERO,ACAPELLA BATTLE,Accapella,2024,FOB,2024-05-26,https://www.youtube.com/watch?v=JZ87q10gvnM,JZ87q10gvnM,2992,battle,available
PHILLIE.45,NASTIC (Freestyle als MAT),ON BEAT BATTLE,On Beat,2024,FOB,2024-05-24,https://www.youtube.com/watch?v=RzVabkX8At8,RzVabkX8At8,4738,battle,available
Cashus K,D-Kay,+ Interview NRWeekend,Accapella,2024,DLTLLY,2024-05-24,https://www.youtube.com/watch?v=BEEkWjnjr2w,BEEkWjnjr2w,12562,battle,available
ILYA FLOYD,CRYSTAL MAX,ACAPELLA BATTLE,Accapella,2024,FOB,2024-05-19,https://www.youtube.com/watch?v=uTnZqyleXUo,uTnZqyleXUo,3090,battle,available
Moitz,Wenzel Washington,+ Interview NRWeekend,Accapella,2024,DLTLLY,2024-05-19,https://www.youtube.com/watch?v=X2oW-AVnu_k,X2oW-AVnu_k,14060,battle,available
Capco Jones,Schlawin0r,Battle,Accapella,2024,DUDL,2024-05-19,https://www.youtube.com/watch?v=-zVGbTf4cXQ,-zVGbTf4cXQ,3674,battle,available
Pablo,Morgana,Berlin,On Beat,2024,DLTLLY,2024-05-17,https://www.youtube.com/watch?v=wMIpuP755BM,wMIpuP755BM,30977,battle,available
JILLY,ROOL,ACAPELLA BATTLE,Accapella,2024,FOB,2024-05-17,https://www.youtube.com/watch?v=oy7yIMl1ZNA,oy7yIMl1ZNA,3716,battle,available
MC Geuner,Bayze,NRWeekend #7,Accapella,2024,DLTLLY,2024-05-12,https://www.youtube.com/watch?v=me9eYSwqDfM,me9eYSwqDfM,49234,battle,available
Georgie,Günti,Battle,Accapella,2024,DUDL,2024-05-12,https://www.youtube.com/watch?v=CvxlkVUxyCQ,CvxlkVUxyCQ,4440,battle,available
MC GEUNER (SPECKTITTE MINO),RIPA,ACAPELLA BATTLE,Accapella,2024,FOB,2024-05-12,https://www.youtube.com/watch?v=6Fq9WuxhADc,6Fq9WuxhADc,4439,battle,available
MC Geuner,Bayze,Interview NRWeekend #7,Accapella,2024,DLTLLY,2024-05-12,https://www.youtube.com/watch?v=4Pgf_f01vEM,4Pgf_f01vEM,8112,interview,available
LARA SOFT,FROZEN,ON BEAT BATTLE,On Beat,2024,FOB,2024-05-10,https://www.youtube.com/watch?v=hcwjr_srOXM,hcwjr_srOXM,19300,battle,available
Steel,Davie Jones,Berlin,On Beat,2024,DLTLLY,2024-05-05,https://www.youtube.com/watch?v=uz5v_Bn_TzY,uz5v_Bn_TzY,44248,battle,available
Tommy2Late,Notyzze,Interview Berlin,Accapella,2024,DLTLLY,2024-05-05,https://www.youtube.com/watch?v=QGy-hq1WvbE,QGy-hq1WvbE,1442,interview,available
Notyzze,Tommy2Late,Berlin,On Beat,2024,DLTLLY,2024-05-05,https://www.youtube.com/watch?v=DDBzGJrY2Ds,DDBzGJrY2Ds,66984,battle,available
David Ardor,Jilly,Battle,Accapella,2024,DUDL,2024-05-05,https://www.youtube.com/watch?v=BxFo9Cnh4GI,BxFo9Cnh4GI,3388,battle,available
TOLLSCHOCK,MALIK,ACAPELLA BATTLE,Accapella,2024,FOB,2024-05-04,https://www.youtube.com/watch?v=zH1kJVuX8QU,zH1kJVuX8QU,6472,battle,available
CSN GALACTICO,SIC68,ACAPELLA BATTLE,Accapella,2024,FOB,2024-05-03,https://www.youtube.com/watch?v=cUb4Sq_nyLo,cUb4Sq_nyLo,14054,battle,available
Tobi High,Papa TR,Interview Berlin,Accapella,2024,DLTLLY,2024-04-28,https://www.youtube.com/watch?v=r2dCDV-gwdQ,r2dCDV-gwdQ,2526,interview,available
Tobi High,Papa TR,Berlin,On Beat,2024,DLTLLY,2024-04-28,https://www.youtube.com/watch?v=F5E_sF7XD7I,F5E_sF7XD7I,51306,battle,available
LUCKYLILY,YARAMBO,FACE-OFF,Accapella,2024,FOB,2024-04-28,https://www.youtube.com/watch?v=0gkYm37yBDs,0gkYm37yBDs,12906,battle,available
HEYZEN,TOKZ,+ ACAPELLA BATTLE,On Beat,2024,FOB,2024-04-26,https://www.youtube.com/watch?v=QboOw6vfu5Q,QboOw6vfu5Q,5503,battle,available
Jeystone,DirtySanchez,Berlin,On Beat,2024,DLTLLY,2024-04-26,https://www.youtube.com/watch?v=I_Kd3DTgrlk,I_Kd3DTgrlk,25830,battle,available
Bong Teggy,Karanova,Interview Berlin,Accapella,2024,DLTLLY,2024-04-21,https://www.youtube.com/watch?v=nJxEfSgOaFE,nJxEfSgOaFE,8055,interview,available
DANNY DEADWEIGHT,SKILLZ,ACAPELLA BATLLE,Accapella,2024,FOB,2024-04-21,https://www.youtube.com/watch?v=ehyGYTo24ro,ehyGYTo24ro,4819,battle,available
Karanova,Bong Teggy,🏆 TITLE MATCH 🏆,On Beat,2024,DLTLLY,2024-04-21,https://www.youtube.com/watch?v=LN1Lv62vzbI,LN1Lv62vzbI,140116,battle,available
DOC,Mordrake,Berlin,On Beat,2024,DLTLLY,2024-04-19,https://www.youtube.com/watch?v=f-Cp3n-LCyw,f-Cp3n-LCyw,10753,battle,available
MC GEUNER,BANDAN,ACAPELLA BATTLE,Accapella,2024,FOB,2024-04-19,https://www.youtube.com/watch?v=8W6w_1IMHSQ,8W6w_1IMHSQ,12097,battle,available
ONKEL FRÄNK,SHADYX,ACAPELLA BATTLE,Accapella,2024,FOB,2024-04-14,https://www.youtube.com/watch?v=wfBBTAqUHis,wfBBTAqUHis,8426,battle,available
Karanova,Yarambo,Interview Kassel,Accapella,2024,DLTLLY,2024-04-14,https://www.youtube.com/watch?v=VUQxtOllcRI,VUQxtOllcRI,9849,interview,available
Yarambo,Karanova,Kassel,Accapella,2024,DLTLLY,2024-04-14,https://www.youtube.com/watch?v=JWaIWpR7cuA,JWaIWpR7cuA,100321,battle,available
Zeptah,Tokz,Berlin,On Beat,2024,DLTLLY,2024-04-12,https://www.youtube.com/watch?v=sGN8Hll0T3M,sGN8Hll0T3M,20218,battle,available
FABS,DUFF,ACAPELLA BATTLE,Accapella,2024,FOB,2024-04-12,https://www.youtube.com/watch?v=PGneFiKoVf4,PGneFiKoVf4,17659,battle,available
Tobi High,Meidi,Interview Kassel,Accapella,2024,DLTLLY,2024-04-07,https://www.youtube.com/watch?v=kXv-3SwpKnE,kXv-3SwpKnE,13519,interview,available
CLOCKWORK,DADDA,LEVEL UP TURNIER,Accapella,2024,FOB,2024-04-07,https://www.youtube.com/watch?v=f2TI2M5UaXc,f2TI2M5UaXc,10273,battle,available
Tobi High,Meidi,Kassel,Accapella,2024,DLTLLY,2024-04-07,https://www.youtube.com/watch?v=SJ4P0J0u3o0,SJ4P0J0u3o0,144737,battle,available
SIZYPHOS,MOODY,ACAPELLA BATTLE,Accapella,2024,FOB,2024-04-05,https://www.youtube.com/watch?v=QYrhse-D5VI,QYrhse-D5VI,40047,battle,available
Young Kennedy,FreeKno,Interview Kassel,Accapella,2024,DLTLLY,2024-04-03,https://www.youtube.com/watch?v=xxBuaH9FuOM,xxBuaH9FuOM,1276,interview,available
Aladin,Shorteh Taunton,Berlin,On Beat,2024,DLTLLY,2024-04-01,https://www.youtube.com/watch?v=yf72pQ4T_ak,yf72pQ4T_ak,11413,battle,available
MC Maik,Snakeheadrhyme,Kassel,Accapella,2024,DLTLLY,2024-03-31,https://www.youtube.com/watch?v=meY3np8DlTQ,meY3np8DlTQ,22046,battle,available
LARA SOFT,M.F.L.,ON BEAT BATTLE,On Beat,2024,FOB,2024-03-31,https://www.youtube.com/watch?v=CZXKeqr26RQ,CZXKeqr26RQ,8178,battle,available
Mc Maik,Snakeheadrhyme,Interview Kassel,Accapella,2024,DLTLLY,2024-03-31,https://www.youtube.com/watch?v=5PV-DUsopqQ,5PV-DUsopqQ,1892,interview,available
Dadda,Lazlo Mxrphine,Berlin,On Beat,2024,DLTLLY,2024-03-29,https://www.youtube.com/watch?v=xcw2vuJLPZs,xcw2vuJLPZs,120366,battle,available
OREGANO,HIDING JOHN,ACAPELLA BATTLE,Accapella,2024,FOB,2024-03-29,https://www.youtube.com/watch?v=rAqwIxumi3s,rAqwIxumi3s,140259,battle,available
FreeKno,Young Kennedy,Kassel,Accapella,2024,DLTLLY,2024-03-24,https://www.youtube.com/watch?v=GPMI--gNB08,GPMI--gNB08,15281,battle,available
Vesso,Malik,Proving Grounds,Accapella,2024,DLTLLY,2024-03-22,https://www.youtube.com/watch?v=iK-Oth0jFOo,iK-Oth0jFOo,7190,battle,available
JOSEPH STEINSCHLEUDER,MORGANA,ON BEAT BATTLE,On Beat,2024,FOB,2024-03-22,https://www.youtube.com/watch?v=fo8uzP3EIvw,fo8uzP3EIvw,44498,battle,available
Malik,Vesso,Interview Proving Grounds,Accapella,2024,DLTLLY,2024-03-22,https://www.youtube.com/watch?v=PKfOZkA46K8,PKfOZkA46K8,563,interview,available
Nastic,Mighty P,Provokation Musikvideo,Accapella,2024,DLTLLY,2024-03-20,https://www.youtube.com/watch?v=tpRM4UgKLto,tpRM4UgKLto,7339,other,available
Zeuge,Niza,Kassel,Accapella,2024,DLTLLY,2024-03-17,https://www.youtube.com/watch?v=j6S8n5bSC4k,j6S8n5bSC4k,24312,battle,available
Niza,Zeuge,Interview Kassel,Accapella,2024,DLTLLY,2024-03-17,https://www.youtube.com/watch?v=C_bZpioulQo,C_bZpioulQo,3071,interview,available
Der Sergeant,Diamond,Proving Grounds,Accapella,2024,DLTLLY,2024-03-15,https://www.youtube.com/watch?v=YdQh67kKjA0,YdQh67kKjA0,12983,battle,available
PABLO,YAAMANN,ON BEAT BATTLE,On Beat,2024,FOB,2024-03-15,https://www.youtube.com/watch?v=AWCwWr_DDKI,AWCwWr_DDKI,8950,battle,available
Diamond,Der Sergeant,Interview Proving Grounds,Accapella,2024,DLTLLY,2024-03-15,https://www.youtube.com/watch?v=335z7l77gPk,335z7l77gPk,1344,interview,available
CSN Galactico,Nastic,Proving Grounds,Accapella,2024,DLTLLY,2024-03-10,https://www.youtube.com/watch?v=jKHgj_RAMZA,jKHgj_RAMZA,28787,battle,available
CSN Galactico,Nastic,Interview Proving Grounds,Accapella,2024,DLTLLY,2024-03-10,https://www.youtube.com/watch?v=MyFhrIeShjI,MyFhrIeShjI,2662,interview,available
TRIPLE,SHAOLUM,MIXED MARTIAL BARS,Accapella,2024,FOB,2024-03-08,https://www.youtube.com/watch?v=wRP7JaMPtGk,wRP7JaMPtGk,17450,battle,available
Jepain,Rolling G,Interview Proving Grounds,Accapella,2024,DLTLLY,2024-03-08,https://www.youtube.com/watch?v=u3iJ_KPt0zk,u3iJ_KPt0zk,877,interview,available
Jepain,Rolling G,Proving Grounds,Accapella,2024,DLTLLY,2024-03-08,https://www.youtube.com/watch?v=1tMIG22ggG0,1tMIG22ggG0,10081,battle,available
Sizyphos,Hiding John,Interview DISSember #7,Accapella,2024,DLTLLY,2024-03-03,https://www.youtube.com/watch?v=r9gvjzwQwEM,r9gvjzwQwEM,22827,interview,available
Sizyphos,Hiding John,DISSember #7,Accapella,2024,DLTLLY,2024-03-03,https://www.youtube.com/watch?v=LBbPEElYxGA,LBbPEElYxGA,370845,battle,available
Moody,Ikks,Interview Proving Grounds,Accapella,2024,DLTLLY,2024-03-01,https://www.youtube.com/watch?v=r6-_ToK-gCg,r6-_ToK-gCg,745,interview,available
Moody,Ikks,Proving Grounds,Accapella,2024,DLTLLY,2024-03-01,https://www.youtube.com/watch?v=oFHFbG4e604,oFHFbG4e604,7276,battle,available
ZATO,ZEPTAH,ON BEAT BATTLE,On Beat,2024,FOB,2024-03-01,https://www.youtube.com/watch?v=nMeqvIpjfOE,nMeqvIpjfOE,12199,battle,available
Kid Soldier,Belial,Interview DISSember #7,Accapella,2024,DLTLLY,2024-02-25,https://www.youtube.com/watch?v=yiZJ_frwzTU,yiZJ_frwzTU,6359,interview,available
Belial,Kid Soldier,DISSember #7,Accapella,2024,DLTLLY,2024-02-25,https://www.youtube.com/watch?v=fN0PgIxzhC8,fN0PgIxzhC8,39931,battle,available
Moonshadow,Mattis,Interview Proving Grounds,Accapella,2024,DLTLLY,2024-02-23,https://www.youtube.com/watch?v=fOi1H9Ild9U,fOi1H9Ild9U,1424,interview,available
FREEZY,DADDA,ON BEAT BATTLE,On Beat,2024,FOB,2024-02-23,https://www.youtube.com/watch?v=QBSRI86VMs8,QBSRI86VMs8,19289,battle,available
Moonshadow,Mattis,Proving Grounds,Accapella,2024,DLTLLY,2024-02-23,https://www.youtube.com/watch?v=EyepVdbVmpQ,EyepVdbVmpQ,10121,battle,available
Kato,Neilz - Title-Match 6,AfterMatch - der Battlerap-Podcast - Folge 4,Accapella,2024,DLTLLY,2024-02-22,https://www.youtube.com/watch?v=vAz58L7r9Kc,vAz58L7r9Kc,6900,interview,available
The Saurus,Quill,DISSember #7,Accapella,2024,DLTLLY,2024-02-18,https://www.youtube.com/watch?v=9z2aEljjMtQ,9z2aEljjMtQ,11643,battle,available
Quill,The Saurus,Interview DISSember #7,Accapella,2024,DLTLLY,2024-02-18,https://www.youtube.com/watch?v=4eAwGu0lY4s,4eAwGu0lY4s,2014,interview,available
DESPO,PAPA TR,could not identify event,On Beat,2024,FOB,2024-02-16,https://www.youtube.com/watch?v=xZXpYnoXvtY,xZXpYnoXvtY,9160,battle,available
Sid,Nova,Proving Grounds,Accapella,2024,DLTLLY,2024-02-16,https://www.youtube.com/watch?v=S2I35PCX_4w,S2I35PCX_4w,6885,battle,available
Sid,Nova,Interview Proving Grounds,Accapella,2024,DLTLLY,2024-02-16,https://www.youtube.com/watch?v=Epi6QaqyjWE,Epi6QaqyjWE,787,interview,available
Joe Pharo,Fate,Interview DISSember #7,Accapella,2024,DLTLLY,2024-02-11,https://www.youtube.com/watch?v=TDQVWA1L3wM,TDQVWA1L3wM,4659,interview,available
Joe Pharo,Fate,DISSember #7,Accapella,2024,DLTLLY,2024-02-11,https://www.youtube.com/watch?v=3sR-eONvNfI,3sR-eONvNfI,28468,battle,available
Clockwork,Sachma,Proving Grounds,Accapella,2024,DLTLLY,2024-02-09,https://www.youtube.com/watch?v=bwbDyjtPJCc,bwbDyjtPJCc,8309,battle,available
Clockwork,Sachma,Interview Proving Grounds,Accapella,2024,DLTLLY,2024-02-09,https://www.youtube.com/watch?v=On90F90Nqio,On90F90Nqio,996,interview,available
KOOZY,MAN IN BLACK,ON BEAT BATTLE,On Beat,2024,FOB,2024-02-09,https://www.youtube.com/watch?v=6_YUEKAjkng,6_YUEKAjkng,10042,battle,available
Kato,Neilz,🏆 TITLE MATCH 🏆,Accapella,2024,DLTLLY,2024-02-04,https://www.youtube.com/watch?v=ykfHhWbi7Jk,ykfHhWbi7Jk,110485,battle,available
Kato,Neilz,TITLE MATCH Interview DISSember #7,Accapella,2024,DLTLLY,2024-02-04,https://www.youtube.com/watch?v=dPCSji5SZV8,dPCSji5SZV8,22892,interview,available
VYRUS,STEEL,TITLEMATCH,On Beat,2024,FOB,2024-02-02,https://www.youtube.com/watch?v=hupa7KpyOm8,hupa7KpyOm8,76810,battle,available
Ricochet,Riesenlauch,"Proving Grounds, Berlin",Accapella,2024,DLTLLY,2024-02-02,https://www.youtube.com/watch?v=NjX3eisi5XU,NjX3eisi5XU,12067,battle,available
Ricochet,Riesenlauch,"Interview Proving Grounds, Berlin",Accapella,2024,DLTLLY,2024-02-02,https://www.youtube.com/watch?v=0MbaMniaAQA,0MbaMniaAQA,1604,interview,available
Karma,Yarambo,Interview Hamburg,Accapella,2024,DLTLLY,2024-01-28,https://www.youtube.com/watch?v=y5lcDXvgiLo,y5lcDXvgiLo,10398,interview,available
Yarambo,Karma,Hamburg,Accapella,2024,DLTLLY,2024-01-28,https://www.youtube.com/watch?v=Y523u1xAcmo,Y523u1xAcmo,70144,battle,available
FAITH MC,ROLLING G,ACAPELLA BATTLE,Accapella,2024,FOB,2024-01-28,https://www.youtube.com/watch?v=AQ61cQjpA4U,AQ61cQjpA4U,7245,battle,available
Christosaurus Rex,Capco Jones,"Interview Proving Grounds, Berlin",Accapella,2024,DLTLLY,2024-01-26,https://www.youtube.com/watch?v=p2NURmVVhrU,p2NURmVVhrU,1579,interview,available
KARKOBI,MOODY,ACAPELLA BATTLE,Accapella,2024,FOB,2024-01-26,https://www.youtube.com/watch?v=hvEti6vXuXY,hvEti6vXuXY,18148,battle,available
CapcoJones,Cristosaurus Rex,Proving Grounds,Accapella,2024,DLTLLY,2024-01-26,https://www.youtube.com/watch?v=NNUTrbddBwo,NNUTrbddBwo,10191,battle,available
ROOL,DAVID ARDOR,NEWCOMER BATTLE,Accapella,2024,FOB,2024-01-21,https://www.youtube.com/watch?v=_TQee46RR5U,_TQee46RR5U,2769,battle,available
Heinz87 & Hiding John,Mazzikaner & Cashus K,Hamburg,Accapella,2024,DLTLLY,2024-01-21,https://www.youtube.com/watch?v=Ue5h955l2Ew,Ue5h955l2Ew,26600,battle,available
Cashus K & Mazzikaner,Hiding John & Heinz87,Interview Hamburg,Accapella,2024,DLTLLY,2024-01-21,https://www.youtube.com/watch?v=HyuKSKJbPiM,HyuKSKJbPiM,2384,interview,available
FRAX ONE & DJANGO,NATALI & ALADIN,ACAPELLA BATTLE,Accapella,2024,FOB,2024-01-19,https://www.youtube.com/watch?v=6ZzLdfNphns,6ZzLdfNphns,7192,battle,available
Celune,Sizyphos,Hamburg,Accapella,2024,DLTLLY,2024-01-14,https://www.youtube.com/watch?v=wwKW8EaM0W4,wwKW8EaM0W4,86327,battle,available
Celune,Sizyphos,Interview Hamburg,Accapella,2024,DLTLLY,2024-01-14,https://www.youtube.com/watch?v=lNnXXa8nutA,lNnXXa8nutA,12271,interview,available
JOSEPH STEINSCHLEUDER & ROMIK WRONG,ZEPTAH & ORPHXN,ON BEAT BATTLE,On Beat,2024,FOB,2024-01-12,https://www.youtube.com/watch?v=hDQFXey6gXI,hDQFXey6gXI,34898,battle,available
Faivel,Bilal,Hamburg,Accapella,2024,DLTLLY,2024-01-07,https://www.youtube.com/watch?v=mHPNeE8Tkbo,mHPNeE8Tkbo,14934,battle,available
Bilal,Faivel,Interview Hamburg,Accapella,2024,DLTLLY,2024-01-07,https://www.youtube.com/watch?v=F5aOOORT5dk,F5aOOORT5dk,1646,interview,available
Holu,Moody,Battle,Accapella,2023,DUDL,2024-01-06,https://www.youtube.com/watch?v=ZgVgROhjl5o,ZgVgROhjl5o,6448,battle,available
Shizu,Morgana,Hamburg,On Beat,2024,DLTLLY,2024-01-05,https://www.youtube.com/watch?v=uZC6ZAOqvss,uZC6ZAOqvss,40243,battle,available
BURST & T-WAY,LEANDERS & DESPO,ACAPELLA BATTLE,Accapella,2024,FOB,2024-01-05,https://www.youtube.com/watch?v=_RaLw94QJSI,_RaLw94QJSI,9538,battle,available
Morgana,Shizu,Interview Hamburg,Accapella,2024,DLTLLY,2024-01-05,https://www.youtube.com/watch?v=5KRiY9v26QI,5KRiY9v26QI,2496,interview,available
Neilz,Kiruma,Dortmund,Accapella,2023,DLTLLY,2023-12-31,https://www.youtube.com/watch?v=k5MyH3qffzk,k5MyH3qffzk,97616,battle,available
KRISO,ILYA FLOYD,NEWCOMER BATTLE,Accapella,2023,FOB,2023-12-31,https://www.youtube.com/watch?v=eSLYneqD0vg,eSLYneqD0vg,3756,battle,available
Neilz,Kiruma,Interview Dortmund,Accapella,2023,DLTLLY,2023-12-31,https://www.youtube.com/watch?v=aM-nj3_Palc,aM-nj3_Palc,14123,interview,available
Bilal,Joseph Steinschleuder,Battle,Accapella,2023,DUDL,2023-12-30,https://www.youtube.com/watch?v=MmgJGhyrfbc,MmgJGhyrfbc,19041,battle,available
LUCKYLILY & BAYZE,CRAZE & MOITZ,ACAPELLA BATTLE,Accapella,2023,FOB,2023-12-29,https://www.youtube.com/watch?v=B7Ge3bBMaZ4,B7Ge3bBMaZ4,72755,battle,available
MORGANA,ZEPTAH,ON BEAT BATTLE,On Beat,2023,FOB,2023-12-26,https://www.youtube.com/watch?v=VSjE_QHcZBU,VSjE_QHcZBU,11490,battle,available
Karkobi,Requiem,Wien,Accapella,2023,DLTLLY,2023-12-24,https://www.youtube.com/watch?v=dpC_mfZVDrc,dpC_mfZVDrc,43552,battle,available
Karkobi,Requiem,Interview Wien,Accapella,2023,DLTLLY,2023-12-24,https://www.youtube.com/watch?v=8CfiykyS0hU,8CfiykyS0hU,7331,interview,available
KIRUMA,HIDING JOHN,ACAPELLA BATTLE,Accapella,2023,FOB,2023-12-24,https://www.youtube.com/watch?v=-z8Kz8svvR4,-z8Kz8svvR4,82698,battle,available
Kane,David Ardor,Battle,Accapella,2023,DUDL,2023-12-23,https://www.youtube.com/watch?v=5NWHlFDIezw,5NWHlFDIezw,3420,battle,available
Barbee & Flow,Fate & Joseph Steinschleuder,2on2 Wien,Accapella,2023,DLTLLY,2023-12-22,https://www.youtube.com/watch?v=o0oMk_6Sj60,o0oMk_6Sj60,40997,battle,available
Barbee & Flow,Joseph Steinschleuder & Fate,Interview Wien,Accapella,2023,DLTLLY,2023-12-22,https://www.youtube.com/watch?v=cQ6_5kJ0S-s,cQ6_5kJ0S-s,3202,interview,available
CLOCKWORK,CSN GALACTICO,ACAPELLA BATTLE,Accapella,2023,FOB,2023-12-22,https://www.youtube.com/watch?v=8t_wR5YYayI,8t_wR5YYayI,10513,battle,available
Mc Geuner,T-Way,Dortmund,Accapella,2023,DLTLLY,2023-12-17,https://www.youtube.com/watch?v=rsMrgC9k9jk,rsMrgC9k9jk,18870,battle,available
SNAKEHEADRHYME,A-RON,ACAPELLA BATTLE,Accapella,2023,FOB,2023-12-17,https://www.youtube.com/watch?v=q4fXhfjI2ZU,q4fXhfjI2ZU,10406,battle,available
Mc Geuner,T-Way,Interview Dortmund,Accapella,2023,DLTLLY,2023-12-17,https://www.youtube.com/watch?v=Gv-nAvjRndo,Gv-nAvjRndo,2077,interview,available
Notyzze,BanDan,Wien,On Beat,2023,DLTLLY,2023-12-15,https://www.youtube.com/watch?v=ryfJjGNbbR8,ryfJjGNbbR8,24513,battle,available
Bandan,Notyzze,Interview Wien,Accapella,2023,DLTLLY,2023-12-15,https://www.youtube.com/watch?v=0jtw5glQ3o4,0jtw5glQ3o4,1959,interview,available
Liuz,Herr Kuchen,Dortmund,Accapella,2023,DLTLLY,2023-12-10,https://www.youtube.com/watch?v=vPgMlVOgMYs,vPgMlVOgMYs,78879,battle,available
SHAOLUM,EZRA,ONE-ROUNDER,Accapella,2023,FOB,2023-12-10,https://www.youtube.com/watch?v=tzwE0B9OquY,tzwE0B9OquY,5243,battle,available
Herr Kuchen,Liuz,Interview Dortmund,Accapella,2023,DLTLLY,2023-12-10,https://www.youtube.com/watch?v=ERGDqtv_Dhc,ERGDqtv_Dhc,15711,interview,available
KahVauWeh,Jilly,Battle,Accapella,2023,DUDL,2023-12-09,https://www.youtube.com/watch?v=0qrxZCr5CMg,0qrxZCr5CMg,4577,battle,available
Flashus Christus,K9NE,Wien,Accapella,2023,DLTLLY,2023-12-08,https://www.youtube.com/watch?v=chUp4X6Isbo,chUp4X6Isbo,8860,battle,available
FREEKNO,MORGANA,ACAPELLA BATTLE,Accapella,2023,FOB,2023-12-08,https://www.youtube.com/watch?v=WtgPudDeZj8,WtgPudDeZj8,6611,battle,available
K9NE,Flashus Christus,Interview Wien,Accapella,2023,DLTLLY,2023-12-08,https://www.youtube.com/watch?v=RMQG3rQI1CA,RMQG3rQI1CA,1805,interview,available
Onkel Oktomusch,Jindo109,Dortmund,Accapella,2023,DLTLLY,2023-12-03,https://www.youtube.com/watch?v=lSnEQsO7TTA,lSnEQsO7TTA,29458,battle,available
Onkel Oktomusch,Jindo109,Dortmund,Accapella,2023,DLTLLY,2023-12-03,https://www.youtube.com/watch?v=NXAh7HMMM-0,NXAh7HMMM-0,140321,battle,available
NASTIC,STEEL,ON BEAT BATTLE,On Beat,2023,FOB,2023-12-02,https://www.youtube.com/watch?v=w0kK3zXnnK0,w0kK3zXnnK0,186852,battle,available
Schalle,Shortworth,Interview Wien,Accapella,2023,DLTLLY,2023-12-01,https://www.youtube.com/watch?v=j9mjcaP43Lk,j9mjcaP43Lk,1508,interview,available
VYRUS,KARANOVA,ON BEAT BATTLE,On Beat,2023,FOB,2023-12-01,https://www.youtube.com/watch?v=_rMFRoKcs6M,_rMFRoKcs6M,59479,battle,available
STEEL,VYRUS,TITLE TEASER,On Beat,2023,FOB,2023-11-30,https://www.youtube.com/watch?v=zNkLmnydDxo,zNkLmnydDxo,7214,promo,available
Schalle,Shortworth,Wien,Accapella,2023,DLTLLY,2023-11-30,https://www.youtube.com/watch?v=3_aVuejj-KM,3_aVuejj-KM,13522,battle,available
Kato,Bong Teggy,AfterMatch - der Battlerap-Podcast,Accapella,2023,DLTLLY,2023-11-29,https://www.youtube.com/watch?v=w1aSzhyy4nA,w1aSzhyy4nA,5671,interview,available
MOODY,TECEY,ACAPELLA BATTLE,Accapella,2023,FOB,2023-11-26,https://www.youtube.com/watch?v=rbNeALMPEKo,rbNeALMPEKo,3766,battle,available
Duff,Joe Pharo,Dortmund,Accapella,2023,DLTLLY,2023-11-26,https://www.youtube.com/watch?v=m0MkvcPDluI,m0MkvcPDluI,25796,battle,available
Duff,Joe Pharo,Interview Dortmund,Accapella,2023,DLTLLY,2023-11-26,https://www.youtube.com/watch?v=H7CC5f58xpU,H7CC5f58xpU,3478,interview,available
Grandmaster Flow,Kalp One,Wien,Accapella,2023,DLTLLY,2023-11-24,https://www.youtube.com/watch?v=Kw40l5aHPI4,Kw40l5aHPI4,8399,battle,available
JOE PHARO,LITTLE SEDO,ACAPELLA BATTLE,Accapella,2023,FOB,2023-11-24,https://www.youtube.com/watch?v=5Z35PNEQB_I,5Z35PNEQB_I,10729,battle,available
Wenzel Washington,Davis,Interview Wien,Accapella,2023,DLTLLY,2023-11-19,https://www.youtube.com/watch?v=UbUooOjp2hY,UbUooOjp2hY,1237,interview,available
Wenzel Washington,Davis,Wien,Accapella,2023,DLTLLY,2023-11-19,https://www.youtube.com/watch?v=BNOhkxQXuyM,BNOhkxQXuyM,11741,battle,available
JEPAIN,CELUNE,ACAPELLA BATTLE,Accapella,2023,FOB,2023-11-17,https://www.youtube.com/watch?v=01-L9OSECRY,01-L9OSECRY,12814,battle,available
Ssynic,Craze,AfterMatch - der Battlerap-Podcast,Accapella,2023,DLTLLY,2023-11-14,https://www.youtube.com/watch?v=o9_vjksbLDg,o9_vjksbLDg,11262,interview,available
Belial,Julo,Interview Dortmund,Accapella,2023,DLTLLY,2023-11-12,https://www.youtube.com/watch?v=u9C27fIunLI,u9C27fIunLI,3969,interview,available
BAYZE,M.F.L.,ACAPELLA BATTLE,Accapella,2023,FOB,2023-11-12,https://www.youtube.com/watch?v=paqgtJnfItw,paqgtJnfItw,13628,battle,available
Belial,Julo,Dortmund,Accapella,2023,DLTLLY,2023-11-12,https://www.youtube.com/watch?v=I9J8qYJCcno,I9J8qYJCcno,30667,battle,available
LUCKYLILY,IKKS,ACAPELLA BATTLE,Accapella,2023,FOB,2023-11-10,https://www.youtube.com/watch?v=kgZww6Ailfs,kgZww6Ailfs,20398,battle,available
SUZIE SUH,MALIK,ACAPELLA BATTLE,Accapella,2023,FOB,2023-11-05,https://www.youtube.com/watch?v=XdxsQ5ZkBl0,XdxsQ5ZkBl0,6098,battle,available
Ssynic,Craze,Interview B-Day #10,Accapella,2023,DLTLLY,2023-11-05,https://www.youtube.com/watch?v=ULL_WuYCGEc,ULL_WuYCGEc,46098,interview,available
Ssynic,Craze,B-Day #10,Accapella,2023,DLTLLY,2023-11-05,https://www.youtube.com/watch?v=FwsahytRilk,FwsahytRilk,274537,battle,available
KOOZY,ZEPTAH,ON BEAT BATTLE,On Beat,2023,FOB,2023-11-03,https://www.youtube.com/watch?v=GGu6kpSltiw,GGu6kpSltiw,13655,battle,available
Yarambo,JollyJay,AfterMatch - der Battlerap-Podcast,Accapella,2023,DLTLLY,2023-10-31,https://www.youtube.com/watch?v=0lJFYIKfVhA,0lJFYIKfVhA,8697,interview,available
Yarambo,JollyJay,B-Day #10,Accapella,2023,DLTLLY,2023-10-29,https://www.youtube.com/watch?v=u6NT4ynzzXY,u6NT4ynzzXY,141802,battle,available
Yarambo,JollyJay,Interview B-Day #10 Zoom,Accapella,2023,DLTLLY,2023-10-29,https://www.youtube.com/watch?v=nIByTnKCm1M,nIByTnKCm1M,13862,interview,available
SIC68,LEOQUENT,ACAPELLA BATTLE,Accapella,2023,FOB,2023-10-29,https://www.youtube.com/watch?v=Aagl3mzXYHE,Aagl3mzXYHE,2596,battle,available
TEACH,SHORTWORTH,ACAPELLA BATTLE,Accapella,2023,FOB,2023-10-27,https://www.youtube.com/watch?v=v3gjheBRFdw,v3gjheBRFdw,5874,battle,available
M.F.L.,CLOCKWORK,ACAPELLA BATTLE,Accapella,2023,FOB,2023-10-22,https://www.youtube.com/watch?v=GrwKC49yyCQ,GrwKC49yyCQ,3355,battle,available
Kato,Bong Teggy,B-Day #10,Accapella,2023,DLTLLY,2023-10-22,https://www.youtube.com/watch?v=9-PHpWXpad8,9-PHpWXpad8,93755,battle,available
Kato,Bong Teggy,Interview B-Day#10,Accapella,2023,DLTLLY,2023-10-21,https://www.youtube.com/watch?v=pv00r9wBM2M,pv00r9wBM2M,13033,interview,available
DEELAH,DADDA,ACAPELLA BATTLE,Accapella,2023,FOB,2023-10-20,https://www.youtube.com/watch?v=1hXJvRr5-v0,1hXJvRr5-v0,16126,battle,available
Karanova,Mc Geuner,Interview B-Day #10,Accapella,2023,DLTLLY,2023-10-15,https://www.youtube.com/watch?v=xFIyZUb8LmI,xFIyZUb8LmI,6261,interview,available
Karanova,Mc Geuner,B-Day #10,Accapella,2023,DLTLLY,2023-10-15,https://www.youtube.com/watch?v=EuuQTa_BAPs,EuuQTa_BAPs,37936,battle,available
Jeystone,Karanova,Battle,Accapella,2023,DUDL,2023-10-14,https://www.youtube.com/watch?v=RDIgvgVX2XE,RDIgvgVX2XE,16857,battle,available
DIAMOND,NATALI,ACAPELLA BATTLE,Accapella,2023,FOB,2023-10-13,https://www.youtube.com/watch?v=p8xbu9v5EZw,p8xbu9v5EZw,43498,battle,available
FAIVEL,MAZZIKANER,ACAPELLA BATTLE,Accapella,2023,FOB,2023-10-08,https://www.youtube.com/watch?v=jjoHn6PxuHo,jjoHn6PxuHo,4422,battle,available
Mighty P,Karma,B-Day #10,Accapella,2023,DLTLLY,2023-10-08,https://www.youtube.com/watch?v=9h9mrGmjNkE,9h9mrGmjNkE,24592,battle,available
Flashus Christus,Béla Garbage,Battle,Accapella,2023,DUDL,2023-10-07,https://www.youtube.com/watch?v=ZYJzYXtGpjk,ZYJzYXtGpjk,6336,battle,available
MOODY,PESC,ACAPELLA BATTLE,Accapella,2023,FOB,2023-10-06,https://www.youtube.com/watch?v=CVhC0F4XmNE,CVhC0F4XmNE,4149,battle,available
Lyrico,Tobi High,splash! 25,On Beat,2023,DLTLLY,2023-10-01,https://www.youtube.com/watch?v=tR63ErqqK-E,tR63ErqqK-E,55611,battle,available
ShadyX,David Ardor,Battle,Accapella,2023,DUDL,2023-09-30,https://www.youtube.com/watch?v=yyTA-Qjyo8k,yyTA-Qjyo8k,4096,battle,available
Pablo,Mordrake,splash! 25,On Beat,2023,DLTLLY,2023-09-29,https://www.youtube.com/watch?v=eTL6zktMYR4,eTL6zktMYR4,15533,battle,available
CASHUS K,FREEKNO,ACAPELLA BATTLE,Accapella,2023,FOB,2023-09-29,https://www.youtube.com/watch?v=81xKGx6HuII,81xKGx6HuII,5717,battle,available
Cris Kotzen & Escape,Vyrus & Freezy,2on2 splash! 25,On Beat,2023,DLTLLY,2023-09-24,https://www.youtube.com/watch?v=o63uOeCfr44,o63uOeCfr44,59565,battle,available
DEZ,MC Rabiat,Battle,Accapella,2023,DUDL,2023-09-23,https://www.youtube.com/watch?v=7OxvBQs2I9U,7OxvBQs2I9U,5863,battle,available
Kid Soldier,Krom,splash! 25,On Beat,2023,DLTLLY,2023-09-22,https://www.youtube.com/watch?v=BDxFLIkPoGM,BDxFLIkPoGM,24037,battle,available
JOSEPH STEINSCHLEUDER,ALADIN,ON BEAT BATTLE,On Beat,2023,FOB,2023-09-22,https://www.youtube.com/watch?v=1JJayQ1V2h4,1JJayQ1V2h4,57542,battle,available
N'antinein,Bahamakarma,splash! 25,On Beat,2023,DLTLLY,2023-09-17,https://www.youtube.com/watch?v=hxlKFtVRKTw,hxlKFtVRKTw,20228,battle,available
FAIVEL,TRIPLE,MIXED MARTIAL BARS,Accapella,2023,FOB,2023-09-15,https://www.youtube.com/watch?v=ruyoC9eeZe0,ruyoC9eeZe0,4942,battle,available
Shizu,Mave,splash! 25,Accapella,2023,DLTLLY,2023-09-15,https://www.youtube.com/watch?v=0VnFsg9akkE,0VnFsg9akkE,21084,battle,available
DER SERGEANT,MUSIO,ACAPELLA BATTLE,Accapella,2023,FOB,2023-09-10,https://www.youtube.com/watch?v=oxWTBgiZXYo,oxWTBgiZXYo,5035,battle,available
Wolff,Requiem,München,Accapella,2023,DLTLLY,2023-09-10,https://www.youtube.com/watch?v=ET-J69Ip5-E,ET-J69Ip5-E,52524,battle,available
VYRUS,KOOZY,ON BEAT BATTLE,On Beat,2023,FOB,2023-09-08,https://www.youtube.com/watch?v=alByBsxKWa4,alByBsxKWa4,18205,battle,available
REQUIEM,ALADIN,ON BEAT BATTLE,On Beat,2023,FOB,2023-09-03,https://www.youtube.com/watch?v=pu3AO8kGZhI,pu3AO8kGZhI,6451,battle,available
Mc Geuner,Snakeheadrhyme,München,Accapella,2023,DLTLLY,2023-09-03,https://www.youtube.com/watch?v=i1B9-AWslJg,i1B9-AWslJg,31760,battle,available
ROLLING G,ATROPATRAP,ACAPELLA BATTLE,Accapella,2023,FOB,2023-09-01,https://www.youtube.com/watch?v=qMDgBCsXSKk,qMDgBCsXSKk,19964,battle,available
NASTIC (FINNASTIC),CRIPSTA,ON BEAT BATTLE,On Beat,2023,FOB,2023-08-27,https://www.youtube.com/watch?v=cQD1k_AzQvY,cQD1k_AzQvY,6948,battle,available
Tobi High,Yarambo,München,Accapella,2023,DLTLLY,2023-08-27,https://www.youtube.com/watch?v=DmiECBflC1Y,DmiECBflC1Y,185187,battle,available
DAVIE JONES,KIRUMA,ACAPELLA BATTLE,Accapella,2023,FOB,2023-08-25,https://www.youtube.com/watch?v=153UC-iaZuY,153UC-iaZuY,53071,battle,available
Joseph Steinschleuder,Shizu,München,Accapella,2023,DLTLLY,2023-08-20,https://www.youtube.com/watch?v=Ar11aFXhaH0,Ar11aFXhaH0,48903,battle,available
NOTYZZE,PATO G,FINALE,Accapella,2023,FOB,2023-08-18,https://www.youtube.com/watch?v=P-J6-smmJlE,P-J6-smmJlE,10643,battle,available
TEACH,DJANGO,BATTLE UM PLATZ 3,Accapella,2023,FOB,2023-08-15,https://www.youtube.com/watch?v=Gw-PKej8GDs,Gw-PKej8GDs,3462,battle,available
T-Way,Julo,München,Accapella,2023,DLTLLY,2023-08-13,https://www.youtube.com/watch?v=SsiMPL9Pxvc,SsiMPL9Pxvc,22421,battle,available
Kato,Meidi,MAYhem #6,Accapella,2023,DLTLLY,2023-08-06,https://www.youtube.com/watch?v=5RNjICLfMiU,5RNjICLfMiU,228180,battle,available
Craze,Karanova,MAYhem #6,Accapella,2023,DLTLLY,2023-07-30,https://www.youtube.com/watch?v=SPWI95_uXlw,SPWI95_uXlw,102429,battle,available
MALIK,JEPAIN,ACAPELLA BATTLE,Accapella,2023,FOB,2023-07-28,https://www.youtube.com/watch?v=RTYVYzqrrxU,RTYVYzqrrxU,2899,battle,available
RIPA,CIZERO,ACAPELLA BATTLE,Accapella,2023,FOB,2023-07-23,https://www.youtube.com/watch?v=Zyqjl-p0XVM,Zyqjl-p0XVM,2030,battle,available
Karkobi,Hiding John,MAYhem #6,Accapella,2023,DLTLLY,2023-07-23,https://www.youtube.com/watch?v=MI6qkQeEBXE,MI6qkQeEBXE,114678,battle,available
DER SERGEANT,CLOCKWORK,ACAPELLA BATTLE,Accapella,2023,FOB,2023-07-21,https://www.youtube.com/watch?v=LiwzGIfLQy4,LiwzGIfLQy4,3721,battle,available
Kid Soldier,Hansen,MAYhem #6,Accapella,2023,DLTLLY,2023-07-16,https://www.youtube.com/watch?v=dF87SGCIRYU,dF87SGCIRYU,64516,battle,available
YOUNG KENNEDY,LIUZ,ACAPELLA BATTLE,Accapella,2023,FOB,2023-07-16,https://www.youtube.com/watch?v=SNVsQYlBxIE,SNVsQYlBxIE,4687,battle,available
BARETTA,OLDBOY,ACAPELLA BATTLE,Accapella,2023,FOB,2023-07-14,https://www.youtube.com/watch?v=GWuP4kXR1Kg,GWuP4kXR1Kg,3000,battle,available
Zeuge,Joseph Steinschleuder,MAYhem #6,Accapella,2023,DLTLLY,2023-07-09,https://www.youtube.com/watch?v=rOr6ZAP9SDU,rOr6ZAP9SDU,53203,battle,available
TRUNKENBOLD,BURST (LEONIDAS),ACAPELLA BATTLE,Accapella,2023,FOB,2023-07-09,https://www.youtube.com/watch?v=-RCkGcjJgd8,-RCkGcjJgd8,2326,battle,available
Jindo109,Liuz,Proving Grounds Berlin,Accapella,2023,DLTLLY,2023-07-07,https://www.youtube.com/watch?v=VcwX1YM5mTA,VcwX1YM5mTA,77188,battle,available
FINNASTIC,FAIVEL,ON BEAT BATTLE,On Beat,2023,FOB,2023-07-07,https://www.youtube.com/watch?v=IvW0VwU-bD4,IvW0VwU-bD4,5246,battle,available
EZRA,TECEY,ACAPELLA BATTLE,Accapella,2023,FOB,2023-07-02,https://www.youtube.com/watch?v=o6pKCGAZ8jg,o6pKCGAZ8jg,2485,battle,available
Mavgic,Bong Teggy,🏆 Titlematch 🏆,On Beat,2023,DLTLLY,2023-07-02,https://www.youtube.com/watch?v=7cWynBFYZKo,7cWynBFYZKo,197439,battle,available
MOODY,CSN GALACTICO,ACAPELLA BATTLE,Accapella,2023,FOB,2023-06-30,https://www.youtube.com/watch?v=xsiNjqXkrmU,xsiNjqXkrmU,7230,battle,available
Tokz,Tisos,Match,On Beat,2023,DLTLLY,2023-06-30,https://www.youtube.com/watch?v=Nx1dG5NYYSM,Nx1dG5NYYSM,12664,battle,available
Rolling G,Jeystone,Proving Grounds Berlin,Accapella,2023,DLTLLY,2023-06-25,https://www.youtube.com/watch?v=WTKQAIjN1Vc,WTKQAIjN1Vc,23796,battle,available
Kiruma,Jeystone,Battle,Accapella,2023,DUDL,2023-06-24,https://www.youtube.com/watch?v=ri_S-oeZ_eY,ri_S-oeZ_eY,28478,battle,available
MC Janosch,Quasi Infamous,Proving Grounds Berlin,Accapella,2023,DLTLLY,2023-06-23,https://www.youtube.com/watch?v=zP_94cQIw4U,zP_94cQIw4U,17740,battle,available
LARA SOFT,MAT052,ON BEAT BATTLE,On Beat,2023,FOB,2023-06-23,https://www.youtube.com/watch?v=on745CtUTC8,on745CtUTC8,6972,battle,available
Mars,ZinZity,NRWeekend 6,Accapella,2023,DLTLLY,2023-06-18,https://www.youtube.com/watch?v=GlT7vWzBfgA,GlT7vWzBfgA,70184,battle,available
Julo,SnakeHeadRhyme,Battle,Accapella,2023,DUDL,2023-06-17,https://www.youtube.com/watch?v=-YKMqAAxT8o,-YKMqAAxT8o,13421,battle,available
T-WAY & TOLLSCHOCK & BURST & EZRA & HEINZ87,NATIF (& YAAMANN),5 GEGEN NATIF,Accapella,2023,FOB,2023-06-16,https://www.youtube.com/watch?v=s8txdXxnA78,s8txdXxnA78,7004,battle,available
Bronko Banano,Young Kennedy,Proving Grounds Berlin,Accapella,2023,DLTLLY,2023-06-16,https://www.youtube.com/watch?v=djAFYil0UhI,djAFYil0UhI,10345,battle,available
LUCKYLILY,CRAZYO,ACAPELLA BATTLE,Accapella,2023,FOB,2023-06-11,https://www.youtube.com/watch?v=UvS4sFibdO8,UvS4sFibdO8,10618,battle,available
Mc Geuner,DeeLah,NRWeekend 6,Accapella,2023,DLTLLY,2023-06-11,https://www.youtube.com/watch?v=OqlGnaMrdxE,OqlGnaMrdxE,35420,battle,available
MC GEUNER,JOSEPH STEINSCHLEUDER,INTERVIEW,Accapella,2023,FOB,2023-06-10,https://www.youtube.com/watch?v=Q1IHCEwTxnM,Q1IHCEwTxnM,2716,interview,available
FreeKno,LevRudi,Battle,Accapella,2023,DUDL,2023-06-10,https://www.youtube.com/watch?v=9hUmhQs6_Mo,9hUmhQs6_Mo,12055,battle,available
Swear Boss,Chaarlz,Bars von Chaarlz,On Beat,2023,DLTLLY,2023-06-09,https://www.youtube.com/watch?v=xsppHOOGjuE,xsppHOOGjuE,38126,battle,available
MC GEUNER,JOSEPH STEINSCHLEUDER,ACAPELLA BATTLE,Accapella,2023,FOB,2023-06-09,https://www.youtube.com/watch?v=PqIW0yKlenc,PqIW0yKlenc,45748,battle,available
THORA,NICK SHIT,ACAPELLA BATTLE,Accapella,2023,FOB,2023-06-04,https://www.youtube.com/watch?v=YcZozCm_xbk,YcZozCm_xbk,2923,battle,available
Jack Dragon,Duff,NRWeekend 6,Accapella,2023,DLTLLY,2023-06-04,https://www.youtube.com/watch?v=DaR9eHH76rU,DaR9eHH76rU,26291,battle,available
XtraHerb,Trunkenbold,Battle,Accapella,2023,DUDL,2023-06-03,https://www.youtube.com/watch?v=wmR1ZNP60_s,wmR1ZNP60_s,9518,battle,available
EZRA,OLDBOY,ACAPELLA BATTLE,Accapella,2023,FOB,2023-05-28,https://www.youtube.com/watch?v=nfJtM4WgaZU,nfJtM4WgaZU,2363,battle,available
Yarambo,Craze,NRWeekend 6,Accapella,2023,DLTLLY,2023-05-28,https://www.youtube.com/watch?v=46OYZ6po0Ak,46OYZ6po0Ak,127829,battle,available
Nio,Vesso,Battle,Accapella,2023,DUDL,2023-05-27,https://www.youtube.com/watch?v=GiTmnInso14,GiTmnInso14,6759,battle,available
Celune,Wenzel Washington,Proving Grounds Berlin,Accapella,2023,DLTLLY,2023-05-26,https://www.youtube.com/watch?v=vrsYi_dzJAM,vrsYi_dzJAM,25714,battle,available
DASCHA,CASHUS K,ACAPELLA BATTLE,Accapella,2023,FOB,2023-05-26,https://www.youtube.com/watch?v=fgoaunxcoT8,fgoaunxcoT8,3884,battle,available
Joseph Steinschleuder,Requiem,NRWeekend 6,Accapella,2023,DLTLLY,2023-05-21,https://www.youtube.com/watch?v=b7Ous_8Wlug,b7Ous_8Wlug,52154,battle,available
LIUZ,FRAX ONE,ACAPELLA BATTLE,Accapella,2023,FOB,2023-05-21,https://www.youtube.com/watch?v=X-ge9S5NLeo,X-ge9S5NLeo,2977,battle,available
S-Staticx,Rebellion,Battle,Accapella,2023,DUDL,2023-05-20,https://www.youtube.com/watch?v=CxLrqhH-DBk,CxLrqhH-DBk,6056,battle,available
Valik,Davis,Proving Grounds Berlin,Accapella,2023,DLTLLY,2023-05-19,https://www.youtube.com/watch?v=LyPTX5qeZD0,LyPTX5qeZD0,13073,battle,available
DADDA,P-HAZE,ACAPELLA BATTLE,Accapella,2023,FOB,2023-05-19,https://www.youtube.com/watch?v=AhJOsTxYeUE,AhJOsTxYeUE,5147,battle,available
Neilz,Tobi High,NRWeekend 6,Accapella,2023,DLTLLY,2023-05-14,https://www.youtube.com/watch?v=jhhMGXy1LF8,jhhMGXy1LF8,80100,battle,available
CLOCKWORK,FFFELIX,ACAPELLA BATTLE,Accapella,2023,FOB,2023-05-13,https://www.youtube.com/watch?v=x-NqwBDSwOo,x-NqwBDSwOo,2283,battle,available
JANAUND,PESC,ACAPELLA BATTLE,Accapella,2023,FOB,2023-05-12,https://www.youtube.com/watch?v=rJEsiba2m2Y,rJEsiba2m2Y,5290,battle,available
MOODY,NEOS,ACAPELLA BATTLE,Accapella,2023,FOB,2023-05-07,https://www.youtube.com/watch?v=iBL1KeH3-Zg,iBL1KeH3-Zg,3027,battle,available
Snakeheadrhyme,Atropatrap,NRWeekend 6,Accapella,2023,DLTLLY,2023-05-07,https://www.youtube.com/watch?v=ByEMxppR7FY,ByEMxppR7FY,26929,battle,available
CLOUDSURFER,CSN GALACTICO,ACAPELLA BATTLE,Accapella,2023,FOB,2023-05-05,https://www.youtube.com/watch?v=91Ics6zQVbw,91Ics6zQVbw,8502,battle,available
Karma,Kiruma,NRWeekend 6,Accapella,2023,DLTLLY,2023-04-30,https://www.youtube.com/watch?v=3PCiOm1e0F8,3PCiOm1e0F8,60783,battle,available
DER SERGEANT,M.F.L.,INTERVIEW,Accapella,2023,FOB,2023-04-29,https://www.youtube.com/watch?v=e5kAq7a0LSE,e5kAq7a0LSE,744,interview,available
DER SERGEANT,M.F.L.,ACAPELLA BATTLE,Accapella,2023,FOB,2023-04-28,https://www.youtube.com/watch?v=G2FxBew9Jug,G2FxBew9Jug,6824,battle,available
Tao,Oregano,NRWeekend 6,Accapella,2023,DLTLLY,2023-04-23,https://www.youtube.com/watch?v=EyqhvW_I1yc,EyqhvW_I1yc,46487,battle,available
MORGANA,STEEL,INTERVIEW,Accapella,2023,FOB,2023-04-22,https://www.youtube.com/watch?v=-KShg0hY-Ww,-KShg0hY-Ww,1196,interview,available
MORGANA,STEEL,ON BEAT BATTLE,On Beat,2023,FOB,2023-04-21,https://www.youtube.com/watch?v=WAFnWLi2kQM,WAFnWLi2kQM,47119,battle,available
Nevioist,Rebellion,Proving Grounds Kontext Wiesbaden,Accapella,2023,DLTLLY,2023-04-21,https://www.youtube.com/watch?v=R1YEL5JozCo,R1YEL5JozCo,8840,battle,available
Mazzikaner,Despo,NRWeekend 6 Düsseldorf,Accapella,2023,DLTLLY,2023-04-16,https://www.youtube.com/watch?v=qkWZ9nuC5Lk,qkWZ9nuC5Lk,12727,battle,available
PHASENKIND,MC COLOGNE,ON BEAT BATTLE,On Beat,2023,FOB,2023-04-15,https://www.youtube.com/watch?v=wGVt1b9k1-s,wGVt1b9k1-s,1580,battle,available
PHASENKIND,MC COLOGNE,ON BEAT BATTLE,On Beat,2023,FOB,2023-04-14,https://www.youtube.com/watch?v=zJNkeDhTDJo,zJNkeDhTDJo,20245,battle,available
Adam Riese,Thora,Proving Grounds Kontext Wiesbaden,Accapella,2023,DLTLLY,2023-04-14,https://www.youtube.com/watch?v=NfQ2wYoTZOE,NfQ2wYoTZOE,13328,battle,available
Maka,Zeptah,NRWeekend 6,Accapella,2023,DLTLLY,2023-04-09,https://www.youtube.com/watch?v=tE_8ZrKkRL4,tE_8ZrKkRL4,16411,battle,available
LUG SERIOUS,BANDAN,INTERVIEW,Accapella,2023,FOB,2023-04-08,https://www.youtube.com/watch?v=TCJ20mPsmxc,TCJ20mPsmxc,592,interview,available
LUG SERIOUS,BANDAN,ON BEAT BATTLE,On Beat,2023,FOB,2023-04-07,https://www.youtube.com/watch?v=iCJvT7zXNfY,iCJvT7zXNfY,4186,battle,available
Niza,Heinz87,Proving Grounds Kontext Wiesbaden,Accapella,2023,DLTLLY,2023-04-02,https://www.youtube.com/watch?v=GwIj5C8bPBs,GwIj5C8bPBs,15805,battle,available
FREEZY & DESPO,ZEPTAH & ORPHXN,INTERVIEW,Accapella,2023,FOB,2023-04-01,https://www.youtube.com/watch?v=eSRqhe7o-sU,eSRqhe7o-sU,1252,interview,available
FREEZY & DESPO,ZEPTAH & ORPHXN,ON BEAT BATTLE,On Beat,2023,FOB,2023-03-31,https://www.youtube.com/watch?v=bnrYiUeZcmc,bnrYiUeZcmc,17422,battle,available
S-Staticx,Der Sir (JollyJay),Proving Grounds Kontext Wiesbaden,Accapella,2023,DLTLLY,2023-03-31,https://www.youtube.com/watch?v=Od-__geija4,Od-__geija4,9652,battle,available
MEIDI,KATO,MAYhem 6 - PROVOKATION 1/6,Accapella,2023,DLTLLY,2023-03-27,https://www.youtube.com/watch?v=BzgruMrzHLE,BzgruMrzHLE,21783,battle,available
DADDA,MAT052,ON BEAT BATTLE,On Beat,2023,FOB,2023-03-26,https://www.youtube.com/watch?v=VrI_EoQAHb8,VrI_EoQAHb8,6101,battle,available
Aladin,Oregano,Proving Grounds Wiesbaden,Accapella,2023,DLTLLY,2023-03-26,https://www.youtube.com/watch?v=34HlNq1_VfI,34HlNq1_VfI,36524,battle,available
HEYZEN,TECEY,INTERVIEW,Accapella,2023,FOB,2023-03-25,https://www.youtube.com/watch?v=jzXjCGC_cU8,jzXjCGC_cU8,417,interview,available
HEYZEN,TECEY,ON BEAT BATTLE,On Beat,2023,FOB,2023-03-24,https://www.youtube.com/watch?v=Fw7e-M3WdOI,Fw7e-M3WdOI,2974,battle,available
Papi Schlauch,Krom,Freestyle FINALE,Accapella,2023,DLTLLY,2023-03-24,https://www.youtube.com/watch?v=26Rixwi0k0Y,26Rixwi0k0Y,24344,battle,available
PRYME,FINNASTIC,INTERVIEW,Accapella,2023,FOB,2023-03-21,https://www.youtube.com/watch?v=KJyf1pye32s,KJyf1pye32s,646,interview,available
Mordrake,Faivel,Proving Grounds Wiesbaden,Accapella,2023,DLTLLY,2023-03-19,https://www.youtube.com/watch?v=pxKAJ5Ivies,pxKAJ5Ivies,14505,battle,available
PRYME,FINNASTIC,ON BEAT BATTLE,On Beat,2023,FOB,2023-03-19,https://www.youtube.com/watch?v=SC4utzuA9ks,SC4utzuA9ks,4975,battle,available
FINNASTIC,VESSO,INTERVIEW,Accapella,2023,FOB,2023-03-18,https://www.youtube.com/watch?v=e_FsNhgpWWM,e_FsNhgpWWM,497,interview,available
Mighty P,Shizu,Freestyle um 3. Platz,Accapella,2023,DLTLLY,2023-03-17,https://www.youtube.com/watch?v=lqYWya5f8gM,lqYWya5f8gM,10791,battle,available
FINNASTIC,VESSO,ON BEAT BATTLE,On Beat,2023,FOB,2023-03-17,https://www.youtube.com/watch?v=djWWmOoyq4Q,djWWmOoyq4Q,3258,battle,available
Holu & Freekno,Joseph Steinschleuder & Triple Beat,2on2,Accapella,2023,DLTLLY,2023-03-12,https://www.youtube.com/watch?v=wD1OXlkgxuo,wD1OXlkgxuo,42505,battle,available
JOSEPH STEINSCHLEUDER,KAIRUZO,INTERVIEW,Accapella,2023,FOB,2023-03-11,https://www.youtube.com/watch?v=DlU_szTary4,DlU_szTary4,1815,interview,available
JOSEPH STEINSCHLEUDER,KAIRUZO,ON BEAT BATTLE,On Beat,2023,FOB,2023-03-10,https://www.youtube.com/watch?v=6dsqwWjEHYs,6dsqwWjEHYs,38354,battle,available
Krom,Shizu,Freestyle Halbfinale 2/2 Kassel,Accapella,2023,DLTLLY,2023-03-10,https://www.youtube.com/watch?v=5At2_Fwibvw,5At2_Fwibvw,13299,battle,available
Kairuzo,Freezy,Kassel,On Beat,2023,DLTLLY,2023-03-05,https://www.youtube.com/watch?v=TWFbqnebTV8,TWFbqnebTV8,15636,battle,available
Papi Schlauch,Mighty P,Freestyle Halbfinale 1/2 Kassel,Accapella,2023,DLTLLY,2023-03-03,https://www.youtube.com/watch?v=GvjjcKT6ht8,GvjjcKT6ht8,22356,battle,available
Gerro,Bilal,Kassel,Accapella,2023,DLTLLY,2023-02-26,https://www.youtube.com/watch?v=PtphnbYBD-g,PtphnbYBD-g,21288,battle,available
Muro,Mighty P,Freestyle Viertelfinale 4/4 Kassel,Accapella,2023,DLTLLY,2023-02-24,https://www.youtube.com/watch?v=FjKugbIQk7w,FjKugbIQk7w,14503,battle,available
Krom,Notyzze,Freestyle Viertelfinale 3/4 Kassel,Accapella,2023,DLTLLY,2023-02-21,https://www.youtube.com/watch?v=98g7Cy_XbxY,98g7Cy_XbxY,30851,battle,available
Neilz,Wolff,DISSember 6,Accapella,2023,DLTLLY,2023-02-19,https://www.youtube.com/watch?v=haZz6DTu_-g,haZz6DTu_-g,69840,battle,available
MC Geuner,Shizu,Freestyle Viertelfinale 2/4 Kassel,Accapella,2023,DLTLLY,2023-02-17,https://www.youtube.com/watch?v=AvAcIKtEhwc,AvAcIKtEhwc,13782,battle,available
Craze,Papi Schlauch,Freestyle Viertelfinale 1/4 Kassel,Accapella,2023,DLTLLY,2023-02-14,https://www.youtube.com/watch?v=cFxjz1ESlrA,cFxjz1ESlrA,25993,battle,available
Vyrus,Bong Teggy,DISSember 6,On Beat,2023,DLTLLY,2023-02-12,https://www.youtube.com/watch?v=0j2whdG-GRI,0j2whdG-GRI,172549,battle,available
Julo,Kid Soldier,DISSember 6,Accapella,2023,DLTLLY,2023-02-05,https://www.youtube.com/watch?v=9sm6ohBf5jM,9sm6ohBf5jM,43456,battle,available
Kiruma,LevRudi,Battle,Accapella,2022,DUDL,2023-02-04,https://www.youtube.com/watch?v=cy4tB0dKQvQ,cy4tB0dKQvQ,23836,battle,available
Kato,Robscure,🏆 TITLE MATCH 🏆,Accapella,2023,DLTLLY,2023-01-29,https://www.youtube.com/watch?v=N2dkTa_mUcg,N2dkTa_mUcg,69750,battle,available
CRAZE,MURO,INTERVIEW,Accapella,2023,FOB,2023-01-28,https://www.youtube.com/watch?v=fLDXt1jU2kY,fLDXt1jU2kY,1251,interview,available
MC Rabiat,Morgana,Battle,Accapella,2022,DUDL,2023-01-28,https://www.youtube.com/watch?v=YZjDfu6_Hq4,YZjDfu6_Hq4,6224,battle,available
CRAZE,MURO,FINALE,Accapella,2023,FOB,2023-01-27,https://www.youtube.com/watch?v=38oHMQzefu4,38oHMQzefu4,7435,battle,available
Hiding John,MC Geuner,DISSember 6,Accapella,2023,DLTLLY,2023-01-22,https://www.youtube.com/watch?v=grXVswnsBUY,grXVswnsBUY,68205,battle,available
YAAMANN,TOMMY2LATE,BATTLE UM PLATZ 3,Accapella,2023,FOB,2023-01-22,https://www.youtube.com/watch?v=01BN8cP4K2s,01BN8cP4K2s,2921,battle,available
Jindo109,Quasi,Battle,Accapella,2022,DUDL,2023-01-21,https://www.youtube.com/watch?v=tBp6PGi6uno,tBp6PGi6uno,105420,battle,available
Karanova,BanDan,DISSember 6,On Beat,2023,DLTLLY,2023-01-15,https://www.youtube.com/watch?v=4wcUZ0dY-LA,4wcUZ0dY-LA,24535,battle,available
Jeystone,Vorstadtflokati,Battle,Accapella,2022,DUDL,2023-01-14,https://www.youtube.com/watch?v=VvxXsgtdpE0,VvxXsgtdpE0,7420,battle,available
Mars B.,JollyJay,Kassel,Accapella,2023,DLTLLY,2023-01-08,https://www.youtube.com/watch?v=gGQdvDUSOpo,gGQdvDUSOpo,131056,battle,available
Flashus Christus,Schlawin0r,Battle,Accapella,2022,DUDL,2023-01-07,https://www.youtube.com/watch?v=NmmCLoAfZ5k,NmmCLoAfZ5k,7600,battle,available
T-Way,Neilz,Kassel,Accapella,2023,DLTLLY,2023-01-01,https://www.youtube.com/watch?v=RlbPNOCmPdg,RlbPNOCmPdg,56410,battle,available
Duff,B-Dad,Kassel,Accapella,2022,DLTLLY,2022-12-25,https://www.youtube.com/watch?v=vs4tNDMiQbE,vs4tNDMiQbE,28854,battle,available
Tobi High,Wolff,Interview,Accapella,2022,DLTLLY,2022-12-20,https://www.youtube.com/watch?v=4BjG4qL3sbM,4BjG4qL3sbM,5956,interview,available
Shizu,Niza,Kassel,Accapella,2022,DLTLLY,2022-12-18,https://www.youtube.com/watch?v=nB5MCOERYgw,nB5MCOERYgw,25960,battle,available
MC COLOGNE,LEOQUENT,INTERVIEW,Accapella,2022,FOB,2022-12-17,https://www.youtube.com/watch?v=wg7UqJyabuM,wg7UqJyabuM,376,interview,available
MC COLOGNE,LEOQUENT,ACAPELLA BATTLE,Accapella,2022,FOB,2022-12-16,https://www.youtube.com/watch?v=srliH-T5M4I,srliH-T5M4I,2814,battle,available
ZEPTAH,NOAH263,FREESTYLE BATTLE,Accapella,2022,FOB,2022-12-14,https://www.youtube.com/watch?v=Do5mGT8p3rQ,Do5mGT8p3rQ,2593,battle,available
TEACH,VESSO,FREESTYLE BATTLE,Accapella,2022,FOB,2022-12-12,https://www.youtube.com/watch?v=FDh0UdIX-3g,FDh0UdIX-3g,2934,battle,available
Pulsar,Shaolum,Kassel,Accapella,2022,DLTLLY,2022-12-11,https://www.youtube.com/watch?v=xhm1GaoEThA,xhm1GaoEThA,19860,battle,available
T-WAY,KOOZY,INTERVIEW,Accapella,2022,FOB,2022-12-10,https://www.youtube.com/watch?v=z4DtkAEvAyk,z4DtkAEvAyk,533,interview,available
T-WAY,KOOZY,ON BEAT BATTLE,On Beat,2022,FOB,2022-12-09,https://www.youtube.com/watch?v=pZQtoF-rlXI,pZQtoF-rlXI,10198,battle,available
LEONNN,CLOUDSURFER,ACAPELLA BATTLE,Accapella,2022,FOB,2022-12-04,https://www.youtube.com/watch?v=YdcZBjLyUdQ,YdcZBjLyUdQ,3047,battle,available
Papi Schlauch,Craze,Stellwerk Hamburg,Accapella,2022,DLTLLY,2022-12-04,https://www.youtube.com/watch?v=8MwhxBFd0rk,8MwhxBFd0rk,99049,battle,available
DESPO,MORGANA,INTERVIEW,Accapella,2022,FOB,2022-12-03,https://www.youtube.com/watch?v=Ld_AbuhxQOU,Ld_AbuhxQOU,511,interview,available
MORGANA,DESPO,ACAPELLA BATTLE,Accapella,2022,FOB,2022-12-02,https://www.youtube.com/watch?v=cr7jeZoQa4Y,cr7jeZoQa4Y,5259,battle,available
Lyrico,Hiding John,Interview mit Ana,Accapella,2022,DLTLLY,2022-11-30,https://www.youtube.com/watch?v=7X-8vMu2NWU,7X-8vMu2NWU,8089,interview,available
Jack Dragon,Tollschock,Stellwerk Hamburg,Accapella,2022,DLTLLY,2022-11-27,https://www.youtube.com/watch?v=BJFMwGvMeqY,BJFMwGvMeqY,17849,battle,available
KIRUMA,ZEPTAH,INTERVIEW,Accapella,2022,FOB,2022-11-26,https://www.youtube.com/watch?v=JAuurGo5rBw,JAuurGo5rBw,1399,interview,available
Shortworth,Kairuzo,Proving Grounds Panke Berlin,Accapella,2022,DLTLLY,2022-11-25,https://www.youtube.com/watch?v=moff7jTB0Hk,moff7jTB0Hk,10923,battle,available
KIRUMA,ZEPTAH,ACAPELLA BATTLE,Accapella,2022,FOB,2022-11-25,https://www.youtube.com/watch?v=fWJTrdnzJrg,fWJTrdnzJrg,17714,battle,available
Zeuge,D-Kay,Stellwerk Hamburg,Accapella,2022,DLTLLY,2022-11-20,https://www.youtube.com/watch?v=lY1e8yfkpa8,lY1e8yfkpa8,19873,battle,available
DASCHA,NOTYZZE,FREESTYLE BATTLE,Accapella,2022,FOB,2022-11-20,https://www.youtube.com/watch?v=Rn3E7Ggt1eI,Rn3E7Ggt1eI,17241,battle,available
MC GEUNER,ROLLING G,INTERVIEW,Accapella,2022,FOB,2022-11-19,https://www.youtube.com/watch?v=HMfM_6-UUIc,HMfM_6-UUIc,2278,interview,available
MC GEUNER,ROLLING G,ACAPELLA BATTLE,Accapella,2022,FOB,2022-11-18,https://www.youtube.com/watch?v=uu0PY0v7IFQ,uu0PY0v7IFQ,41433,battle,available
Der Sir,Bronko Banano aka Street,Proving Grounds Panke Berlin,Accapella,2022,DLTLLY,2022-11-18,https://www.youtube.com/watch?v=ZS28WqvU5SM,ZS28WqvU5SM,8507,battle,available
NOTYZZE,DIZZEPTICON,FREESTYLE BATTLE,Accapella,2022,FOB,2022-11-14,https://www.youtube.com/watch?v=bJE9flpMmRE,bJE9flpMmRE,6249,battle,available
Joseph Steinschleuder,Hiding John,Stellwerk Hamburg,Accapella,2022,DLTLLY,2022-11-13,https://www.youtube.com/watch?v=y6t8jKfD-AE,y6t8jKfD-AE,80318,battle,available
VYRUS & FREEZY,CRAZE & PHILLIE.45,INTERVIEW,Accapella,2022,FOB,2022-11-12,https://www.youtube.com/watch?v=ou5CtmCWWhg,ou5CtmCWWhg,2175,interview,available
CRAZE & PHILLIE.45,VYRUS & FREEZY,ON BEAT BATTLE,On Beat,2022,FOB,2022-11-11,https://www.youtube.com/watch?v=ldSXHCj1nOM,ldSXHCj1nOM,88776,battle,available
Mazzikaner,Requiem,Proving Grounds Panke Berlin,Accapella,2022,DLTLLY,2022-11-06,https://www.youtube.com/watch?v=TAm558704I4,TAm558704I4,16024,battle,available
T-WAY,FREEKNO,INTERVIEW,Accapella,2022,FOB,2022-11-05,https://www.youtube.com/watch?v=ncM_6HpsTeM,ncM_6HpsTeM,460,interview,available
T-WAY,FREEKNO,ACAPELLA BATTLE,Accapella,2022,FOB,2022-11-04,https://www.youtube.com/watch?v=9l3DT26cxe8,9l3DT26cxe8,4348,battle,available
OREGANO,HEINZ87,INTERVIEW,Accapella,2022,FOB,2022-10-30,https://www.youtube.com/watch?v=uxGP0Fxzx0Q,uxGP0Fxzx0Q,840,interview,available
Krom,Shizu,Freestyle FINALE,Accapella,2022,DLTLLY,2022-10-30,https://www.youtube.com/watch?v=hSto7dOhl94,hSto7dOhl94,17308,battle,available
HEINZ87,OREGANO,ACAPELLA BATTLE,Accapella,2022,FOB,2022-10-28,https://www.youtube.com/watch?v=TRUrdcR5wIw,TRUrdcR5wIw,19993,battle,available
Krom,Fate,Freestyle Halbfinale 2/2,Accapella,2022,DLTLLY,2022-10-23,https://www.youtube.com/watch?v=Li-qeNs1KpU,Li-qeNs1KpU,16498,battle,available
MC RABIAT,HOLU,INTERVIEW,Accapella,2022,FOB,2022-10-22,https://www.youtube.com/watch?v=57bw2lFLWsA,57bw2lFLWsA,472,interview,available
Kato,Shizu,Freestyle Halbfinale 1/2,Accapella,2022,DLTLLY,2022-10-21,https://www.youtube.com/watch?v=XuQ1Nca45pk,XuQ1Nca45pk,34871,battle,available
HOLU,MC RABIAT,ACAPELLA BATTLE,Accapella,2022,FOB,2022-10-21,https://www.youtube.com/watch?v=N9pjDq1PXRU,N9pjDq1PXRU,2340,battle,available
Hiding John,Lyrico,Berlin 9th Birthday,Accapella,2022,DLTLLY,2022-10-16,https://www.youtube.com/watch?v=DfqZW-U6Pt8,DfqZW-U6Pt8,103651,battle,available
TOLLSCHOCK,PESC,INTERVIEW,Accapella,2022,FOB,2022-10-15,https://www.youtube.com/watch?v=EFoVE4gUczE,EFoVE4gUczE,669,interview,available
Kato,Craze,Freestyle Viertelfinale 4/4,Accapella,2022,DLTLLY,2022-10-14,https://www.youtube.com/watch?v=EutFE-eb8sc,EutFE-eb8sc,17686,battle,available
TOLLSCHOCK,PESC,ACAPELLA BATTLE,Accapella,2022,FOB,2022-10-14,https://www.youtube.com/watch?v=BwRs5JfDleQ,BwRs5JfDleQ,5854,battle,available
Aytee,Galv,Berlin 9th Birthday,On Beat,2022,DLTLLY,2022-10-09,https://www.youtube.com/watch?v=jD054e2cdBw,jD054e2cdBw,55023,battle,available
JOSEPH STEINSCHLEUDER,FAIVEL,INTERVIEW,Accapella,2022,FOB,2022-10-08,https://www.youtube.com/watch?v=Q3ZHRmGCXsA,Q3ZHRmGCXsA,2344,interview,available
JOSEPH STEINSCHLEUDER,FAIVEL,ACAPELLA BATTLE,Accapella,2022,FOB,2022-10-07,https://www.youtube.com/watch?v=aUwkQJY2Rf8,aUwkQJY2Rf8,29966,battle,available
Fate,Davie Jones,Freestyle Viertelfinale 3/4,Accapella,2022,DLTLLY,2022-10-07,https://www.youtube.com/watch?v=05TK5EPBr0Y,05TK5EPBr0Y,16991,battle,available
Tobi High,Wolff,Berlin 9th Birthday,Accapella,2022,DLTLLY,2022-10-03,https://www.youtube.com/watch?v=k3BrRmzQiho,k3BrRmzQiho,72687,battle,available
Notyzze,Shizu,Freestyle Viertelfinale 2/4,Accapella,2022,DLTLLY,2022-10-02,https://www.youtube.com/watch?v=ZrSdgJqcZoE,ZrSdgJqcZoE,19047,battle,available
VYRUS,ZEPTAH,INTERVIEW,Accapella,2022,FOB,2022-10-01,https://www.youtube.com/watch?v=XJsxBYTP_W0,XJsxBYTP_W0,1006,interview,available
Julo,Joseph Steinschleuder,Battle,Accapella,2022,DUDL,2022-10-01,https://www.youtube.com/watch?v=OZXeAAAO5J4,OZXeAAAO5J4,46835,battle,available
VYRUS,ZEPTAH,ON BEAT BATTLE,On Beat,2022,FOB,2022-09-30,https://www.youtube.com/watch?v=Zm6fOMQaFS0,Zm6fOMQaFS0,62781,battle,available
Krom,Mighty P,Freestyle Viertelfinale 1/4,Accapella,2022,DLTLLY,2022-09-30,https://www.youtube.com/watch?v=Jh54jeD5YeU,Jh54jeD5YeU,16659,battle,available
MC COLOGNE,TECEY,INTERVIEW,Accapella,2022,FOB,2022-09-26,https://www.youtube.com/watch?v=jDM5X-lesRE,jDM5X-lesRE,399,interview,available
Mavgic,Notyzze,Splash! Festival,On Beat,2022,DLTLLY,2022-09-25,https://www.youtube.com/watch?v=zfz6RCjGq9Q,zfz6RCjGq9Q,84463,battle,available
MC COLOGNE,TECEY,ON BEAT BATTLE,On Beat,2022,FOB,2022-09-25,https://www.youtube.com/watch?v=r1F9bbM1oKU,r1F9bbM1oKU,2871,battle,available
Morgana,Kiruma,Battle,Accapella,2022,DUDL,2022-09-24,https://www.youtube.com/watch?v=sAEdAkJMRdU,sAEdAkJMRdU,20561,battle,available
PHASENKIND,LUG SERIOUS,INTERVIEW,Accapella,2022,FOB,2022-09-24,https://www.youtube.com/watch?v=jHt9kfYPKoI,jHt9kfYPKoI,607,interview,available
PHASENKIND,LUG SERIOUS,ON BEAT BATTLE,On Beat,2022,FOB,2022-09-23,https://www.youtube.com/watch?v=FlPpnQ-dKD8,FlPpnQ-dKD8,9858,battle,available
FROZEN,FREEZY,INTERVIEW,Accapella,2022,FOB,2022-09-19,https://www.youtube.com/watch?v=KMlfM8ztQeU,KMlfM8ztQeU,599,interview,available
Krom,Craze,Splash! Festival,On Beat,2022,DLTLLY,2022-09-18,https://www.youtube.com/watch?v=OFxzZdybSN8,OFxzZdybSN8,41138,battle,available
FROZEN,FREEZY,ON BEAT BATTLE,On Beat,2022,FOB,2022-09-18,https://www.youtube.com/watch?v=Gsl1naOWydI,Gsl1naOWydI,4359,battle,available
MC Rabiat,Pulsar,Battle,Accapella,2022,DUDL,2022-09-17,https://www.youtube.com/watch?v=dkTL_Nv3G8Q,dkTL_Nv3G8Q,6134,battle,available
MORGANA,LUG SERIOUS,INTERVIEW,Accapella,2022,FOB,2022-09-17,https://www.youtube.com/watch?v=LbSWJdEeqyE,LbSWJdEeqyE,934,interview,available
MORGANA,LUG SERIOUS,ON BEAT BATTLE,On Beat,2022,FOB,2022-09-16,https://www.youtube.com/watch?v=y4yjYAZK7JE,y4yjYAZK7JE,21124,battle,available
BURST,KAIRUZO,INTERVIEW,Accapella,2022,FOB,2022-09-12,https://www.youtube.com/watch?v=Gq1wXtsxj14,Gq1wXtsxj14,375,interview,available
Bong Teggy,Davie Jones,Splash! Festival,On Beat,2022,DLTLLY,2022-09-11,https://www.youtube.com/watch?v=pdhbmLWMwyg,pdhbmLWMwyg,234943,battle,available
BURST,KAIRUZO,ON BEAT BATTLE,On Beat,2022,FOB,2022-09-11,https://www.youtube.com/watch?v=CiPxzTK1pqw,CiPxzTK1pqw,2051,battle,available
PHILLIE.45,BANDAN,INTERVIEW,Accapella,2022,FOB,2022-09-10,https://www.youtube.com/watch?v=cfjLExQ9qfU,cfjLExQ9qfU,343,interview,available
DEZ,LevRudi,Battle,Accapella,2022,DUDL,2022-09-10,https://www.youtube.com/watch?v=4hkL_gTsuBc,4hkL_gTsuBc,9268,battle,available
PHILLIE.45,BANDAN,ON BEAT BATTLE,On Beat,2022,FOB,2022-09-09,https://www.youtube.com/watch?v=XXSqvOu2WQs,XXSqvOu2WQs,6548,battle,available
Karanova,Aytee,Splash! Festival,On Beat,2022,DLTLLY,2022-09-04,https://www.youtube.com/watch?v=n6c9Qv8P-C8,n6c9Qv8P-C8,83915,battle,available
REQUIEM,HEYZEN,INTERVIEW,Accapella,2022,FOB,2022-09-03,https://www.youtube.com/watch?v=fkDtPYAbviE,fkDtPYAbviE,737,interview,available
Trunkenbold,Flashus Christus,Battle,Accapella,2022,DUDL,2022-09-03,https://www.youtube.com/watch?v=NIohlGTNge8,NIohlGTNge8,8539,battle,available
REQUIEM,HEYZEN,ON BEAT BATTLE,On Beat,2022,FOB,2022-09-02,https://www.youtube.com/watch?v=z83Zw2aMjkI,z83Zw2aMjkI,7634,battle,available
Khacoby,DirtySanchez,Splash! Festival,On Beat,2022,DLTLLY,2022-08-28,https://www.youtube.com/watch?v=s-zpW3jQqTo,s-zpW3jQqTo,33696,battle,available
NOTYZZE,CRAZE,BONUS BATTLE,Accapella,2022,FOB,2022-08-28,https://www.youtube.com/watch?v=KHCHHB0LHHM,KHCHHB0LHHM,11541,battle,available
Jeystone,Jesazz K,Battle,Accapella,2022,DUDL,2022-08-27,https://www.youtube.com/watch?v=Hz69rjg3Kw8,Hz69rjg3Kw8,9944,battle,available
CRAZE,PATO G,FINALE,Accapella,2022,FOB,2022-08-26,https://www.youtube.com/watch?v=hr1SredLhhU,hr1SredLhhU,5789,battle,available
VYRUS,JOLLE,BATTLE UM PLATZ 3,Accapella,2022,FOB,2022-08-24,https://www.youtube.com/watch?v=iOJVqrGOgso,iOJVqrGOgso,4603,battle,available
T-Way,Tobi High,Splash! Festival,On Beat,2022,DLTLLY,2022-08-21,https://www.youtube.com/watch?v=tEhjlNLOuFA,tEhjlNLOuFA,22342,battle,available
SnakeHeadRhyme,D-Kay,Battle,Accapella,2022,DUDL,2022-08-20,https://www.youtube.com/watch?v=huG-hq7KSZg,huG-hq7KSZg,11022,battle,available
Mars B.,Neilz,Backstage München,Accapella,2022,DLTLLY,2022-08-14,https://www.youtube.com/watch?v=-iJVkN6FDbs,-iJVkN6FDbs,108352,battle,available
Vorstadtflokati,Latik,Battle,Accapella,2022,DUDL,2022-08-13,https://www.youtube.com/watch?v=dRDcUTdB7nE,dRDcUTdB7nE,6321,battle,available
STEEL,MC COLOGNE,INTERVIEW,Accapella,2022,FOB,2022-08-13,https://www.youtube.com/watch?v=Xd1trQMhzKk,Xd1trQMhzKk,632,interview,available
STEEL,MC COLOGNE,ON BEAT BATTLE,On Beat,2022,FOB,2022-08-12,https://www.youtube.com/watch?v=9gdlkHCY6ks,9gdlkHCY6ks,25234,battle,available
Pablo,Karanova,could not identify event,On Beat,2022,DLTLLY,2022-08-07,https://www.youtube.com/watch?v=jvKqCBHhupM,jvKqCBHhupM,27046,battle,available
NOTYZZE,YAAMANN,FREESTYLE BATTLE,Accapella,2022,FOB,2022-08-07,https://www.youtube.com/watch?v=HY-hSTOAFvc,HY-hSTOAFvc,8321,battle,available
FREEKNO,KALP ONE,INTERVIEW,Accapella,2022,FOB,2022-08-06,https://www.youtube.com/watch?v=pGa-iaiVzT0,pGa-iaiVzT0,573,interview,available
Holu,Mazzikaner,Battle,Accapella,2022,DUDL,2022-08-06,https://www.youtube.com/watch?v=1JCgK26bVhA,1JCgK26bVhA,5690,battle,available
KALP ONE,FREEKNO,ACAPELLA BATTLE,Accapella,2022,FOB,2022-08-05,https://www.youtube.com/watch?v=yU99ToSTBps,yU99ToSTBps,3754,battle,available
Atropatrap,Kato,Backstage München,Accapella,2022,DLTLLY,2022-07-31,https://www.youtube.com/watch?v=cT0Gfw6Y1Cs,cT0Gfw6Y1Cs,64262,battle,available
NOTYZZE,PHASENKIND,FREESTYLE BATTLE,Accapella,2022,FOB,2022-07-31,https://www.youtube.com/watch?v=HD98boSKqCM,HD98boSKqCM,5867,battle,available
Julo,Cashus K.,Battle,Accapella,2022,DUDL,2022-07-30,https://www.youtube.com/watch?v=syTuhtmBwRg,syTuhtmBwRg,8733,battle,available
MC RABIAT,MC GEUNER,INTERVIEW,Accapella,2022,FOB,2022-07-30,https://www.youtube.com/watch?v=juzudAZs-Hg,juzudAZs-Hg,802,interview,available
MC GEUNER,MC RABIAT,ONE-ROUNDER,Accapella,2022,FOB,2022-07-29,https://www.youtube.com/watch?v=dEwPBCI7HTY,dEwPBCI7HTY,4383,battle,available
DOCMO,BEZEY,FREESTYLE BATTLE,Accapella,2022,FOB,2022-07-24,https://www.youtube.com/watch?v=pVZjfqP3MvU,pVZjfqP3MvU,1218,battle,available
Phasenkind,Vyrus,Battle,On Beat,2022,DLTLLY,2022-07-24,https://www.youtube.com/watch?v=9bTN83Isy_g,9bTN83Isy_g,72496,battle,available
BARETTA,OREGANO,INTERVIEW,Accapella,2022,FOB,2022-07-23,https://www.youtube.com/watch?v=a-8DoyE7JQc,a-8DoyE7JQc,3355,interview,available
Alko,Bilal,Battle,Accapella,2022,DUDL,2022-07-23,https://www.youtube.com/watch?v=02mF_h347nk,02mF_h347nk,11371,battle,available
BARETTA,OREGANO,ACAPELLA BATTLE,Accapella,2022,FOB,2022-07-22,https://www.youtube.com/watch?v=B6RjjHg62QE,B6RjjHg62QE,12757,battle,available
Shizu,Tao,Backstage München,Accapella,2022,DLTLLY,2022-07-17,https://www.youtube.com/watch?v=pbJaLLca8ec,pbJaLLca8ec,25068,battle,available
DASCHA,PATO G,FREESTYLE BATTLE,Accapella,2022,FOB,2022-07-17,https://www.youtube.com/watch?v=jaQXn1IHhcU,jaQXn1IHhcU,2622,battle,available
KOOZY,KAIRUZO,INTERVIEW,Accapella,2022,FOB,2022-07-16,https://www.youtube.com/watch?v=UfcB8rHWH-A,UfcB8rHWH-A,561,interview,available
LevRudi,Jesazz K,Battle,Accapella,2022,DUDL,2022-07-16,https://www.youtube.com/watch?v=LAUYmanP_6I,LAUYmanP_6I,11996,battle,available
KOOZY,KAIRUZO,ON BEAT BATTLE,On Beat,2022,FOB,2022-07-15,https://www.youtube.com/watch?v=5TCfzkPBF-o,5TCfzkPBF-o,13203,battle,available
MIKESH,SSYNIC,MAYhem #5,Accapella,2022,DLTLLY,2022-07-10,https://www.youtube.com/watch?v=ccC4G3Ox27Y,ccC4G3Ox27Y,700490,battle,available
PESC,LEOQUENT,INTERVIEW,Accapella,2022,FOB,2022-07-09,https://www.youtube.com/watch?v=ce00T2mk8HE,ce00T2mk8HE,332,interview,available
Hiding John,Neilz,Battle,Accapella,2022,DUDL,2022-07-09,https://www.youtube.com/watch?v=O_9B-Ip_kkg,O_9B-Ip_kkg,88839,battle,available
PESC,LEOQUENT,ACAPELLA BATTLE,Accapella,2022,FOB,2022-07-08,https://www.youtube.com/watch?v=dsD2zPtl9UQ,dsD2zPtl9UQ,1817,battle,available
Robscure,Falki,MAYhem 5 Festsaal Kreuzberg,Accapella,2022,DLTLLY,2022-07-03,https://www.youtube.com/watch?v=f-mF2l3hDjY,f-mF2l3hDjY,58002,battle,available
McLuvin,GR8,Battle,Accapella,2022,DUDL,2022-07-02,https://www.youtube.com/watch?v=regYrzxAfGs,regYrzxAfGs,9710,battle,available
ROBEAZY,M.F.L.,INTERVIEW,Accapella,2022,FOB,2022-07-02,https://www.youtube.com/watch?v=LMjhOPW2am0,LMjhOPW2am0,502,interview,available
ROBEAZY,M.F.L.,ACAPELLA BATTLE,Accapella,2022,FOB,2022-07-01,https://www.youtube.com/watch?v=d0qAuLNmQQc,d0qAuLNmQQc,2002,battle,available
Tobi High,Aytee,MAYhem 5 Festsaal Kreuzberg,Accapella,2022,DLTLLY,2022-06-26,https://www.youtube.com/watch?v=ZPeaBwUwty4,ZPeaBwUwty4,73821,battle,available
Béla Garbage,Franz Flaute,Battle,Accapella,2022,DUDL,2022-06-25,https://www.youtube.com/watch?v=e4VyBRJ4Fk4,e4VyBRJ4Fk4,10277,battle,available
MORGANA,TECEY,INTERVIEW,Accapella,2022,FOB,2022-06-25,https://www.youtube.com/watch?v=6XR8-ih6sHg,6XR8-ih6sHg,438,interview,available
MORGANA,TECEY,ACAPELLA BATTLE,Accapella,2022,FOB,2022-06-24,https://www.youtube.com/watch?v=rXsbY1b41N4,rXsbY1b41N4,3524,battle,available
Joe Pharo,Liser,MAYhem 5 Festsaal Kreuzberg,Accapella,2022,DLTLLY,2022-06-19,https://www.youtube.com/watch?v=07rEE7iBP6A,07rEE7iBP6A,58183,battle,available
Pablo2k,Jeystone,Battle,Accapella,2022,DUDL,2022-06-18,https://www.youtube.com/watch?v=tuxr36FJOPs,tuxr36FJOPs,9752,battle,available
OREGANO,FAIVEL,ACAPELLA BATTLE,Accapella,2022,FOB,2022-06-17,https://www.youtube.com/watch?v=ahNsdBtoNVw,ahNsdBtoNVw,15761,battle,available
SnakeHeadRhyme,Kid Soldier,MAYhem 5,Accapella,2022,DLTLLY,2022-06-12,https://www.youtube.com/watch?v=3haA6pKjg5I,3haA6pKjg5I,51629,battle,available
ZinZity,Karanova,Battle,Accapella,2022,DUDL,2022-06-11,https://www.youtube.com/watch?v=jY18iQanWaI,jY18iQanWaI,68349,battle,available
LATIK,NIKA,ACAPELLA BATTLE,Accapella,2022,FOB,2022-06-10,https://www.youtube.com/watch?v=ughb98BsdD8,ughb98BsdD8,3992,battle,available
Brian Damage,Yarambo,Spektakulum Düsseldorf,Accapella,2022,DLTLLY,2022-06-05,https://www.youtube.com/watch?v=s-PcaxNSpaY,s-PcaxNSpaY,181510,battle,available
Django,Zeuge,Battle,Accapella,2022,DUDL,2022-06-04,https://www.youtube.com/watch?v=rM3mXY5wEuA,rM3mXY5wEuA,13450,battle,available
NICK SHIT,EZRA,INTERVIEW,Accapella,2022,FOB,2022-06-04,https://www.youtube.com/watch?v=AaTly7GzyUk,AaTly7GzyUk,312,interview,available
NICK SHIT,EZRA,ACAPELLA BATTLE,Accapella,2022,FOB,2022-06-03,https://www.youtube.com/watch?v=-gNJ3ZjYgj0,-gNJ3ZjYgj0,1568,battle,available
Koozy,Kato,Spektakulum Düsseldorf,On Beat,2022,DLTLLY,2022-05-29,https://www.youtube.com/watch?v=aK4XWWU3Cyo,aK4XWWU3Cyo,35081,battle,available
ALKO,EMBA,INTERVIEW,Accapella,2022,FOB,2022-05-28,https://www.youtube.com/watch?v=l8xvYqC9KKw,l8xvYqC9KKw,778,interview,available
Kiruma,BunGee,Battle,Accapella,2022,DUDL,2022-05-28,https://www.youtube.com/watch?v=aRMwOCghSCI,aRMwOCghSCI,18922,battle,available
ALKO,EMBA,ON BEAT BATTLE,On Beat,2022,FOB,2022-05-27,https://www.youtube.com/watch?v=XedbsyzqXvg,XedbsyzqXvg,4985,battle,available
Hiding John,Julo,Spektakulum Düsseldorf,Accapella,2022,DLTLLY,2022-05-22,https://www.youtube.com/watch?v=8Rg-OYpHnz8,8Rg-OYpHnz8,50573,battle,available
Tokz,Shorteh Taunton,Spektakulum Düsseldorf,On Beat,2022,DLTLLY,2022-05-20,https://www.youtube.com/watch?v=MrXGr1fN4QI,MrXGr1fN4QI,19627,battle,available
Bong Teggy & Papi Schlauch,Cris Kotzen & Ano-nym,2on2 Dissember5 Berlin,Accapella,2022,DLTLLY,2022-05-15,https://www.youtube.com/watch?v=kXPVliglFLM,kXPVliglFLM,145212,battle,available
Deytona,Maka,Spektakulum Düsseldorf,Accapella,2022,DLTLLY,2022-05-08,https://www.youtube.com/watch?v=nhXxVQrDp3E,nhXxVQrDp3E,18817,battle,available
LEANDERS,D-KAY,INTERVIEW,Accapella,2022,FOB,2022-05-07,https://www.youtube.com/watch?v=HZdha-xrFe4,HZdha-xrFe4,643,interview,available
LEANDERS,D-KAY,ACAPELLA BATTLE,Accapella,2022,FOB,2022-05-06,https://www.youtube.com/watch?v=Rwnj6g8zOiI,Rwnj6g8zOiI,3117,battle,available
Bilal,RNGD,Bonus Battle DISSember 5 Berlin,Accapella,2022,DLTLLY,2022-05-06,https://www.youtube.com/watch?v=A15mdm79cLI,A15mdm79cLI,13287,battle,available
Davie Jones,Khacoby,DISSember 5 Berlin,Accapella,2022,DLTLLY,2022-05-01,https://www.youtube.com/watch?v=x-LvLkEzs8k,x-LvLkEzs8k,60937,battle,available
LITTLE SEDO,MALIK,INTERVIEW,Accapella,2022,FOB,2022-04-30,https://www.youtube.com/watch?v=jXizaICJ1mc,jXizaICJ1mc,358,interview,available
LITTLE SEDO,MALIK,NEWCOMER BATTLE,Accapella,2022,FOB,2022-04-29,https://www.youtube.com/watch?v=qTnU1JNsn1Q,qTnU1JNsn1Q,2179,battle,available
Hiding John,Karanova,DISSember 5 Berlin,Accapella,2022,DLTLLY,2022-04-24,https://www.youtube.com/watch?v=0AWRxf_O7N0,0AWRxf_O7N0,50284,battle,available
OREGANO,BUNNEE,INTERVIEW,Accapella,2022,FOB,2022-04-23,https://www.youtube.com/watch?v=ulmj7_3OPXU,ulmj7_3OPXU,567,interview,available
OREGANO,BUNNEE,NEWCOMER BATTLE,Accapella,2022,FOB,2022-04-21,https://www.youtube.com/watch?v=IpAK7JAG9aY,IpAK7JAG9aY,6429,battle,available
Niza,Despo,DISSember 5 Berlin,Accapella,2022,DLTLLY,2022-04-17,https://www.youtube.com/watch?v=QOkXwlYdbQI,QOkXwlYdbQI,18353,battle,available
NICK SHIT,BARETTA,NEWCOMER BATTLE,Accapella,2022,FOB,2022-04-15,https://www.youtube.com/watch?v=UHTFPhhnook,UHTFPhhnook,1683,battle,available
T-Way,DeeLah,DISSember 5 Berlin,Accapella,2022,DLTLLY,2022-04-10,https://www.youtube.com/watch?v=pc0see3ZJrM,pc0see3ZJrM,33667,battle,available
CRAZYO,M.F.L.,NEWCOMER BATTLE,Accapella,2022,FOB,2022-04-08,https://www.youtube.com/watch?v=dwxhHY6EU6Y,dwxhHY6EU6Y,1976,battle,available
PESC,LEOQUENT,NEWCOMER BATTLE,Accapella,2022,FOB,2022-04-01,https://www.youtube.com/watch?v=1FsbrboRc0c,1FsbrboRc0c,1647,battle,available
MIKESH,SSYNIC,MAYhem 5,Accapella,2022,DLTLLY,2022-03-27,https://www.youtube.com/watch?v=8SdOlGCSiyQ,8SdOlGCSiyQ,51183,promo,available
FROZEN,EZRA,NEWCOMER BATTLE,Accapella,2022,FOB,2022-03-25,https://www.youtube.com/watch?v=6LKmFzyGKjs,6LKmFzyGKjs,1756,battle,available
ZEPTAH,PHILLIE.45,ON BEAT BATTLE,On Beat,2022,FOB,2022-03-18,https://www.youtube.com/watch?v=ICuy8oTOBKw,ICuy8oTOBKw,6481,battle,available
KAIRUZO,FROZEN,ON BEAT BATTLE,On Beat,2022,FOB,2022-03-11,https://www.youtube.com/watch?v=kLzU7By3Z48,kLzU7By3Z48,3838,battle,available
BURST,A-RON,ON BEAT BATTLE,On Beat,2022,FOB,2022-02-25,https://www.youtube.com/watch?v=R8lbxhWiq-M,R8lbxhWiq-M,2763,battle,available
FREEZY,DESPO,ON BEAT BATTLE,On Beat,2022,FOB,2022-02-11,https://www.youtube.com/watch?v=elnma98FBPM,elnma98FBPM,6497,battle,available
T-WAY,BANDAN,INTERVIEW,Accapella,2022,FOB,2022-02-05,https://www.youtube.com/watch?v=gPmAR8556-Q,gPmAR8556-Q,480,interview,available
BANDAN,T-WAY,ON BEAT BATTLE,On Beat,2022,FOB,2022-02-04,https://www.youtube.com/watch?v=yuTFKFCHHRs,yuTFKFCHHRs,4705,battle,available
TOLLSCHOCK,BURST,INTERVIEW,Accapella,2022,FOB,2022-01-22,https://www.youtube.com/watch?v=bxA7FS1c94I,bxA7FS1c94I,674,interview,available
TOLLSCHOCK,BURST,ACAPELLA BATTLE,Accapella,2022,FOB,2022-01-21,https://www.youtube.com/watch?v=0Nu4Vs4yFik,0Nu4Vs4yFik,6349,battle,available
Mars B.,Hiding John,Interview mit Moitz,Accapella,2022,DLTLLY,2022-01-18,https://www.youtube.com/watch?v=teTFaeS_rTM,teTFaeS_rTM,11891,interview,available
Craze,ZinZity,NRWeekend 5,Accapella,2022,DLTLLY,2022-01-09,https://www.youtube.com/watch?v=BFpaIJJRZpo,BFpaIJJRZpo,152020,battle,available
Joseph Steinschleuder,Tobi High,Battle,Accapella,2021,DUDL,2022-01-08,https://www.youtube.com/watch?v=cblMd5dP52g,cblMd5dP52g,75126,battle,available
TEACH,LATIK,INTERVIEW,Accapella,2022,FOB,2022-01-08,https://www.youtube.com/watch?v=9GEX3ZO0oac,9GEX3ZO0oac,794,interview,available
LATIK,TEACH,ACAPELLA BATTLE,Accapella,2022,FOB,2022-01-07,https://www.youtube.com/watch?v=m5T71FIBKeE,m5T71FIBKeE,4857,battle,available
Mc Geuner,Phasenkind,NRWeekend 5,Accapella,2022,DLTLLY,2022-01-02,https://www.youtube.com/watch?v=8XF0GNuX43c,8XF0GNuX43c,33585,battle,available
T-Way,Karanova,Battle,Accapella,2021,DUDL,2022-01-01,https://www.youtube.com/watch?v=O1gK-lc2744,O1gK-lc2744,25860,battle,available
Khacoby,DeeLah,NRWeekend 5,Accapella,2021,DLTLLY,2021-12-26,https://www.youtube.com/watch?v=0TzaYVDPlWs,0TzaYVDPlWs,50225,battle,available
MADAME CHAOT,REQUIEM,INTERVIEW,Accapella,2021,FOB,2021-12-25,https://www.youtube.com/watch?v=yn6gSGDscuA,yn6gSGDscuA,3004,interview,available
Lug Serious,Zeuge,Battle,Accapella,2021,DUDL,2021-12-25,https://www.youtube.com/watch?v=eZEkBQHj1Zw,eZEkBQHj1Zw,12078,battle,available
MADAME CHAOT,REQUIEM,ACAPELLA BATTLE,Accapella,2021,FOB,2021-12-24,https://www.youtube.com/watch?v=f7Ie40PCgKE,f7Ie40PCgKE,19153,battle,available
Maka,Heinz87,NRWeekend 5,Accapella,2021,DLTLLY,2021-12-24,https://www.youtube.com/watch?v=M9ljmm81bj8,M9ljmm81bj8,16130,battle,available
Joseph Steinschleuder,Steel,Düsseldorf,On Beat,2021,DLTLLY,2021-12-19,https://www.youtube.com/watch?v=o-gu-0j52H4,o-gu-0j52H4,48630,battle,available
Herr Sören,Holu,Battle,Accapella,2021,DUDL,2021-12-18,https://www.youtube.com/watch?v=kSiZzKaRn_M,kSiZzKaRn_M,9268,battle,available
Fate,Notyzze,Finales FINALE - Freestyle Turnier,Accapella,2021,DLTLLY,2021-12-15,https://www.youtube.com/watch?v=T0JJQavFV2w,T0JJQavFV2w,21540,battle,available
Hiding John,Mars B.,NRWeekend 5,Accapella,2021,DLTLLY,2021-12-12,https://www.youtube.com/watch?v=waIf0MlTjyA,waIf0MlTjyA,145440,battle,available
Joe Pharo,Kid Soldier,Battle,Accapella,2021,DUDL,2021-12-11,https://www.youtube.com/watch?v=v-UUweDkH68,v-UUweDkH68,36946,battle,available
Atropatrap,Natif,NRWeekend 5,Accapella,2021,DLTLLY,2021-12-10,https://www.youtube.com/watch?v=mLz-MOsV9eY,mLz-MOsV9eY,45890,battle,available
Niza,Devasberg,NRWeekend 5,Accapella,2021,DLTLLY,2021-12-05,https://www.youtube.com/watch?v=_QVu_4_lKPw,_QVu_4_lKPw,18029,battle,available
Wolff,MC Geuner,Battle,Accapella,2021,DUDL,2021-12-04,https://www.youtube.com/watch?v=b-UoZVuRk8o,b-UoZVuRk8o,30234,battle,available
Davie Jones,Notyzze,FINALE - Freestyle Turnier,Accapella,2021,DLTLLY,2021-12-01,https://www.youtube.com/watch?v=nYk6qWCIm70,nYk6qWCIm70,17575,battle,available
Craze,Kato,Das Interview mit ANA,Accapella,2021,DLTLLY,2021-11-30,https://www.youtube.com/watch?v=J0etHIzEkmA,J0etHIzEkmA,12602,interview,available
Dizzepticon,Koozy,NRWeekend 5,On Beat,2021,DLTLLY,2021-11-28,https://www.youtube.com/watch?v=44GWsXgZyNs,44GWsXgZyNs,20709,battle,available
Phasenkind,SnakeHeadRhyme,Battle,Accapella,2021,DUDL,2021-11-27,https://www.youtube.com/watch?v=rnhrlt8rjHo,rnhrlt8rjHo,15982,battle,available
Master Marv,Davie Jones,Halbfinale - Freestyle Turnier,Accapella,2021,DLTLLY,2021-11-24,https://www.youtube.com/watch?v=-m_zitUFack,-m_zitUFack,16948,battle,available
Julo,Gerro,NRWeekend 5,Accapella,2021,DLTLLY,2021-11-21,https://www.youtube.com/watch?v=JFRhtS_YE9A,JFRhtS_YE9A,28491,battle,available
REQUIEM,DEMUTRAS,INTERVIEW,Accapella,2021,FOB,2021-11-20,https://www.youtube.com/watch?v=s_TkaLrGTWs,s_TkaLrGTWs,443,interview,available
Latik,Julo,Battle,Accapella,2021,DUDL,2021-11-20,https://www.youtube.com/watch?v=JsYSZtd2KMg,JsYSZtd2KMg,6544,battle,available
Papi Schlauch,Notyzze,Halbfinale - Freestyle Turnier,Accapella,2021,DLTLLY,2021-11-19,https://www.youtube.com/watch?v=bV0jDwBFgAY,bV0jDwBFgAY,28278,battle,available
DEMUTRAS,REQUIEM,ACAPELLA BATTLE,Accapella,2021,FOB,2021-11-19,https://www.youtube.com/watch?v=SGn3uMPhtTk,SGn3uMPhtTk,3245,battle,available
Master Marv,Flake,Viertelfinale - Freestyle Turnier,Accapella,2021,DLTLLY,2021-11-17,https://www.youtube.com/watch?v=vV4OmJuCxWI,vV4OmJuCxWI,14215,battle,available
Neilz,Deytona,Interview mit Ana,Accapella,2021,DLTLLY,2021-11-16,https://www.youtube.com/watch?v=GFvILQkhFH8,GFvILQkhFH8,6500,interview,available
Ferry,D-Kay,Proving Grounds #2,Accapella,2021,DLTLLY,2021-11-14,https://www.youtube.com/watch?v=K9CJ_aMBrsY,K9CJ_aMBrsY,14585,battle,available
Requiem,Malik,Battle,Accapella,2021,DUDL,2021-11-12,https://www.youtube.com/watch?v=nAOzsb5R0jQ,nAOzsb5R0jQ,8411,battle,available
Davie Jones,Shizu,Viertelfinale - Freestyle Turnier,Accapella,2021,DLTLLY,2021-11-12,https://www.youtube.com/watch?v=00PsDnNc0tE,00PsDnNc0tE,19004,battle,available
Mighty P,Papi Schlauch,Viertelfinale - Freestyle Turnier,Accapella,2021,DLTLLY,2021-11-09,https://www.youtube.com/watch?v=MkO4Kivu-oc,MkO4Kivu-oc,19486,battle,available
Kato,Craze,B-DAY #8,Accapella,2021,DLTLLY,2021-11-07,https://www.youtube.com/watch?v=tQxf0_g0Qyo,tQxf0_g0Qyo,112950,battle,available
EKHEAD,PESC,INTERVIEW,Accapella,2021,FOB,2021-11-06,https://www.youtube.com/watch?v=qoC6hSJGneU,qoC6hSJGneU,656,interview,available
Schlawin0r,Franciss,Battle,Accapella,2021,DUDL,2021-11-06,https://www.youtube.com/watch?v=UJw2kUbdKRc,UJw2kUbdKRc,6870,battle,available
Notyzze,Leanders,Viertelfinale - Freestyle Turnier,Accapella,2021,DLTLLY,2021-11-05,https://www.youtube.com/watch?v=P3jJnu84jso,P3jJnu84jso,20981,battle,available
EKHEAD,PESC,ACAPELLA BATTLE,Accapella,2021,FOB,2021-11-05,https://www.youtube.com/watch?v=0J9DKWtyvQ0,0J9DKWtyvQ0,3870,battle,available
Karanova,Mars B.,B-DAY #8,Accapella,2021,DLTLLY,2021-10-31,https://www.youtube.com/watch?v=XW5F33vQEBE,XW5F33vQEBE,56876,battle,available
MC Rabiat,P.S. Jiggy,Battle,Accapella,2021,DUDL,2021-10-29,https://www.youtube.com/watch?v=SAsznYYz40M,SAsznYYz40M,9697,battle,available
Aura,Desperados,Proving Grounds #2,Accapella,2021,DLTLLY,2021-10-29,https://www.youtube.com/watch?v=L-11Ys1jPbk,L-11Ys1jPbk,21450,battle,available
Neilz,Deytona,B-DAY #8,Accapella,2021,DLTLLY,2021-10-24,https://www.youtube.com/watch?v=Uo9V26OqyLw,Uo9V26OqyLw,54941,battle,available
MC GEUNER,JULO,INTERVIEW,Accapella,2021,FOB,2021-10-23,https://www.youtube.com/watch?v=ftYcEkLEwH8,ftYcEkLEwH8,1347,interview,available
MC GEUNER,JULO,ACAPELLA BATTLE,Accapella,2021,FOB,2021-10-22,https://www.youtube.com/watch?v=EOkj_xbRKyo,EOkj_xbRKyo,17281,battle,available
Joseph Steinschleuder,A-Ron,B-DAY #8,Accapella,2021,DLTLLY,2021-10-22,https://www.youtube.com/watch?v=11038rqoQr0,11038rqoQr0,32031,battle,available
Bong Teggy,Koozy,B-Day #8,On Beat,2021,DLTLLY,2021-10-17,https://www.youtube.com/watch?v=ADHXjLh3t58,ADHXjLh3t58,189102,battle,available
Joseph Steinschleuder (aka Merlin),Tobi High,B-DAY #8 Berlin,Accapella,2021,DLTLLY,2021-10-15,https://www.youtube.com/watch?v=ErS3GzWV5EI,ErS3GzWV5EI,42157,battle,available
Notyzze,Pablo,München,On Beat,2021,DLTLLY,2021-10-10,https://www.youtube.com/watch?v=2oGok3bnO3g,2oGok3bnO3g,32342,battle,available
DESPO & LEANDERS,BANDAN & RINGELNATZ,INTERVIEW,Accapella,2021,FOB,2021-10-09,https://www.youtube.com/watch?v=jHD5IV_zgt0,jHD5IV_zgt0,1104,interview,available
DESPO & LEANDERS,BANDAN & RINGELNATZ,ACAPELLA BATTLE,Accapella,2021,FOB,2021-10-08,https://www.youtube.com/watch?v=Lmsc-4QD8cU,Lmsc-4QD8cU,7059,battle,available
T-Way,Snakeheadrhyme,München,Accapella,2021,DLTLLY,2021-10-08,https://www.youtube.com/watch?v=JqAsHcaewco,JqAsHcaewco,17543,battle,available
Aytee,Phasenkind,München,On Beat,2021,DLTLLY,2021-10-03,https://www.youtube.com/watch?v=E-5qSwv5Z0Q,E-5qSwv5Z0Q,230071,battle,available
Bahamakarma,Tommy2Late,München,Accapella,2021,DLTLLY,2021-10-01,https://www.youtube.com/watch?v=XlLUIpLiV94,XlLUIpLiV94,14226,battle,available
Falki,Davie Jones,München,On Beat,2021,DLTLLY,2021-09-26,https://www.youtube.com/watch?v=PEZM8D30ogU,PEZM8D30ogU,58833,battle,available
Proton,Bandan,München,On Beat,2021,DLTLLY,2021-09-24,https://www.youtube.com/watch?v=2ZpsOZntjdQ,2ZpsOZntjdQ,17098,battle,available
Tao,Ferry,Proving Grounds Vol. 1,Accapella,2021,DLTLLY,2021-09-19,https://www.youtube.com/watch?v=W6rccWJ-45E,W6rccWJ-45E,16239,battle,available
MUSIO,NATIF,Interview,Accapella,2021,FOB,2021-09-13,https://www.youtube.com/watch?v=AfxEZUYlHtk,AfxEZUYlHtk,1065,interview,available
Tollschock,MC Geuner,Proving Grounds Vol. 1,Accapella,2021,DLTLLY,2021-09-12,https://www.youtube.com/watch?v=EPxRnWn0yFM,EPxRnWn0yFM,27761,battle,available
MUSIO,NATIF,ACAPELLA BATTLE,Accapella,2021,FOB,2021-09-12,https://www.youtube.com/watch?v=76GHLjt3_Q4,76GHLjt3_Q4,11014,battle,available
TRIPLE,DASCHA,INTERVIEW,Accapella,2021,FOB,2021-09-06,https://www.youtube.com/watch?v=iCHvHAUp0lU,iCHvHAUp0lU,940,interview,available
TRIPLE (TRIPLEBEAT),DASCHA,ACAPELLA BATTLE,Accapella,2021,FOB,2021-09-05,https://www.youtube.com/watch?v=DR_Ah6-tL4A,DR_Ah6-tL4A,9222,battle,available
Vorstadtflokati,Maka,Proving Grounds Vol. 1,Accapella,2021,DLTLLY,2021-09-05,https://www.youtube.com/watch?v=1a8hepLi7tM,1a8hepLi7tM,13680,battle,available
LATIK,TECEY,INTERVIEW,Accapella,2021,FOB,2021-08-30,https://www.youtube.com/watch?v=gL8zIa54v9U,gL8zIa54v9U,415,interview,available
LATIK,TECEY,ACAPELLA BATTLE,Accapella,2021,FOB,2021-08-29,https://www.youtube.com/watch?v=yOKjgjTx598,yOKjgjTx598,4548,battle,available
Julo,BDad,Proving Grounds Vol. 1,Accapella,2021,DLTLLY,2021-08-29,https://www.youtube.com/watch?v=tcNaMgkL0ds,tcNaMgkL0ds,25562,battle,available
Moitz,Heinz87,Proving Grounds Vol. 1,Accapella,2021,DLTLLY,2021-08-22,https://www.youtube.com/watch?v=HqgNJu5VcGI,HqgNJu5VcGI,14689,battle,available
Liser,Niza,Proving Grounds Vol. 1,Accapella,2021,DLTLLY,2021-08-15,https://www.youtube.com/watch?v=d50Tv7s_7zY,d50Tv7s_7zY,40491,battle,available
Robscure,Hiding John,Summer Vibes 2021,Accapella,2021,DLTLLY,2021-08-08,https://www.youtube.com/watch?v=S4QLxawNqdA,S4QLxawNqdA,41684,battle,available
Kato,Indoor Stan (OnBeat),Summer Vibes 2021,On Beat,2021,DLTLLY,2021-08-01,https://www.youtube.com/watch?v=X6kOp_8oxBU,X6kOp_8oxBU,29558,battle,available
Joseph Steinschleuder,Natif,Summer Vibes 2021,Accapella,2021,DLTLLY,2021-07-25,https://www.youtube.com/watch?v=RPMJJLT995U,RPMJJLT995U,50401,battle,available
Leanders,Teach,Zoom Interview,Accapella,2021,FOB,2021-07-19,https://www.youtube.com/watch?v=OJSHBouyfAM,OJSHBouyfAM,542,interview,available
LEANDERS,TEACH,ACAPELLA BATTLE,Accapella,2021,FOB,2021-07-18,https://www.youtube.com/watch?v=YNP98QxWD9A,YNP98QxWD9A,5665,battle,available
Phasenkind,Ryko-J,Battle,On Beat,2021,DLTLLY,2021-07-18,https://www.youtube.com/watch?v=LVHZ_t-xy48,LVHZ_t-xy48,29856,battle,available
DESPO,MC COLOGNE,ON BEAT BATTLE,On Beat,2021,FOB,2021-07-12,https://www.youtube.com/watch?v=l5WLfkde9bY,l5WLfkde9bY,2930,battle,available
Karanova,D-Kay,Summer Vibes,Accapella,2021,DLTLLY,2021-07-11,https://www.youtube.com/watch?v=OB3JEUHn9uc,OB3JEUHn9uc,13807,battle,available
Mars B.,BX,Hidden Gems 2,Accapella,2021,DLTLLY,2021-07-04,https://www.youtube.com/watch?v=_pAlmhNLPgk,_pAlmhNLPgk,23073,battle,available
SnakeHeadRhyme,Hiding John,Hidden Gems 2,Accapella,2021,DLTLLY,2021-06-27,https://www.youtube.com/watch?v=bDWcsbukE34,bDWcsbukE34,34685,battle,available
Gerro,Tao,Hidden Gems 2,Accapella,2021,DLTLLY,2021-06-13,https://www.youtube.com/watch?v=OedxSC21Q7c,OedxSC21Q7c,12105,battle,available
Phasenkind,Ferry,Hidden Gems 2,Accapella,2021,DLTLLY,2021-06-06,https://www.youtube.com/watch?v=W77oeyxkAqU,W77oeyxkAqU,14529,battle,available
Wolff,Craze,Hidden Gems,Accapella,2021,DLTLLY,2021-05-30,https://www.youtube.com/watch?v=8uoJU-abyag,8uoJU-abyag,40447,battle,available
Joseph Steinschleuder,Bahamakarma,Hidden Gems,Accapella,2021,DLTLLY,2021-05-23,https://www.youtube.com/watch?v=UnPT7EzAH8I,UnPT7EzAH8I,33216,battle,available
Indoor Stan,DeeLah,could not identify event,Accapella,2021,DLTLLY,2021-05-16,https://www.youtube.com/watch?v=fPBGqZNJ1ho,fPBGqZNJ1ho,20530,battle,available
Joe Pharo,SnakeHeadRhyme,Hidden Gems,Accapella,2021,DLTLLY,2021-05-02,https://www.youtube.com/watch?v=otH1IrojW_o,otH1IrojW_o,20057,battle,available
Neilz,FreeKno,Breakthrough Halbfinale,Accapella,2021,DLTLLY,2021-04-25,https://www.youtube.com/watch?v=wZYLJenaGyg,wZYLJenaGyg,21008,battle,available
Requiem,Deytona,Breakthrough Halbfinale,Accapella,2021,DLTLLY,2021-04-18,https://www.youtube.com/watch?v=heWtcrlwRbg,heWtcrlwRbg,11356,battle,available
Mars B.,MC Geuner,STREET BATTLES 2021,Accapella,2021,DLTLLY,2021-03-28,https://www.youtube.com/watch?v=-Drz-WlVUYY,-Drz-WlVUYY,49663,battle,available
Tollschock,D-Kay,STREET BATTLES 2021,Accapella,2021,DLTLLY,2021-03-21,https://www.youtube.com/watch?v=ERCFAPYNCJI,ERCFAPYNCJI,11688,battle,available
Henrey,Hiding John,STREET BATTLES 2021,Accapella,2021,DLTLLY,2021-03-14,https://www.youtube.com/watch?v=c8QaTxQRHMs,c8QaTxQRHMs,30183,battle,available
Karanova,YAMANN,STREET BATTLES 2021,Accapella,2021,DLTLLY,2021-03-07,https://www.youtube.com/watch?v=4T4o-m4wRWQ,4T4o-m4wRWQ,13713,battle,available
BONG TEGGY PRESENTS: Judged,Unjudged,could not identify event,Accapella,2021,DLTLLY,2021-02-21,https://www.youtube.com/watch?v=JsSnZmjNSro,JsSnZmjNSro,31962,battle,available
Khacoby,Peat,Video Battle,On Beat,2021,DLTLLY,2021-01-24,https://www.youtube.com/watch?v=tlBRazaZShg,tlBRazaZShg,78387,battle,available
Falki,Phasenkind,Video Battle,On Beat,2021,DLTLLY,2021-01-17,https://www.youtube.com/watch?v=AgQGgjkkwBo,AgQGgjkkwBo,33374,battle,available
Wandelbarz,YAAMANN,Video Battle,On Beat,2021,DLTLLY,2021-01-10,https://www.youtube.com/watch?v=u_3tUhl9fXM,u_3tUhl9fXM,18073,battle,available
DESPO,DOCMO,ACAPELLA BATTLE,Accapella,2020,FOB,2021-01-01,https://www.youtube.com/watch?v=iOCwuBA9Bm0,iOCwuBA9Bm0,3350,battle,available
DOC,Gerro (aka RenetixX),Video Battle,On Beat,2020,DLTLLY,2020-12-27,https://www.youtube.com/watch?v=FYm1CMj1TJQ,FYm1CMj1TJQ,11118,battle,available
RALLE,DASCHA,ACAPELLA BATTLE,Accapella,2020,FOB,2020-12-21,https://www.youtube.com/watch?v=isjvzmQO3MI,isjvzmQO3MI,4383,battle,available
OJ Manson,Devasberg,ExtraMatch,Accapella,2020,DLTLLY,2020-12-04,https://www.youtube.com/watch?v=Usr_KAJX2uM,Usr_KAJX2uM,7127,battle,available
Holu,Kairuzo,ExtraMatch,Accapella,2020,DLTLLY,2020-11-27,https://www.youtube.com/watch?v=lsb-FSjlsA0,lsb-FSjlsA0,9241,battle,available
Robscure,Sizyphos,B.Day#7,Accapella,2020,DLTLLY,2020-11-08,https://www.youtube.com/watch?v=2-xOBUKTmkk,2-xOBUKTmkk,92864,battle,available
Kato,N'antinein,B.Day#7,Accapella,2020,DLTLLY,2020-11-01,https://www.youtube.com/watch?v=R5aGasnH0OM,R5aGasnH0OM,58970,battle,available
DeeLah,Mars B.,B.Day#7,Accapella,2020,DLTLLY,2020-10-25,https://www.youtube.com/watch?v=Ia6Bsae_kEg,Ia6Bsae_kEg,63054,battle,available
Joe Pharo,Hiding John,B.Day#7,Accapella,2020,DLTLLY,2020-10-18,https://www.youtube.com/watch?v=cBUqmJ_i5qY,cBUqmJ_i5qY,60837,battle,available
Karma,Khacoby,B.Day#7,Accapella,2020,DLTLLY,2020-10-11,https://www.youtube.com/watch?v=YS82RpCtbS4,YS82RpCtbS4,48303,battle,available
Joseph Steinschleuder,Indoor Stan,Panke,Accapella,2020,DLTLLY,2020-10-04,https://www.youtube.com/watch?v=5UjDGUy3PQI,5UjDGUy3PQI,53549,battle,available
Brian Damage,Craze,Panke,Accapella,2020,DLTLLY,2020-09-27,https://www.youtube.com/watch?v=iGUe8Sblwgw,iGUe8Sblwgw,45331,battle,available
DeeLah,SnakeHeadRhyme,Panke,Accapella,2020,DLTLLY,2020-09-20,https://www.youtube.com/watch?v=fi8fsxG1OcE,fi8fsxG1OcE,29150,battle,available
Steel,Karanova,Panke,Accapella,2020,DLTLLY,2020-09-13,https://www.youtube.com/watch?v=yHbnx2fuG5c,yHbnx2fuG5c,20656,battle,available
Bong Teggy,Robscure,Panke,Accapella,2020,DLTLLY,2020-08-16,https://www.youtube.com/watch?v=pZ6pnu5hf0A,pZ6pnu5hf0A,56177,battle,available
Vorstadtflokati,Shizu,Panke,Accapella,2020,DLTLLY,2020-08-14,https://www.youtube.com/watch?v=y9ncsceHW3M,y9ncsceHW3M,9611,battle,available
Kid Soldier,Hiding John,Panke,Accapella,2020,DLTLLY,2020-08-09,https://www.youtube.com/watch?v=Wdgl_Cg9GKU,Wdgl_Cg9GKU,48315,battle,available
Falk,Karanova,Virtual,On Beat,2020,DLTLLY,2020-08-02,https://www.youtube.com/watch?v=2ruMpOhxrRs,2ruMpOhxrRs,22539,battle,available
Phasenkind,Peat,Virtual,On Beat,2020,DLTLLY,2020-07-26,https://www.youtube.com/watch?v=fvaZ9P2KRLE,fvaZ9P2KRLE,33280,battle,available
Kato,Mr. Whyte,Fussball Battle,Accapella,2020,DLTLLY,2020-07-19,https://www.youtube.com/watch?v=FgFwq0icwso,FgFwq0icwso,28209,battle,available
Papi Schlauch,Master Marv,could not identify event,Accapella,2020,DLTLLY,2020-07-03,https://www.youtube.com/watch?v=eVQd_FWdloE,eVQd_FWdloE,15376,battle,available
Khacoby,Notyzze,Corona Battle Package,Accapella,2020,DLTLLY,2020-06-28,https://www.youtube.com/watch?v=Tm9vJh_dk9k,Tm9vJh_dk9k,28176,battle,available
Mars B.,BX,Corona Battle Package,Accapella,2020,DLTLLY,2020-06-26,https://www.youtube.com/watch?v=LOOhH4_OvNE,LOOhH4_OvNE,11246,battle,available
Craze,Burst,English 1 Rounder,Accapella,2020,DLTLLY,2020-06-23,https://www.youtube.com/watch?v=bMXRfRmgPTA,bMXRfRmgPTA,6306,battle,available
Falk,Ano-nym,OnlineBattle,Accapella,2020,DLTLLY,2020-06-21,https://www.youtube.com/watch?v=dYmfj_BzrgY,dYmfj_BzrgY,56847,battle,available
Zeptah,Gammel,OnlineBattle,Accapella,2020,DLTLLY,2020-06-14,https://www.youtube.com/watch?v=uekZr7zXv-o,uekZr7zXv-o,9513,battle,available
Sizyphos,Robscure,Online Battle,Accapella,2020,DLTLLY,2020-06-12,https://www.youtube.com/watch?v=Ldc4PM7uECU,Ldc4PM7uECU,18798,battle,available
Hiding John,A-Ron,Onlie Battle,Accapella,2020,DLTLLY,2020-06-09,https://www.youtube.com/watch?v=a70lYjBMMGc,a70lYjBMMGc,12993,battle,available
Proton,Craze,+ Accapella,On Beat,2020,DLTLLY,2020-06-07,https://www.youtube.com/watch?v=vb_w46X0rGE,vb_w46X0rGE,21187,battle,available
Pablo,Jolle,Online Battle,Accapella,2020,DLTLLY,2020-05-31,https://www.youtube.com/watch?v=5HaB0pBqyX0,5HaB0pBqyX0,12892,battle,available
T-Way,Kid Soldier,Online Battle,Accapella,2020,DLTLLY,2020-05-29,https://www.youtube.com/watch?v=cohcA2h186c,cohcA2h186c,14469,battle,available
Phasenkind,Karanova,OnlineBattle,Accapella,2020,DLTLLY,2020-05-24,https://www.youtube.com/watch?v=5BgRzwhN2PI,5BgRzwhN2PI,26056,battle,available
Proton,Notyzze,NRWeekend4,Accapella,2020,DLTLLY,2020-04-26,https://www.youtube.com/watch?v=lKlZmLtrRaw,lKlZmLtrRaw,181189,battle,available
Craze' Parts,Merlin,NRWeekend4,Accapella,2020,DLTLLY,2020-04-24,https://www.youtube.com/watch?v=u21MvmyqRFg,u21MvmyqRFg,29354,battle,available
Falk + Khacoby,DNA + Ringelnatz,NRWeekend4,Accapella,2020,DLTLLY,2020-04-19,https://www.youtube.com/watch?v=WeQISeOD2oI,WeQISeOD2oI,48806,battle,available
Ali Smart,Pulsar,D&DL CoEvent,Accapella,2020,DLTLLY,2020-04-12,https://www.youtube.com/watch?v=xFD__wFE9vU,xFD__wFE9vU,21026,battle,available
Silence,Franz Flaute,D&DL#0156 Berlin,Accapella,2020,DUDL,2020-04-08,https://www.youtube.com/watch?v=AkDqmXszYWA,AkDqmXszYWA,9855,battle,available
DeeLah,Wandelbarz,NRWeekend4,Accapella,2020,DLTLLY,2020-04-05,https://www.youtube.com/watch?v=qW9luXAQXRI,qW9luXAQXRI,30927,battle,available
Davie Jones,Fresh Polakke,Berlin,Accapella,2020,DLTLLY,2020-04-03,https://www.youtube.com/watch?v=UUyqMyjB2bM,UUyqMyjB2bM,130804,battle,available
MC Rabiat,Jepain,D&DL#0158 Berlin,Accapella,2020,DUDL,2020-04-01,https://www.youtube.com/watch?v=S-QZgsCSZd8,S-QZgsCSZd8,10416,battle,available
Alko,Baretta,D&DL#0154 Berlin,Accapella,2020,DUDL,2020-03-30,https://www.youtube.com/watch?v=4oV8qkTZtmQ,4oV8qkTZtmQ,13253,battle,available
Django,Leanders,NRWeekend4,Accapella,2020,DLTLLY,2020-03-29,https://www.youtube.com/watch?v=t0mOqEll75s,t0mOqEll75s,19772,battle,available
Mazzikaner,DNA,Berlin,Accapella,2020,DLTLLY,2020-03-27,https://www.youtube.com/watch?v=Ekk3MCWp-ZU,Ekk3MCWp-ZU,22107,battle,available
Corner,Maka,D&DL#0155 Berlin,Accapella,2020,DUDL,2020-03-25,https://www.youtube.com/watch?v=2Alsg7pneZU,2Alsg7pneZU,13417,battle,available
Kato,Ano-nym,NRWeekend4,Accapella,2020,DLTLLY,2020-03-22,https://www.youtube.com/watch?v=US8gUcwYuDc,US8gUcwYuDc,120005,battle,available
Phasenkind,Steel,Berlin,Accapella,2020,DLTLLY,2020-03-20,https://www.youtube.com/watch?v=5E8wtuc_gPo,5E8wtuc_gPo,76938,battle,available
DOC,Vorstadtflokati,NRWeekend4,Accapella,2020,DLTLLY,2020-03-18,https://www.youtube.com/watch?v=jzFuHDCB_3Q,jzFuHDCB_3Q,21901,battle,available
Tollschock,Kid Soldier,NRWeekend4,Accapella,2020,DLTLLY,2020-03-15,https://www.youtube.com/watch?v=hy0Njy_aODY,hy0Njy_aODY,64072,battle,available
Fate,Sizyphos,Berlin,Accapella,2020,DLTLLY,2020-03-13,https://www.youtube.com/watch?v=LNYeG_rxNyY,LNYeG_rxNyY,46267,battle,available
Natif,Ryko-J,NRWeekend4,Accapella,2020,DLTLLY,2020-03-11,https://www.youtube.com/watch?v=2oTsMFm6BZY,2oTsMFm6BZY,50375,battle,available
RenetiXX,A-Ron,NRWeekend4,Accapella,2020,DLTLLY,2020-03-08,https://www.youtube.com/watch?v=3kT6ZzpMmbI,3kT6ZzpMmbI,29179,battle,available
Craze,Pablo,Berlin,Accapella,2020,DLTLLY,2020-03-06,https://www.youtube.com/watch?v=fJNspy5iVA4,fJNspy5iVA4,81373,battle,available
Wolff,Mars B.,Kassel,Accapella,2020,DLTLLY,2020-03-01,https://www.youtube.com/watch?v=FFBaDPuErfc,FFBaDPuErfc,144718,battle,available
Jolle,Falk,Berlin,Accapella,2020,DLTLLY,2020-02-28,https://www.youtube.com/watch?v=9DEOJ6f0UL8,9DEOJ6f0UL8,49322,battle,available
Hiding John,ZinZity,Kassel,Accapella,2020,DLTLLY,2020-02-23,https://www.youtube.com/watch?v=-WkDV5RsdSo,-WkDV5RsdSo,258868,battle,available
Papa TR,Karanova,Berlin,Accapella,2020,DLTLLY,2020-02-21,https://www.youtube.com/watch?v=1awgzzB19e0,1awgzzB19e0,28669,battle,available
Joe Pharo,Tobi High,Kassel,Accapella,2020,DLTLLY,2020-02-16,https://www.youtube.com/watch?v=l4_E1OTEa4Q,l4_E1OTEa4Q,65459,battle,available
SnakeHeadRhyme,Olio,Kassel,Accapella,2020,DLTLLY,2020-02-14,https://www.youtube.com/watch?v=8l9mNyqTwao,8l9mNyqTwao,28843,battle,available
Paleiacci,PrettyShittyJiggy,Kassel,Accapella,2020,DLTLLY,2020-02-09,https://www.youtube.com/watch?v=cnzRnRAL2pQ,cnzRnRAL2pQ,29464,battle,available
Yarambo,Robscure,DISSember4,Accapella,2019,DLTLLY,2020-02-02,https://www.youtube.com/watch?v=K_jqoyHG2cE,K_jqoyHG2cE,126740,battle,available
Cris Kotzen,Merlin,DISSember4,Accapella,2019,DLTLLY,2020-01-26,https://www.youtube.com/watch?v=M9-nikWIC48,M9-nikWIC48,98864,battle,available
Ano-nym,Davie Jones,DISSember4,Accapella,2019,DLTLLY,2020-01-19,https://www.youtube.com/watch?v=UKr_lNJHApg,UKr_lNJHApg,80403,battle,available
Steel,Tollschock,Finale DISSember4,Accapella,2019,DLTLLY,2020-01-12,https://www.youtube.com/watch?v=QmnDTvpqWao,QmnDTvpqWao,32212,battle,available
Falk + Khacoby,Sizyphos + Joseph Steinschleuder,DltllyBattle DISSember4,Accapella,2019,DLTLLY,2020-01-05,https://www.youtube.com/watch?v=Y3aA4xBE8cQ,Y3aA4xBE8cQ,154042,battle,available
Ryko-J,T-Way,Krefeld,Accapella,2019,DLTLLY,2020-01-03,https://www.youtube.com/watch?v=v7SE0M4nEtM,v7SE0M4nEtM,31454,battle,available
Julo,Django,D&DL#0153 Krefeld,Accapella,2019,DUDL,2020-01-01,https://www.youtube.com/watch?v=p-4EgTDFaAg,p-4EgTDFaAg,9002,battle,available
Stepho,Sejo,D&DL#0149 Krefeld,Accapella,2019,DUDL,2019-12-30,https://www.youtube.com/watch?v=VN2Jj5wdzf8,VN2Jj5wdzf8,4474,battle,available
Joseph Steinschleuder,Craze,Köln,Accapella,2019,DLTLLY,2019-12-29,https://www.youtube.com/watch?v=aQsnPZjXxBI,aQsnPZjXxBI,121966,battle,available
DeeLah,Zeuge,Krefeld,Accapella,2019,DLTLLY,2019-12-27,https://www.youtube.com/watch?v=wauI8sMOOjY,wauI8sMOOjY,44491,battle,available
SiC68,Lug Serious,D&DL#0152 Krefeld,Accapella,2019,DUDL,2019-12-25,https://www.youtube.com/watch?v=hiVeDwqBMAU,hiVeDwqBMAU,6213,battle,available
Trafalgar47,Vorstadtflokati,D&DL#0150 Krefeld,Accapella,2019,DUDL,2019-12-23,https://www.youtube.com/watch?v=EjBaQPaVBB4,EjBaQPaVBB4,6912,battle,available
Mr. Whyte,Sizyphos,Köln,Accapella,2019,DLTLLY,2019-12-22,https://www.youtube.com/watch?v=9eyIS57O1X0,9eyIS57O1X0,86042,battle,available
Kid Soldier,Khacoby,Köln,Accapella,2019,DLTLLY,2019-12-20,https://www.youtube.com/watch?v=hf7bzyZKBLo,hf7bzyZKBLo,85340,battle,available
Ralle,Herr Sören,D&DL#0151 Krefeld,Accapella,2019,DUDL,2019-12-18,https://www.youtube.com/watch?v=RgsfS0R9Zw4,RgsfS0R9Zw4,8262,battle,available
RenetiXX,MC Geuner,Köln,Accapella,2019,DLTLLY,2019-12-15,https://www.youtube.com/watch?v=BUef8obuDf0,BUef8obuDf0,46580,battle,available
Master Marv,MC Rabiat,Berlin,Accapella,2019,DLTLLY,2019-12-13,https://www.youtube.com/watch?v=JWY0UT09k64,JWY0UT09k64,21395,battle,available
Milio,Plural,D&DL#0148 Berlin,Accapella,2019,DUDL,2019-12-11,https://www.youtube.com/watch?v=Kb1di9tsUg4,Kb1di9tsUg4,5484,battle,available
Cashus K. + Mac Horn,DNA + Ringelnatz,Köln,Accapella,2019,DLTLLY,2019-12-08,https://www.youtube.com/watch?v=9pjW5JyzG-Q,9pjW5JyzG-Q,32200,battle,available
A-Ron,Nika,Berlin,Accapella,2019,DLTLLY,2019-12-06,https://www.youtube.com/watch?v=e9mAswMAQGg,e9mAswMAQGg,18859,battle,available
Cartoon,Schlawin0r,D&DL#0147 Berlin,Accapella,2019,DUDL,2019-12-04,https://www.youtube.com/watch?v=uHhCVo5FaXA,uHhCVo5FaXA,7352,battle,available
Nick Shit,Morgana,D&DL#0146 Berlin,Accapella,2019,DUDL,2019-12-02,https://www.youtube.com/watch?v=XIGXQ1nDR7s,XIGXQ1nDR7s,6920,battle,available
SnakeHeadRhyme,Karanova,Berlin,Accapella,2019,DLTLLY,2019-12-01,https://www.youtube.com/watch?v=a2oB09-ACww,a2oB09-ACww,40848,battle,available
Phasenkind,PrettyShittyJiggy,Ludwigshafen,Accapella,2019,DLTLLY,2019-11-29,https://www.youtube.com/watch?v=On_47ye4fI0,On_47ye4fI0,23563,battle,available
Ekta,Frozen,D&DL#0143 Ludwigshafen,Accapella,2019,DUDL,2019-11-27,https://www.youtube.com/watch?v=0hphYeZF-7E,0hphYeZF-7E,6686,battle,available
Papi Schlauch,Proton,Frankfurt,Accapella,2019,DLTLLY,2019-11-24,https://www.youtube.com/watch?v=pdOgI2ZzRFE,pdOgI2ZzRFE,82047,battle,available
MC Maik,Fate,Frankfurt,Accapella,2019,DLTLLY,2019-11-22,https://www.youtube.com/watch?v=VdSYdtJK1SY,VdSYdtJK1SY,28746,battle,available
Jepain,Kaliba,D&DL#0145 Ludwigshafen,Accapella,2019,DUDL,2019-11-20,https://www.youtube.com/watch?v=FLpo3lNamXs,FLpo3lNamXs,6277,battle,available
XtraHerb,Zheka,D&DL#0144 Ludwigshafen,Accapella,2019,DUDL,2019-11-18,https://www.youtube.com/watch?v=rRxKa443nq0,rRxKa443nq0,9731,battle,available
Steel,Hiding John,Halbfinale Frankfurt,Accapella,2019,DLTLLY,2019-11-17,https://www.youtube.com/watch?v=8jPhByN4nMY,8jPhByN4nMY,53976,battle,available
Paleiacci,Baretta,Ludwigshafen,Accapella,2019,DLTLLY,2019-11-15,https://www.youtube.com/watch?v=Ty7p2q_B-xA,Ty7p2q_B-xA,17234,battle,available
Tollschock,ZinZity,Halbfinale Frankfurt,Accapella,2019,DLTLLY,2019-11-10,https://www.youtube.com/watch?v=YMCrlWzzEDI,YMCrlWzzEDI,128245,battle,available
Joe Pharo,Ryko-J,Frankfurt,Accapella,2019,DLTLLY,2019-11-08,https://www.youtube.com/watch?v=NlgHm8PC2JU,NlgHm8PC2JU,53930,battle,available
Nimeon,DOC,D&DL+DerNorden CoEvent,Accapella,2019,DLTLLY,2019-11-03,https://www.youtube.com/watch?v=DFz9IJOx7KA,DFz9IJOx7KA,17127,battle,available
Friedrich Chilla,Tommen,D&DL#0137 Bremen,Accapella,2019,DUDL,2019-11-01,https://www.youtube.com/watch?v=eTJ6O-3pFE4,eTJ6O-3pFE4,7631,battle,available
Ali Smart,Gin Tomek,D&DL#0139 Bremen,Accapella,2019,DUDL,2019-10-30,https://www.youtube.com/watch?v=Yl14HGtptyM,Yl14HGtptyM,6258,battle,available
Alko,Maru,D&DL#0140 Bremen,Accapella,2019,DUDL,2019-10-28,https://www.youtube.com/watch?v=7-zmJH0dxho,7-zmJH0dxho,5628,battle,available
Dizaster,JollyJay,international Battle B.Day#6,Accapella,2019,DLTLLY,2019-10-26,https://www.youtube.com/watch?v=1ap7X5HV54k,1ap7X5HV54k,107030,battle,available
P-Haze,Torbäng,D&DL#0141 Bremen,Accapella,2019,DUDL,2019-10-25,https://www.youtube.com/watch?v=yJJZjoZqHyU,yJJZjoZqHyU,5575,battle,available
BrahMC,Moby Deep,D&DL#0138 Bremen,Accapella,2019,DUDL,2019-10-23,https://www.youtube.com/watch?v=43Ko11ZOZTE,43Ko11ZOZTE,5605,battle,available
Yarambo,Mikesh,🏆 TITLE-MATCH 🏆,Accapella,2019,DLTLLY,2019-10-19,https://www.youtube.com/watch?v=g4vk0dkD2-U,g4vk0dkD2-U,411655,battle,available
Audienzz,Béla Garbage,D&DL#0136 Halle,Accapella,2019,DUDL,2019-10-18,https://www.youtube.com/watch?v=uLpUUufc6rE,uLpUUufc6rE,4176,battle,available
Ortcutt,Mazzikaner,D&DL#0135 Halle,Accapella,2019,DUDL,2019-10-16,https://www.youtube.com/watch?v=gNn3O1N0tos,gNn3O1N0tos,5985,battle,available
Brian Damage,Merlin,B.Day#6,Accapella,2019,DLTLLY,2019-10-13,https://www.youtube.com/watch?v=Td7-cUxlJlI,Td7-cUxlJlI,138070,battle,available
Franz Flaute,Nika,D&DL#0134 Halle,Accapella,2019,DUDL,2019-10-09,https://www.youtube.com/watch?v=H5cwWICWP9Q,H5cwWICWP9Q,9621,battle,available
Cris Kotzen,Robscure,B.Day#6,Accapella,2019,DLTLLY,2019-10-06,https://www.youtube.com/watch?v=359kHeVVIy4,359kHeVVIy4,92114,battle,available
Doga,Malik,D&DL#0133 Halle,Accapella,2019,DUDL,2019-10-02,https://www.youtube.com/watch?v=4mFYhFng1AE,4mFYhFng1AE,5321,battle,available
Henrey,Craze,B.Day#6,Accapella,2019,DLTLLY,2019-09-29,https://www.youtube.com/watch?v=Nk4nGx2_8dk,Nk4nGx2_8dk,79975,battle,available
Pulsar,Shker,D&DL#0132 Halle,Accapella,2019,DUDL,2019-09-25,https://www.youtube.com/watch?v=so7-Y7-fv7Y,so7-Y7-fv7Y,6861,battle,available
DNA + Ringelnatz,Fesas + Krom,Berlin,Accapella,2019,DLTLLY,2019-09-22,https://www.youtube.com/watch?v=rpVKWVj_RWw,rpVKWVj_RWw,42103,battle,available
Lucky Number,Ortcutt,Berlin,Accapella,2019,DLTLLY,2019-09-20,https://www.youtube.com/watch?v=FA1DpTyD_dM,FA1DpTyD_dM,16578,battle,available
ZinZity,Mazzikaner,Runde2 Berlin,Accapella,2019,DLTLLY,2019-09-15,https://www.youtube.com/watch?v=z-gyAcxHO3Q,z-gyAcxHO3Q,86127,battle,available
Ano-nym,Aytee,Splash22,Accapella,2019,DLTLLY,2019-09-13,https://www.youtube.com/watch?v=zdfjO-EkI-I,zdfjO-EkI-I,334564,battle,available
Steel,Driss,Runde2 Berlin,Accapella,2019,DLTLLY,2019-09-08,https://www.youtube.com/watch?v=so7auaBTczQ,so7auaBTczQ,20041,battle,available
Mavgic,Davie Jones,Splash22,Accapella,2019,DLTLLY,2019-09-06,https://www.youtube.com/watch?v=R5c3gVn0MTI,R5c3gVn0MTI,245105,battle,available
SnakeHeadRhyme,Lug Serious,HIPinside Berlin,Accapella,2019,DLTLLY,2019-09-04,https://www.youtube.com/watch?v=c33Tdb62OaY,c33Tdb62OaY,24489,battle,available
Hiding John,Phasenkind,Runde2 Berlin,Accapella,2019,DLTLLY,2019-09-01,https://www.youtube.com/watch?v=a0VIIAdkQiw,a0VIIAdkQiw,52706,battle,available
Cris Kotzen,Pablo,Splash22,Accapella,2019,DLTLLY,2019-08-30,https://www.youtube.com/watch?v=7IG1ogWO5Iw,7IG1ogWO5Iw,96804,battle,available
Silence,K.O. Ray,HIPinside Berlin,Accapella,2019,DLTLLY,2019-08-28,https://www.youtube.com/watch?v=D6dGz3CbY9w,D6dGz3CbY9w,16157,battle,available
Tollschock,Paleiacci,Runde2 Berlin,Accapella,2019,DLTLLY,2019-08-25,https://www.youtube.com/watch?v=SroLejedLS8,SroLejedLS8,19696,battle,available
Kato,Rino Mandingo,Splash22,Accapella,2019,DLTLLY,2019-08-23,https://www.youtube.com/watch?v=2OPxY-WJQ00,2OPxY-WJQ00,74429,battle,available
Yarambo,Cris Kotzen,Hamburg,Accapella,2019,DLTLLY,2019-08-18,https://www.youtube.com/watch?v=rXtu_yTsNyY,rXtu_yTsNyY,275482,battle,available
Ano-nym,Joe Pharo,Hamburg,Accapella,2019,DLTLLY,2019-08-16,https://www.youtube.com/watch?v=k_PFZFeAvqo,k_PFZFeAvqo,43713,battle,available
Mars B.,Tobi High,Hamburg,Accapella,2019,DLTLLY,2019-08-11,https://www.youtube.com/watch?v=08a7zIL-Kq4,08a7zIL-Kq4,278651,battle,available
Nikiz,Fabiga,Hamburg,Accapella,2019,DLTLLY,2019-08-09,https://www.youtube.com/watch?v=QuVClodstF8,QuVClodstF8,30549,battle,available
Merlin,Khacoby,Hamburg,Accapella,2019,DLTLLY,2019-08-04,https://www.youtube.com/watch?v=yJyAb9r0ntI,yJyAb9r0ntI,131305,battle,available
Aris,Julo,Hamburg,Accapella,2019,DLTLLY,2019-08-02,https://www.youtube.com/watch?v=h51TEe9214k,h51TEe9214k,24536,battle,available
Joseph Steinschleuder,Falk,Hamburg,Accapella,2019,DLTLLY,2019-07-28,https://www.youtube.com/watch?v=7gndCUN-t1A,7gndCUN-t1A,125432,battle,available
Cashus K + Mac Horn,MC Geuner + Natif,Hamburg,Accapella,2019,DLTLLY,2019-07-26,https://www.youtube.com/watch?v=2EgAMk2CWIo,2EgAMk2CWIo,41286,battle,available
DXXDSTXCK,TableddnTimmy,Hamburg,Accapella,2019,DLTLLY,2019-07-24,https://www.youtube.com/watch?v=6gf6DGRGPco,6gf6DGRGPco,50201,battle,available
RenetiXX,Shizu,Hamburg,Accapella,2019,DLTLLY,2019-07-21,https://www.youtube.com/watch?v=49jN1g_l4sw,49jN1g_l4sw,33915,battle,available
Bong Teggy,Mikesh,MAYhem #4,Accapella,2019,DLTLLY,2019-07-14,https://www.youtube.com/watch?v=iytAxUC689k,iytAxUC689k,786999,battle,available
JerMC,Robscure,MAYhem4,Accapella,2019,DLTLLY,2019-07-07,https://www.youtube.com/watch?v=jsa8A68JWHc,jsa8A68JWHc,69835,battle,available
Ortcutt,Steel,Runde1 Berlin,Accapella,2019,DUDL,2019-07-05,https://www.youtube.com/watch?v=CPwOU-cEeE0,CPwOU-cEeE0,16155,battle,available
Phasenkind,Klö10,Runde1 Berlin,Accapella,2019,DUDL,2019-07-03,https://www.youtube.com/watch?v=6tEH2aGB7_Y,6tEH2aGB7_Y,17924,battle,available
Sizyphos,Davie Jones,MAYhem4,Accapella,2019,DLTLLY,2019-06-30,https://www.youtube.com/watch?v=qv_Vf5YwFao,qv_Vf5YwFao,187760,battle,available
Arbeitstitel,Hiding John,Runde1 Berlin,Accapella,2019,DUDL,2019-06-26,https://www.youtube.com/watch?v=rWZkTI11c8Y,rWZkTI11c8Y,26976,battle,available
Fate,Craze,MAYhem4,Accapella,2019,DLTLLY,2019-06-23,https://www.youtube.com/watch?v=UiaCJXNCthY,UiaCJXNCthY,46624,battle,available
Tollschock,Silence,Runde1 Berlin,Accapella,2019,DUDL,2019-06-21,https://www.youtube.com/watch?v=zV3N2PCfxac,zV3N2PCfxac,16751,battle,available
Mazzikaner,K.O. Ray,Runde1 Berlin,Accapella,2019,DUDL,2019-06-19,https://www.youtube.com/watch?v=sS6-j7wbm6o,sS6-j7wbm6o,14738,battle,available
Yarambo + Kato,Wolff + Joe Pharo,NRWeekend3,Accapella,2019,DLTLLY,2019-06-16,https://www.youtube.com/watch?v=a4WsKK9UKeU,a4WsKK9UKeU,131880,battle,available
Lucky Number,ZinZity,Runde1 Berlin,Accapella,2019,DUDL,2019-06-14,https://www.youtube.com/watch?v=c0j-SjApuO0,c0j-SjApuO0,98139,battle,available
Paleiacci,Sikk Whalee,Runde1 Berlin,Accapella,2019,DUDL,2019-06-12,https://www.youtube.com/watch?v=8mePOEi9G-4,8mePOEi9G-4,15344,battle,available
Duff,Lyrico,NRWeekend3,Accapella,2019,DLTLLY,2019-06-09,https://www.youtube.com/watch?v=4x-ouPt32k0,4x-ouPt32k0,149183,battle,available
N'antinein,Joseph Steinschleuder,NRWeekend3,Accapella,2019,DLTLLY,2019-06-02,https://www.youtube.com/watch?v=fK-LjuDqkGo,fK-LjuDqkGo,81227,battle,available
Ryko-J,Highdemann,NRWeekend3,Accapella,2019,DLTLLY,2019-05-31,https://www.youtube.com/watch?v=qUe3WkuFvUI,qUe3WkuFvUI,53674,battle,available
Indoor Stan,Kid Soldier,NRWeekend3,Accapella,2019,DLTLLY,2019-05-26,https://www.youtube.com/watch?v=bDd23OyQj8U,bDd23OyQj8U,76899,battle,available
Alice,Karma,NRWeekend3,Accapella,2019,DLTLLY,2019-05-19,https://www.youtube.com/watch?v=w-brgVQJxjo,w-brgVQJxjo,75729,battle,available
MC Geuner,Mave,NRWeekend3,Accapella,2019,DLTLLY,2019-05-17,https://www.youtube.com/watch?v=UDctKKtso3U,UDctKKtso3U,55361,battle,available
Pablo,Khacoby,NRWeekend3,Accapella,2019,DLTLLY,2019-05-12,https://www.youtube.com/watch?v=iJ5-bv361rw,iJ5-bv361rw,50461,battle,available
Proton,Vinci,NRWeekend3,Accapella,2019,DLTLLY,2019-05-05,https://www.youtube.com/watch?v=YtSL7gzo2x4,YtSL7gzo2x4,50454,battle,available
T-Jey,Papa TR,NRWeekend3,Accapella,2019,DLTLLY,2019-05-03,https://www.youtube.com/watch?v=c7keDhs479s,c7keDhs479s,23955,battle,available
T-Way + Burst,Cashus K + Mac Horn,NRWeekend3,Accapella,2019,DLTLLY,2019-04-28,https://www.youtube.com/watch?v=LlgDB0N8P7k,LlgDB0N8P7k,33918,battle,available
Herr Kuchen,Tao,Wiesbaden,Accapella,2019,DLTLLY,2019-04-21,https://www.youtube.com/watch?v=e0KjoxB51EI,e0KjoxB51EI,94961,battle,available
Julo,PrettyShittyJiggy,Wiesbaden,Accapella,2019,DLTLLY,2019-04-14,https://www.youtube.com/watch?v=q2QSW6dxCxI,q2QSW6dxCxI,17695,battle,available
Nais,Ano-nym,Tapefabrik,Accapella,2019,DLTLLY,2019-04-12,https://www.youtube.com/watch?v=Gt0tcF5aBhw,Gt0tcF5aBhw,77011,battle,available
Shortworth,Craze,Wiesbaden,Accapella,2019,DLTLLY,2019-04-07,https://www.youtube.com/watch?v=_iIiMTUBDuo,_iIiMTUBDuo,39734,battle,available
Vyrus,Pablo,Tapefabrik,Accapella,2019,DLTLLY,2019-04-05,https://www.youtube.com/watch?v=JRAeJtv2KAI,JRAeJtv2KAI,75503,battle,available
A-Ron,Mr. Whyte,Wiesbaden,Accapella,2019,DLTLLY,2019-03-31,https://www.youtube.com/watch?v=KZC0Boi1V1A,KZC0Boi1V1A,20251,battle,available
Robscure,VT,Kassel,Accapella,2019,DLTLLY,2019-03-24,https://www.youtube.com/watch?v=suRzrcwwp10,suRzrcwwp10,52497,battle,available
Aris,Fate,Kassel,Accapella,2019,DLTLLY,2019-03-17,https://www.youtube.com/watch?v=_hlEJQGceVI,_hlEJQGceVI,25141,battle,available
Papi Schlauch,Joe Pharo,Kassel,Accapella,2019,DLTLLY,2019-03-10,https://www.youtube.com/watch?v=jlAGipbHY3o,jlAGipbHY3o,100975,battle,available
Mars B.,Joseph Steinschleuder,Kassel,Accapella,2019,DLTLLY,2019-03-03,https://www.youtube.com/watch?v=52TG99ZhujQ,52TG99ZhujQ,106534,battle,available
Julo,Senad,CoEvent4,Accapella,2019,DLTLLY,2019-03-01,https://www.youtube.com/watch?v=fzChU9ifmpM,fzChU9ifmpM,16384,battle,available
Béla Garbage,Eddie Tude,D&DL#0131 Berlin,Accapella,2019,DUDL,2019-02-27,https://www.youtube.com/watch?v=QKTtGKUnz-Q,QKTtGKUnz-Q,7507,battle,available
Kid Soldier,Karma,Kassel,Accapella,2019,DLTLLY,2019-02-24,https://www.youtube.com/watch?v=FiNK7Ip2G7M,FiNK7Ip2G7M,55036,battle,available
Lug Serious,Audienzz,CoEvent4,Accapella,2019,DLTLLY,2019-02-22,https://www.youtube.com/watch?v=Rj9OPzOXGEo,Rj9OPzOXGEo,11461,battle,available
OstrichO,MC Rabiat,D&DL#0130 Berlin,Accapella,2019,DUDL,2019-02-20,https://www.youtube.com/watch?v=riW57gZu4wA,riW57gZu4wA,6519,battle,available
Django,Craze,CoEvent4,Accapella,2019,DLTLLY,2019-02-17,https://www.youtube.com/watch?v=MbEatFFA6Ws,MbEatFFA6Ws,24206,battle,available
SnakeHeadRhyme,Shizu,CoEvent4,Accapella,2019,DLTLLY,2019-02-10,https://www.youtube.com/watch?v=DRGeTbZNyVM,DRGeTbZNyVM,24095,battle,available
Robscure,Mikesh,DISSember #3,Accapella,2019,DLTLLY,2019-02-03,https://www.youtube.com/watch?v=ZIt1ck2SkpY,ZIt1ck2SkpY,423769,battle,available
Onkel Oktomusch + Die Zwetschke,Cris Kotzen + Ano-nym,DISSember #3,Accapella,2019,DLTLLY,2019-01-27,https://www.youtube.com/watch?v=oBCM0_x5BTw,oBCM0_x5BTw,377054,battle,available
Yarambo,Nedal Nib,🏆 TITLE-MATCH 🏆,Accapella,2019,DLTLLY,2019-01-20,https://www.youtube.com/watch?v=b9WiPNutmcs,b9WiPNutmcs,456544,battle,available
Brian Damage,Wolff,DISSember #3,Accapella,2019,DLTLLY,2019-01-13,https://www.youtube.com/watch?v=l1A7Frzc6Yc,l1A7Frzc6Yc,444538,battle,available
JollyJay,Buddi,Dortmund,Accapella,2018,DLTLLY,2018-12-30,https://www.youtube.com/watch?v=g7CZ_KeNQBg,g7CZ_KeNQBg,73284,battle,available
Akanoo,MC Geuner,Dortmund,Accapella,2018,DLTLLY,2018-12-28,https://www.youtube.com/watch?v=9caXz-M8C-w,9caXz-M8C-w,30680,battle,available
Craze,Lug Serious,Dortmund,Accapella,2018,DLTLLY,2018-12-26,https://www.youtube.com/watch?v=d35ARcB-cRI,d35ARcB-cRI,18347,battle,available
Joseph Steinschleuder,Vinci,Dortmund,Accapella,2018,DLTLLY,2018-12-23,https://www.youtube.com/watch?v=M36xibQ16Pw,M36xibQ16Pw,131601,battle,available
Django,Ryko-J,Dortmund,Accapella,2018,DLTLLY,2018-12-21,https://www.youtube.com/watch?v=L4-rMBVV-zE,L4-rMBVV-zE,23085,battle,available
Mr. Whyte,Bruda Tuck,Dortmund,Accapella,2018,DLTLLY,2018-12-19,https://www.youtube.com/watch?v=dB_h2U7U56Y,dB_h2U7U56Y,10975,battle,available
T-Way,N'antinein,Dortmund,Accapella,2018,DLTLLY,2018-12-16,https://www.youtube.com/watch?v=Gu-rZ_etxcA,Gu-rZ_etxcA,30426,battle,available
Wandelbarz,Tao,Dortmund,Accapella,2018,DLTLLY,2018-12-14,https://www.youtube.com/watch?v=_cnUi80QTEA,_cnUi80QTEA,20411,battle,available
Henker,Highdemann,Dortmund,Accapella,2018,DLTLLY,2018-12-12,https://www.youtube.com/watch?v=KjXgHLwZ2Pg,KjXgHLwZ2Pg,21524,battle,available
Lyrico,Henrey,Dortmund,Accapella,2018,DLTLLY,2018-12-09,https://www.youtube.com/watch?v=DYsdE49UH84,DYsdE49UH84,50374,battle,available
Olio,Indoor Stan,Leipzig,Accapella,2018,DLTLLY,2018-12-07,https://www.youtube.com/watch?v=KJBUkAShgN0,KJBUkAShgN0,19305,battle,available
A-Ron,Chinooka,Dortmund,Accapella,2018,DLTLLY,2018-12-05,https://www.youtube.com/watch?v=nzLpekudhsA,nzLpekudhsA,12365,battle,available
Cris Kotzen,Mighty Mo,München BDAY # 5,Accapella,2018,DLTLLY,2018-12-02,https://www.youtube.com/watch?v=WoRse1CULWQ,WoRse1CULWQ,420185,battle,available
SnakeHeadRhyme,RenetiXX,Leipzig,Accapella,2018,DLTLLY,2018-11-30,https://www.youtube.com/watch?v=b-nM1nsvYGo,b-nM1nsvYGo,22662,battle,available
Leonidas,Zeuge,Dortmund,Accapella,2018,DLTLLY,2018-11-28,https://www.youtube.com/watch?v=doMfLOBrGH0,doMfLOBrGH0,17354,battle,available
Yarambo,Bong Teggy,B.Day#5,Accapella,2018,DLTLLY,2018-11-25,https://www.youtube.com/watch?v=X41Ie96tRCQ,X41Ie96tRCQ,267067,battle,available
Der Stockinger,Skilla199,Leipzig,Accapella,2018,DLTLLY,2018-11-23,https://www.youtube.com/watch?v=yun-riliTHU,yun-riliTHU,29422,battle,available
Pilz,Davie Jones,B.Day#5,Accapella,2018,DLTLLY,2018-11-18,https://www.youtube.com/watch?v=lk2jv_AamfU,lk2jv_AamfU,169761,battle,available
MC Maik,Doktor Dave,Leipzig,Accapella,2018,DLTLLY,2018-11-16,https://www.youtube.com/watch?v=PEgTFXm9Ark,PEgTFXm9Ark,28833,battle,available
Ringelnatz + DNA,Verz + Andi B.,D&DL#0125 Halle,Accapella,2018,DUDL,2018-11-14,https://www.youtube.com/watch?v=wTM1FhA1mww,wTM1FhA1mww,9917,battle,available
Kid Soldier,DXXDSTXCK,Leipzig,Accapella,2018,DLTLLY,2018-11-10,https://www.youtube.com/watch?v=oIxlJcgrYdw,oIxlJcgrYdw,55502,battle,available
Ano-nym,Pueblo Escobar,Leipzig,Accapella,2018,DLTLLY,2018-11-09,https://www.youtube.com/watch?v=1w7pZ_Bbd9k,1w7pZ_Bbd9k,80374,battle,available
Mikesh,Papi Schlauch,BDay #5,Accapella,2018,DLTLLY,2018-11-04,https://www.youtube.com/watch?v=YkKG0MkHNXs,YkKG0MkHNXs,344058,battle,available
Plural,T-Jey,Leipzig,Accapella,2018,DLTLLY,2018-11-02,https://www.youtube.com/watch?v=SnFk4SUScd4,SnFk4SUScd4,16840,battle,available
Gregg,Audienzz,D&DL#0126 Halle,Accapella,2018,DUDL,2018-10-31,https://www.youtube.com/watch?v=USUTGcYZFdk,USUTGcYZFdk,3600,battle,available
Robscure,Vyrus,B.Day#5,Accapella,2018,DLTLLY,2018-10-28,https://www.youtube.com/watch?v=Zn-y-VSA3u0,Zn-y-VSA3u0,96365,battle,available
Mave,Kato,Freestyle- HipHopKemp,Accapella,2018,DLTLLY,2018-10-26,https://www.youtube.com/watch?v=FJNKKo_PoJ0,FJNKKo_PoJ0,27785,battle,available
Josen,Dexta,D&DL#0123 Halle,Accapella,2018,DUDL,2018-10-24,https://www.youtube.com/watch?v=gmWKQ2I8wpU,gmWKQ2I8wpU,3076,battle,available
Kato,Mars B.,FFM,Accapella,2018,DLTLLY,2018-10-21,https://www.youtube.com/watch?v=7wCrQqYeOqQ,7wCrQqYeOqQ,201129,battle,available
Fabelouis,RenetiXX,FFM,Accapella,2018,DLTLLY,2018-10-19,https://www.youtube.com/watch?v=GD7sRHxZKB8,GD7sRHxZKB8,18804,battle,available
Virus,IZL,D&DL#0128 Halle,Accapella,2018,DUDL,2018-10-18,https://www.youtube.com/watch?v=Vr9WJVfLnwU,Vr9WJVfLnwU,3079,battle,available
Ano-nym,Wolff,NextGeneration Finale FFM,Accapella,2018,DLTLLY,2018-10-14,https://www.youtube.com/watch?v=ShO3UZLEDc0,ShO3UZLEDc0,149930,battle,available
Pueblo Escobar,Mave,HipHopKemp,Accapella,2018,DLTLLY,2018-10-12,https://www.youtube.com/watch?v=fJe8hxIVt70,fJe8hxIVt70,15637,battle,available
SnakeHeadRhyme,Chinooka,D&DL#0129 Halle,Accapella,2018,DUDL,2018-10-10,https://www.youtube.com/watch?v=BuzP2YHdC4w,BuzP2YHdC4w,6072,battle,available
Joe Pharo,Joseph Steinschleuder,FFM,Accapella,2018,DLTLLY,2018-10-07,https://www.youtube.com/watch?v=rSqxELamrxc,rSqxELamrxc,68520,battle,available
Cashus K,Barracuda,FFM,Accapella,2018,DLTLLY,2018-10-05,https://www.youtube.com/watch?v=Jgma5I9y1VY,Jgma5I9y1VY,20276,battle,available
Béla Garbage,Lug Serious,D&DL#0124 Halle,Accapella,2018,DUDL,2018-10-03,https://www.youtube.com/watch?v=Aaiz_iVu6_Q,Aaiz_iVu6_Q,5093,battle,available
Kex Kuhl + Duzoe + John,Kong + Finest + Rino Mandingo,Splash21,Accapella,2018,DLTLLY,2018-09-30,https://www.youtube.com/watch?v=r1INnxq4668,r1INnxq4668,19831,battle,available
Brian Damage + Karma,Lyrico + Bauda,HipHopKemp,Accapella,2018,DLTLLY,2018-09-28,https://www.youtube.com/watch?v=FWgPT8F6Ano,FWgPT8F6Ano,56645,battle,available
Tao,Shortworth,FFM,Accapella,2018,DLTLLY,2018-09-23,https://www.youtube.com/watch?v=A-iuNHPKkDw,A-iuNHPKkDw,20314,battle,available
Pretty Shitty Jiggy,Zeuge,D&DL#0122 Berlin,Accapella,2018,DUDL,2018-09-21,https://www.youtube.com/watch?v=Ptf2GjS1Heg,Ptf2GjS1Heg,6040,battle,available
DXXDSTXCK,Bruda Tuck,NewcomerBattle D&DL-Co-Event3,Accapella,2018,DLTLLY,2018-09-16,https://www.youtube.com/watch?v=eItAIkth52U,eItAIkth52U,22183,battle,available
Nedal Nib,CLEP,Studio Version + Extra 4. Runde,Accapella,2018,DLTLLY,2018-09-15,https://www.youtube.com/watch?v=iVLMjsx6cuw,iVLMjsx6cuw,114632,battle,available
Farmer,Splopf,NewcomerBattle D&DL-Co-Event3,Accapella,2018,DLTLLY,2018-09-14,https://www.youtube.com/watch?v=PoLsM528T2Q,PoLsM528T2Q,9847,battle,available
Craze,Eddie Tude,D&DL#0121 Berlin,Accapella,2018,DUDL,2018-09-12,https://www.youtube.com/watch?v=pPKq1J_fk5g,pPKq1J_fk5g,8729,battle,available
Cris Kotzen + Ano-nym,Falk + Khacoby,Splash21,Accapella,2018,DLTLLY,2018-09-09,https://www.youtube.com/watch?v=j7GK_-pR_8E,j7GK_-pR_8E,66427,battle,available
MC Rabiat,Private Max,D&DL#0120 Berlin,Accapella,2018,DUDL,2018-09-05,https://www.youtube.com/watch?v=3_DeFI2Jst0,3_DeFI2Jst0,4718,battle,available
Tecey,Kid Soldier,NewcomerBattle D&DL-Co-Event3,Accapella,2018,DLTLLY,2018-09-02,https://www.youtube.com/watch?v=cgjF2l3C_88,cgjF2l3C_88,25364,battle,available
A-Ron,Shizu,NewcomerBattle D&DL-Co-Event3,Accapella,2018,DLTLLY,2018-08-31,https://www.youtube.com/watch?v=Mj-ae6wrEnU,Mj-ae6wrEnU,13218,battle,available
Clep,Nedal Nib,Splash21,Accapella,2018,DLTLLY,2018-08-26,https://www.youtube.com/watch?v=IYOzBAtlps8,IYOzBAtlps8,110368,battle,available
Yarambo,Clep,REMATCH!,Accapella,2018,DLTLLY,2018-08-19,https://www.youtube.com/watch?v=34-uHYmnIr8,34-uHYmnIr8,230429,battle,available
N'antinein,Bong Teggy,Splash21,Accapella,2018,DLTLLY,2018-08-11,https://www.youtube.com/watch?v=ZPy3zoBFfqg,ZPy3zoBFfqg,58235,battle,available
Robscure + Karma,Wolff + Joe Pharo,Hamburg,Accapella,2018,DLTLLY,2018-08-05,https://www.youtube.com/watch?v=16dUvQ0Obak,16dUvQ0Obak,67218,battle,available
J.W. Goethe,DFVK,D&DL#0119 Hamburg,Accapella,2018,DUDL,2018-08-01,https://www.youtube.com/watch?v=XiEaDXbgTOc,XiEaDXbgTOc,4732,battle,available
MC Geuner,Vinci,Hamburg,Accapella,2018,DLTLLY,2018-07-29,https://www.youtube.com/watch?v=UP1fTaup1-c,UP1fTaup1-c,44712,battle,available
RenetiXX,Karanova,Hamburg,Accapella,2018,DLTLLY,2018-07-27,https://www.youtube.com/watch?v=XzbKLReHfls,XzbKLReHfls,21177,battle,available
Indoor Stan,Mikesh,Hamburg,Accapella,2018,DLTLLY,2018-07-22,https://www.youtube.com/watch?v=FuavftTf3sw,FuavftTf3sw,114645,battle,available
Josen,Kid Soldier,D&DL#0118 Hamburg,Accapella,2018,DUDL,2018-07-18,https://www.youtube.com/watch?v=zO_sCdE_GC4,zO_sCdE_GC4,11860,battle,available
Cashus K,Aris,Hamburg,Accapella,2018,DLTLLY,2018-07-15,https://www.youtube.com/watch?v=SipsDmDHBOs,SipsDmDHBOs,18403,battle,available
VT,Bong Teggy,MAYhem3,Accapella,2018,DLTLLY,2018-07-08,https://www.youtube.com/watch?v=O4Y60KkxIK0,O4Y60KkxIK0,122304,battle,available
Tao,A-Ron,D&DL#0117 Berlin,Accapella,2018,DUDL,2018-07-04,https://www.youtube.com/watch?v=kVXQiE09o5Q,kVXQiE09o5Q,6333,battle,available
Davie Jones,Karma,MAYhem3,Accapella,2018,DLTLLY,2018-07-01,https://www.youtube.com/watch?v=WjdC1A9Hke0,WjdC1A9Hke0,33424,battle,available
O'spella,Rupert69,D&DL#0115 Berlin,Accapella,2018,DUDL,2018-06-30,https://www.youtube.com/watch?v=thvwa2GA4TY,thvwa2GA4TY,4081,battle,available
LBB,Ssynic,Kato vs Brian Damage,Accapella,2018,DLTLLY,2018-06-24,https://www.youtube.com/watch?v=6_bXVyjHLF4,6_bXVyjHLF4,166280,battle,available
Wolle Der Grobe,Wolff,NextGeneration HF 1/2 MAYhem3,Accapella,2018,DLTLLY,2018-06-17,https://www.youtube.com/watch?v=HTW__Gp0QJE,HTW__Gp0QJE,26025,battle,available
Highdemann,Julo,D&DL#0113 Essen,Accapella,2018,DUDL,2018-06-13,https://www.youtube.com/watch?v=SGZT5qPenuM,SGZT5qPenuM,8013,battle,available
Sizyphos,Henrey,MAYhem3,Accapella,2018,DLTLLY,2018-06-10,https://www.youtube.com/watch?v=ACCMjHqPhYE,ACCMjHqPhYE,60232,battle,available
Papi Schlauch,Mave,FREESTYLE,Accapella,2018,DLTLLY,2018-06-08,https://www.youtube.com/watch?v=nyQF6I_5ZA4,nyQF6I_5ZA4,29338,battle,available
Henker,SeBa,D&DL#0112 Essen,Accapella,2018,DUDL,2018-06-06,https://www.youtube.com/watch?v=EaBkot2Iumk,EaBkot2Iumk,6052,battle,available
Merlin,BX,Stuttgart,Accapella,2018,DLTLLY,2018-06-03,https://www.youtube.com/watch?v=oT4k9OlTdTM,oT4k9OlTdTM,31739,battle,available
LBB,MC GEUNER,BMCL,Accapella,2018,RAM,2018-06-03,https://www.youtube.com/watch?v=9r-_GoSvDAw,9r-_GoSvDAw,1892447,battle,available
MC Lauch,Herr Sören,D&DL#0114 Essen,Accapella,2018,DUDL,2018-06-02,https://www.youtube.com/watch?v=Cyxilq52yW8,Cyxilq52yW8,8347,battle,available
Pueblo Escobar + Morizz Fizzl,Schalle + Alcantara,Stuttgart,Accapella,2018,DLTLLY,2018-06-01,https://www.youtube.com/watch?v=8jwJwsdYaoM,8jwJwsdYaoM,25285,battle,available
Paze,Zeuge,D&DL#0111 Essen,Accapella,2018,DUDL,2018-05-30,https://www.youtube.com/watch?v=cMme7MVfzlk,cMme7MVfzlk,5270,battle,available
Mikesh,Akanoo,Stuttgart,Accapella,2018,DLTLLY,2018-05-27,https://www.youtube.com/watch?v=fADGoxfLmoU,fADGoxfLmoU,107469,battle,available
Bdad,Nikiz,Stuttgart,Accapella,2018,DLTLLY,2018-05-25,https://www.youtube.com/watch?v=X9NqPZCIV64,X9NqPZCIV64,32688,battle,available
Vyrus,Mavgic,NRWeekend #2,On Beat,2018,DLTLLY,2018-05-20,https://www.youtube.com/watch?v=izMlExusQww,izMlExusQww,548537,battle,available
Fabelouis,Farmer,Stuttgart,Accapella,2018,DLTLLY,2018-05-18,https://www.youtube.com/watch?v=D_bw-AJEGpE,D_bw-AJEGpE,21958,battle,available
Malik N.,Hillston,D&DL#0108 Berlin,Accapella,2018,DUDL,2018-05-16,https://www.youtube.com/watch?v=XQVJrBoiwPk,XQVJrBoiwPk,3465,battle,available
Proton,Robscure,NRWeekend2,Accapella,2018,DLTLLY,2018-05-13,https://www.youtube.com/watch?v=zp-NPxt-Y0w,zp-NPxt-Y0w,48572,battle,available
Kyu,Tommen,D&DL#0110 Berlin,Accapella,2018,DUDL,2018-05-12,https://www.youtube.com/watch?v=vcdMwQZNFIA,vcdMwQZNFIA,4016,battle,available
Change,Tommy2Late,Stuttgart,Accapella,2018,DLTLLY,2018-05-11,https://www.youtube.com/watch?v=n-8IV_68dVs,n-8IV_68dVs,23348,battle,available
Kato,Mave,NRWeekend2,Accapella,2018,DLTLLY,2018-05-06,https://www.youtube.com/watch?v=ISMH_t00yWU,ISMH_t00yWU,82310,battle,available
Dyas,SnakeHeadRhyme,D&DL#0109 Berlin,Accapella,2018,DUDL,2018-05-05,https://www.youtube.com/watch?v=DrGC8vf46YE,DrGC8vf46YE,6271,battle,available
Buddi,VT,NRWeekend2,Accapella,2018,DLTLLY,2018-05-04,https://www.youtube.com/watch?v=MYBbVI9103A,MYBbVI9103A,24741,battle,available
Gusy,Micky Haze,D&DL#0107 Stuttgart,Accapella,2018,DUDL,2018-05-02,https://www.youtube.com/watch?v=04_j-wKwruQ,04_j-wKwruQ,4705,battle,available
RV,CASHISCLAY,BMCL,Accapella,2018,RAM,2018-04-29,https://www.youtube.com/watch?v=mNFeSKs8-Zw,mNFeSKs8-Zw,91729,battle,available
Yarambo,Davie Jones,NRWeekend #2,Accapella,2018,DLTLLY,2018-04-29,https://www.youtube.com/watch?v=eBbEez8gLpY,eBbEez8gLpY,336358,battle,available
FARE,Dizzepticon,D&DL#0106 Stuttgart,Accapella,2018,DUDL,2018-04-28,https://www.youtube.com/watch?v=VvM1Iz5Zo6o,VvM1Iz5Zo6o,5526,battle,available
Tuncmann,Wandelbarz,NRWeekend2,Accapella,2018,DLTLLY,2018-04-27,https://www.youtube.com/watch?v=YvVuLQ-ntwo,YvVuLQ-ntwo,33991,battle,available
Slappy,Tao,D&DL#0105 Stuttgart,Accapella,2018,DUDL,2018-04-25,https://www.youtube.com/watch?v=Y0UEpKbuN04,Y0UEpKbuN04,3765,battle,available
Wolff,NichtDeinTyp,NextGeneration VR 4/4 Stuttgart,Accapella,2018,DLTLLY,2018-04-22,https://www.youtube.com/watch?v=DtPnL171Y1U,DtPnL171Y1U,50556,battle,available
ChinookA,Michael Dope,D&DL#0104 Stuttgart,Accapella,2018,DUDL,2018-04-21,https://www.youtube.com/watch?v=H9QpMaRaOuw,H9QpMaRaOuw,4130,battle,available
Karanova,OE,NRWeekend2,Accapella,2018,DLTLLY,2018-04-20,https://www.youtube.com/watch?v=u8rydX8Eo7A,u8rydX8Eo7A,17388,battle,available
A-Ron,PrettyShittyJiggy,D&DL#0103 Stuttgart,Accapella,2018,DUDL,2018-04-18,https://www.youtube.com/watch?v=k6DLGl60vUE,k6DLGl60vUE,6377,battle,available
Ano-Nym,RenetiXX,NextGeneration VR 3/4 NRWeekend2,Accapella,2018,DLTLLY,2018-04-15,https://www.youtube.com/watch?v=9rVRBR8i80o,9rVRBR8i80o,67222,battle,available
Jolle,Joseph Steinschleuder,NextGeneration VR 2/4 NRWeekend2,Accapella,2018,DLTLLY,2018-04-13,https://www.youtube.com/watch?v=wKdWtqAf10A,wKdWtqAf10A,76568,battle,available
Duff,T-Way,NRWeekend2,Accapella,2018,DLTLLY,2018-04-08,https://www.youtube.com/watch?v=QA2y20az1C4,QA2y20az1C4,25923,battle,available
Falk,Khacoby,ComplimentBattle NRWeekend2,Accapella,2018,DLTLLY,2018-04-06,https://www.youtube.com/watch?v=Rt_1IAP9zQc,Rt_1IAP9zQc,102508,battle,available
Schleswig-Prollstein,Opti + Rö,D&DL#0101 Berlin,Accapella,2018,DUDL,2018-04-04,https://www.youtube.com/watch?v=s04C_8fOsJA,s04C_8fOsJA,10374,battle,available
ViruS + KingPin,Eczo + Heynsch,D&DL#0100 Berlin,Accapella,2018,DUDL,2018-04-02,https://www.youtube.com/watch?v=wImLFbzyPBs,wImLFbzyPBs,8262,battle,available
BDAD,VYRUS,BMCL,Accapella,2018,RAM,2018-04-01,https://www.youtube.com/watch?v=edSol4qguUE,edSol4qguUE,56731,battle,available
Wolff + Joe Pharo,Ilhan + TableddnTimmy,D&DL CoEvent 1,Accapella,2018,DLTLLY,2018-04-01,https://www.youtube.com/watch?v=PfLQiBTvd-4,PfLQiBTvd-4,56785,battle,available
Wolle der Grobe,Jakzta,NextGeneration VR 1/4 D&DL CoEvent 1,Accapella,2018,DLTLLY,2018-03-30,https://www.youtube.com/watch?v=yZOihBj5VYk,yZOihBj5VYk,14562,battle,available
CPE,AKANOO,BMCL,Accapella,2018,RAM,2018-03-25,https://www.youtube.com/watch?v=bGSiQtKl7zc,bGSiQtKl7zc,35447,battle,available
Galv,Schote,Tapefabrik,Accapella,2018,DLTLLY,2018-03-25,https://www.youtube.com/watch?v=WDxHLb71RF0,WDxHLb71RF0,151214,battle,available
Notyzze,LUX,Tapefabrik,Accapella,2018,DLTLLY,2018-03-21,https://www.youtube.com/watch?v=869cf3bg49k,869cf3bg49k,57116,battle,available
VT,Mars B.,Kassel,Accapella,2018,DLTLLY,2018-03-18,https://www.youtube.com/watch?v=pkrXAzvIRl0,pkrXAzvIRl0,67439,battle,available
Davie Jones,Vyrus,Kassel,Accapella,2018,DLTLLY,2018-03-11,https://www.youtube.com/watch?v=Absp5IK_V9k,Absp5IK_V9k,121932,battle,available
Olio,Kato,Kassel,Accapella,2018,DLTLLY,2018-03-04,https://www.youtube.com/watch?v=pwzr2W-YntY,pwzr2W-YntY,85639,battle,available
Bauda,Seby Tone,Kassel,Accapella,2018,DLTLLY,2018-02-25,https://www.youtube.com/watch?v=fAou_OoLduY,fAou_OoLduY,24861,battle,available
TRIPLEBEAT,FOURSEVEN,BMCL,Accapella,2018,RAM,2018-02-25,https://www.youtube.com/watch?v=ViFTDD0HHEk,ViFTDD0HHEk,490337,battle,available
TOMMY2LATE,CASHUS K,BMCL,Accapella,2018,RAM,2018-02-25,https://www.youtube.com/watch?v=5jIGrJnIlrs,5jIGrJnIlrs,35344,battle,available
Krom,Wolff,Kassel,Accapella,2018,DLTLLY,2018-02-18,https://www.youtube.com/watch?v=fE0SEINZpDg,fE0SEINZpDg,73921,battle,available
Schalle,Joe Pharo,Kassel,Accapella,2018,DLTLLY,2018-02-11,https://www.youtube.com/watch?v=OU423DQtcD4,OU423DQtcD4,30554,battle,available
JollyJay,Brian Damage,Bilingual Battle DISSember2,Accapella,2017,DLTLLY,2018-02-04,https://www.youtube.com/watch?v=jK6Kcpse9o0,jK6Kcpse9o0,228344,battle,available
TableddnTimmy,Joseph Steinschleuder,D&DL#0099 Berlin,Accapella,2017,DUDL,2018-01-31,https://www.youtube.com/watch?v=7XEQc4Uixvg,7XEQc4Uixvg,45543,battle,available
KROM,SEVA,BMCL,Accapella,2018,RAM,2018-01-29,https://www.youtube.com/watch?v=FwNISDJyry4,FwNISDJyry4,59541,battle,available
CLEP,Robscure,DISSember2,Accapella,2017,DLTLLY,2018-01-28,https://www.youtube.com/watch?v=0lS6QaFGybw,0lS6QaFGybw,139520,battle,available
DEZ,Noone,D&DL#0098 Berlin,Accapella,2017,DUDL,2018-01-24,https://www.youtube.com/watch?v=0tkSP6s8_uM,0tkSP6s8_uM,4762,battle,available
Karma,Mars B.,DISSember2,Accapella,2017,DLTLLY,2018-01-21,https://www.youtube.com/watch?v=2d1RlPosOF0,2d1RlPosOF0,60170,battle,available
Splopf,Shizu,D&DL#0097 Berlin,Accapella,2017,DUDL,2018-01-17,https://www.youtube.com/watch?v=C4xri1oyMvQ,C4xri1oyMvQ,4646,battle,available
T-Way,VT,DISSember2,Accapella,2017,DLTLLY,2018-01-14,https://www.youtube.com/watch?v=NKFsOpcgMpo,NKFsOpcgMpo,28572,battle,available
Julo,SinTony,D&DL#0096 Berlin,Accapella,2017,DUDL,2018-01-10,https://www.youtube.com/watch?v=9TPjSYw4jbI,9TPjSYw4jbI,5091,battle,available
Jack Dragon,Hansen,DISSember2,Accapella,2017,DLTLLY,2018-01-07,https://www.youtube.com/watch?v=lJ6whp-ADwU,lJ6whp-ADwU,39101,battle,available
DAVIE JONES,TOBI NICE,BMCL,Accapella,2018,RAM,2018-01-01,https://www.youtube.com/watch?v=C6G6zvJ-6ho,C6G6zvJ-6ho,76339,battle,available
Cris Kotzen,Schote,Leipzig,Accapella,2017,DLTLLY,2017-12-31,https://www.youtube.com/watch?v=xxMx2BO8sww,xxMx2BO8sww,152577,battle,available
ShaoLum,Joe-L (Sport-Bars),could not identify event,Accapella,2017,SPOX,2017-12-29,https://www.youtube.com/watch?v=y7s-nFdjpQg,y7s-nFdjpQg,35492,battle,available
Louis Beton,Hörsturz,Leipzig,Accapella,2017,DLTLLY,2017-12-28,https://www.youtube.com/watch?v=0_CFEJmm4i8,0_CFEJmm4i8,13881,battle,available
Wandelbarz,Mikesh,Leipzig,Accapella,2017,DLTLLY,2017-12-24,https://www.youtube.com/watch?v=BVIWJYptGjk,BVIWJYptGjk,81939,battle,available
Sizyphos,Ilhan,Leipzig,Accapella,2017,DLTLLY,2017-12-17,https://www.youtube.com/watch?v=LqO0Og4pNHQ,LqO0Og4pNHQ,60836,battle,available
Wolff,IZL,D&DL#0095 Erfurt,Accapella,2017,DUDL,2017-12-16,https://www.youtube.com/watch?v=Q92uBy-sybk,Q92uBy-sybk,16309,battle,available
FU!,Terra Pete,Leipzig,Accapella,2017,DLTLLY,2017-12-14,https://www.youtube.com/watch?v=xeyQgA45-nQ,xeyQgA45-nQ,21466,battle,available
MC Maik,Akanoo,Leipzig,Accapella,2017,DLTLLY,2017-12-10,https://www.youtube.com/watch?v=dofZoRLuze0,dofZoRLuze0,18521,battle,available
Leonidas,MC Geuner,D&DL#0093 Erfurt,Accapella,2017,DUDL,2017-12-09,https://www.youtube.com/watch?v=i0cry-GK_n4,i0cry-GK_n4,10116,battle,available
Jotti (Schalke 04),Mave (Chemnitzer FC),could not identify event,Accapella,2017,SPOX,2017-12-08,https://www.youtube.com/watch?v=AFityNagM_k,AFityNagM_k,71017,battle,available
Papi Schlauch,JerMC,Wien,Accapella,2017,DLTLLY,2017-12-03,https://www.youtube.com/watch?v=vdpnmXQ8IwQ,vdpnmXQ8IwQ,119285,battle,available
SnakeHeadRhyme,KingPin,D&DL#0092 Erfurt,Accapella,2017,DUDL,2017-12-02,https://www.youtube.com/watch?v=8Zlalomq-GE,8Zlalomq-GE,7629,battle,available
Bong Teggy (Fußball),Lyrico (Eishockey),could not identify event,Accapella,2017,SPOX,2017-12-01,https://www.youtube.com/watch?v=3ndLIgcKMk8,3ndLIgcKMk8,144096,battle,available
DEZ,Eczo,D&DL#0094 Erfurt,Accapella,2017,DUDL,2017-11-29,https://www.youtube.com/watch?v=Qgqkd6Tz7fA,Qgqkd6Tz7fA,3906,battle,available
YARAMBO + T-WAY,CASHISCLAY + TWIZZY,BMCL,Accapella,2017,RAM,2017-11-26,https://www.youtube.com/watch?v=WDjqjWRXKEc,WDjqjWRXKEc,115844,battle,available
Spello & Al Pone,Doktor Dave & DirtySanchez,Wien,Accapella,2017,DLTLLY,2017-11-26,https://www.youtube.com/watch?v=KJ6zZwF-VjY,KJ6zZwF-VjY,23002,battle,available
Noone,Teach,D&DL#0090 Berlin,Accapella,2017,DUDL,2017-11-25,https://www.youtube.com/watch?v=_91WwhMuHRY,_91WwhMuHRY,5298,battle,available
Demo MC,Hopeless MC,D&DL#0091 Berlin,Accapella,2017,DUDL,2017-11-22,https://www.youtube.com/watch?v=XtcGuHUZ6TQ,XtcGuHUZ6TQ,2940,battle,available
DemoLux,Krom,Wien,Accapella,2017,DLTLLY,2017-11-19,https://www.youtube.com/watch?v=zfb4pehw3J8,zfb4pehw3J8,23648,battle,available
Joe Pharo,Part-Tron,D&DL#0084 Hannover,Accapella,2017,DUDL,2017-11-18,https://www.youtube.com/watch?v=n0cCt2WhEZA,n0cCt2WhEZA,8157,battle,available
Sirius Crack,Fate1,Wien,Accapella,2017,DLTLLY,2017-11-16,https://www.youtube.com/watch?v=_7Dryn55kTw,_7Dryn55kTw,15240,battle,available
MC Lauch,Gusy,D&DL#0089 Berlin,Accapella,2017,DUDL,2017-11-15,https://www.youtube.com/watch?v=FLkRkegMFuI,FLkRkegMFuI,4118,battle,available
ADHS-Andy,Shadow,D&DL#0082 Hannover,Accapella,2017,DUDL,2017-11-13,https://www.youtube.com/watch?v=iH078cExL8k,iH078cExL8k,16700,battle,available
Proton,Tobi Nice,OnBeatBattles B.Day#4,Accapella,2017,DLTLLY,2017-11-12,https://www.youtube.com/watch?v=EFgSOM4IYPU,EFgSOM4IYPU,51904,battle,available
Rupert69,Pueblo Escobar,D&DL#0088 Berlin,Accapella,2017,DUDL,2017-11-11,https://www.youtube.com/watch?v=Bj_YDfyUkUI,Bj_YDfyUkUI,4720,battle,available
Ano-nym,Wolle der Grobe,D&DL#0086 Hannover,Accapella,2017,DUDL,2017-11-08,https://www.youtube.com/watch?v=5UF2c4lBEF4,5UF2c4lBEF4,17527,battle,available
Lyrico,Nedal Nib,2nd TITLE-MATCH B.Day#4,Accapella,2017,DLTLLY,2017-11-05,https://www.youtube.com/watch?v=zfEr6wUONDs,zfEr6wUONDs,221551,battle,available
RenetiXX,Aris,D&DL#0085 Hannover,Accapella,2017,DUDL,2017-11-04,https://www.youtube.com/watch?v=ESbgxv4rwsU,ESbgxv4rwsU,7917,battle,available
Borussia Dortmund,FC Bayern München,could not identify event,Accapella,2017,SPOX,2017-11-03,https://www.youtube.com/watch?v=Z-7dBXCQysI,Z-7dBXCQysI,261345,battle,available
Spike,Akanoo,Wien,Accapella,2017,DLTLLY,2017-11-02,https://www.youtube.com/watch?v=BYnvhhpJQgU,BYnvhhpJQgU,15636,battle,available
Splopf,Mango,D&DL#0083 Hannover,Accapella,2017,DUDL,2017-11-01,https://www.youtube.com/watch?v=3GL_5yyuvdU,3GL_5yyuvdU,3722,battle,available
Der Zigeunerbaron,Niemand,D&DL#0079 Berlin,Accapella,2017,DUDL,2017-10-30,https://www.youtube.com/watch?v=fCrWefuufkg,fCrWefuufkg,2843,battle,available
Unanymous,JollyJay,B.Day#4,Accapella,2017,DLTLLY,2017-10-29,https://www.youtube.com/watch?v=E4_2vzM1SCE,E4_2vzM1SCE,29309,battle,available
CASHUS K,TISOS,BMCL,Accapella,2017,RAM,2017-10-29,https://www.youtube.com/watch?v=7JiS06qKZ64,7JiS06qKZ64,53063,battle,available
Bubba T,DEZ,D&DL#0081 Berlin,Accapella,2017,DUDL,2017-10-27,https://www.youtube.com/watch?v=X0xRGjcxL8w,X0xRGjcxL8w,5115,battle,available
MAST,SnakeHeadRhyme,D&DL#0078 Berlin,Accapella,2017,DUDL,2017-10-25,https://www.youtube.com/watch?v=qaR-Ut82el8,qaR-Ut82el8,4619,battle,available
Merlin,Yarambo,B.Day#4,Accapella,2017,DLTLLY,2017-10-22,https://www.youtube.com/watch?v=uGiKtuP4siw,uGiKtuP4siw,202332,battle,available
Wandelbarz,Nicht Dein Typ,D&DL#0077 Bonn,Accapella,2017,DUDL,2017-10-21,https://www.youtube.com/watch?v=Yg02RTzal2E,Yg02RTzal2E,8144,battle,available
Vyrus,Tommy2Late,OnBeatBattles B.Day#4,Accapella,2017,DLTLLY,2017-10-20,https://www.youtube.com/watch?v=OOI5QKfWSVU,OOI5QKfWSVU,46491,battle,available
Shizu,Jozef104,D&DL#0080 Berlin,Accapella,2017,DUDL,2017-10-18,https://www.youtube.com/watch?v=XVS8XZzvtBQ,XVS8XZzvtBQ,5281,battle,available
BX,Ilhan,B.Day #4,Accapella,2017,DLTLLY,2017-10-15,https://www.youtube.com/watch?v=BuBDtfDtIFo,BuBDtfDtIFo,42499,battle,available
Wolff,Mr. Whyte,D&DL#0075 Bonn,Accapella,2017,DUDL,2017-10-13,https://www.youtube.com/watch?v=5l9zBAdVOMc,5l9zBAdVOMc,23851,battle,available
Gregpipe,Davie Jones,FFM,Accapella,2017,DLTLLY,2017-10-08,https://www.youtube.com/watch?v=zlunUmUwmX8,zlunUmUwmX8,344356,battle,available
Kato,FlaKiT,D&DL#0076 Bonn,Accapella,2017,DUDL,2017-10-07,https://www.youtube.com/watch?v=LGpYsR1Db-k,LGpYsR1Db-k,43250,battle,available
Joe Pharo,Herrn Sören,D&DL#0072 Bonn,Accapella,2017,DUDL,2017-10-04,https://www.youtube.com/watch?v=HoQ5icymcgk,HoQ5icymcgk,8911,battle,available
Saking,Akanoo,FFM,Accapella,2017,DLTLLY,2017-10-01,https://www.youtube.com/watch?v=lE8Fk77n_iM,lE8Fk77n_iM,15722,battle,available
FOUR SEVEN,INDOOR STAN,BMCL,Accapella,2017,RAM,2017-10-01,https://www.youtube.com/watch?v=52Atd4tpwJM,52Atd4tpwJM,139873,battle,available
Ralle,Phillie,D&DL#0074 Bonn,Accapella,2017,DUDL,2017-09-30,https://www.youtube.com/watch?v=9WY-jqLTF2Y,9WY-jqLTF2Y,3223,battle,available
EkHead,CPE,FFM,Accapella,2017,DLTLLY,2017-09-28,https://www.youtube.com/watch?v=5bOiatzTGbk,5bOiatzTGbk,17525,battle,available
VT,Karma,FFM,Accapella,2017,DLTLLY,2017-09-24,https://www.youtube.com/watch?v=PAjBrklU_t8,PAjBrklU_t8,35832,battle,available
Shortworth,RenetiXX,D&DL#0071 Berlin,Accapella,2017,DUDL,2017-09-23,https://www.youtube.com/watch?v=_SbPwHKWPCw,_SbPwHKWPCw,4633,battle,available
Part-Tron,Paze,D&DL#0069 Berlin,Accapella,2017,DUDL,2017-09-20,https://www.youtube.com/watch?v=apTMCWrtJx0,apTMCWrtJx0,3608,battle,available
Clep,Bong Teggy,Splash 20,Accapella,2017,DLTLLY,2017-09-17,https://www.youtube.com/watch?v=d3IC3OUGlGA,d3IC3OUGlGA,130615,battle,available
Eczo,Jozef104,D&DL#0070Berlin,Accapella,2017,DUDL,2017-09-16,https://www.youtube.com/watch?v=a4XDYKUDuAg,a4XDYKUDuAg,4368,battle,available
Mars B. TeaserRound,Merlin (POV),could not identify event,Accapella,2017,DLTLLY,2017-09-14,https://www.youtube.com/watch?v=KSx0djjt3nA,KSx0djjt3nA,23384,battle,available
Harry,Adam,D&DL#0068 Mannheim,Accapella,2017,DUDL,2017-09-13,https://www.youtube.com/watch?v=ggzh6IzcEHQ,ggzh6IzcEHQ,3169,battle,available
Ars,Wux Brofer,D&DL#0065 Ludwigshafen,Accapella,2017,DUDL,2017-09-11,https://www.youtube.com/watch?v=sq-_SOiyZoA,sq-_SOiyZoA,4058,battle,available
Brian Damage + Robscure,Yarambo + T-Way,Splash 20,Accapella,2017,DLTLLY,2017-09-10,https://www.youtube.com/watch?v=F5V3pnpODhw,F5V3pnpODhw,56599,battle,available
Hörsturz,Nicht Dein Typ,D&DL#0067 Ludwigshafen,Accapella,2017,DUDL,2017-09-09,https://www.youtube.com/watch?v=TpQrcZRl7rE,TpQrcZRl7rE,4520,battle,available
Bubba T,MC Lauch,D&DL#0063 Ludwigshafen,Accapella,2017,DUDL,2017-09-06,https://www.youtube.com/watch?v=seh2mg2LFV8,seh2mg2LFV8,4168,battle,available
Lyrico + Buddi,Falk + Khacoby,Splash 20,Accapella,2017,DLTLLY,2017-09-03,https://www.youtube.com/watch?v=5Bb7YQjNO8k,5Bb7YQjNO8k,65763,battle,available
Scamp,Paperbite,D&DL#0066 Ludwigshafen,Accapella,2017,DUDL,2017-09-01,https://www.youtube.com/watch?v=-mapSli5wm8,-mapSli5wm8,3978,battle,available
MC Maik,N'antinein,Splash 20,Accapella,2017,DLTLLY,2017-08-27,https://www.youtube.com/watch?v=cMmNpNs82GA,cMmNpNs82GA,18892,battle,available
MIGHTY MO,CASHISCLAY,BMCL,Accapella,2017,RAM,2017-08-25,https://www.youtube.com/watch?v=N8iKapmZv5A,N8iKapmZv5A,215306,battle,available
Wolff,FlaKiT,D&DL#0061 Berlin,Accapella,2017,DUDL,2017-08-25,https://www.youtube.com/watch?v=LxqqUUX-HkI,LxqqUUX-HkI,14979,battle,available
Hopeless MC,D.E.Z.,D&DL#0062 Berlin,Accapella,2017,DUDL,2017-08-23,https://www.youtube.com/watch?v=8jdukosjugQ,8jdukosjugQ,3974,battle,available
MC Schub,O'Spella,D&DL#0059 Berlin,Accapella,2017,DUDL,2017-08-21,https://www.youtube.com/watch?v=9rRmgC6mvyk,9rRmgC6mvyk,3099,battle,available
Merlin,Peter Pogen,Hamburg,Accapella,2017,DLTLLY,2017-08-20,https://www.youtube.com/watch?v=cBhojNDM-cY,cBhojNDM-cY,46747,battle,available
Demo MC,Cemo Dafuq,D&DL#0060 Berlin,Accapella,2017,DUDL,2017-08-19,https://www.youtube.com/watch?v=Qmsi3Hlj1Vc,Qmsi3Hlj1Vc,3192,battle,available
JI-ZI,SSYNIC,BMCL,Accapella,2017,RAM,2017-08-18,https://www.youtube.com/watch?v=nWum8Xdxh9w,nWum8Xdxh9w,827399,battle,available
Mave,Hörsturz,D&DL#0058 Halle,Accapella,2017,DUDL,2017-08-16,https://www.youtube.com/watch?v=CkFi6pao01E,CkFi6pao01E,17193,battle,available
Papi Schlauch,Fabiga,Hamburg,Accapella,2017,DLTLLY,2017-08-13,https://www.youtube.com/watch?v=uwohgd5dtuI,uwohgd5dtuI,58779,battle,available
RenetiXX,Fesas,D&DL#0057 Halle,Accapella,2017,DUDL,2017-08-12,https://www.youtube.com/watch?v=dihDC74TLD0,dihDC74TLD0,9274,battle,available
VYRUS,FINCH,BMCL,Accapella,2017,RAM,2017-08-11,https://www.youtube.com/watch?v=ZWQ6wtTiKUc,ZWQ6wtTiKUc,211197,battle,available
Reinecken,IZL,D&DL#0056 Halle,Accapella,2017,DUDL,2017-08-09,https://www.youtube.com/watch?v=VnUHcRdCdhI,VnUHcRdCdhI,3290,battle,available
Noone,Fab,D&DL#0055 Berlin,Accapella,2017,DUDL,2017-08-07,https://www.youtube.com/watch?v=cS6ANNMsBvw,cS6ANNMsBvw,7460,battle,available
Davie Jones,Schote,Hamburg,Accapella,2017,DLTLLY,2017-08-06,https://www.youtube.com/watch?v=BH092XAZWGc,BH092XAZWGc,116215,battle,available
Ilhan,Wekdor,D&DL#0054 Berlin,Accapella,2017,DUDL,2017-08-05,https://www.youtube.com/watch?v=PRd0MOIgHkI,PRd0MOIgHkI,10341,battle,available
TOBI NICE,FRESH POLAKKE,BMCL,Accapella,2017,RAM,2017-08-04,https://www.youtube.com/watch?v=lbL2I40Il9w,lbL2I40Il9w,104383,battle,available
Abrupt,Gusy,D&DL#0052 Berlin,Accapella,2017,DUDL,2017-08-03,https://www.youtube.com/watch?v=HmfqmTGGWG0,HmfqmTGGWG0,3357,battle,available
Nedal Nib,JerMc,Mayhem2,Accapella,2017,DLTLLY,2017-07-30,https://www.youtube.com/watch?v=Oh2i1ulWHoM,Oh2i1ulWHoM,116814,battle,available
Andy Amnesia,Shortworth,D&DL#0053 Berlin,Accapella,2017,DUDL,2017-07-29,https://www.youtube.com/watch?v=2HK4NQdp9DY,2HK4NQdp9DY,9510,battle,available
Butchbruda,Joseph Steinschleuder,D&DL#0051 Berlin,Accapella,2017,DUDL,2017-07-26,https://www.youtube.com/watch?v=tHEzlDKDqEg,tHEzlDKDqEg,11552,battle,available
Nikiz,Stockinger,Mayhem2,Accapella,2017,DLTLLY,2017-07-23,https://www.youtube.com/watch?v=NX5YOcBtTM8,NX5YOcBtTM8,22631,battle,available
Mikesh,Tuncmann,Hamburg,Accapella,2017,DLTLLY,2017-07-20,https://www.youtube.com/watch?v=GzsFKgMwwIo,GzsFKgMwwIo,78150,battle,available
Johnny Camo,Lang&Sympathisch,D&DL#0050 Neubrandenburg,Accapella,2017,DUDL,2017-07-19,https://www.youtube.com/watch?v=HJ90C8nBaio,HJ90C8nBaio,6145,battle,available
Doktor Dave,Jack Dragon - REMATCH!,could not identify event,Accapella,2017,DLTLLY,2017-07-16,https://www.youtube.com/watch?v=LSylroi2Toc,LSylroi2Toc,35656,battle,available
Triple Beat,Mr. Whyte,D&DL#0049 Neubrandenburg,Accapella,2017,DUDL,2017-07-15,https://www.youtube.com/watch?v=l7Y_objhRcA,l7Y_objhRcA,7076,battle,available
Henrey,Vyrus,Hamburg,Accapella,2017,DLTLLY,2017-07-09,https://www.youtube.com/watch?v=LkkkwAmTjRk,LkkkwAmTjRk,42811,battle,available
Tableddn Timmy,Hopeless MC,D&DL#0048 Berlin,Accapella,2017,DUDL,2017-07-01,https://www.youtube.com/watch?v=eSZab6qlU6M,eSZab6qlU6M,8222,battle,available
Lyrico,Robscure,Mayhem2,Accapella,2017,DLTLLY,2017-07-01,https://www.youtube.com/watch?v=aLe_BInOof0,aLe_BInOof0,130547,battle,available
BMCL TITELMATCH: SSYNIC,MIGHTY MO,BMCL,Accapella,2017,RAM,2017-06-30,https://www.youtube.com/watch?v=FbeBGeRf4F0,FbeBGeRf4F0,704238,battle,available
Promme,Rhyme Inspector,D&DL#0046 Berlin,Accapella,2017,DUDL,2017-06-26,https://www.youtube.com/watch?v=5L3MZyCpoMU,5L3MZyCpoMU,2803,battle,available
N'antinein,Cris Kotzen,Mayhem2,Accapella,2017,DLTLLY,2017-06-25,https://www.youtube.com/watch?v=vr4dnObsxAE,vr4dnObsxAE,107305,battle,available
FlaKiT,ViruS,D&DL#0047 Berlin,Accapella,2017,DUDL,2017-06-24,https://www.youtube.com/watch?v=q3uVXbV8kU4,q3uVXbV8kU4,5723,battle,available
Porno Pete,Eczo,D&DL#0044 Berlin,Accapella,2017,DUDL,2017-06-21,https://www.youtube.com/watch?v=1mz3_aRDkPg,1mz3_aRDkPg,2821,battle,available
MC Maik,Sizyphos,Mayhem2,Accapella,2017,DLTLLY,2017-06-18,https://www.youtube.com/watch?v=ByizH6xxKlk,ByizH6xxKlk,31354,battle,available
T-Way,Merlin,München,Accapella,2017,DLTLLY,2017-06-11,https://www.youtube.com/watch?v=gLZJhvfjtE4,gLZJhvfjtE4,111733,battle,available
WandelBarZ,Ano-nym,D&DL#0043 Dortmund,Accapella,2017,DUDL,2017-06-10,https://www.youtube.com/watch?v=rFIvRmCe9FM,rFIvRmCe9FM,28802,battle,available
Mosaik,OE,D&DL#0042 Dortmund,Accapella,2017,DUDL,2017-06-07,https://www.youtube.com/watch?v=ZrZKeWYQr1U,ZrZKeWYQr1U,4402,battle,available
Phillie,BunGee,D&DL#0040 Dortmund,Accapella,2017,DUDL,2017-06-05,https://www.youtube.com/watch?v=cv9ES-KJk_8,cv9ES-KJk_8,5048,battle,available
Schote,Jack Dragon,München,Accapella,2017,DLTLLY,2017-06-04,https://www.youtube.com/watch?v=ci-DKAMvD-k,ci-DKAMvD-k,25463,battle,available
Demo MC,Kato,D&DL#0041 Dortmund,Accapella,2017,DUDL,2017-06-03,https://www.youtube.com/watch?v=AhKQn8nD-9o,AhKQn8nD-9o,33524,battle,available
MERLIN,FRESH POLAKKE,BMCL,Accapella,2017,RAM,2017-06-02,https://www.youtube.com/watch?v=wGfjTJPiTDY,wGfjTJPiTDY,212501,battle,available
Karma,BDad,München,Accapella,2017,DLTLLY,2017-06-01,https://www.youtube.com/watch?v=ez72X6TNExA,ez72X6TNExA,25116,battle,available
RenetiXX,Dryno,D&DL#0039 Dortmund,Accapella,2017,DUDL,2017-05-31,https://www.youtube.com/watch?v=HI_dcCSnL14,HI_dcCSnL14,6837,battle,available
Change19,Schalle,München,Accapella,2017,DLTLLY,2017-05-28,https://www.youtube.com/watch?v=m5NhYx3GfFs,m5NhYx3GfFs,18908,battle,available
Ilhan,Hörsturz,D&DL#0038 Berlin,Accapella,2017,DUDL,2017-05-27,https://www.youtube.com/watch?v=WNfwTsmOCyY,WNfwTsmOCyY,7969,battle,available
Wolff,Aris,D&DL#0037 Berlin,Accapella,2017,DUDL,2017-05-24,https://www.youtube.com/watch?v=_c1nHOFVu9Y,_c1nHOFVu9Y,12716,battle,available
Onkel Oktomusch & Die Zwetschke,Falk & Khacoby,NRWeekend,Accapella,2017,DLTLLY,2017-05-21,https://www.youtube.com/watch?v=1g89uVaen_4,1g89uVaen_4,599540,battle,available
Wolle Der Grobe,Wekdor,NewcomerBattle München,Accapella,2017,DLTLLY,2017-05-18,https://www.youtube.com/watch?v=tZTLE8iBL4I,tZTLE8iBL4I,20480,battle,available
Mars B.,Yarambo,NRWeekend,Accapella,2017,DLTLLY,2017-05-14,https://www.youtube.com/watch?v=hx_YK4LaoJM,hx_YK4LaoJM,136992,battle,available
Andres,Mikesh,D&DL#0036 Berlin,Accapella,2017,DUDL,2017-05-13,https://www.youtube.com/watch?v=mGJhMHg6B6k,mGJhMHg6B6k,20019,battle,available
YARAMBO,NOTYZZE,BMCL,Accapella,2017,RAM,2017-05-12,https://www.youtube.com/watch?v=D2L-FyXYNCE,D2L-FyXYNCE,124813,battle,available
Leonidas,IZL,D&DL#0035 Berlin,Accapella,2017,DUDL,2017-05-10,https://www.youtube.com/watch?v=6DksgfKA-rU,6DksgfKA-rU,3930,battle,available
Wux Brofer,Eli,D&DL#0033 Berlin,Accapella,2017,DUDL,2017-05-08,https://www.youtube.com/watch?v=VflpvPsTY0s,VflpvPsTY0s,3278,battle,available
DuFF,Doktor Dave,NRWeekend,Accapella,2017,DLTLLY,2017-05-07,https://www.youtube.com/watch?v=I9eODi7SoTw,I9eODi7SoTw,53344,battle,available
Vinci,Shizu,D&DL#0034 Berlin,Accapella,2017,DUDL,2017-05-06,https://www.youtube.com/watch?v=vqAF6VxRldE,vqAF6VxRldE,11180,battle,available
VT,Vyrus,NRWeekend,Accapella,2017,DLTLLY,2017-04-30,https://www.youtube.com/watch?v=B9rLr9Rus-Q,B9rLr9Rus-Q,39518,battle,available
Ars,LNB,D&DL#0030 Berlin,Accapella,2017,DUDL,2017-04-29,https://www.youtube.com/watch?v=ZE-tNe-oCYY,ZE-tNe-oCYY,6014,battle,available
Eczo,TableddnTimmy,D&DL#0031 Berlin,Accapella,2017,DUDL,2017-04-26,https://www.youtube.com/watch?v=3PzPdRfuiFc,3PzPdRfuiFc,6806,battle,available
T-Rick,Red,D&DL#0029 Berlin,Accapella,2017,DUDL,2017-04-24,https://www.youtube.com/watch?v=g6kzkhNC4Do,g6kzkhNC4Do,11113,battle,available
Tobi Nice,Notyzze,NRWeekend,Accapella,2017,DLTLLY,2017-04-23,https://www.youtube.com/watch?v=mSKRQjb-ZMk,mSKRQjb-ZMk,34171,battle,available
D.E.Z.,Nicht dein Typ,D&DL#0032 Berlin,Accapella,2017,DUDL,2017-04-22,https://www.youtube.com/watch?v=I3LdGKVJ5dQ,I3LdGKVJ5dQ,9176,battle,available
Barracuda,Mavgic,NRWeekend,Accapella,2017,DLTLLY,2017-04-20,https://www.youtube.com/watch?v=rQB3nOExFoM,rQB3nOExFoM,140032,battle,available
Fabiga,Four Seven,NRWeekend,Accapella,2017,DLTLLY,2017-04-16,https://www.youtube.com/watch?v=Qkjxygmrf2w,Qkjxygmrf2w,107775,battle,available
KROM,TOBI NICE,BMCL,Accapella,2017,RAM,2017-04-14,https://www.youtube.com/watch?v=wQngllMH3KM,wQngllMH3KM,86987,battle,available
Pilz,Nedal Nib,Tapefabrik,Accapella,2017,DLTLLY,2017-04-09,https://www.youtube.com/watch?v=8aBn-vWKhHk,8aBn-vWKhHk,303005,battle,available
Madame Chaot,Yori,D&DL#0027 Berlin,Accapella,2017,DUDL,2017-04-08,https://www.youtube.com/watch?v=XZTmT_gLq8U,XZTmT_gLq8U,71288,battle,available
Noone,Hopeless MC,D&DL#0028 Berlin,Accapella,2017,DUDL,2017-04-05,https://www.youtube.com/watch?v=eGQLfZpCMHw,eGQLfZpCMHw,4537,battle,available
Cryptax,JOSHKA106,D&DL#0025 Berlin,Accapella,2017,DUDL,2017-04-03,https://www.youtube.com/watch?v=rLwKdc4ZZRI,rLwKdc4ZZRI,15990,battle,available
Henrey,N'antinein,Tapefabrik,Accapella,2017,DLTLLY,2017-04-02,https://www.youtube.com/watch?v=NVjXIXIWAfw,NVjXIXIWAfw,27535,battle,available
Bruf,Cemo Dafuq,D&DL#0026 Berlin,Accapella,2017,DUDL,2017-04-01,https://www.youtube.com/watch?v=0A7QZXW_lk8,0A7QZXW_lk8,4385,battle,available
Robscure,Merlin,Berlin,Accapella,2017,DLTLLY,2017-03-26,https://www.youtube.com/watch?v=KCrOGMu5w1s,KCrOGMu5w1s,75228,battle,available
Saking,TripleBeat,D&DL#0022 FFM,Accapella,2017,DUDL,2017-03-25,https://www.youtube.com/watch?v=HnBA4UuuA0c,HnBA4UuuA0c,6514,battle,available
Tommy2Late,Hörsturz,Berlin,Accapella,2017,DLTLLY,2017-03-23,https://www.youtube.com/watch?v=zg1Qx-YlyWg,zg1Qx-YlyWg,19136,battle,available
Porno Pete,Schenck OH,D&DL#0024 FFM,Accapella,2017,DUDL,2017-03-22,https://www.youtube.com/watch?v=GWNnMIu8hOM,GWNnMIu8hOM,2582,battle,available
Ciro,MC Geuner,D&DL#0023 FFM,Accapella,2017,DUDL,2017-03-20,https://www.youtube.com/watch?v=TxNJSk9ZCu8,TxNJSk9ZCu8,18190,battle,available
Rino Mandingo,Cris Kotzen,Berlin,Accapella,2017,DLTLLY,2017-03-19,https://www.youtube.com/watch?v=glYXcKNGuiM,glYXcKNGuiM,179140,battle,available
Sizyphos,Akanoo,Berlin,Accapella,2017,DLTLLY,2017-03-16,https://www.youtube.com/watch?v=1WexX61mYaM,1WexX61mYaM,27567,battle,available
Robscure,Mars B.,Kassel,Accapella,2017,DLTLLY,2017-03-12,https://www.youtube.com/watch?v=trVhEKQgMQg,trVhEKQgMQg,98395,battle,available
FINCH,DAVIE JONES,BMCL,Accapella,2017,RAM,2017-03-10,https://www.youtube.com/watch?v=lGiH2B3GMAg,lGiH2B3GMAg,1232566,battle,available
Lamin,Papa TR,Kassel,Accapella,2017,DLTLLY,2017-03-09,https://www.youtube.com/watch?v=UIWWhFIao_M,UIWWhFIao_M,19371,battle,available
IZL,Ilhan,D&DL#0021 Berlin,Accapella,2017,DUDL,2017-03-08,https://www.youtube.com/watch?v=_v8Zq2cLFpM,_v8Zq2cLFpM,4515,battle,available
Shizu,T-Tekk,D&DL#0019 Berlin,Accapella,2017,DUDL,2017-03-06,https://www.youtube.com/watch?v=tHM2qQC7Fnw,tHM2qQC7Fnw,3738,battle,available
MC Maik,Bauda,Kassel,Accapella,2017,DLTLLY,2017-03-05,https://www.youtube.com/watch?v=6kVFEwuJuxQ,6kVFEwuJuxQ,28732,battle,available
MSK,Mikesh,D&DL#0020 Berlin,Accapella,2017,DUDL,2017-03-04,https://www.youtube.com/watch?v=7MW5bobkjyc,7MW5bobkjyc,22292,battle,available
Olio,CPE,Kassel,Accapella,2017,DLTLLY,2017-03-02,https://www.youtube.com/watch?v=m0tjUv3Hzr8,m0tjUv3Hzr8,25678,battle,available
Shadow,OE,D&DL#0018 Berlin,Accapella,2017,DUDL,2017-03-01,https://www.youtube.com/watch?v=Rvbod2n6hPA,Rvbod2n6hPA,4915,battle,available
VT,ShaoLum,Kassel,Accapella,2017,DLTLLY,2017-02-26,https://www.youtube.com/watch?v=3wnRMQSaho4,3wnRMQSaho4,53818,battle,available
Crocodile Andi,Teach,Kassel,Accapella,2017,DLTLLY,2017-02-23,https://www.youtube.com/watch?v=Win4Mw0ryao,Win4Mw0ryao,14738,battle,available
Davie Jones,Clepto,Leipzig,Accapella,2016,DLTLLY,2017-02-19,https://www.youtube.com/watch?v=-bkqaYNfedw,-bkqaYNfedw,119265,battle,available
Paperbite,D-OS,NewcomerBattle Kassel,Accapella,2017,DLTLLY,2017-02-16,https://www.youtube.com/watch?v=ruz4CLYrGJo,ruz4CLYrGJo,14036,battle,available
Nedal Nib,Brian Damage,🏆 TITLE-MATCH 🏆,Accapella,2017,DLTLLY,2017-02-12,https://www.youtube.com/watch?v=oBtWEmAeVio,oBtWEmAeVio,256943,battle,available
Natif,King Lil'C,D&DL#0017 Berlin,Accapella,2017,DUDL,2017-02-11,https://www.youtube.com/watch?v=YSqxRl0Hu5E,YSqxRl0Hu5E,4306,battle,available
BUDDI,VYRUS,BMCL,Accapella,2017,RAM,2017-02-10,https://www.youtube.com/watch?v=XyOCDNYrtDw,XyOCDNYrtDw,72976,battle,available
BalavaBaba,Noone,D&DL#0016 Berlin,Accapella,2017,DUDL,2017-02-08,https://www.youtube.com/watch?v=kWANHYPCLcg,kWANHYPCLcg,6014,battle,available
Andres,Hopeless MC,D&DL#0015 Berlin,Accapella,2017,DUDL,2017-02-06,https://www.youtube.com/watch?v=fB08F5-eki4,fB08F5-eki4,4843,battle,available
Doktor Dave,Mave,Leipzig,Accapella,2016,DLTLLY,2017-02-05,https://www.youtube.com/watch?v=tdAsouzcgpU,tdAsouzcgpU,53165,battle,available
Papi Schlauch,Lyrico,Dissember,Accapella,2016,DLTLLY,2017-01-29,https://www.youtube.com/watch?v=QUo9YKuQu4c,QUo9YKuQu4c,166950,battle,available
Louis Beton,Sizyphos,Leipzig,Accapella,2016,DLTLLY,2017-01-22,https://www.youtube.com/watch?v=54zZPo3m_Nc,54zZPo3m_Nc,22193,battle,available
Stock,Reinicken + Bossom,Leipzig,Accapella,2016,DLTLLY,2017-01-19,https://www.youtube.com/watch?v=7RBrghmeR9w,7RBrghmeR9w,15464,battle,available
Raptor Warhurst,Unanymous,Dissember,Accapella,2016,DLTLLY,2017-01-15,https://www.youtube.com/watch?v=_mMlNI6W100,_mMlNI6W100,32065,battle,available
GUGO,INDOOR STAN,BMCL,Accapella,2017,RAM,2017-01-13,https://www.youtube.com/watch?v=PCZVblvzB8Q,PCZVblvzB8Q,65257,battle,available
T-Way,JerMc,Dissember,Accapella,2016,DLTLLY,2017-01-08,https://www.youtube.com/watch?v=blKeiA-2lTU,blKeiA-2lTU,57431,battle,available
Karma,Henrey,Dissember,Accapella,2016,DLTLLY,2017-01-01,https://www.youtube.com/watch?v=2tK6qwRvHxQ,2tK6qwRvHxQ,27041,battle,available
Mäneken,D.E.Z,D&DL#0014 Berlin,Accapella,2016,DUDL,2016-12-31,https://www.youtube.com/watch?v=mxkdhn9Gdow,mxkdhn9Gdow,3395,battle,available
Halk Hoden,Ka-Oz,D&DL#0013 Berlin,Accapella,2016,DUDL,2016-12-28,https://www.youtube.com/watch?v=-c4Mtrcz4Sk,-c4Mtrcz4Sk,4283,battle,available
Blvck Light,Kol'ja,D&DL#0012 Berlin,Accapella,2016,DUDL,2016-12-26,https://www.youtube.com/watch?v=D5CrbkP-Sh0,D5CrbkP-Sh0,3571,battle,available
Tobi High & Max Stoned,CPE & Ekhead,Stuttgart,Accapella,2016,DLTLLY,2016-12-25,https://www.youtube.com/watch?v=cgqFWTRRsW8,cgqFWTRRsW8,41706,battle,available
Scamp Dait,Dizzepticon,NewcomerBattle Stuttgart,Accapella,2016,DLTLLY,2016-12-22,https://www.youtube.com/watch?v=liQL2TyTjlk,liQL2TyTjlk,9058,battle,available
Yarambo,N'antinein,Stuttgart,Accapella,2016,DLTLLY,2016-12-18,https://www.youtube.com/watch?v=64Jp732JVUQ,64Jp732JVUQ,107146,battle,available
4TUNE,FRESH POLAKKE,BMCL,Accapella,2016,RAM,2016-12-16,https://www.youtube.com/watch?v=VpmYqFARLMg,VpmYqFARLMg,277575,battle,available
Akanoo,Mr. Whyte,3x in die Fresse,Accapella,2016,DLTLLY,2016-12-16,https://www.youtube.com/watch?v=8OFDEaCCRgk,8OFDEaCCRgk,13025,battle,available
Change19,BX,Stuttgart,Accapella,2016,DLTLLY,2016-12-11,https://www.youtube.com/watch?v=ws5uTV9os-U,ws5uTV9os-U,22450,battle,available
Gixtah,Street,NewcomerBattle 3x in die Fresse,Accapella,2016,DLTLLY,2016-12-09,https://www.youtube.com/watch?v=wQUrPiTwWLo,wQUrPiTwWLo,13407,battle,available
Barracuda,Schalle,Stuttgart,Accapella,2016,DLTLLY,2016-12-08,https://www.youtube.com/watch?v=MvgtRJiCETQ,MvgtRJiCETQ,17609,battle,available
Lyrico,Gregpipe,BDay #3,Accapella,2016,DLTLLY,2016-12-04,https://www.youtube.com/watch?v=gNJ_BBj6YYY,gNJ_BBj6YYY,345944,battle,available
Cruel Fate,IZL,NewcomerBattle 3x in die Fresse,Accapella,2016,DLTLLY,2016-12-02,https://www.youtube.com/watch?v=ok9bCmQZbAs,ok9bCmQZbAs,12721,battle,available
Nicht Dein Typ,Tommy2Late,Stuttgart,Accapella,2016,DLTLLY,2016-12-01,https://www.youtube.com/watch?v=8VzakpMLEx4,8VzakpMLEx4,16874,battle,available
Vyrus,Four Seven,Stuttgart,Accapella,2016,DLTLLY,2016-11-27,https://www.youtube.com/watch?v=GzZApeO4vT4,GzZApeO4vT4,130532,battle,available
Dawson,Solay,NewcomerBattle Day 2/2,Accapella,2016,DLTLLY,2016-11-24,https://www.youtube.com/watch?v=mcCYKAhN4fg,mcCYKAhN4fg,9656,battle,available
Mosaik,Sizyphos,D&DL#0011 Berlin,Accapella,2016,DUDL,2016-11-23,https://www.youtube.com/watch?v=zLkiwYiGf9k,zLkiwYiGf9k,7242,battle,available
Brian Damage & Harry Crotch,Robscure & Karma,B.Day#3,Accapella,2016,DLTLLY,2016-11-20,https://www.youtube.com/watch?v=KR9itjM-1sI,KR9itjM-1sI,65097,battle,available
ANO-NYM,Dirty GommoraH,Day 2/2,Accapella,2016,DLTLLY,2016-11-17,https://www.youtube.com/watch?v=eSAUwWXl6Jc,eSAUwWXl6Jc,22057,battle,available
Cris Kotzen,MC Maik,Day 1/2,Accapella,2016,DLTLLY,2016-11-13,https://www.youtube.com/watch?v=sQOlZJYDIkY,sQOlZJYDIkY,193820,battle,available
JI-ZI,JEY JEY GLÜNDERLING,BMCL,Accapella,2016,RAM,2016-11-11,https://www.youtube.com/watch?v=dTmyLW9tEE0,dTmyLW9tEE0,417253,battle,available
Natif,Hörsturz,D&DL#0009 Berlin,Accapella,2016,DUDL,2016-11-11,https://www.youtube.com/watch?v=ZDP0LlcDDb4,ZDP0LlcDDb4,11616,battle,available
Mr. Whyte,Four Seven,NewcomerBattle Day 2/2,Accapella,2016,DLTLLY,2016-11-10,https://www.youtube.com/watch?v=LWaz2xpCbQM,LWaz2xpCbQM,19811,battle,available
Sanja Alexis,Triple Beat,D&DL#0007 Berlin,Accapella,2016,DUDL,2016-11-09,https://www.youtube.com/watch?v=r_dMQ3e7tFE,r_dMQ3e7tFE,4686,battle,available
Ilhan,Jay Pie,D&DL#0008 Berlin,Accapella,2016,DUDL,2016-11-07,https://www.youtube.com/watch?v=MFjaftO_xyM,MFjaftO_xyM,7536,battle,available
Davie Jones,Mars B.,B.Day#3,Accapella,2016,DLTLLY,2016-11-06,https://www.youtube.com/watch?v=vwH6czsMTv4,vwH6czsMTv4,84044,battle,available
Mosaik,Harlem T,NewcomerBattle Day 2/2,Accapella,2016,DLTLLY,2016-11-03,https://www.youtube.com/watch?v=7H0d_ocfR-4,7H0d_ocfR-4,10772,battle,available
Hansen,T-Way,Day 1/2,Accapella,2016,DLTLLY,2016-10-30,https://www.youtube.com/watch?v=tIPnTbtv-V4,tIPnTbtv-V4,38704,battle,available
King Lil' C,Drago51,D&DL#0006 Berlin,Accapella,2016,DUDL,2016-10-29,https://www.youtube.com/watch?v=-FngR7m7_08,-FngR7m7_08,5722,battle,available
Joe-L,Schalle,Day 1/2,Accapella,2016,DLTLLY,2016-10-27,https://www.youtube.com/watch?v=ApT0XhylFoA,ApT0XhylFoA,19413,battle,available
Apriori,Paperbite,D&amp;DL#0003 Berlin,Accapella,2016,DUDL,2016-10-26,https://www.youtube.com/watch?v=5U2RQhxGZGI,5U2RQhxGZGI,3982,battle,available
TK,T-Tekk,D&amp;DL#0001 Berlin,Accapella,2016,DUDL,2016-10-24,https://www.youtube.com/watch?v=F05bbI13KsA,F05bbI13KsA,5505,battle,available
Tobi High,Max Stoned,B.Day#3,Accapella,2016,DLTLLY,2016-10-23,https://www.youtube.com/watch?v=IJteo2N_UHs,IJteo2N_UHs,31900,battle,available
ShaoLum,WandelBarZ,Day 2/2,Accapella,2016,DLTLLY,2016-10-20,https://www.youtube.com/watch?v=cXjp1UgVCWk,cXjp1UgVCWk,24683,battle,available
Jack Dragon,Henrey,B.Day#3,Accapella,2016,DLTLLY,2016-10-16,https://www.youtube.com/watch?v=MvOwv1ioueY,MvOwv1ioueY,24591,battle,available
S.B.G,Wolle Der Grobe,D&amp;DL#0002 Berlin,Accapella,2016,DUDL,2016-10-15,https://www.youtube.com/watch?v=6jvuB2i2mCs,6jvuB2i2mCs,9741,battle,available
FINCH,YARAMBO,BMCL,Accapella,2016,RAM,2016-10-14,https://www.youtube.com/watch?v=oJTk-fglZhA,oJTk-fglZhA,1295448,battle,available
Bruf,Dirrdy D,NewcomerBattle Day 2/2,Accapella,2016,DLTLLY,2016-10-13,https://www.youtube.com/watch?v=Frg6QAYVgPA,Frg6QAYVgPA,15855,battle,available
Aris,Popeye,D&DL#0005 Berlin,Accapella,2016,DUDL,2016-10-12,https://www.youtube.com/watch?v=Pz-PARaHi8I,Pz-PARaHi8I,5473,battle,available
OstrichO,Sizyphos,D&DL#0004 Berlin,Accapella,2016,DUDL,2016-10-10,https://www.youtube.com/watch?v=J1aUQuxfL-Q,J1aUQuxfL-Q,17754,battle,available
VT & Tobi Nice,Ekhead & CPE,Day 1/2,Accapella,2016,DLTLLY,2016-10-09,https://www.youtube.com/watch?v=X5D8-os0hXE,X5D8-os0hXE,31055,battle,available
Falk & Khacoby,O.G.OhneGummi & Eric Ventura,Day 1/2,Accapella,2016,DLTLLY,2016-10-02,https://www.youtube.com/watch?v=IyDDNFH8COI,IyDDNFH8COI,127659,battle,available
Barracuda,Olio,Day 1/2,Accapella,2016,DLTLLY,2016-09-25,https://www.youtube.com/watch?v=KgCdiNu_dIs,KgCdiNu_dIs,24389,battle,available
Davie Jones,Doktor Dave,The Base,Accapella,2016,DLTLLY,2016-09-18,https://www.youtube.com/watch?v=sF2wljyB_LE,sF2wljyB_LE,24838,battle,available
N'antinein,Besser,The Base,Accapella,2016,DLTLLY,2016-09-11,https://www.youtube.com/watch?v=P7S-Blx2qKM,P7S-Blx2qKM,22558,battle,available
Atzenkalle,Main Moe,Splash19,Accapella,2016,DLTLLY,2016-09-04,https://www.youtube.com/watch?v=gu_G_N8TD4Y,gu_G_N8TD4Y,86846,battle,available
Tobi Nice & Duff,Yarambo & Indoor Stan,Splash19,Accapella,2016,DLTLLY,2016-08-28,https://www.youtube.com/watch?v=Uv2oUfu6jhQ,Uv2oUfu6jhQ,35049,battle,available
SSYNIC,BUY SOME,BMCL,Accapella,2016,RAM,2016-08-26,https://www.youtube.com/watch?v=1CAK0B4s_r0,1CAK0B4s_r0,275060,battle,available
Gregpipe + Mars B.,Bong Teggy + Brian Damage,SPLASH #19,Accapella,2016,DLTLLY,2016-08-21,https://www.youtube.com/watch?v=0usuNF2yMJw,0usuNF2yMJw,319630,battle,available
LYRICO,MIGHTY MO,BMCL,Accapella,2016,RAM,2016-08-19,https://www.youtube.com/watch?v=BHIV5gY0aLs,BHIV5gY0aLs,142437,battle,available
FRESH POLAKKE,NOTYZZE,BMCL,Accapella,2016,RAM,2016-08-14,https://www.youtube.com/watch?v=wZfY-YVAcjI,wZfY-YVAcjI,175095,battle,available
Schote & BDad,Buddi & Fabiga,Splash19,Accapella,2016,DLTLLY,2016-08-14,https://www.youtube.com/watch?v=AP4x9u89IPI,AP4x9u89IPI,24534,battle,available
Cris Kotzen,Fab,Fete de la HipHop,Accapella,2016,DLTLLY,2016-08-07,https://www.youtube.com/watch?v=eU-1x_dFcz4,eU-1x_dFcz4,70623,battle,available
NEDAL NIB,RV,BMCL,Accapella,2016,RAM,2016-08-05,https://www.youtube.com/watch?v=ymdiTG9zsNg,ymdiTG9zsNg,83045,battle,available
Robscure,Davie Jones,Wien,Accapella,2016,DLTLLY,2016-08-01,https://www.youtube.com/watch?v=aTSfJUKP2jk,aTSfJUKP2jk,112651,battle,available
Seby Tone,Karma,Wien,Accapella,2016,DLTLLY,2016-07-24,https://www.youtube.com/watch?v=wUz34i4vAdQ,wUz34i4vAdQ,24496,battle,available
Battleboi Basti,Doktor Dave,MAYhem,Accapella,2016,DLTLLY,2016-07-17,https://www.youtube.com/watch?v=jbIyI7bq-3w,jbIyI7bq-3w,230783,battle,available
Lyrico,Hansen,MAYhem,Accapella,2016,DLTLLY,2016-07-10,https://www.youtube.com/watch?v=wxPLJE83D6A,wxPLJE83D6A,107703,battle,available
Jack Dragon,JerMc,Wien,Accapella,2016,DLTLLY,2016-07-07,https://www.youtube.com/watch?v=Tb6dmZPRnSA,Tb6dmZPRnSA,42962,battle,available
Bong Teggy & Papi Schlauch,Onkel Oktomusch & Die Zwetschke,MAYhem,Accapella,2016,DLTLLY,2016-07-03,https://www.youtube.com/watch?v=4xfAs26Cee4,4xfAs26Cee4,424130,battle,available
FellowSoph,Ekhead,Wien,Accapella,2016,DLTLLY,2016-06-30,https://www.youtube.com/watch?v=9poWpKcnfyY,9poWpKcnfyY,14196,battle,available
Barbee n' Flow,Spello & Al Pone,Wien,Accapella,2016,DLTLLY,2016-06-26,https://www.youtube.com/watch?v=sqvPg3sEN0I,sqvPg3sEN0I,18439,battle,available
Tobi Nice & Duff,Mave & MC Umbenannt,MAYhem,Accapella,2016,DLTLLY,2016-06-19,https://www.youtube.com/watch?v=NoR7sZLr9MA,NoR7sZLr9MA,21985,battle,available
Cleptomatic,Yarambo,MAYhem,Accapella,2016,DLTLLY,2016-06-12,https://www.youtube.com/watch?v=ZH_LmIdBhAE,ZH_LmIdBhAE,164851,battle,available
GUGO,FINCH,BMCL,Accapella,2016,RAM,2016-06-10,https://www.youtube.com/watch?v=Vy8WHxOAHfQ,Vy8WHxOAHfQ,678017,battle,available
Indoor Stan & Nikiz,N'antinein & BX,MAYhem,Accapella,2016,DLTLLY,2016-06-05,https://www.youtube.com/watch?v=lQFIXdpBY5g,lQFIXdpBY5g,27893,battle,available
BDad,N'antinein,DailyRapJam,Accapella,2016,DLTLLY,2016-05-29,https://www.youtube.com/watch?v=A6JXhwYcMQ8,A6JXhwYcMQ8,29668,battle,available
YARAMBO,BARRACUDA,BMCL,Accapella,2016,RAM,2016-05-27,https://www.youtube.com/watch?v=o8IWqT1Y95A,o8IWqT1Y95A,83790,battle,available
Change19,Akanoo,DailyRapJam,Accapella,2016,DLTLLY,2016-05-26,https://www.youtube.com/watch?v=Kg4y3iJBiGE,Kg4y3iJBiGE,11067,battle,available
T-Way,Mars B.,Kassel,Accapella,2016,DLTLLY,2016-05-22,https://www.youtube.com/watch?v=HhEXUrhCaok,HhEXUrhCaok,46453,battle,available
Mavgic,Joe-L,NewcomerBattle Kassel,Accapella,2016,DLTLLY,2016-05-19,https://www.youtube.com/watch?v=4KvkXpIrMIA,4KvkXpIrMIA,80718,battle,available
Eric Ventura & O.G. Ohne Gummi,Tobi High & Max Stoned,Kassel,Accapella,2016,DLTLLY,2016-05-15,https://www.youtube.com/watch?v=BwTd5Bwn7NE,BwTd5Bwn7NE,23657,battle,available
Aladin,Khan G.,Kassel,Accapella,2016,DLTLLY,2016-05-12,https://www.youtube.com/watch?v=8BKS4n-WTlQ,8BKS4n-WTlQ,14041,battle,available
Olio,VT,Kassel,Accapella,2016,DLTLLY,2016-05-10,https://www.youtube.com/watch?v=qIrNbzKyR6k,qIrNbzKyR6k,16997,battle,available
Yarambo,Fabiga,Düsseldorf,Accapella,2016,DLTLLY,2016-05-08,https://www.youtube.com/watch?v=hl3iYzTbStQ,hl3iYzTbStQ,92251,battle,available
Akzent,Peat Pandora,Düsseldorf,Accapella,2016,DLTLLY,2016-05-03,https://www.youtube.com/watch?v=Dri82KcuNI4,Dri82KcuNI4,11246,battle,available
Proton,Notyzze,Düsseldorf,Accapella,2016,DLTLLY,2016-05-01,https://www.youtube.com/watch?v=1nEKKoj1xXU,1nEKKoj1xXU,65687,battle,available
NOTYZZE,BUY SOME,BMCL,Accapella,2016,RAM,2016-04-29,https://www.youtube.com/watch?v=QrftoDX65MQ,QrftoDX65MQ,120056,battle,available
Wandelbarz,Cris Kotzen,Dortmund,Accapella,2016,DLTLLY,2016-04-27,https://www.youtube.com/watch?v=le6XdSmVEIY,le6XdSmVEIY,81158,battle,available
Zeptah,Neit,Dortmund,Accapella,2016,DLTLLY,2016-04-26,https://www.youtube.com/watch?v=m3vfESZ8AKQ,m3vfESZ8AKQ,13250,battle,available
Robscure,BX,Kassel,Accapella,2016,DLTLLY,2016-04-24,https://www.youtube.com/watch?v=0frBoMjSUZU,0frBoMjSUZU,28266,battle,available
Falk & Khacoby,Ekhead & CPE,Düsseldorf,Accapella,2016,DLTLLY,2016-04-21,https://www.youtube.com/watch?v=0s7gLvY71tQ,0s7gLvY71tQ,68162,battle,available
Nedal Nib,Bong Teggy,Berlin,Accapella,2016,DLTLLY,2016-04-17,https://www.youtube.com/watch?v=nMI2m-Miyts,nMI2m-Miyts,271854,battle,available
VYRUS,ALI AFFRONT,BMCL,Accapella,2016,RAM,2016-04-15,https://www.youtube.com/watch?v=qr9ModA-fjA,qr9ModA-fjA,75327,battle,available
Bauda,Henrey,Düsseldorf,Accapella,2016,DLTLLY,2016-04-14,https://www.youtube.com/watch?v=R8HbJGoyhqw,R8HbJGoyhqw,22811,battle,available
Harlem T,MC Intifada,FreestyleBattle Dortmund,Accapella,2016,DLTLLY,2016-04-12,https://www.youtube.com/watch?v=qoPBN9EsKBk,qoPBN9EsKBk,12742,battle,available
Indoor Stan,Robscure,Berlin,Accapella,2016,DLTLLY,2016-04-10,https://www.youtube.com/watch?v=b1DojOrzF4M,b1DojOrzF4M,44697,battle,available
DirtySanchez,Karma,Berlin,Accapella,2016,DLTLLY,2016-04-07,https://www.youtube.com/watch?v=OYTYcxTXJok,OYTYcxTXJok,22817,battle,available
Scumgod,Der Schwede,Berlin,Accapella,2016,DLTLLY,2016-04-05,https://www.youtube.com/watch?v=kOj2TLK1mPM,kOj2TLK1mPM,16262,battle,available
Muro,Marc Zufall,Düsseldorf,Accapella,2016,DLTLLY,2016-04-03,https://www.youtube.com/watch?v=dW94881DddE,dW94881DddE,24967,battle,available
Saking,Black Snowman,NewcomerBattle FFM,Accapella,2016,DLTLLY,2016-03-29,https://www.youtube.com/watch?v=9T7a78JZM5A,9T7a78JZM5A,18519,battle,available
Nikiz,Cleptomatic,Berlin,Accapella,2016,DLTLLY,2016-03-27,https://www.youtube.com/watch?v=74tp1mwwcf0,74tp1mwwcf0,64367,battle,available
LYRICO,TOBI NICE,BMCL,Accapella,2016,RAM,2016-03-25,https://www.youtube.com/watch?v=hI4-2PPQRWo,hI4-2PPQRWo,77045,battle,available
Mars B.,Jack Dragon,Privat,Accapella,2016,DLTLLY,2016-03-20,https://www.youtube.com/watch?v=tNYcKfDpacg,tNYcKfDpacg,25032,battle,available
Schalle,Aladin,FFM,Accapella,2016,DLTLLY,2016-03-17,https://www.youtube.com/watch?v=PQKWPvQXOwE,PQKWPvQXOwE,12423,battle,available
MfGen,Ciro,NewcomerBattle FFM,Accapella,2016,DLTLLY,2016-03-15,https://www.youtube.com/watch?v=XNHOH7JhBxQ,XNHOH7JhBxQ,10734,battle,available
GUGO,YARAMBO,BMCL,Accapella,2016,RAM,2016-03-11,https://www.youtube.com/watch?v=F6kCIK5lQG0,F6kCIK5lQG0,114563,battle,available
D-OS,Banal,NewcomerBattle FFM,Accapella,2016,DLTLLY,2016-03-10,https://www.youtube.com/watch?v=kIrzaRvdVC4,kIrzaRvdVC4,8337,battle,available
BX,Patrick Enemy,FFM,Accapella,2016,DLTLLY,2016-03-08,https://www.youtube.com/watch?v=aTefZYUtprA,aTefZYUtprA,46479,battle,available
Tobi High & Max Stoned,Lockenkopf & Tschappy,FFM,Accapella,2016,DLTLLY,2016-03-06,https://www.youtube.com/watch?v=3gLHKfqk6yo,3gLHKfqk6yo,18764,battle,available
N'antinein,Dopex,FFM,Accapella,2016,DLTLLY,2016-03-03,https://www.youtube.com/watch?v=TvtQj3KDygg,TvtQj3KDygg,15386,battle,available
Johnny Rakete,Kex Kuhl,ComplimentsBattle 5 Jahre Daily Rap Jam,Accapella,2016,DLTLLY,2016-02-28,https://www.youtube.com/watch?v=6mK2r5H3KxU,6mK2r5H3KxU,88273,battle,available
DUFF,LE NERD,BMCL,Accapella,2016,RAM,2016-02-26,https://www.youtube.com/watch?v=ILHRGfFmwEU,ILHRGfFmwEU,50359,battle,available
Karma,Akanoo,5 Jahre Daily Rap Jam,Accapella,2016,DLTLLY,2016-02-21,https://www.youtube.com/watch?v=JazaORAoQrk,JazaORAoQrk,14567,battle,available
Indoor Stan,Yarambo,Bochum,Accapella,2015,DLTLLY,2016-02-14,https://www.youtube.com/watch?v=jagzt8m2Hf8,jagzt8m2Hf8,121614,battle,available
MC MAIK,FRESH POLAKKE,BMCL,Accapella,2016,RAM,2016-02-12,https://www.youtube.com/watch?v=aPd7CtuL-m0,aPd7CtuL-m0,262139,battle,available
Proton,Lyrico,ComplimentsBattle Bochum,Accapella,2015,DLTLLY,2016-02-07,https://www.youtube.com/watch?v=fSuThtR63nw,fSuThtR63nw,65607,battle,available
FALK,FraX One,Bochum,Accapella,2015,DLTLLY,2016-02-04,https://www.youtube.com/watch?v=osXtwVnSD7E,osXtwVnSD7E,25716,battle,available
Notyzze,Buddi,Bochum,Accapella,2015,DLTLLY,2016-01-31,https://www.youtube.com/watch?v=etdezVWG0_Y,etdezVWG0_Y,30891,battle,available
BUY SOME,GEORGE MIDAS,BMCL,Accapella,2016,RAM,2016-01-29,https://www.youtube.com/watch?v=HBKjc7iMiu8,HBKjc7iMiu8,68901,battle,available
Collapz & CPE,Aresst & D.ZUM.A,NewcomerBattle Bochum,Accapella,2015,DLTLLY,2016-01-28,https://www.youtube.com/watch?v=RdRLoOQj0gE,RdRLoOQj0gE,22168,battle,available
Fabiga,Bauda,Bochum,Accapella,2015,DLTLLY,2016-01-24,https://www.youtube.com/watch?v=DfxmpTNvkyg,DfxmpTNvkyg,18399,battle,available
Jack Dragon,Smoke Tüü,Stuttgart,Accapella,2015,DLTLLY,2016-01-17,https://www.youtube.com/watch?v=aUdGRgaSejE,aUdGRgaSejE,17714,battle,available
SSYNIC,BONG TEGGY - REMATCH,BMCL,Accapella,2016,RAM,2016-01-15,https://www.youtube.com/watch?v=z0FlpflmILU,z0FlpflmILU,2476920,battle,available
Dezzad,N'Antinein,Stuttgart,Accapella,2015,DLTLLY,2016-01-14,https://www.youtube.com/watch?v=0R6CgGZz5Ek,0R6CgGZz5Ek,13086,battle,available
Bong Teggy,Brian Damage,Bad Bars München,Accapella,2016,DLTLLY,2016-01-10,https://www.youtube.com/watch?v=MGNDNQIOwwA,MGNDNQIOwwA,861957,battle,available
Battleboi Basti & Dee Ho,Onkel Oktomusch & Die Zwetschke,BDAY #3,Accapella,2016,DLTLLY,2016-01-03,https://www.youtube.com/watch?v=I_lk5irw2Jc,I_lk5irw2Jc,421630,battle,available
Nedal Nib,Mars B.,B.day #2,Accapella,2015,DLTLLY,2015-12-27,https://www.youtube.com/watch?v=cCMR6HUQqUU,cCMR6HUQqUU,136336,battle,available
LYRICO,DAVIE JONES,BMCL,Accapella,2015,RAM,2015-12-25,https://www.youtube.com/watch?v=EepN4HuvLlA,EepN4HuvLlA,98590,battle,available
Ali Affront,Seby Tone,B.Day#2,Accapella,2015,DLTLLY,2015-12-20,https://www.youtube.com/watch?v=us8MU7ZmmKI,us8MU7ZmmKI,26997,battle,available
Change19 & Henrey,Tobi High & Max Stoned,B.Day#2,Accapella,2015,DLTLLY,2015-12-13,https://www.youtube.com/watch?v=hU7Q5aWUWuU,hU7Q5aWUWuU,28193,battle,available
RV,TOBI NICE,BMCL,Accapella,2015,RAM,2015-12-11,https://www.youtube.com/watch?v=yqwOk88aRsI,yqwOk88aRsI,50587,battle,available
Karma,Robscure,B.Day#2,Accapella,2015,DLTLLY,2015-12-06,https://www.youtube.com/watch?v=4yqAT8hW_-g,4yqAT8hW_-g,26383,battle,available
Mave,Yarambo,DAYtime Event,Accapella,2015,DLTLLY,2015-11-29,https://www.youtube.com/watch?v=O9eU9Aw-ZVI,O9eU9Aw-ZVI,74795,battle,available
AMAH,MCTWIST,BMCL,Accapella,2015,RAM,2015-11-28,https://www.youtube.com/watch?v=8gUddeSaqLU,8gUddeSaqLU,70553,battle,available
Yilo,Indoor Stan,DAYtime Event,Accapella,2015,DLTLLY,2015-11-22,https://www.youtube.com/watch?v=HccI6TAh3Ao,HccI6TAh3Ao,17282,battle,available
Hansen,George Midas,Berlin,Accapella,2015,DLTLLY,2015-11-15,https://www.youtube.com/watch?v=G-T1yEG9Wc4,G-T1yEG9Wc4,36717,battle,available
MIKZ,MC MAIK,BMCL,Accapella,2015,RAM,2015-11-13,https://www.youtube.com/watch?v=P1kYQfUxr4o,P1kYQfUxr4o,58113,battle,available
Fab,Cemo,NewcomerBattle DAYtime Event,Accapella,2015,DLTLLY,2015-11-12,https://www.youtube.com/watch?v=nVeWgyMQjtE,nVeWgyMQjtE,19424,battle,available
Dezzad,Schnaxler,DAYtime Event,Accapella,2015,DLTLLY,2015-11-05,https://www.youtube.com/watch?v=Qmz-Tfcex_U,Qmz-Tfcex_U,13002,battle,available
Le Nerd,Tobi Nice,Berlin,Accapella,2015,DLTLLY,2015-11-01,https://www.youtube.com/watch?v=LA7Z4-6d83s,LA7Z4-6d83s,49180,battle,available
BDAD,MERLIN,BMCL,Accapella,2015,RAM,2015-10-30,https://www.youtube.com/watch?v=t6Xp0bvI0og,t6Xp0bvI0og,58385,battle,available
Pedro,Jean-Gough Frais,Berlin,Accapella,2015,DLTLLY,2015-10-25,https://www.youtube.com/watch?v=G5tqGvFuKpg,G5tqGvFuKpg,17009,battle,available
T Way,Nikiz,Berlin,Accapella,2015,DLTLLY,2015-10-18,https://www.youtube.com/watch?v=wBS3BPDO3Js,wBS3BPDO3Js,18342,battle,available
MIGHTY P.,NEDAL NIB,BMCL,Accapella,2015,RAM,2015-10-16,https://www.youtube.com/watch?v=XofXZxOln1E,XofXZxOln1E,111472,battle,available
Robscure,MDJO & Titan G,NewcomerBattle München,Accapella,2015,DLTLLY,2015-10-15,https://www.youtube.com/watch?v=p2XDR8Zl1_I,p2XDR8Zl1_I,18370,battle,available
Mio Mao,Buddi,Tapefabrik,Accapella,2015,DLTLLY,2015-10-11,https://www.youtube.com/watch?v=DZycRn9Ll10,DZycRn9Ll10,49752,battle,available
Leewun,Ma Lo,München,Accapella,2015,DLTLLY,2015-10-08,https://www.youtube.com/watch?v=IHRG17JwtXc,IHRG17JwtXc,14529,battle,available
Lyrico,Mars B.,Tapefabrik,Accapella,2015,DLTLLY,2015-10-04,https://www.youtube.com/watch?v=edwqNrm-dAA,edwqNrm-dAA,73424,battle,available
Karma,Limstar,NewcomerBattle München,Accapella,2015,DLTLLY,2015-09-27,https://www.youtube.com/watch?v=o-hSpdTPM1U,o-hSpdTPM1U,14056,battle,available
NOTYZZE,ALI AFFRONT,BMCL,Accapella,2015,RAM,2015-09-25,https://www.youtube.com/watch?v=ZBmqvUsdnyg,ZBmqvUsdnyg,86220,battle,available
Henrey,Change19,NewcomerBattle München,Accapella,2015,DLTLLY,2015-09-20,https://www.youtube.com/watch?v=2uZd-H6oiYM,2uZd-H6oiYM,29967,battle,available
Zeptah,Yarambo,NewcomerBattle Berlin,Accapella,2015,DLTLLY,2015-09-17,https://www.youtube.com/watch?v=DN9HkPZljDs,DN9HkPZljDs,40254,battle,available
Khan G,Skrab,NewcomerBattle Berlin,Accapella,2015,DLTLLY,2015-09-13,https://www.youtube.com/watch?v=AZOfBR-74a4,AZOfBR-74a4,8353,battle,available
Z,DAVIE JONES,BMCL,Accapella,2015,RAM,2015-09-11,https://www.youtube.com/watch?v=ok6N3xcfNZg,ok6N3xcfNZg,482308,battle,available
Hansen + Besser,BDad + Tobi Nice,Splash 18,Accapella,2015,DLTLLY,2015-08-23,https://www.youtube.com/watch?v=3e8E-3UrsK4,3e8E-3UrsK4,33779,battle,available
Bong Teggy + Papi Schlauch,Brian Damage + Harry Crotch,Splash 18,Accapella,2015,DLTLLY,2015-08-16,https://www.youtube.com/watch?v=flUG-vV8jsw,flUG-vV8jsw,186985,battle,available
Le Nerd,Davie Jones,Berlin,Accapella,2015,DLTLLY,2015-08-09,https://www.youtube.com/watch?v=dTGwez2RVGs,dTGwez2RVGs,140288,battle,available
Lyrico,Der Fischer,Berlin,Accapella,2015,DLTLLY,2015-08-06,https://www.youtube.com/watch?v=e2Udzmm8L8w,e2Udzmm8L8w,94432,battle,available
JOLLYJAY,MR TONGUE TWISTER,Dont Flop,Accapella,2015,DON'T FLOP,2015-08-05,https://www.youtube.com/watch?v=u0sKIr74qNM,u0sKIr74qNM,31182,battle,available
Mighty Mo & Nedal Nib,Duff,Splash 18,Accapella,2015,DLTLLY,2015-08-02,https://www.youtube.com/watch?v=8f534bjTdPQ,8f534bjTdPQ,53505,battle,available
Gregpipe + Basic,Battleboi Basti + Besser,Berlin,Accapella,2015,DLTLLY,2015-07-26,https://www.youtube.com/watch?v=1hxM1bSTeBQ,1hxM1bSTeBQ,318382,battle,available
Mars B.,Mirror,Berlin,Accapella,2015,DLTLLY,2015-07-19,https://www.youtube.com/watch?v=gR8kjMySBP4,gR8kjMySBP4,26602,battle,available
Tis L,T-Way,Berlin,Accapella,2015,DLTLLY,2015-07-16,https://www.youtube.com/watch?v=F44bnk1YOCU,F44bnk1YOCU,28302,battle,available
Scumgod + DirtySanchez,Mave + MC Umbenannt,Berlin,Accapella,2015,DLTLLY,2015-07-12,https://www.youtube.com/watch?v=UH4PdAMGnQY,UH4PdAMGnQY,32069,battle,available
Merlin,Bong Teggy,München,Accapella,2015,DLTLLY,2015-07-05,https://www.youtube.com/watch?v=3f92lfia1Iw,3f92lfia1Iw,224948,battle,available
P-ZAK,BONG TEGGY,BMCL,Accapella,2015,RAM,2015-06-28,https://www.youtube.com/watch?v=uxnJ2v9nfhw,uxnJ2v9nfhw,487580,battle,available
Jack Dragon,Demolux,München,Accapella,2015,DLTLLY,2015-06-28,https://www.youtube.com/watch?v=3M5hkitrUQY,3M5hkitrUQY,14551,battle,available
BESSER,PROTON,BMCL,Accapella,2015,RAM,2015-06-21,https://www.youtube.com/watch?v=G0k2SM7LB6Q,G0k2SM7LB6Q,70271,battle,available
Brian Damage,Harry Crotch,ComplimentsBattle München,Accapella,2015,DLTLLY,2015-06-21,https://www.youtube.com/watch?v=6LevyA-T6JM,6LevyA-T6JM,150500,battle,available
Salo + Bust Art,Kaliba + Breezy,München,Accapella,2015,DLTLLY,2015-06-15,https://www.youtube.com/watch?v=S9xjNeQhbWQ,S9xjNeQhbWQ,10956,battle,available
GOZPEL,BATTLEBOI BASTI,BMCL,Accapella,2015,RAM,2015-06-12,https://www.youtube.com/watch?v=JpNxEeszyA8,JpNxEeszyA8,937564,battle,available
Ali Affront,Fellowsoph,München,Accapella,2015,DLTLLY,2015-06-07,https://www.youtube.com/watch?v=fMLkNIgjsro,fMLkNIgjsro,25565,battle,available
PETSCHINO,MIGHTY MO,BMCL,Accapella,2015,RAM,2015-05-29,https://www.youtube.com/watch?v=Z56RuCO7frg,Z56RuCO7frg,252857,battle,available
Brian Damage,Davie Jones,Livin' HipHop Jam,Accapella,2015,DLTLLY,2015-05-24,https://www.youtube.com/watch?v=ac1sR229bak,ac1sR229bak,98314,battle,available
TIERSTAR,DIZASTER,powered by audio-technica,Accapella,2015,RAM,2015-05-15,https://www.youtube.com/watch?v=NEFFMcjJ3SQ,NEFFMcjJ3SQ,383415,battle,available
Lyrico,Harry Crotch,Livin' HipHop Jam,Accapella,2015,DLTLLY,2015-05-10,https://www.youtube.com/watch?v=e5huTSczyf4,e5huTSczyf4,29677,battle,available
Doktor Dave,George Midas (HipHop Convention),Berlin,Accapella,2015,DLTLLY,2015-05-07,https://www.youtube.com/watch?v=w6zCM9KpVBQ,w6zCM9KpVBQ,15163,battle,available
Tis L,Bauda,Berlin,Accapella,2015,DLTLLY,2015-04-29,https://www.youtube.com/watch?v=tWUiuZc5p3Y,tWUiuZc5p3Y,18604,battle,available
Nikiz,Le Nerd,Berlin,Accapella,2015,DLTLLY,2015-04-26,https://www.youtube.com/watch?v=-w9IPyHjXZo,-w9IPyHjXZo,47621,battle,available
SSYNIC,CASHISCLAY,BMCL,Accapella,2015,RAM,2015-04-24,https://www.youtube.com/watch?v=PgFKjYcDtLs,PgFKjYcDtLs,1466714,battle,available
Scumgod + DirtySanchez,Tschappy + Doktor Dave,Berlin,Accapella,2015,DLTLLY,2015-04-23,https://www.youtube.com/watch?v=a3YBKYlenFI,a3YBKYlenFI,19160,battle,available
Mighty Mo,Hansen - REMATCH!,Hamburg,Accapella,2015,DLTLLY,2015-04-19,https://www.youtube.com/watch?v=TADdGDpKWPs,TADdGDpKWPs,150675,battle,available
DeeLah,D.O.C.,Hamburg,Accapella,2015,DLTLLY,2015-04-12,https://www.youtube.com/watch?v=a48W9qfgEr4,a48W9qfgEr4,25046,battle,available
DOKTOR DAVE,DROB DYNAMIC,BMCL,Accapella,2015,RAM,2015-04-10,https://www.youtube.com/watch?v=3mIpymc2NhE,3mIpymc2NhE,115199,battle,available
Kenny Kansas,Core One,Hamburg,Accapella,2015,DLTLLY,2015-04-09,https://www.youtube.com/watch?v=W1btY9KbOIo,W1btY9KbOIo,15360,battle,available
Onkel Oktomusch + Die Zwetschke,Mave + MC Umbenannt,Hamburg,Accapella,2015,DLTLLY,2015-04-05,https://www.youtube.com/watch?v=40MavNkdI0k,40MavNkdI0k,118755,battle,available
Nedal Nib,Der Fischer,Hamburg,Accapella,2015,DLTLLY,2015-03-29,https://www.youtube.com/watch?v=neSX-I5XmyE,neSX-I5XmyE,101473,battle,available
MERLIN,DAVIE JONES,BMCL,Accapella,2015,RAM,2015-03-27,https://www.youtube.com/watch?v=6Gnzk5hivPU,6Gnzk5hivPU,98334,battle,available
Mac Horn + Cashus K.,PadaLash + SZD,Hamburg,Accapella,2015,DLTLLY,2015-03-22,https://www.youtube.com/watch?v=1FO62qmqIc4,1FO62qmqIc4,19452,battle,available
Aytee,Fabiga,DAYtime Event,Accapella,2015,DLTLLY,2015-03-15,https://www.youtube.com/watch?v=9N2tKrPsVss,9N2tKrPsVss,60960,battle,available
P-ZAK,FRESH POLAKKE,BMCL,Accapella,2015,RAM,2015-03-13,https://www.youtube.com/watch?v=Q9zTtHXf8_Q,Q9zTtHXf8_Q,329344,battle,available
Buddi,Duff,DAYtime Event,Accapella,2015,DLTLLY,2015-03-08,https://www.youtube.com/watch?v=RQdqtBa7hUw,RQdqtBa7hUw,29971,battle,available
Proton,Heideck,DAYtime Event,Accapella,2015,DLTLLY,2015-03-01,https://www.youtube.com/watch?v=E7biTSHPeBg,E7biTSHPeBg,17517,battle,available
BESSER,MARS B.,BMCL,Accapella,2015,RAM,2015-02-27,https://www.youtube.com/watch?v=Q1qDVN5ufWw,Q1qDVN5ufWw,71478,battle,available
Buy Some,T-Way,DAYtime Event,Accapella,2015,DLTLLY,2015-02-22,https://www.youtube.com/watch?v=nV3WY_BWZjw,nV3WY_BWZjw,37443,battle,available
BDAD,TOBI NICE,BMCL,Accapella,2015,RAM,2015-02-13,https://www.youtube.com/watch?v=I70pYTHXrH8,I70pYTHXrH8,67661,battle,available
RAPSTA,FRESH POLAKKE,BMCL,Accapella,2015,RAM,2015-01-30,https://www.youtube.com/watch?v=NtjahY1x55w,NtjahY1x55w,717101,battle,available
Juskah,BDad,B.Day#1,Accapella,2014,DLTLLY,2015-01-25,https://www.youtube.com/watch?v=gxa7WsZIoSM,gxa7WsZIoSM,22896,battle,available
Merlin,Schote,B.Day#1,Accapella,2014,DLTLLY,2015-01-18,https://www.youtube.com/watch?v=-NpzvlH-ge4,-NpzvlH-ge4,41696,battle,available
MC MAIK,RONI 87,BMCL,Accapella,2015,RAM,2015-01-16,https://www.youtube.com/watch?v=a8hVM0mGq_E,a8hVM0mGq_E,46728,battle,available
George Midas,RV,B.Day#1,Accapella,2014,DLTLLY,2015-01-11,https://www.youtube.com/watch?v=6MQjesM1jh0,6MQjesM1jh0,23181,battle,available
Bong Teggy,Papi Schlauch,B.Day#1,Accapella,2014,DLTLLY,2015-01-04,https://www.youtube.com/watch?v=U70JIQSZkNw,U70JIQSZkNw,181613,battle,available
BONG TEGGY,MIGHTY MO,BMCL,Accapella,2014,RAM,2014-12-26,https://www.youtube.com/watch?v=XuuI1Uzmt3A,XuuI1Uzmt3A,547260,battle,available
Buddi,Jack Dragon,B.Day#1,Accapella,2014,DLTLLY,2014-12-21,https://www.youtube.com/watch?v=a7BPokhefac,a7BPokhefac,16614,battle,available
Rino Mandingo + Johnny Rakete,Onkel Oktomusch + Die Zwetschke,B.Day,Accapella,2014,DLTLLY,2014-12-14,https://www.youtube.com/watch?v=F7STdjMpxjI,F7STdjMpxjI,97194,battle,available
MERLIN,SSYNIC,BMCL,Accapella,2014,RAM,2014-12-12,https://www.youtube.com/watch?v=cfvDlQ4_Tgo,cfvDlQ4_Tgo,563737,battle,available
Doktor Dave,Nedal Nib,B.Day#1,Accapella,2014,DLTLLY,2014-12-07,https://www.youtube.com/watch?v=2C-98kSAnvA,2C-98kSAnvA,90327,battle,available
PILLE,TOBI NICE,SPECIAL GUEST EKO FRESH,Accapella,2014,RAM,2014-11-28,https://www.youtube.com/watch?v=dvHDvXMW0gs,dvHDvXMW0gs,65728,battle,available
Salo,Mave,Stuttgart,Accapella,2014,DLTLLY,2014-11-16,https://www.youtube.com/watch?v=IaK7yDNITX0,IaK7yDNITX0,24632,battle,available
BESSER,MC MAIK,BMCL,Accapella,2014,RAM,2014-11-14,https://www.youtube.com/watch?v=cxBjXzzu8UE,cxBjXzzu8UE,67923,battle,available
Der Fischer,Harry Crotch,Stuttgart,Accapella,2014,DLTLLY,2014-11-09,https://www.youtube.com/watch?v=Y7aVsjvskZg,Y7aVsjvskZg,27677,battle,available
BX,Crash Bundy,Stuttgart,Accapella,2014,DLTLLY,2014-11-02,https://www.youtube.com/watch?v=P7pIjWwY_GM,P7pIjWwY_GM,13854,battle,available
Peter Pogen,Mars B.,Stuttgart,Accapella,2014,DLTLLY,2014-10-26,https://www.youtube.com/watch?v=nuB576G-0b4,nuB576G-0b4,43705,battle,available
RV,JACK DRAGON,BMCL,Accapella,2014,RAM,2014-10-24,https://www.youtube.com/watch?v=1t4jYneSlMU,1t4jYneSlMU,49712,battle,available
BDad,Smoke Tüü,Stuttgart,Accapella,2014,DLTLLY,2014-10-19,https://www.youtube.com/watch?v=RjFEs3w4x9k,RjFEs3w4x9k,45660,battle,available
4TUNE,MERLIN,BMCL,Accapella,2014,RAM,2014-10-10,https://www.youtube.com/watch?v=FntcHYJRbJ8,FntcHYJRbJ8,271953,battle,available
GREGPIPE,DAMION DAVIS,FEAT. DIZASTER,Accapella,2014,RAM,2014-09-26,https://www.youtube.com/watch?v=aPZMBf0ZarU,aPZMBf0ZarU,434694,battle,available
JEAN GOUGH FRAIS,OGMIOS,could not identify event,Accapella,2014,DON'T FLOP,2014-09-24,https://www.youtube.com/watch?v=xJh2enV5w5s,xJh2enV5w5s,32967,battle,available
IMPACT,MANIAC,could not identify event,Accapella,2014,DON'T FLOP,2014-09-17,https://www.youtube.com/watch?v=vZU5vczCf3U,vZU5vczCf3U,20581,battle,available
Jack Dragon,Suza,CoEvent,Accapella,2014,DLTLLY,2014-09-14,https://www.youtube.com/watch?v=bDEJXvF-nUI,bDEJXvF-nUI,15482,battle,available
SSYNIC,BONG TEGGY,BMCL,Accapella,2014,RAM,2014-09-12,https://www.youtube.com/watch?v=6iVykrPFKfg,6iVykrPFKfg,1311919,battle,available
INNUENDO,JOLLYJAY,could not identify event,Accapella,2014,DON'T FLOP,2014-09-10,https://www.youtube.com/watch?v=IHAEQ3v_qXg,IHAEQ3v_qXg,29213,battle,available
Nikiz,Luie-Die-Nadel,CoEvent,Accapella,2014,DLTLLY,2014-09-07,https://www.youtube.com/watch?v=2_s20UfvW9E,2_s20UfvW9E,14913,battle,available
MR TONGUE TWISTER,BRIAN DAMAGE,could not identify event,Accapella,2014,DON'T FLOP,2014-09-03,https://www.youtube.com/watch?v=LCVkClBmSK0,LCVkClBmSK0,68926,battle,available
Fatcap,Doktor Dave,CoEvent,Accapella,2014,DLTLLY,2014-08-31,https://www.youtube.com/watch?v=5btIHEDh3Zg,5btIHEDh3Zg,41967,battle,available
MERLIN,RONI 87,BMCL,Accapella,2014,RAM,2014-08-29,https://www.youtube.com/watch?v=9YMIMdfVXII,9YMIMdfVXII,84361,battle,available
Happy Beckmann & 4tune,Petschino & Juskah,Splash #17,Accapella,2014,DLTLLY,2014-08-17,https://www.youtube.com/watch?v=gcvYmaoKYBs,gcvYmaoKYBs,330340,battle,available
Merlin,Gozpel,Splash 17,Accapella,2014,DLTLLY,2014-08-10,https://www.youtube.com/watch?v=X6Etme4mfyY,X6Etme4mfyY,140343,battle,available
Mighty P,MC Maik,EOW-Tour,Accapella,2014,DLTLLY,2014-08-07,https://www.youtube.com/watch?v=gGPgGMkU0vE,gGPgGMkU0vE,16697,battle,available
DuFF,Fresh Polakke,Splash 17,Accapella,2014,DLTLLY,2014-08-02,https://www.youtube.com/watch?v=KVL-ldGpFlw,KVL-ldGpFlw,208791,battle,available
Duzoe & Dollar John,Der Fischer & Johnny Medez,EOW-Tour,Accapella,2014,DLTLLY,2014-07-31,https://www.youtube.com/watch?v=0Dys8GpvON8,0Dys8GpvON8,95510,battle,available
Brian Damage + Philipp Quh,Mighty Mo + Nedal Nib,Splash 17,Accapella,2014,DLTLLY,2014-07-26,https://www.youtube.com/watch?v=0uyM6aRubkg,0uyM6aRubkg,123335,battle,available
Pille,MisterOneTake,EOW-Tour,Accapella,2014,DLTLLY,2014-07-24,https://www.youtube.com/watch?v=PK50fr4tGLE,PK50fr4tGLE,22342,battle,available
BDad,TWO,EOW-Tour,Accapella,2014,DLTLLY,2014-07-17,https://www.youtube.com/watch?v=NjZpYHJ97HQ,NjZpYHJ97HQ,18111,battle,available
Proton,Koozy,EOW-Tour,Accapella,2014,DLTLLY,2014-07-13,https://www.youtube.com/watch?v=4XKC8Ps7BgI,4XKC8Ps7BgI,26869,battle,available
Onkel Oktomusch & Die Zwetschke,DeeLah & MOH,EOW-Tour,Accapella,2014,DLTLLY,2014-07-10,https://www.youtube.com/watch?v=L5Euo3LtaoI,L5Euo3LtaoI,70871,battle,available
Buddi,Veedel Kaztro,EOW-Tour,Accapella,2014,DLTLLY,2014-06-29,https://www.youtube.com/watch?v=FJ_w_sSBM-4,FJ_w_sSBM-4,28595,battle,available
Mirko Fon,Kiddom,EOW-Tour,Accapella,2014,DLTLLY,2014-06-26,https://www.youtube.com/watch?v=UDoGf75NbeY,UDoGf75NbeY,9885,battle,available
Mighty Mo,Hansen,EOW-Tour,Accapella,2014,DLTLLY,2014-06-22,https://www.youtube.com/watch?v=Y5U4LUK-82o,Y5U4LUK-82o,183826,battle,available
Salo,Tanguy,München,Accapella,2014,DLTLLY,2014-06-19,https://www.youtube.com/watch?v=xCGvPBzwfHk,xCGvPBzwfHk,15064,battle,available
Seby Tone,Manny Blanco,München,Accapella,2014,DLTLLY,2014-06-15,https://www.youtube.com/watch?v=a5cH4acRj8I,a5cH4acRj8I,22985,battle,available
MIGHTY MO,FRESH POLAKKE,BMCL,Accapella,2014,RAM,2014-06-13,https://www.youtube.com/watch?v=1G5Vmet6MPE,1G5Vmet6MPE,849710,battle,available
Merlin,Trump,München,Accapella,2014,DLTLLY,2014-06-08,https://www.youtube.com/watch?v=cx87Qv4ZpMA,cx87Qv4ZpMA,50025,battle,available
Jack Dragon,Davie Jones,München,Accapella,2014,DLTLLY,2014-06-05,https://www.youtube.com/watch?v=cOl4rAK_Otc,cOl4rAK_Otc,32038,battle,available
Johnny Rakete,Philipp Quh,München,Accapella,2014,DLTLLY,2014-06-01,https://www.youtube.com/watch?v=rSc36pXcf1A,rSc36pXcf1A,86029,battle,available
P-ZAK,DEKZTER FRO,BMCL,Accapella,2014,RAM,2014-05-30,https://www.youtube.com/watch?v=2s8hiKZcZCM,2s8hiKZcZCM,92028,battle,available
SSYNIC,JACK DRAGON,BMCL,Accapella,2014,RAM,2014-05-16,https://www.youtube.com/watch?v=qz915i6DQ2Q,qz915i6DQ2Q,554187,battle,available
Nestor,Pirate,Berlin,Accapella,2014,DLTLLY,2014-05-11,https://www.youtube.com/watch?v=yqORBcs5UYY,yqORBcs5UYY,11629,battle,available
Nikiz,Doktor Dave,Berlin,Accapella,2014,DLTLLY,2014-04-27,https://www.youtube.com/watch?v=u5z_5j3cXK8,u5z_5j3cXK8,38885,battle,available
PILLE,GOZPEL,BMCL,Accapella,2014,RAM,2014-04-25,https://www.youtube.com/watch?v=lHq-Fzsr8Ac,lHq-Fzsr8Ac,243893,battle,available
Micky Worthless,Jean-Gough Frais,international,Accapella,2014,DLTLLY,2014-04-20,https://www.youtube.com/watch?v=OPLr7GGptLY,OPLr7GGptLY,13900,battle,available
George Midas,Der Fischer,Berlin,Accapella,2014,DLTLLY,2014-04-13,https://www.youtube.com/watch?v=YbkN0_nETaA,YbkN0_nETaA,52100,battle,available
RONI 87,KEX KUHL,BMCL,Accapella,2014,RAM,2014-04-11,https://www.youtube.com/watch?v=x482UpQJG4Y,x482UpQJG4Y,62801,battle,available
Brian Damage & Harry Crotch,Proton & Roni 87,Berlin,Accapella,2014,DLTLLY,2014-04-06,https://www.youtube.com/watch?v=yn7FJYKQC2Q,yn7FJYKQC2Q,98314,battle,available
MERLIN,MC MIRROR,BMCL,Accapella,2014,RAM,2014-03-28,https://www.youtube.com/watch?v=BKIfTyJF1lI,BKIfTyJF1lI,74002,battle,available
RV,MIGHTY P.,BMCL,Accapella,2014,RAM,2014-03-14,https://www.youtube.com/watch?v=9NjDEMuuDpU,9NjDEMuuDpU,76005,battle,available
Amah,Koozy,München,Accapella,2014,DLTLLY,2014-03-09,https://www.youtube.com/watch?v=HUKdpTiE85w,HUKdpTiE85w,35062,battle,available
LeeWun,Trump,München,Accapella,2014,DLTLLY,2014-03-02,https://www.youtube.com/watch?v=q0awwVA6XtE,q0awwVA6XtE,27497,battle,available
BRIAN DAMAGE,DROB DYNAMIC,BMCL,Accapella,2014,RAM,2014-02-28,https://www.youtube.com/watch?v=RjwrnfiUHOg,RjwrnfiUHOg,206231,battle,available
Harry Crotch,Jack Dragon,München,Accapella,2014,DLTLLY,2014-02-23,https://www.youtube.com/watch?v=vAwL9nL2Tws,vAwL9nL2Tws,24599,battle,available
Merlin,Mighty P,München,Accapella,2014,DLTLLY,2014-02-16,https://www.youtube.com/watch?v=pKPqvqAzf4Q,pKPqvqAzf4Q,103855,battle,available
KOOZY,MIGHTY MO,BMCL,Accapella,2014,RAM,2014-02-14,https://www.youtube.com/watch?v=D_aQnYfvCRA,D_aQnYfvCRA,150859,battle,available
Johnny Rakete,Duff,München,Accapella,2014,DLTLLY,2014-02-09,https://www.youtube.com/watch?v=fUvelVlxcPo,fUvelVlxcPo,104508,battle,available
Hansen,Presto,Berlin,Accapella,2013,DLTLLY,2014-01-26,https://www.youtube.com/watch?v=YFaEYJxVZ2E,YFaEYJxVZ2E,31210,battle,available
LE NERD,FRESH POLAKKE,BMCL,Accapella,2014,RAM,2014-01-24,https://www.youtube.com/watch?v=fJArtxDNhT4,fJArtxDNhT4,879189,battle,available
Zero2012,Der Fischer,Berlin,Accapella,2012,DLTLLY,2014-01-19,https://www.youtube.com/watch?v=01tb9snEcZY,01tb9snEcZY,19771,battle,available
Rino Mandingo,Breeze,Berlin,Accapella,2013,DLTLLY,2014-01-12,https://www.youtube.com/watch?v=WyB8pGBM6A8,WyB8pGBM6A8,52292,battle,available
MC Mirror,Proton,Berlin,Accapella,2013,DLTLLY,2014-01-05,https://www.youtube.com/watch?v=jQEEjiaNiiE,jQEEjiaNiiE,23652,battle,available
Mos Prob,Maniac,Berlin,Accapella,2013,DLTLLY,2013-12-29,https://www.youtube.com/watch?v=hY0tBCILguU,hY0tBCILguU,15252,battle,available
P-ZAK,IRON BASIC,BMCL,Accapella,2013,RAM,2013-12-27,https://www.youtube.com/watch?v=0qAUK-MG2eg,0qAUK-MG2eg,257448,battle,available
Brian Damage,Doktor Dave,Berlin,Accapella,2013,DLTLLY,2013-12-22,https://www.youtube.com/watch?v=XRyY1EePVF0,XRyY1EePVF0,91366,battle,available
TIERSTAR,GREGPIPE,BMCL,Accapella,2013,RAM,2013-12-14,https://www.youtube.com/watch?v=qSQBrHXWTOY,qSQBrHXWTOY,651670,battle,available
AMAH,MIGHTY P.,BMCL,Accapella,2013,RAM,2013-11-29,https://www.youtube.com/watch?v=pH9E5d8YsGk,pH9E5d8YsGk,73539,battle,available
SEPARATE,TAKT32,BMCL,Accapella,2013,RAM,2013-11-15,https://www.youtube.com/watch?v=qbbibKd189w,qbbibKd189w,246185,battle,available
LAAS UNLTD.,DROB DYNAMIC,BMCL,Accapella,2013,RAM,2013-10-25,https://www.youtube.com/watch?v=gVzPXJa4eTI,gVzPXJa4eTI,3123382,battle,available
Kizu,Trump,Berlin,Accapella,2013,DLTLLY,2013-10-20,https://www.youtube.com/watch?v=THhMAgBOcN8,THhMAgBOcN8,19426,battle,available
Doktor Dave,Jack Dragon,Berlin,Accapella,2013,DLTLLY,2013-10-13,https://www.youtube.com/watch?v=QB0ZXYSkZcw,QB0ZXYSkZcw,38036,battle,available
KOOZY,FATCAP,BMCL,Accapella,2013,RAM,2013-10-10,https://www.youtube.com/watch?v=_cSsd58nwnk,_cSsd58nwnk,96902,battle,available
Rob Really,Manekin Peace,Berlin,Accapella,2013,DLTLLY,2013-10-06,https://www.youtube.com/watch?v=7lUMhXH2ZgE,7lUMhXH2ZgE,10809,battle,available
Brian Damage,Mighty P,Berlin,Accapella,2013,DLTLLY,2013-09-29,https://www.youtube.com/watch?v=Z3a9iIjuFmc,Z3a9iIjuFmc,62534,battle,available
P-ZAK,BATTLEBOI BASTI,BMCL,Accapella,2013,RAM,2013-09-27,https://www.youtube.com/watch?v=6fAOSCXdMKM,6fAOSCXdMKM,1246059,battle,available
Hansen,Kurzer Prozess,Berlin,Accapella,2013,DLTLLY,2013-09-22,https://www.youtube.com/watch?v=8Ui9Bl4LCBg,8Ui9Bl4LCBg,89558,battle,available
TightamMic,Drob Dynamic,BMCL,Accapella,2013,RAM,2013-06-27,https://www.youtube.com/watch?v=HUIIteZgOEo,HUIIteZgOEo,137875,battle,available
P-Zak,Drob Dynamic,BMCL,Accapella,2013,RAM,2013-06-13,https://www.youtube.com/watch?v=V_c4iLEr7VI,V_c4iLEr7VI,107370,battle,available
Tierstar,Drob Dynamic,BMCL,Accapella,2013,RAM,2013-05-23,https://www.youtube.com/watch?v=3xIGQWw0yBc,3xIGQWw0yBc,76439,battle,available
Tierstar,P-Zak,BMCL,Accapella,2013,RAM,2013-05-09,https://www.youtube.com/watch?v=W3ARbDcTOgA,W3ARbDcTOgA,214986,battle,available
Le Nerd,P-Zak,BMCL,Accapella,2013,RAM,2013-04-25,https://www.youtube.com/watch?v=YR_hbQrJFBU,YR_hbQrJFBU,69101,battle,available
Percee,Le Nerd,BMCL,Accapella,2013,RAM,2013-04-11,https://www.youtube.com/watch?v=7s6PZzdv0wg,7s6PZzdv0wg,207688,battle,available
Karate Andi,Percee,BMCL,Accapella,2013,RAM,2013-03-28,https://www.youtube.com/watch?v=anmpoR_npR4,anmpoR_npR4,218756,battle,available
Karate Andi,Main Moe,BMCL,Accapella,2013,RAM,2013-03-14,https://www.youtube.com/watch?v=i-oMO81YD5E,i-oMO81YD5E,347603,battle,available
Mave,Karate Andi,BMCL,Accapella,2013,RAM,2013-02-28,https://www.youtube.com/watch?v=TxL9xYZoikE,TxL9xYZoikE,296422,battle,available
Karate Andi,Gier,BMCL,Accapella,2013,RAM,2013-01-25,https://www.youtube.com/watch?v=6J_YbVMq6Tc,6J_YbVMq6Tc,761064,battle,available
GIER,P-ZAK,BMCL,Accapella,2012,RAM,2012-12-25,https://www.youtube.com/watch?v=VDxMffxIK9w,VDxMffxIK9w,112128,battle,available
RV,P-ZAK,BMCL,Accapella,2012,RAM,2012-12-11,https://www.youtube.com/watch?v=ZMAmrXDKC2k,ZMAmrXDKC2k,57345,battle,available
P-ZAK,PAPI SCHLAUCH,BMCL,Accapella,2012,RAM,2012-11-27,https://www.youtube.com/watch?v=JOE65_7ANE4,JOE65_7ANE4,30543,battle,available
FATCAP,PAPI SCHLAUCH,BMCL,Accapella,2012,RAM,2012-11-13,https://www.youtube.com/watch?v=0HL7X1MoDC8,0HL7X1MoDC8,27470,battle,available
PAPI SCHLAUCH,MAIN MOE,BMCL,Accapella,2012,RAM,2012-10-23,https://www.youtube.com/watch?v=jCugjz2O7XA,jCugjz2O7XA,43157,battle,available
MAIN MOE,DER FISCHER,BMCL,Accapella,2012,RAM,2012-10-09,https://www.youtube.com/watch?v=szcQuWucbf8,szcQuWucbf8,43182,battle,available
GIER,MAIN MOE,BMCL,Accapella,2012,RAM,2012-06-12,https://www.youtube.com/watch?v=0IoJTI3ijBw,0IoJTI3ijBw,149846,battle,available
MAIN MOE,ATZENKALLE,BMCL,Accapella,2012,RAM,2012-05-22,https://www.youtube.com/watch?v=xHaX18xKgAg,xHaX18xKgAg,275704,battle,available
TIERSTAR,MAIN MOE,BMCL,Accapella,2012,RAM,2012-04-24,https://www.youtube.com/watch?v=7vV91Bdl96U,7vV91Bdl96U,83416,battle,available
FATCAP,MAIN MOE,BMCL,Accapella,2012,RAM,2012-04-10,https://www.youtube.com/watch?v=gGuK4lK76oU,gGuK4lK76oU,68184,battle,available
MAIN MOE,TIGHTAMMIC,BMCL,Accapella,2012,RAM,2012-03-27,https://www.youtube.com/watch?v=WgyEvY6d55g,WgyEvY6d55g,56548,battle,available
PAPI SCHLAUCH,ATZENKALLE,BMCL,Accapella,2012,RAM,2012-02-21,https://www.youtube.com/watch?v=3P2OojCc83A,3P2OojCc83A,275203,battle,available
ATZENKALLE,P-ZAK,BMCL,Accapella,2012,RAM,2012-02-07,https://www.youtube.com/watch?v=1RlrFmJgUb0,1RlrFmJgUb0,384316,battle,available
P-ZAK,FATCAP,BMCL,Accapella,2012,RAM,2012-01-24,https://www.youtube.com/watch?v=TXgYqbhPZbw,TXgYqbhPZbw,41202,battle,available
ATZENKALLE,FATCAP,BMCL,Accapella,2012,RAM,2012-01-10,https://www.youtube.com/watch?v=3_WNGbYAEGM,3_WNGbYAEGM,169670,battle,available
NESTOR,PRESTO,BMCL,Accapella,2011,RAM,2011-12-13,https://www.youtube.com/watch?v=7Id8LsNORpA,7Id8LsNORpA,18358,battle,available
PRESTO,TIGHTAMMIC,BMCL,Accapella,2011,RAM,2011-11-22,https://www.youtube.com/watch?v=_zciyRJMT4I,_zciyRJMT4I,48375,battle,available
TIGHTAMMIC,FATCAP,BMCL,Accapella,2011,RAM,2011-11-08,https://www.youtube.com/watch?v=LTgCb1EIASk,LTgCb1EIASk,42798,battle,available
P-ZAK,FATCAP,BMCL,Accapella,2011,RAM,2011-10-25,https://www.youtube.com/watch?v=NpQ5PfavOr4,NpQ5PfavOr4,38379,battle,available
FATCAP,MAIN MOE,BMCL,Accapella,2011,RAM,2011-10-11,https://www.youtube.com/watch?v=6ygV5kXXpOY,6ygV5kXXpOY,47725,battle,available
MAIN MOE,GIER,BMCL,Accapella,2011,RAM,2011-09-27,https://www.youtube.com/watch?v=j851KMaKDyA,j851KMaKDyA,95717,battle,available
GIER,TIERSTAR,BMCL,Accapella,2011,RAM,2011-06-21,https://www.youtube.com/watch?v=2XkODGxWvfE,2XkODGxWvfE,147255,battle,available
GIER,JUSE JU,BMCL,Accapella,2011,RAM,2011-06-07,https://www.youtube.com/watch?v=1DyxMMREZ_s,1DyxMMREZ_s,66982,battle,available
GIER,PIRATE,BMCL,Accapella,2011,RAM,2011-05-10,https://www.youtube.com/watch?v=rLsM528iCvI,rLsM528iCvI,40783,battle,available
FURIOUS,TIERSTAR,BMCL,Accapella,2011,RAM,2011-04-12,https://www.youtube.com/watch?v=V7xmt7en-NU,V7xmt7en-NU,28045,battle,available
P-ZAK,TIERSTAR,BMCL,Accapella,2011,RAM,2011-03-22,https://www.youtube.com/watch?v=ZVXJ36hbgRs,ZVXJ36hbgRs,45491,battle,available
P-ZAK,TIERSTAR,BMCL,Accapella,2011,RAM,2011-01-12,https://www.youtube.com/watch?v=tNLkPJU_3Hc,tNLkPJU_3Hc,70464,battle,available
Tierstar,Gier,BMCL,Accapella,2010,RAM,2010-11-12,https://www.youtube.com/watch?v=Jx2HyJUI7UQ,Jx2HyJUI7UQ,59000,battle,available
Tierstar,Gier,BMCL,Accapella,2010,RAM,2010-11-11,https://www.youtube.com/watch?v=wOsC6Irs9EY,wOsC6Irs9EY,33248,battle,available
Noize,Gier,BMCL,Accapella,2010,RAM,2010-10-29,https://www.youtube.com/watch?v=ibeHNtp8Qi4,ibeHNtp8Qi4,25725,battle,available
Noize,Gier,BMCL,Accapella,2010,RAM,2010-10-29,https://www.youtube.com/watch?v=g65YfSomyZg,g65YfSomyZg,42010,battle,available
