Name #1,Name #2,Event,Type,Year,Channel,Uploaded,URL,ID,Views
Ssynic,PA Sports,Out Now #,Accapella,2026,DLTLLY,2026-10-04,https://www.youtube.com/watch?v=DhYYYeVJ8RU,DhYYYeVJ8RU,18252
PA SPORTS,SSYNIC,  BDay 13,Accapella,2026,DLTLLY,2026-10-04,https://www.youtube.com/watch?v=5XeO9CDpv8s,5XeO9CDpv8s,1056289
DESPO,YUMI,RAP BATTLE,Accapella,2026,FOB,2026-10-04,https://www.youtube.com/watch?v=PfjVgJUet-I,PfjVgJUet-I,6941
PA SPORTS,SSYNIC,Das Interview zum Battle BDay 13,Accapella,2026,DLTLLY,2026-10-04,https://www.youtube.com/watch?v=K92Gh3gC5M8,K92Gh3gC5M8,239166
SIZYPHOS,MIKESH,INTERVIEW,Accapella,2026,FOB,2026-10-02,https://www.youtube.com/watch?v=Z0M-8X6wyeU,Z0M-8X6wyeU,31830
Morgana & Shizu,Cashus K & Mazzikaner,2on2   München,On Beat,2026,DLTLLY,2026-10-01,https://www.youtube.com/watch?v=Z427fU4jRgA,Z427fU4jRgA,13654
Haszcara,Faivel,  Splash ´26,On Beat,2026,DLTLLY,2026-09-29,https://www.youtube.com/watch?v=epza8e0NCw0,epza8e0NCw0,14956
PHASENKIND,YUAH,INTERVIEW,Accapella,2026,FOB,2026-09-29,https://www.youtube.com/watch?v=1cj6VstWk08,1cj6VstWk08,4456
PHASENKIND,YUAH,RAP BATTLE,Accapella,2026,FOB,2026-09-29,https://www.youtube.com/watch?v=Nmt67cqH7YM,Nmt67cqH7YM,30971
Yarambo,Bdad,  München,Accapella,2026,DLTLLY,2026-09-27,https://www.youtube.com/watch?v=dnRNrxgxNWM,dnRNrxgxNWM,93034
Yarambo,Bdad,Das Interview zum Battle München,Accapella,2026,DLTLLY,2026-09-27,https://www.youtube.com/watch?v=XcwDDCughrk,XcwDDCughrk,14727
MIKESH,SIZYPHOS,RAP BATTLE,Accapella,2026,FOB,2026-09-26,https://www.youtube.com/watch?v=-DTi_KButbQ,-DTi_KButbQ,158814
KITANA,WOLFF,INTERVIEW,Accapella,2026,FOB,2026-09-25,https://www.youtube.com/watch?v=ZKq782PlY6s,ZKq782PlY6s,25434
KAZRAEL,H1,FACE-OFF,Accapella,2026,FOB,2026-09-24,https://www.youtube.com/watch?v=pDeZgX14aLU,pDeZgX14aLU,4678.0
Joseph Steinschleuder,Niza,  München,Accapella,2026,DLTLLY,2026-09-20,https://www.youtube.com/watch?v=L1P2iNzFgk8,L1P2iNzFgk8,52787
Joseph Steinschleuder,Niza,Das Interview zum Battle München,Accapella,2026,DLTLLY,2026-09-20,https://www.youtube.com/watch?v=uynqumUoKWs,uynqumUoKWs,11712
HERR SÖREN,FLIMMER,RAP BATTLE,Accapella,2026,FOB,2026-09-18,https://www.youtube.com/watch?v=Whqrd-VxEOw,Whqrd-VxEOw,12980.0
Mighty P,Pusha,  Splash ´26,On Beat,2026,DLTLLY,2026-09-17,https://www.youtube.com/watch?v=LTW6bwfUSJ4,LTW6bwfUSJ4,20933
L-SUPREMA,ZATO,RAP BATTLE,Accapella,2026,FOB,2026-09-17,https://www.youtube.com/watch?v=qPugGiQc2q8,qPugGiQc2q8,Unknown
ENYO,TAREK,RAP BATTLE,Accapella,2026,FOB,2026-09-15,https://www.youtube.com/watch?v=HLlDSLiflR4,HLlDSLiflR4,Unknown
DER SANDMANN,WANDELBARZ,RAP BATTLE,Accapella,2026,FOB,2026-09-15,https://www.youtube.com/watch?v=LVMQdEgyG2A,LVMQdEgyG2A,Unknown
CALLI,FAIVEL,RAP BATTLE,Accapella,2026,FOB,2026-09-15,https://www.youtube.com/watch?v=oeNCc4KUSPM,oeNCc4KUSPM,Unknown
HARDRADA - ONE ROUNDER (,APATUAL),RAP BATTLE,Accapella,2026,FOB,2026-09-15,https://www.youtube.com/watch?v=JPuXijwxHSo,JPuXijwxHSo,Unknown
LEROU,VETO,RAP BATTLE,Accapella,2026,FOB,2026-09-15,https://www.youtube.com/watch?v=TPKcgVGSf2Y,TPKcgVGSf2Y,Unknown
CAPTAIN SÄGE,ZOLA,RAP BATTLE,Accapella,2026,FOB,2026-09-15,https://www.youtube.com/watch?v=2AOHE79_6Og,2AOHE79_6Og,Unknown
GERRO,MUSIO,RAP BATTLE,Accapella,2026,FOB,2026-09-15,https://www.youtube.com/watch?v=N0jberfOjcc,N0jberfOjcc,Unknown
LYLYTH,LONZO,RAP BATTLE,Accapella,2026,FOB,2026-09-15,https://www.youtube.com/watch?v=fI-tfwo8Q3A,fI-tfwo8Q3A,Unknown
WALTER DER G,RIESENLAUCH,RAP BATTLE,Accapella,2026,FOB,2026-09-15,https://www.youtube.com/watch?v=enJ2ErrrlT0,enJ2ErrrlT0,Unknown
FYNN,FATE,RAP BATTLE,Accapella,2026,FOB,2026-09-15,https://www.youtube.com/watch?v=ZG6bLe52I4M,ZG6bLe52I4M,Unknown
H1,KAZRAEL,RAP BATTLE,Accapella,2026,FOB,2026-09-15,https://www.youtube.com/watch?v=ivpY6cy2A9k,ivpY6cy2A9k,Unknown
CASHUS K,VON FELIX,RAP BATTLE,Accapella,2026,FOB,2026-09-15,https://www.youtube.com/watch?v=OlTbg-M33F4,OlTbg-M33F4,Unknown
Zeuge,Riesenlauch,  München,Accapella,2026,DLTLLY,2026-09-13,https://www.youtube.com/watch?v=FbxfJFvinzY,FbxfJFvinzY,32433.0
BONG TEGGY,NATIF,FACE-OFF,Accapella,2026,FOB,2026-09-12,https://www.youtube.com/watch?v=sp0neWkCrjM,sp0neWkCrjM,33581.0
BAULT,RIESENLAUCH,INTERVIEW,Accapella,2026,FOB,2026-09-11,https://www.youtube.com/watch?v=A56HSbCY_mI,A56HSbCY_mI,5275.0
BAULT,RIESENLAUCH,RAP BATTLE,Accapella,2026,FOB,2026-09-08,https://www.youtube.com/watch?v=Hf_t30pOxIE,Hf_t30pOxIE,40966
YUAH,NASTIC,GAMESCOM RAP BATTLE,Accapella,2026,FOB,2026-09-08,https://www.youtube.com/watch?v=qvRk6YZIIac,qvRk6YZIIac,12919
SAM SOULJAH,PAROSE,RAP BATTLE,Accapella,2026,FOB,2026-09-07,https://www.youtube.com/watch?v=K_-_Q-eCNTk,K_-_Q-eCNTk,Unknown
Gerro,Enyo,  München,Accapella,2026,DLTLLY,2026-09-06,https://www.youtube.com/watch?v=G9dK5hjg_yY,G9dK5hjg_yY,41912.0
VYRUS,TICC,INTERVIEW,Accapella,2026,FOB,2026-09-04,https://www.youtube.com/watch?v=vgmgdw-C548,vgmgdw-C548,14661.0
TICC,VYRUS,RAP BATTLE,Accapella,2026,FOB,2026-09-04,https://www.youtube.com/watch?v=MqZWgbXxUXM,MqZWgbXxUXM,174131.0
Tamarillo,Mordrake,   Overload,On Beat,2026,DLTLLY,2026-09-01,https://www.youtube.com/watch?v=P9e9rqq-MZ8,P9e9rqq-MZ8,24868.0
PA SPORTS,SSYNIC,Die Pressekonferenz vor dem Battle,Accapella,2026,DLTLLY,2026-09-01,https://www.youtube.com/watch?v=V9CpAMI6rG4,V9CpAMI6rG4,212936.0
N&#39;antinein,Shizu,  München,Accapella,2026,DLTLLY,2026-08-30,https://www.youtube.com/watch?v=UX-ougxtVA4,UX-ougxtVA4,28233.0
PA SPORTS,SSYNIC,EXTENDED TRAILER,Accapella,2026,DLTLLY,2026-08-29,https://www.youtube.com/watch?v=WDa_44Ex1d4,WDa_44Ex1d4,221683.0
JOSEPH STEINSCHLEUDER,JIZI,INTERVIEW,Accapella,2026,FOB,2026-08-28,https://www.youtube.com/watch?v=GCbBPX6U8Uw,GCbBPX6U8Uw,15683.0
Lex177,AMS,   Overload,On Beat,2026,DLTLLY,2026-08-27,https://www.youtube.com/watch?v=KinnuU4vtyg,KinnuU4vtyg,17784.0
Neilz & Veto,Fynn & Faivel,2on2  München,Accapella,2026,DLTLLY,2026-08-23,https://www.youtube.com/watch?v=w6cctGAqO_U,w6cctGAqO_U,41198.0
FYNN,TICC,BATTLERAP QUIZ,Accapella,2026,FOB,2026-08-23,https://www.youtube.com/watch?v=g-6YPMNcbfM,g-6YPMNcbfM,5038.0
WOLFF,KITANA,RAP BATTLE,Accapella,2026,FOB,2026-08-23,https://www.youtube.com/watch?v=LAiHiEcKpic,LAiHiEcKpic,83594
JOSEPH STEINSCHLEUDER,JIZI,RAP BATTLE,Accapella,2026,FOB,2026-08-21,https://www.youtube.com/watch?v=OWjZ1rKUdY4,OWjZ1rKUdY4,148955.0
JÄL,MZUDEMK,INTERVIEW,Accapella,2026,FOB,2026-08-21,https://www.youtube.com/watch?v=dc94LS1h-WY,dc94LS1h-WY,19736.0
Fate,Zato,   Overload,On Beat,2026,DLTLLY,2026-08-20,https://www.youtube.com/watch?v=rNW-pKZctes,rNW-pKZctes,12629.0
JÄL,MZUDEMK,RAP BATTLE,Accapella,2026,FOB,2026-08-18,https://www.youtube.com/watch?v=FGEuFL7pC9s,FGEuFL7pC9s,86041.0
Yuah,MzudemK,Das Interview zum Battle,Accapella,2026,DLTLLY,2026-08-16,https://www.youtube.com/watch?v=1TryIt4Ifp8,1TryIt4Ifp8,38798.0
Yuah,MzudemK,  AufTakt Turnier Halbfinale,On Beat,2026,DLTLLY,2026-08-16,https://www.youtube.com/watch?v=qrrxkFWXwtU,qrrxkFWXwtU,274477.0
BUNGEE,SA7VA,RAP BATTLE,Accapella,2026,FOB,2026-08-14,https://www.youtube.com/watch?v=YTYh1Rv79mA,YTYh1Rv79mA,4090.0
Clockwork,Nema,   Overload,On Beat,2026,DLTLLY,2026-08-13,https://www.youtube.com/watch?v=Fk3ydkKihFQ,Fk3ydkKihFQ,5187.0
Requiem,Kitana,Das Interview zum Battle,Accapella,2026,DLTLLY,2026-08-09,https://www.youtube.com/watch?v=GZSS71EMh58,GZSS71EMh58,16339.0
Requiem,Kitana,  AufTakt Turnier Halbfinale,On Beat,2026,DLTLLY,2026-08-09,https://www.youtube.com/watch?v=pk96wkqBBuE,pk96wkqBBuE,86679.0
SIRG,CAPTAIN SÄGE,RAP BATTLE,Accapella,2026,FOB,2026-08-07,https://www.youtube.com/watch?v=XR9HTuOpnKI,XR9HTuOpnKI,5663.0
Stylz,Dr. Docs,   Overload,On Beat,2026,DLTLLY,2026-08-06,https://www.youtube.com/watch?v=JatKpzj7LbY,JatKpzj7LbY,5891.0
Nasty,Shate,   Overload,On Beat,2026,DLTLLY,2026-08-04,https://www.youtube.com/watch?v=THPglEVRglU,THPglEVRglU,6003.0
ALEX STOLDT,YORICK THIEDE,BATTLERAP QUIZ,Accapella,2026,FOB,2026-08-04,https://www.youtube.com/watch?v=K4wIut76wLw,K4wIut76wLw,16608.0
MC Geuner,Fynn,  One Night Stand Hannover,Accapella,2026,DLTLLY,2026-08-02,https://www.youtube.com/watch?v=FxgfvgO9ILU,FxgfvgO9ILU,29369.0
KIRUMA,REQUIEM,INTERVIEW,Accapella,2026,FOB,2026-07-31,https://www.youtube.com/watch?v=aPWbAJYxabw,aPWbAJYxabw,5054.0
2ocke,L-Suprema,   Overload,On Beat,2026,DLTLLY,2026-07-30,https://www.youtube.com/watch?v=5fKmuXggZpM,5fKmuXggZpM,25668.0
NEILZ,CRAZE,BATTLERAP QUIZ,Accapella,2026,FOB,2026-07-29,https://www.youtube.com/watch?v=MrcnKD4pPII,MrcnKD4pPII,8605.0
Neilz,Joseph Steinschleuder,  MAYhem 9,Accapella,2026,DLTLLY,2026-07-26,https://www.youtube.com/watch?v=8OAbSNVmNlI,8OAbSNVmNlI,98589.0
ŌKAMI,CAPTAIN SÄGE,BEATBOX BATTLE,Accapella,2026,FOB,2026-07-24,https://www.youtube.com/watch?v=ZAx7kqWMKjM,ZAx7kqWMKjM,4093.0
BertlB,Filo,   Overload,On Beat,2026,DLTLLY,2026-07-21,https://www.youtube.com/watch?v=GhJs4ayqtlY,GhJs4ayqtlY,6657.0
REQUIEM,KIRUMA,RAP BATTLE,Accapella,2026,FOB,2026-07-19,https://www.youtube.com/watch?v=4sh65wui_Co,4sh65wui_Co,48277.0
ZEPTAH,DJIBY,RAP BATTLE,Accapella,2026,FOB,2026-07-14,https://www.youtube.com/watch?v=3GsM6N3FcUM,3GsM6N3FcUM,9195
Shortworth,Kid Soldier,  MAYhem 9,Accapella,2026,DLTLLY,2026-07-12,https://www.youtube.com/watch?v=B5s6Oqz0VQM,B5s6Oqz0VQM,42754.0
Hiding John,Kato,Das Interview zum Battle,Accapella,2026,DLTLLY,2026-07-05,https://www.youtube.com/watch?v=Zk-tZ5JkFac,Zk-tZ5JkFac,28235.0
HIDING JOHN,KATO,🏆 Titlematch 🏆 2026 MAYhem 9,Accapella,2026,DLTLLY,2026-07-05,https://www.youtube.com/watch?v=FbnEx-taxzE,FbnEx-taxzE,135521.0
FAIVEL,MILO,RAP BATTLE,Accapella,2026,FOB,2026-07-03,https://www.youtube.com/watch?v=7HnahEogrrU,7HnahEogrrU,4021.0
PA SPORTS,???,Matchup Reveal,Accapella,2026,DLTLLY,2026-06-30,https://www.youtube.com/watch?v=GacefTqdX9Q,GacefTqdX9Q,84023.0
Bdad,Bong Teggy,Das Interview zum Battle One Night Stand Hannover,Accapella,2026,DLTLLY,2026-06-28,https://www.youtube.com/watch?v=_WUzp_nt6SI,_WUzp_nt6SI,19356.0
Bdad,Bong Teggy,  One Night Stand Hannover,Accapella,2026,DLTLLY,2026-06-28,https://www.youtube.com/watch?v=6iPV29ICcvY,6iPV29ICcvY,126164.0
BAULT,RIESENLAUCH,RAP BATTLE,Accapella,2026,FOB,2026-06-26,https://www.youtube.com/watch?v=KzRrewkoXjI,KzRrewkoXjI,
MIKESH,SIZYPHOS,RAP BATTLE,Accapella,2026,FOB,2026-06-26,https://www.youtube.com/watch?v=hu0oYcTUOVY,hu0oYcTUOVY,
BATTLERAP GERTI,F!O,RAP BATTLE,Accapella,2026,FOB,2026-06-24,https://www.youtube.com/watch?v=gf0fM4bPxrk,gf0fM4bPxrk,13905
Onkel Oktomusch,Jizi,  One Night Stand Hannover,Accapella,2026,DLTLLY,2026-06-21,https://www.youtube.com/watch?v=K8Cz4FHQYE0,K8Cz4FHQYE0,50708.0
Bault,Kriso,  One Night Stand Hannover,Accapella,2026,DLTLLY,2026-06-18,https://www.youtube.com/watch?v=wgpHn5IV4Ok,wgpHn5IV4Ok,14832.0
Schote,Lucs,  Stuttgart,On Beat,2026,DLTLLY,2026-06-16,https://www.youtube.com/watch?v=ejqd2c-fPuc,ejqd2c-fPuc,13660.0
Vyrus,Davie Jones,  One Night Stand Hannover,Accapella,2026,DLTLLY,2026-06-14,https://www.youtube.com/watch?v=sL8zsLGBnpg,sL8zsLGBnpg,62502.0
Vyrus,Davie Jones,Das Interview zum Battle One Night Stand Hannover,Accapella,2026,DLTLLY,2026-06-14,https://www.youtube.com/watch?v=qcgfwnvNCb4,qcgfwnvNCb4,5106.0
Wolff,Karkobi,  Stuttgart,Accapella,2026,DLTLLY,2026-06-07,https://www.youtube.com/watch?v=LWug3_KKfq8,LWug3_KKfq8,43621.0
RIESENLAUCH,BAULT,FACE-OFF,Accapella,2026,FOB,2026-06-07,https://www.youtube.com/watch?v=oeoN1BPA2jc,oeoN1BPA2jc,3495.0
Wolff,Karkobi,Das Interview zum Battle Stuttgart,Accapella,2026,DLTLLY,2026-06-07,https://www.youtube.com/watch?v=KSOeIX1ebvA,KSOeIX1ebvA,5497.0
Phasenkind,Requiem,  AufTakt Turnier Viertelfinale,On Beat,2026,DLTLLY,2026-06-04,https://www.youtube.com/watch?v=UJ8mDq0AL2g,UJ8mDq0AL2g,42074.0
KITANA,WOLFF,FACE-OFF,Accapella,2026,FOB,2026-05-31,https://www.youtube.com/watch?v=aLwVHJV0fbU,aLwVHJV0fbU,18367.0
BX,Jäl,  Stuttgart,Accapella,2026,DLTLLY,2026-05-31,https://www.youtube.com/watch?v=xEvCsDglOzY,xEvCsDglOzY,13889.0
Kitana,Liuz,  AufTakt Turnier Viertelfinale,On Beat,2026,DLTLLY,2026-05-28,https://www.youtube.com/watch?v=2SWOJoAL_eo,2SWOJoAL_eo,53860.0
MZUDEMK,JÄL,FACE-OFF,Accapella,2026,FOB,2026-05-24,https://www.youtube.com/watch?v=RVKuk3aPKtk,RVKuk3aPKtk,17592.0
Burst + T-Way,Baretta + Valik,2on2  Stuttgart,Accapella,2026,DLTLLY,2026-05-24,https://www.youtube.com/watch?v=r_VnKhLvPLE,r_VnKhLvPLE,9147.0
NASTIC,VETO,RAP BATTLE,Accapella,2026,FOB,2026-05-24,https://www.youtube.com/watch?v=t6TA-2CstgY,t6TA-2CstgY,6172.0
Shortworth,Kid Soldier,Battlerap.de,Accapella,2026,DLTLLY,2026-05-22,https://www.youtube.com/watch?v=HwwG26qxNVE,HwwG26qxNVE,9885.0
Hiding John,Kato,Battlerap.de,Accapella,2026,DLTLLY,2026-05-22,https://www.youtube.com/watch?v=XFWQxZKp2Js,XFWQxZKp2Js,36077.0
AMS,KARKOBI,RAP BATTLE,Accapella,2026,FOB,2026-05-22,https://www.youtube.com/watch?v=ZKuC5GjmQgE,ZKuC5GjmQgE,18080.0
Real Deal,Marlo,Battlerap.de,Accapella,2026,DLTLLY,2026-05-22,https://www.youtube.com/watch?v=SWGILQ1S7kM,SWGILQ1S7kM,14297.0
Neilz,Joseph Steinschleuder,Battlerap.de,Accapella,2026,DLTLLY,2026-05-22,https://www.youtube.com/watch?v=HoBsRdYeJrk,HoBsRdYeJrk,26684.0
Yuah,Aladin,  AufTakt Turnier Viertelfinale,On Beat,2026,DLTLLY,2026-05-21,https://www.youtube.com/watch?v=lW-orRYSMn4,lW-orRYSMn4,29395.0
MECHTHILD,GENEROUSISI,RAP BATTLE,Accapella,2026,FOB,2026-05-20,https://www.youtube.com/watch?v=8dCkX2KFzHg,8dCkX2KFzHg,2948.0
MC GEUNER,BAULT,RAP BATTLE,Accapella,2026,FOB,2026-05-17,https://www.youtube.com/watch?v=TsKszFVq5rQ,TsKszFVq5rQ,16949.0
YOUNG KENNEDY,DER SANDMANN,RAP BATTLE,Accapella,2026,FOB,2026-05-17,https://www.youtube.com/watch?v=m4-hFITahgM,m4-hFITahgM,8298.0
SA7VA,TOBO,RAP BATTLE,Accapella,2026,FOB,2026-05-17,https://www.youtube.com/watch?v=gmnLJAOAZgk,gmnLJAOAZgk,3715.0
FYNN,WANDELBARZ,RAP BATTLE,Accapella,2026,FOB,2026-05-17,https://www.youtube.com/watch?v=__M8b36irRg,__M8b36irRg,17945.0
BDAD,NEILZ,RAP BATTLE,Accapella,2026,FOB,2026-05-17,https://www.youtube.com/watch?v=B17aVZQSv0s,B17aVZQSv0s,44868.0
Niza + Karma,Ryko + LuckyLily,Das Interview zum Battle,Accapella,2026,DLTLLY,2026-05-17,https://www.youtube.com/watch?v=okfrjaroqdY,okfrjaroqdY,17238.0
Niza + Karma,Ryko + LuckyLily,2on2  Frankfurt,Accapella,2026,DLTLLY,2026-05-17,https://www.youtube.com/watch?v=-72s30AKbkY,-72s30AKbkY,100291.0
Andres Kaliba,MzudemK,  AufTakt Turnier Viertelfinale,On Beat,2026,DLTLLY,2026-05-14,https://www.youtube.com/watch?v=aNn9ez8LvT8,aNn9ez8LvT8,138185.0
STYLZ,LAVANDIA,RAP BATTLE,Accapella,2026,FOB,2026-05-12,https://www.youtube.com/watch?v=udRBn6CgHPM,udRBn6CgHPM,2146.0
Mikesh,Kato,  Frankfurt,Accapella,2026,DLTLLY,2026-05-10,https://www.youtube.com/watch?v=piqxjN77la8,piqxjN77la8,144127.0
Mikesh,Kato,Das Interview zum Battle,Accapella,2026,DLTLLY,2026-05-10,https://www.youtube.com/watch?v=52EI0IaValk,52EI0IaValk,25901.0
FYNN,HARLEM T,RAP BATTLE,Accapella,2026,FOB,2026-05-08,https://www.youtube.com/watch?v=CyB2-D2_7JQ,CyB2-D2_7JQ,11502.0
Tao,Lavas,  Proving Grounds  Only 2025,On Beat,2025,DLTLLY,2026-05-05,https://www.youtube.com/watch?v=3Bl_imkNaS4,3Bl_imkNaS4,12137.0
Gregpipe + Patrick Enemy,Ano-nym + Karkobi,2on2  Frankfurt,Accapella,2026,DLTLLY,2026-05-03,https://www.youtube.com/watch?v=2n-m5WBeBcg,2n-m5WBeBcg,92694.0
Gregpipe + Patrick Enemy,Ano-nym + Karkobi,Das Interview zum Battle,Accapella,2026,DLTLLY,2026-05-03,https://www.youtube.com/watch?v=31wUPlvyB50,31wUPlvyB50,14056.0
TEACH,JEPAIN,RAP BATTLE,Accapella,2026,FOB,2026-05-01,https://www.youtube.com/watch?v=xcwMwQtWUIU,xcwMwQtWUIU,3723.0
Yumi,Lyt,  Proving Grounds  Only 2025,On Beat,2025,DLTLLY,2026-04-30,https://www.youtube.com/watch?v=ciHXMFAoN-o,ciHXMFAoN-o,7300.0
Rool,Malik,  Proving Grounds,Accapella,2026,DLTLLY,2026-04-28,https://www.youtube.com/watch?v=4JL8V9Pt50A,4JL8V9Pt50A,5710.0
Karanova,Meidi,Das Interview zum Battle,Accapella,2026,DLTLLY,2026-04-26,https://www.youtube.com/watch?v=pO_MEo9fCwA,pO_MEo9fCwA,15312.0
Karanova,Meidi,  Frankfurt,Accapella,2026,DLTLLY,2026-04-26,https://www.youtube.com/watch?v=jaONe5sI0HE,jaONe5sI0HE,101280.0
MUSIO,DER SANDMANN,RAP BATTLE,Accapella,2026,FOB,2026-04-24,https://www.youtube.com/watch?v=SAXHRzyTTSY,SAXHRzyTTSY,5997.0
Maxman,Pusha,  Proving Grounds  Only 2025,On Beat,2025,DLTLLY,2026-04-23,https://www.youtube.com/watch?v=nqRPp2OhT5E,nqRPp2OhT5E,4963.0
Big Lion,Nour,  Proving Grounds,Accapella,2026,DLTLLY,2026-04-21,https://www.youtube.com/watch?v=8NaMnrNKzVo,8NaMnrNKzVo,7116.0
Fate,Young Kennedy,  Frankfurt,Accapella,2026,DLTLLY,2026-04-19,https://www.youtube.com/watch?v=9yw56D1lhcY,9yw56D1lhcY,15745.0
TEACH,RIESENLAUCH,RAP BATTLE,Accapella,2026,FOB,2026-04-17,https://www.youtube.com/watch?v=lDF9dH1LFXw,lDF9dH1LFXw,6629.0
Stormy,FEEL.ikx,  Proving Grounds  Only 2025,On Beat,2025,DLTLLY,2026-04-16,https://www.youtube.com/watch?v=6lUlDGvcq8U,6lUlDGvcq8U,4410.0
Der Sergeant,Mazzikaner,  Proving Grounds  Only 2025,On Beat,2025,DLTLLY,2026-04-14,https://www.youtube.com/watch?v=oNawmdGv6_c,oNawmdGv6_c,7440.0
VYRUS,AYTEE,🏆 ON BEAT TITLE MATCH 2026 🏆,On Beat,2026,DLTLLY,2026-04-12,https://www.youtube.com/watch?v=vizVXmWnlRM,vizVXmWnlRM,200535.0
Vyrus,Aytee,Interview zum Battle Berlin &#39;26,Accapella,2026,DLTLLY,2026-04-12,https://www.youtube.com/watch?v=2hvdEHwSlfI,2hvdEHwSlfI,24149.0
TAREK,LYT,RAP BATTLE,Accapella,2026,FOB,2026-04-10,https://www.youtube.com/watch?v=fIaTUgqGShM,fIaTUgqGShM,3403.0
Broody,Ottik,  Proving Grounds,Accapella,2026,DLTLLY,2026-04-09,https://www.youtube.com/watch?v=pMpOA6WncXk,pMpOA6WncXk,7380.0
Jepain,Capco Jones,  Kassel 2026,Accapella,2026,DLTLLY,2026-04-05,https://www.youtube.com/watch?v=xTFdaGQmQQI,xTFdaGQmQQI,8481.0
DARKI,DOPA MANOR,RAP BATTLE,Accapella,2026,FOB,2026-04-03,https://www.youtube.com/watch?v=mYu6hRlxOqo,mYu6hRlxOqo,3638.0
Jilly,Tao,  Proving Grounds,Accapella,2026,DLTLLY,2026-04-02,https://www.youtube.com/watch?v=EdO7RtrbH0g,EdO7RtrbH0g,8105.0
MC Gefühle,Roger Rapperer,  Zürich,Accapella,2026,DLTLLY,2026-03-31,https://www.youtube.com/watch?v=s_mAiyK4VC4,s_mAiyK4VC4,6498.0
Neilz,Indoor Stan,  Kassel 2026,Accapella,2026,DLTLLY,2026-03-29,https://www.youtube.com/watch?v=jfV8k2d7IKs,jfV8k2d7IKs,52324.0
GERRO,FYNN,RAP BATTLE,Accapella,2026,FOB,2026-03-27,https://www.youtube.com/watch?v=ByKkUYVQTUg,ByKkUYVQTUg,8364.0
LAB,24Dias,  Zürich,Accapella,2026,DLTLLY,2026-03-26,https://www.youtube.com/watch?v=2qfsQ-xhVeo,2qfsQ-xhVeo,4981.0
OREGANO,DANNY DEADWEIGHT,RAP BATTLE,Accapella,2026,FOB,2026-03-23,https://www.youtube.com/watch?v=pKNO2GcnXLY,pKNO2GcnXLY,37252.0
Yuah,Ticc,  AufTakt Turnier Achtelfinale,On Beat,2026,DLTLLY,2026-03-22,https://www.youtube.com/watch?v=qbtd7vypKFs,qbtd7vypKFs,71257.0
PHASENKIND,CALLI,RAP BATTLE,Accapella,2026,FOB,2026-03-20,https://www.youtube.com/watch?v=jP7NNrIsUok,jP7NNrIsUok,25729.0
Shorteh Taunton,Phasenkind,  AufTakt Turnier Achtelfinale,On Beat,2026,DLTLLY,2026-03-19,https://www.youtube.com/watch?v=1GTBGIhTlnM,1GTBGIhTlnM,36697.0
Rager,Liuz,  AufTakt Turnier Achtelfinale,On Beat,2026,DLTLLY,2026-03-17,https://www.youtube.com/watch?v=-1qXIraxtxg,-1qXIraxtxg,19133.0
SA7VA,PURP DIVISION,RAP BATTLE,Accapella,2026,FOB,2026-03-15,https://www.youtube.com/watch?v=Rwuy2cTGVAk,Rwuy2cTGVAk,2071.0
Kitana,Lex177,🎤,On Beat,2026,DLTLLY,2026-03-15,https://www.youtube.com/watch?v=N2oySb3MHQM,N2oySb3MHQM,71833.0
Aladin,Emenes,  AufTakt Turnier Achtelfinale,On Beat,2026,DLTLLY,2026-03-13,https://www.youtube.com/watch?v=Z4Hsh4zO-ZM,Z4Hsh4zO-ZM,28813.0
MORGANA,ALLE (AMS T-WAY BARETTA GENEROUSISI),RAP BATTLE,Accapella,2026,FOB,2026-03-13,https://www.youtube.com/watch?v=-joYyO0kdc4,-joYyO0kdc4,15382.0
Requiem,Jioni,  AufTakt Turnier Achtelfinale,On Beat,2026,DLTLLY,2026-03-11,https://www.youtube.com/watch?v=w8F4A98RGS8,w8F4A98RGS8,23212.0
Papi Schlauch,Kiruma,Das Interview zum Battle Kassel 2026,Accapella,2026,DLTLLY,2026-03-09,https://www.youtube.com/watch?v=RfzJa_Z8iyQ,RfzJa_Z8iyQ,5182.0
David Ardor,Der Sandmann,  Proving Grounds,Accapella,2026,DLTLLY,2026-03-09,https://www.youtube.com/watch?v=fHaEDXoca-o,fHaEDXoca-o,5486.0
Papi Schlauch,Kiruma,  Kassel 2026,Accapella,2026,DLTLLY,2026-03-08,https://www.youtube.com/watch?v=E8cP9xoVsCU,E8cP9xoVsCU,58376.0
JÄL,VON FELIX,RAP BATTLE,Accapella,2026,FOB,2026-03-08,https://www.youtube.com/watch?v=uKR88ylR1Vc,uKR88ylR1Vc,24689.0
Morgana,Yuah,  Battlerap Taxi BDay Bash 2025,On Beat,2025,DLTLLY,2026-03-07,https://www.youtube.com/watch?v=NxlVkP2VFLU,NxlVkP2VFLU,18857.0
Yuah,Zeptah,  Feel Festival 2025,On Beat,2025,DLTLLY,2026-03-06,https://www.youtube.com/watch?v=O7XAXsCXZj0,O7XAXsCXZj0,23616.0
VYRUS,MZUDEMK,RAP BATTLE,Accapella,2026,FOB,2026-03-06,https://www.youtube.com/watch?v=JKbzDt5CgH0,JKbzDt5CgH0,180399.0
Neilz,Notyzze,  Hamburg,Accapella,2026,DLTLLY,2026-03-05,https://www.youtube.com/watch?v=lKlvY2CP-Fw,lKlvY2CP-Fw,26184.0
JAVAS,LUI,RAP BATTLE,Accapella,2026,FOB,2026-03-04,https://www.youtube.com/watch?v=8-w81NCjNCw,8-w81NCjNCw,1816.0
Nastic,MzudemK,AufTakt - Das  Battlerap-Turnier,On Beat,2026,DLTLLY,2026-03-01,https://www.youtube.com/watch?v=ofXnIpxuD5Q,ofXnIpxuD5Q,105846.0
ZEPTAH,TICC,RAP BATTLE,Accapella,2026,FOB,2026-02-27,https://www.youtube.com/watch?v=ZPPU1i7ktus,ZPPU1i7ktus,60763.0
Young Kennedy,Aladin,  Proving Grounds  Only 2025,On Beat,2025,DLTLLY,2026-02-26,https://www.youtube.com/watch?v=nnRbVliegmw,nnRbVliegmw,8813.0
Rager,Yuah,  Proving Grounds  Only ´25,On Beat,2026,DLTLLY,2026-02-24,https://www.youtube.com/watch?v=fODwwlJUTnM,fODwwlJUTnM,12915.0
Notyzze,Robscure,  Kassel 2026,Accapella,2026,DLTLLY,2026-02-22,https://www.youtube.com/watch?v=FoRNSLmihwk,FoRNSLmihwk,35382.0
Aladin,Mighty P,  Battlerap Taxi BDay Bash 2025,On Beat,2025,DLTLLY,2026-02-21,https://www.youtube.com/watch?v=1LNFby1VNu0,1LNFby1VNu0,7858.0
CIPHER,MOKO,RAP BATTLE,Accapella,2026,FOB,2026-02-20,https://www.youtube.com/watch?v=dJ8CEOmL608,dJ8CEOmL608,2829.0
Jäl,Mellow,🗣,Accapella,2026,DLTLLY,2026-02-15,https://www.youtube.com/watch?v=WXIuer5Oml4,WXIuer5Oml4,16551.0
ZATO,H1,RAP BATTLE,Accapella,2026,FOB,2026-02-13,https://www.youtube.com/watch?v=MuUfSc36_6U,MuUfSc36_6U,12743.0
Riesenlauch,MC Geuner,  Dissember 9,Accapella,2026,DLTLLY,2026-02-08,https://www.youtube.com/watch?v=5sxyiKeEYNs,5sxyiKeEYNs,40360.0
MAVERICK MILES,L-SUPREMA,RAP BATTLE,Accapella,2026,FOB,2026-02-06,https://www.youtube.com/watch?v=rfY5kj8srUY,rfY5kj8srUY,6663.0
Fate,Shortworth,  Dissember 9,Accapella,2026,DLTLLY,2026-02-01,https://www.youtube.com/watch?v=aCCscEorf2w,aCCscEorf2w,29387.0
RICOCHET,SILVER,RAP BATTLE,Accapella,2026,FOB,2026-02-01,https://www.youtube.com/watch?v=ekmefY3pxG0,ekmefY3pxG0,4055.0
GEMIN1,JOSEPH STEINSCHLEUDER,RAP BATTLE ENGLISH,Accapella,2026,FOB,2026-01-30,https://www.youtube.com/watch?v=ka-zuxLIE_A,ka-zuxLIE_A,27421.0
Meidi,Robscure,Das Interview zum Battle,Accapella,2026,DLTLLY,2026-01-25,https://www.youtube.com/watch?v=YMvNjnH6hbQ,YMvNjnH6hbQ,10506.0
Meidi,Robscure,  München 2025,Accapella,2025,DLTLLY,2026-01-25,https://www.youtube.com/watch?v=wmnWMO8RvBQ,wmnWMO8RvBQ,61542.0
BURST & T-WAY,HIDING JOHN & HEINZ87,RAP BATTLE,Accapella,2026,FOB,2026-01-23,https://www.youtube.com/watch?v=zjRJDG0Xn_Q,zjRJDG0Xn_Q,18018.0
Ripa,Hoodoo,  Proving Grounds,Accapella,2026,DLTLLY,2026-01-22,https://www.youtube.com/watch?v=4nEjyUsmMvg,4nEjyUsmMvg,4203.0
Dyas,Baretta,  Battlerap Taxi BDay Bash 2025,On Beat,2025,DLTLLY,2026-01-20,https://www.youtube.com/watch?v=LkTHgzc4mwg,LkTHgzc4mwg,6688.0
Jäl,Frozen,could not identify event,Accapella,2026,DLTLLY,2026-01-18,https://www.youtube.com/watch?v=Z9mdqmXnDnM,Z9mdqmXnDnM,12283.0
KATER99,SA7VA,RAP BATTLE,Accapella,2026,FOB,2026-01-16,https://www.youtube.com/watch?v=6ExQMS0Po20,6ExQMS0Po20,3750.0
Dascha,Mave,  Hamburg,Accapella,2026,DLTLLY,2026-01-13,https://www.youtube.com/watch?v=P8bFGQP2P4k,P8bFGQP2P4k,28455.0
Davie Jones,Kitana,Das Interview zum Battle,Accapella,2026,DLTLLY,2026-01-11,https://www.youtube.com/watch?v=cmdMkO1KqVI,cmdMkO1KqVI,13951.0
Davie Jones,Kitana,  München 2025,Accapella,2025,DLTLLY,2026-01-11,https://www.youtube.com/watch?v=lg04k4t6rmQ,lg04k4t6rmQ,94445.0
MÄST,TESSTIMONY,RAP BATTLE,Accapella,2026,FOB,2026-01-11,https://www.youtube.com/watch?v=roEE44_9vT4,roEE44_9vT4,3926.0
TAREK,MAMO,RAP BATTLE,Accapella,2026,FOB,2026-01-09,https://www.youtube.com/watch?v=7u4sLILDFkg,7u4sLILDFkg,4117.0
Shizu,Requiem,  München 2025,Accapella,2025,DLTLLY,2026-01-04,https://www.youtube.com/watch?v=G58OamfHFF4,G58OamfHFF4,31799.0
MOODY,WANDELBARZ,RAP BATTLE,Accapella,2026,FOB,2026-01-02,https://www.youtube.com/watch?v=3PKu2m4H8vc,3PKu2m4H8vc,10322.0
🥶 SSYNIC,BEASTBOY #dltlly Duration:PT1M45S Uploaded:2025-12-31 Views:462943 Channel:DLTLLY,battlerap culture Thumbnail:https:,Accapella,2025,DLTLLY,2025-12-31,https://www.youtube.com/watch?v=5Dh1E_ojpus,5Dh1E_ojpus,1702673.0
Ssynic,Beastboy,Das Interview zum Battle,Accapella,2025,DLTLLY,2025-12-28,https://www.youtube.com/watch?v=9u3vcQdMjeU,9u3vcQdMjeU,270546.0
BEASTBOY,SSYNIC,Das gehypteste deutsche  jemals,Accapella,2025,DLTLLY,2025-12-28,https://www.youtube.com/watch?v=q6vZn31er_8,q6vZn31er_8,1276897.0
FAIVEL,CAPCO JONES,RAP BATTLE,Accapella,2025,FOB,2025-12-26,https://www.youtube.com/watch?v=qQDPoPyCtw0,qQDPoPyCtw0,7743.0
Young Kennedy,Gerro,  Hamburg 2025,Accapella,2025,DLTLLY,2025-12-24,https://www.youtube.com/watch?v=w1eGiZ53t3o,w1eGiZ53t3o,15158.0
F!O,DANDROID,RAP BATTLE,Accapella,2025,FOB,2025-12-24,https://www.youtube.com/watch?v=D1OHI0iDq4U,D1OHI0iDq4U,14435.0
Musio,Schlawin0r,  München 2025,Accapella,2025,DLTLLY,2025-12-21,https://www.youtube.com/watch?v=yTmz0h0MajE,yTmz0h0MajE,11315.0
Allmani,Oudhini,  Zürich,Accapella,2025,DLTLLY,2025-12-20,https://www.youtube.com/watch?v=WEm3ENIce48,WEm3ENIce48,6907.0
MERLIN,BONG TEGGY,RAP BATTLE,Accapella,2025,FOB,2025-12-19,https://www.youtube.com/watch?v=M15yikG8_wg,M15yikG8_wg,67640.0
Cashus K & Mazzikaner,Pennakind & Tyler Bourbon,2on2  München,Accapella,2025,DLTLLY,2025-12-14,https://www.youtube.com/watch?v=xlg81_gzpa0,xlg81_gzpa0,9297.0
ZATO,TRIPLE,FREESTYLE BATTLE,Accapella,2025,FOB,2025-12-14,https://www.youtube.com/watch?v=xkK9n7Et5mA,xkK9n7Et5mA,2831.0
DAVIE JONES,FATE,RAP BATTLE,Accapella,2025,FOB,2025-12-12,https://www.youtube.com/watch?v=7tsHTdjf1vo,7tsHTdjf1vo,21874.0
JÄL,VON FELIX,TRAILER,Accapella,2025,FOB,2025-12-11,https://www.youtube.com/watch?v=1sloAOBJ7X0,1sloAOBJ7X0,4732.0
JAMAIKA KLAUS,BARETTA,could not identify event,Accapella,2025,FOB,2025-12-09,https://www.youtube.com/watch?v=lQLcEUQHcYs,lQLcEUQHcYs,4932.0
JOSEPH STEINSCHLEUDER,CASHISCLAY,FREESTYLE RAP BATTLE,Accapella,2025,FOB,2025-12-08,https://www.youtube.com/watch?v=nLAIi1shXNs,nLAIi1shXNs,19908.0
Notyzze,Triple,  Hamburg 2025,Accapella,2025,DLTLLY,2025-12-07,https://www.youtube.com/watch?v=l9g0AAt7q0E,l9g0AAt7q0E,23243.0
CASHUS K,HERR SÖREN,RAP BATTLE,Accapella,2025,FOB,2025-12-06,https://www.youtube.com/watch?v=-cBzvbMHBzY,-cBzvbMHBzY,2194.0
BAULT,FYNN,RAP BATTLE,Accapella,2025,FOB,2025-12-05,https://www.youtube.com/watch?v=YuOlOphdUDk,YuOlOphdUDk,27606.0
ZATO,BARETTA,RAP BATTLE,Accapella,2025,FOB,2025-12-02,https://www.youtube.com/watch?v=LkbaM1tUn7w,LkbaM1tUn7w,7896.0
Riesenlauch,Frax One,  Zürich,Accapella,2025,DLTLLY,2025-11-30,https://www.youtube.com/watch?v=UIn4teZtMTU,UIn4teZtMTU,10473.0
Saimon Disko,Lerou,  Zürich,Accapella,2025,DLTLLY,2025-11-29,https://www.youtube.com/watch?v=HiTF8Df5bk0,HiTF8Df5bk0,5974.0
ENYO,JÄL,RAP BATTLE,Accapella,2025,FOB,2025-11-28,https://www.youtube.com/watch?v=ImLeWMYysh8,ImLeWMYysh8,11285.0
Morgana & Shizu,Mighty P & Lamin,  Splash Festival 2025,On Beat,2025,DLTLLY,2025-11-25,https://www.youtube.com/watch?v=32n-EysbDX4,32n-EysbDX4,10435.0
Gregpipe,Meidi,Das Interview zum Battle,Accapella,2025,DLTLLY,2025-11-23,https://www.youtube.com/watch?v=Mlrf7lvO0Oo,Mlrf7lvO0Oo,14918.0
Gregpipe,Meidi,  Bday 12,Accapella,2025,DLTLLY,2025-11-23,https://www.youtube.com/watch?v=jcY3FFWtCTs,jcY3FFWtCTs,151801.0
Nastic & Valik,Requiem & Frozen,  Feel &#39;25,On Beat,2025,DLTLLY,2025-11-22,https://www.youtube.com/watch?v=xjEyfYb_hVA,xjEyfYb_hVA,6903.0
VON FELIX,MZUDEMK,RAP BATTLE,Accapella,2025,FOB,2025-11-21,https://www.youtube.com/watch?v=khE4zsuxInQ,khE4zsuxInQ,53765.0
Calli,Quame65,🎤,On Beat,2025,DLTLLY,2025-11-18,https://www.youtube.com/watch?v=Q61s3Q-OkLc,Q61s3Q-OkLc,6730.0
Joseph Steinschleuder,Duff,A cappella,Accapella,2025,DLTLLY,2025-11-16,https://www.youtube.com/watch?v=1J3FJJPZ4fc,1J3FJJPZ4fc,53604.0
Faivel & Young Kennedy,Andres Kaliba & A.GE,🎤,On Beat,2025,DLTLLY,2025-11-14,https://www.youtube.com/watch?v=rs_J2p-5Nxk,rs_J2p-5Nxk,7152.0
VYRUS,KRISO,RAP BATTLE,Accapella,2025,FOB,2025-11-14,https://www.youtube.com/watch?v=qERNJ3ZjU08,qERNJ3ZjU08,15100.0
Aytee,Pablo,🎤,On Beat,2025,DLTLLY,2025-11-09,https://www.youtube.com/watch?v=JGZ6QQPKibE,JGZ6QQPKibE,88997.0
BUNGEE,ADAM RIESE,RAP BATTLE,Accapella,2025,FOB,2025-11-07,https://www.youtube.com/watch?v=gWvK_yWD0Hk,gWvK_yWD0Hk,2463.0
SSYNIC,BEASTBOY,06.12.2025 Berlin,Accapella,2025,DLTLLY,2025-11-03,https://www.youtube.com/watch?v=mHV0ECZZEz8,mHV0ECZZEz8,218670.0
El Cambio,Purp Division,  Zürich,Accapella,2025,DLTLLY,2025-11-02,https://www.youtube.com/watch?v=TUTpf3Z3o9Q,TUTpf3Z3o9Q,6815.0
KATER99,LUI,RAP BATTLE,Accapella,2025,FOB,2025-10-31,https://www.youtube.com/watch?v=hSQ1gJ0Oi2Y,hSQ1gJ0Oi2Y,2373.0
Bdad,Shizu,Battlerap-Match Bday 12,Accapella,2025,DLTLLY,2025-10-26,https://www.youtube.com/watch?v=J0qDMBdgcGM,J0qDMBdgcGM,45838.0
KITANA,BDAD,#,Accapella,2025,DLTLLY,2025-10-25,https://www.youtube.com/watch?v=TgW6YAp_izg,TgW6YAp_izg,9407.0
MECHTHILD,TRIPLE,RAP BATTLE,Accapella,2025,FOB,2025-10-24,https://www.youtube.com/watch?v=5XXhcodxypE,5XXhcodxypE,4061.0
Leyla Lamour & Liuz,Ano-Nym & Grave40,  Splash Festival 2025,On Beat,2025,DLTLLY,2025-10-21,https://www.youtube.com/watch?v=B2Lew8ozYmY,B2Lew8ozYmY,17679.0
Yuah & LuckyLily,Gerro & Tokz,  Splash! Festival,On Beat,2025,DLTLLY,2025-10-19,https://www.youtube.com/watch?v=RwBm7UZ77zI,RwBm7UZ77zI,26212.0
ADY ASADICT,EMSTACC,RAP BATTLE,Accapella,2025,FOB,2025-10-17,https://www.youtube.com/watch?v=P4rUdIq44Go,P4rUdIq44Go,2521.0
Mordrake,Despo,  Taped!,On Beat,2025,DLTLLY,2025-10-16,https://www.youtube.com/watch?v=SsMrGSWEH3k,SsMrGSWEH3k,8174.0
Ano-Nym,Vyrus,INTERVIEW 12th Bday,Accapella,2025,DLTLLY,2025-10-12,https://www.youtube.com/watch?v=9TFVhqPyL68,9TFVhqPyL68,14074.0
Ano-Nym,Vyrus,TITLE CONTENDERMATCH 12th Bday,On Beat,2025,DLTLLY,2025-10-12,https://www.youtube.com/watch?v=-z0hxHuJbOc,-z0hxHuJbOc,99946.0
FYNN,DYAS,RAP BATTLE,Accapella,2025,FOB,2025-10-10,https://www.youtube.com/watch?v=N7Esy4XcFy0,N7Esy4XcFy0,5284.0
Dizaster,Gemin1,  Berlin,Accapella,2025,DLTLLY,2025-10-05,https://www.youtube.com/watch?v=ENLOY68s_Uc,ENLOY68s_Uc,81154.0
MAC,FÄNNO,RAP BATTLE,Accapella,2025,FOB,2025-10-05,https://www.youtube.com/watch?v=wJEEjaUDmU0,wJEEjaUDmU0,2871.0
Dizaster,Gemin1,INTERVIEW  Berlin 12th Birthday Event,Accapella,2025,DLTLLY,2025-10-05,https://www.youtube.com/watch?v=rg4vAZ-6uzs,rg4vAZ-6uzs,5073.0
BAULT,SA7VA,RAP BATTLE,Accapella,2025,FOB,2025-10-03,https://www.youtube.com/watch?v=4986AsKH2yY,4986AsKH2yY,4876.0
BlaDesa,Calli,  Tapefabrik,Accapella,2025,DLTLLY,2025-09-30,https://www.youtube.com/watch?v=rUTpW0OuRUQ,rUTpW0OuRUQ,21104.0
BlaDesa,Calli,INTERVIEW Tapefabrik,Accapella,2025,DLTLLY,2025-09-30,https://www.youtube.com/watch?v=oWDx4eWUlvI,oWDx4eWUlvI,2412.0
Kato & Ryko J,CashisClay & 4Tune,🎤,On Beat,2025,DLTLLY,2025-09-28,https://www.youtube.com/watch?v=rRlHL7A6GsY,rRlHL7A6GsY,22098.0
TOBO,JAVAS,RAP BATTLE,Accapella,2025,FOB,2025-09-26,https://www.youtube.com/watch?v=aS2dhmR_Q9U,aS2dhmR_Q9U,3645.0
Lara Soft,Freezy,  Taped!,Accapella,2025,DLTLLY,2025-09-23,https://www.youtube.com/watch?v=_luCDi3t-3w,_luCDi3t-3w,17629.0
Fate & Sh@wdy Sh@f,Cashus K & Mazzikaner,  Feel,Accapella,2025,DLTLLY,2025-09-21,https://www.youtube.com/watch?v=r794ZPxMINc,r794ZPxMINc,43249.0
TOMMY GUN,T-WAY,RAP BATTLE,Accapella,2025,FOB,2025-09-19,https://www.youtube.com/watch?v=w61w1samU4k,w61w1samU4k,4619.0
Jepain,Papa TR,  Freiburg,Accapella,2025,DLTLLY,2025-09-14,https://www.youtube.com/watch?v=Q8hyICBnNQI,Q8hyICBnNQI,12302.0
MUSIO,TOLLSCHOCK,RAP BATTLE,Accapella,2025,FOB,2025-09-12,https://www.youtube.com/watch?v=XjPwbYieUQs,XjPwbYieUQs,8441.0
RIMA,MANEK,RAP BATTLE,Accapella,2025,FOB,2025-09-07,https://www.youtube.com/watch?v=Wn_Tm08TPlo,Wn_Tm08TPlo,4507.0
Capco Jones,Riesenlauch,  Freiburg,Accapella,2025,DLTLLY,2025-09-07,https://www.youtube.com/watch?v=nKZSBk5adnI,nKZSBk5adnI,15189.0
FAIVEL,YUNA L,RAP BATTLE,Accapella,2025,FOB,2025-09-05,https://www.youtube.com/watch?v=J0nUHgX5410,J0nUHgX5410,10694.0
Bdad,Kato,Interview Event Name oder Stadt,Accapella,2025,DLTLLY,2025-08-31,https://www.youtube.com/watch?v=BaWlVU_CqR0,BaWlVU_CqR0,9788.0
BAULT,SILVER,RAP BATTLE,Accapella,2025,FOB,2025-08-31,https://www.youtube.com/watch?v=SzXSJYcHl80,SzXSJYcHl80,6240.0
Bdad,Kato,  Freiburg,Accapella,2025,DLTLLY,2025-08-30,https://www.youtube.com/watch?v=GpW1688ARg0,GpW1688ARg0,86042.0
JIZI,KEULE257,RAP BATTLE,Accapella,2025,FOB,2025-08-29,https://www.youtube.com/watch?v=PlRe0-7MdtE,PlRe0-7MdtE,39426.0
BanDan,Aladin,  Wien,Accapella,2025,DLTLLY,2025-08-28,https://www.youtube.com/watch?v=MmlbdfDGL_M,MmlbdfDGL_M,8300.0
L-SUPREMA,LYT,RAP BATTLE,Accapella,2025,FOB,2025-08-24,https://www.youtube.com/watch?v=f4lsqfYo37M,f4lsqfYo37M,6479.0
Shortworth,Ryko-J,  Freiburg,Accapella,2025,DLTLLY,2025-08-24,https://www.youtube.com/watch?v=smdHGVGCCF0,smdHGVGCCF0,56849.0
LIUZ,DESPO,RAP BATTLE,Accapella,2025,FOB,2025-08-22,https://www.youtube.com/watch?v=22XkM2AtGc4,22XkM2AtGc4,6599.0
Frax One,Danny Deadweight,  Proving Grounds,Accapella,2025,DLTLLY,2025-08-21,https://www.youtube.com/watch?v=8DkFnov9Fow,8DkFnov9Fow,5982.0
Notyzze,Yuah,Freestyle Battle NRWeekend 8,Accapella,2025,DLTLLY,2025-08-20,https://www.youtube.com/watch?v=rPs1RarY43I,rPs1RarY43I,20178.0
Duff,MC Geuner,  Freiburg,Accapella,2025,DLTLLY,2025-08-19,https://www.youtube.com/watch?v=A8B7NIVqUlg,A8B7NIVqUlg,21965.0
TRIPLE,RALLE,RAP BATTLE,Accapella,2025,FOB,2025-08-17,https://www.youtube.com/watch?v=VlMReN-CMX0,VlMReN-CMX0,3243.0
Wolff,Hiding John,Title Contender Match Freiburg,Accapella,2025,DLTLLY,2025-08-17,https://www.youtube.com/watch?v=p46mDmjoHfg,p46mDmjoHfg,96475.0
TICC,ROOL,RAP BATTLE,Accapella,2025,FOB,2025-08-15,https://www.youtube.com/watch?v=NyoxA5ATQ3w,NyoxA5ATQ3w,23036.0
TRACY,MZUDEMK,GAME CHANGER VIERTELFINALE,Accapella,2025,FOB,2025-08-10,https://www.youtube.com/watch?v=QyQ2poDBDYM,QyQ2poDBDYM,32705.0
AMS,JÄL,GAME CHANGER VIERTELFINALE,Accapella,2025,FOB,2025-08-09,https://www.youtube.com/watch?v=eZLTR2OLG7M,eZLTR2OLG7M,11579.0
ENYO,DER SANDMANN,GAME CHANGER VIERTELFINALE,Accapella,2025,FOB,2025-08-08,https://www.youtube.com/watch?v=IWWtO2HfY8g,IWWtO2HfY8g,10282.0
H1,VON FELIX,GAME CHANGER VIERTELFINALE,Accapella,2025,FOB,2025-08-05,https://www.youtube.com/watch?v=r5JmVhtUvho,r5JmVhtUvho,18245.0
REQUIEM,VYRUS,RAP BATTLE,Accapella,2025,FOB,2025-08-01,https://www.youtube.com/watch?v=1RahrZ7_-48,1RahrZ7_-48,29876.0
YUAH,ILHAN,RAP BATTLE,Accapella,2025,FOB,2025-07-25,https://www.youtube.com/watch?v=_CDt4MYPi9w,_CDt4MYPi9w,25744.0
STEEL,MORGANA,ON BEAT TITLE MATCH,On Beat,2025,FOB,2025-07-18,https://www.youtube.com/watch?v=nFIMoUOATCw,nFIMoUOATCw,30844.0
KIRUMA,WOLFF,RAP BATTLE,Accapella,2025,FOB,2025-07-11,https://www.youtube.com/watch?v=cpaSwgCqRaU,cpaSwgCqRaU,70424.0
RIESENLAUCH,PALEIACCI,RAP BATTLE,Accapella,2025,FOB,2025-07-06,https://www.youtube.com/watch?v=PFt4LwqBAsU,PFt4LwqBAsU,8440.0
NATALI,SNAKEHEADRHYME,RAP BATTLE,Accapella,2025,FOB,2025-07-04,https://www.youtube.com/watch?v=-8W4n_PWzAA,-8W4n_PWzAA,13865.0
JOSEPH STEINSCHLEUDER,HARLEM T,RAP BATTLE,Accapella,2025,FOB,2025-06-27,https://www.youtube.com/watch?v=j6NgJDz5Pac,j6NgJDz5Pac,47328.0
Jilly,SIC68,  Proving Grounds,Accapella,2025,DLTLLY,2025-06-24,https://www.youtube.com/watch?v=uE5ThbpbSck,uE5ThbpbSck,6123.0
Despo,Shorteh Taunton,   Only,On Beat,2025,DLTLLY,2025-06-23,https://www.youtube.com/watch?v=9btj3F3T-oo,9btj3F3T-oo,8521.0
Faivel,Mellow,  WIEN,Accapella,2025,DLTLLY,2025-06-22,https://www.youtube.com/watch?v=tCdymUD7qjk,tCdymUD7qjk,9817.0
MC GEUNER,KRISO,RAP BATTLE,Accapella,2025,FOB,2025-06-20,https://www.youtube.com/watch?v=PJJZYHWUjUg,PJJZYHWUjUg,10657.0
Lazlo Mxrphine,Mighty P.,   Only,On Beat,2025,DLTLLY,2025-06-19,https://www.youtube.com/watch?v=5O4q1loFp_Q,5O4q1loFp_Q,28912.0
Gundalf,Purp Division,  Proving Grounds,Accapella,2025,DLTLLY,2025-06-17,https://www.youtube.com/watch?v=si8gDwlPxEo,si8gDwlPxEo,9147.0
Riesenlauch,Tyler Bourbon,  Wien,Accapella,2025,DLTLLY,2025-06-15,https://www.youtube.com/watch?v=ohUZmNFrR3g,ohUZmNFrR3g,13198.0
MOODY,YOUNG KENNEDY,RAP BATTLE,Accapella,2025,FOB,2025-06-13,https://www.youtube.com/watch?v=BqM7oeYeegs,BqM7oeYeegs,6963.0
Joseph Steinschleuder,Pamflit,International  NRWeekend 8,Accapella,2025,DLTLLY,2025-06-07,https://www.youtube.com/watch?v=uXTSyzP-XI0,uXTSyzP-XI0,35185.0
EYNAK,WANDELBARZ,RAP BATTLE,Accapella,2025,FOB,2025-06-06,https://www.youtube.com/watch?v=R81FPAW0Cy8,R81FPAW0Cy8,9892.0
Ticc,Mordrake,Only! Panke Berlin,On Beat,2025,DLTLLY,2025-06-05,https://www.youtube.com/watch?v=KCDHP8wl1RM,KCDHP8wl1RM,41113.0
YUMI,DER SANDMANN,RAP BATTLE,Accapella,2025,FOB,2025-06-01,https://www.youtube.com/watch?v=NCYKUvpxs-s,NCYKUvpxs-s,5446.0
RYKO-J,LUCKYLILY,  NRWeekend 8,Accapella,2025,DLTLLY,2025-06-01,https://www.youtube.com/watch?v=QApiZWI3i6U,QApiZWI3i6U,130162.0
Ryko-J,LuckyLily,INTERVIEW NRWeekend 8,Accapella,2025,DLTLLY,2025-06-01,https://www.youtube.com/watch?v=9gVR1RPK4cY,9gVR1RPK4cY,23841.0
H1,MÄST,RAP BATTLE,Accapella,2025,FOB,2025-05-30,https://www.youtube.com/watch?v=KiFGlNKnLw8,KiFGlNKnLw8,7942.0
Gerro,TOKZ,  Berlin,On Beat,2025,DLTLLY,2025-05-29,https://www.youtube.com/watch?v=qO64q_vBrqU,qO64q_vBrqU,15043.0
VON FELIX,TESSTIMONY,RAP BATTLE,Accapella,2025,FOB,2025-05-25,https://www.youtube.com/watch?v=L51lZHRiuYc,L51lZHRiuYc,8688.0
Vyrus,Snakeheadrhyme,  NRWeekend 8,Accapella,2025,DLTLLY,2025-05-25,https://www.youtube.com/watch?v=TaYG3fYqX6c,TaYG3fYqX6c,27545.0
Vyrus,Snakeheadrhyme,INTERVIEW NRWeekend 8,Accapella,2025,DLTLLY,2025-05-25,https://www.youtube.com/watch?v=HzaSD52w0qw,HzaSD52w0qw,2020.0
AMS,KAZRAEL,RAP BATTLE,Accapella,2025,FOB,2025-05-23,https://www.youtube.com/watch?v=Ioq_13OB1Vg,Ioq_13OB1Vg,7228.0
Herr Sören,Johnny Schewski,Battle Panke Berlin,On Beat,2025,DLTLLY,2025-05-22,https://www.youtube.com/watch?v=5QWp-ZmPxFw,5QWp-ZmPxFw,7694.0
Unanymous,Jeevz,International  NRWeekend 8,Accapella,2025,DLTLLY,2025-05-18,https://www.youtube.com/watch?v=f3JE-AzU-0c,f3JE-AzU-0c,8439.0
JERRY VSAN,MZUDEMK,RAP BATTLE,Accapella,2025,FOB,2025-05-16,https://www.youtube.com/watch?v=9T_8MnL4888,9T_8MnL4888,91211.0
Capco Jones,Heinz87,  Kassel,Accapella,2025,DLTLLY,2025-05-15,https://www.youtube.com/watch?v=qG0_r9p6Muc,qG0_r9p6Muc,9154.0
🏆 PPV OUT NOW - MIT TITLE MATCH STEEL,MORGANA VYRUS YUAH REQUIEM UVM.,could not identify event,Accapella,2025,FOB,2025-05-15,https://www.youtube.com/watch?v=8SKi-c2pj1c,8SKi-c2pj1c,6964.0
Zeuge,Moody,NRWeekend 8,Accapella,2025,DLTLLY,2025-05-11,https://www.youtube.com/watch?v=TXyS6b-GDFE,TXyS6b-GDFE,21037.0
JÄL,SHAWN MORENO,RAP BATTLE,Accapella,2025,FOB,2025-05-09,https://www.youtube.com/watch?v=HotnxCt_Y98,HotnxCt_Y98,9351.0
RIMA,TRACY,RAP BATTLE,Accapella,2025,FOB,2025-05-04,https://www.youtube.com/watch?v=BGPIQFIZTa8,BGPIQFIZTa8,8868.0
Morgana,Ano-Nym,Interview  Only &#39;25,On Beat,2025,DLTLLY,2025-05-04,https://www.youtube.com/watch?v=3Bc_tXH0MQM,3Bc_tXH0MQM,8253.0
Ano-Nym,Morgana,   Only &#39;25,On Beat,2025,DLTLLY,2025-05-04,https://www.youtube.com/watch?v=4GcjUISJthk,4GcjUISJthk,131593.0
THUNDER HUSTLE,ENYO,RAP BATTLE,Accapella,2025,FOB,2025-05-02,https://www.youtube.com/watch?v=EFQVEjRMQBc,EFQVEjRMQBc,15877.0
Bdad,Kato,Teaser Mayhem 8,Accapella,2025,DLTLLY,2025-05-02,https://www.youtube.com/watch?v=A4YmPpLy6SQ,A4YmPpLy6SQ,9404.0
Cashus K,Mazzikaner,One Rounder  Kassel,Accapella,2025,DLTLLY,2025-05-01,https://www.youtube.com/watch?v=8-4oBnK0qvw,8-4oBnK0qvw,9234.0
MAURITS,DARIO,RAP BATTLE,Accapella,2025,FOB,2025-04-29,https://www.youtube.com/watch?v=yY5T08XY69M,yY5T08XY69M,3275.0
Lyrico,Kiruma,Match-Teaser für MAYhem 8 - 03.05.25 - Berlin,Accapella,2025,DLTLLY,2025-04-28,https://www.youtube.com/watch?v=Mc2aXEyvTCU,Mc2aXEyvTCU,8662.0
MOKO,HARLEM T,RAP BATTLE,Accapella,2025,FOB,2025-04-27,https://www.youtube.com/watch?v=Z7zbdw0lQE0,Z7zbdw0lQE0,4519.0
Emenes,Joseph Steinschleuder,   Berlin,Accapella,2025,DLTLLY,2025-04-27,https://www.youtube.com/watch?v=dmih32mOqvI,dmih32mOqvI,171405.0
FAIVEL,KRISO,RAP BATTLE,Accapella,2025,FOB,2025-04-25,https://www.youtube.com/watch?v=FfSCHXhfYMw,FfSCHXhfYMw,7990.0
Sizyphos,Wolff,  Kassel,Accapella,2025,DLTLLY,2025-04-20,https://www.youtube.com/watch?v=LvFNAUPx3bo,LvFNAUPx3bo,125047.0
BARETTA,LYT,RAP BATTLE,Accapella,2025,FOB,2025-04-20,https://www.youtube.com/watch?v=gDMtxVnkhjM,gDMtxVnkhjM,5735.0
Sizyphos,Wolff,Interview Kassel,Accapella,2025,DLTLLY,2025-04-20,https://www.youtube.com/watch?v=XBXwa0j6NAY,XBXwa0j6NAY,13293.0
LAVAS,FYNN,RAP BATTLE,Accapella,2025,FOB,2025-04-18,https://www.youtube.com/watch?v=VjmsWn79FUw,VjmsWn79FUw,11205.0
Ferry,Shizu,  Kassel,Accapella,2025,DLTLLY,2025-04-13,https://www.youtube.com/watch?v=g2pFv1bIBXE,g2pFv1bIBXE,31973.0
CELUNE,BDAD,RAP BATTLE,Accapella,2025,FOB,2025-04-11,https://www.youtube.com/watch?v=q7sXw-FC4YY,q7sXw-FC4YY,38853.0
Ryko J,Fate,  DISSember 8,Accapella,2025,DLTLLY,2025-04-10,https://www.youtube.com/watch?v=lKGDAMNjHLE,lKGDAMNjHLE,40027.0
Bdad,Kitana,Teaser Wien 12.04.,Accapella,2025,DLTLLY,2025-04-09,https://www.youtube.com/watch?v=__C8BljtrHc,__C8BljtrHc,11542.0
Yarambo,Meidi,Interview DISSember8,Accapella,2025,DLTLLY,2025-04-06,https://www.youtube.com/watch?v=kxIw0Z2ZA6k,kxIw0Z2ZA6k,12798.0
Yarambo,Meidi,  DISSember 8,Accapella,2025,DLTLLY,2025-04-06,https://www.youtube.com/watch?v=UxQTqBKXUfI,UxQTqBKXUfI,149083.0
HIDING JOHN,JIZI,RAP BATTLE,Accapella,2025,FOB,2025-04-04,https://www.youtube.com/watch?v=GFEPBGtw94I,GFEPBGtw94I,89862.0
Craze,Neilz,Interview Dissember8,Accapella,2025,DLTLLY,2025-03-30,https://www.youtube.com/watch?v=lVopiPk8pfE,lVopiPk8pfE,28136.0
Craze,Neilz,  Dissember 8,Accapella,2025,DLTLLY,2025-03-30,https://www.youtube.com/watch?v=3p2GdJMQ6GA,3p2GdJMQ6GA,168398.0
OREGANO,DAVIE JONES,RAP BATTLE,Accapella,2025,FOB,2025-03-28,https://www.youtube.com/watch?v=vJvkxeKeC3w,vJvkxeKeC3w,96348.0
DAVIE JONES,BEASTBOY,Interview NRWeekend 8,Accapella,2025,DLTLLY,2025-03-23,https://www.youtube.com/watch?v=E2s4ZnUUzWo,E2s4ZnUUzWo,311775.0
Davie Jones,BEASTBOY,  NRWeekend 8,Accapella,2025,DLTLLY,2025-03-23,https://www.youtube.com/watch?v=2gujsLjMnU0,2gujsLjMnU0,3351118.0
JOSEPH STEINSCHLEUDER,VYRUS,RAP BATTLE,Accapella,2025,FOB,2025-03-21,https://www.youtube.com/watch?v=VW9JWWYWTAc,VW9JWWYWTAc,86062.0
Aytee,Karanova,Interview Berlin &#39;25,Accapella,2025,DLTLLY,2025-03-16,https://www.youtube.com/watch?v=s501ewLwo1w,s501ewLwo1w,10014.0
Aytee,Karanova,🏆 ON BEAT TITLE MATCH 2025 🏆,On Beat,2025,DLTLLY,2025-03-16,https://www.youtube.com/watch?v=SYo3zBQzwtQ,SYo3zBQzwtQ,291131.0
KALP ONE,VALIK,RAP BATTLE,Accapella,2024,FOB,2025-03-14,https://www.youtube.com/watch?v=pJA2VSeUyrw,pJA2VSeUyrw,7767.0
Kato,Tobi High,Title Match 2024 DISSember 8,Accapella,2024,DLTLLY,2025-03-09,https://www.youtube.com/watch?v=KYE2dCsI8oU,KYE2dCsI8oU,123739.0
Kato,Tobi High,Interview zum Title Match Dissember 8,Accapella,2025,DLTLLY,2025-03-09,https://www.youtube.com/watch?v=Se4aQd0xzL4,Se4aQd0xzL4,25621.0
LUCKYLILY,T-WAY,RAP BATTLE,Accapella,2025,FOB,2025-03-07,https://www.youtube.com/watch?v=jogDDg8UrT0,jogDDg8UrT0,16073.0
Hiding John,Requiem,  DISSember 8,Accapella,2025,DLTLLY,2025-03-02,https://www.youtube.com/watch?v=sVftXy-84ME,sVftXy-84ME,64546.0
TICC,FEEL.IKX,RAP BATTLE,Accapella,2025,FOB,2025-02-28,https://www.youtube.com/watch?v=AFaZPkRlbVQ,AFaZPkRlbVQ,17493.0
Robscure,Karkobi,  Kassel,Accapella,2025,DLTLLY,2025-02-23,https://www.youtube.com/watch?v=cPiNUjyXRv4,cPiNUjyXRv4,58933.0
ALADIN,KOOZY,RAP BATTLE,Accapella,2025,FOB,2025-02-21,https://www.youtube.com/watch?v=90w3P4aaCew,90w3P4aaCew,5743.0
Requiem,Sizyphos,  Freiburg &#39;24,Accapella,2025,DLTLLY,2025-02-16,https://www.youtube.com/watch?v=nkkgsZG1RTI,nkkgsZG1RTI,85041.0
MAZZIKANER & CASHUS K,LAZLO MXRPHINE & DOKTOR LUKAS FRANK,RAP BATTLE,Accapella,2025,FOB,2025-02-14,https://www.youtube.com/watch?v=3_KX2HILsCU,3_KX2HILsCU,7189.0
Davie Jones,Craze,  Freiburg &#39;24,Accapella,2025,DLTLLY,2025-02-09,https://www.youtube.com/watch?v=cTXwSOqrZXY,cTXwSOqrZXY,75691.0
NOTYZZE,YUAH,RAP BATTLE,Accapella,2025,FOB,2025-02-07,https://www.youtube.com/watch?v=BvO2sdUm1q4,BvO2sdUm1q4,52102.0
Moody,Celune,  Freiburg &#39;24,Accapella,2025,DLTLLY,2025-02-06,https://www.youtube.com/watch?v=wytgWL8RCEA,wytgWL8RCEA,28825.0
Aytee,Karanova,Title Match - Provokation  Only Berlin,On Beat,2025,DLTLLY,2025-02-04,https://www.youtube.com/watch?v=Zp6mL0C23YM,Zp6mL0C23YM,11490.0
Young Kennedy,Shortworth,  Freiburg &#39;24,Accapella,2025,DLTLLY,2025-02-02,https://www.youtube.com/watch?v=AtYLF4rn1R8,AtYLF4rn1R8,16392.0
HEINZ87,LATIK,RAP BATTLE,Accapella,2025,FOB,2025-01-31,https://www.youtube.com/watch?v=NDHVCiqnl1c,NDHVCiqnl1c,5354.0
Faivel,Riesenlauch,  Freiburg 24,Accapella,2025,DLTLLY,2025-01-26,https://www.youtube.com/watch?v=5WnR6TDxAhg,5WnR6TDxAhg,16470.0
NRG,FROZEN,RAP BATTLE,Accapella,2025,FOB,2025-01-24,https://www.youtube.com/watch?v=lr-V4CfntNI,lr-V4CfntNI,4511.0
Bdad,Indoor Stan,  Freiburg 24,Accapella,2025,DLTLLY,2025-01-19,https://www.youtube.com/watch?v=PEXAziy1EDo,PEXAziy1EDo,54015.0
MOODY,ROOL,RAP BATTLE,Accapella,2025,FOB,2025-01-17,https://www.youtube.com/watch?v=14zNL0MQ9XQ,14zNL0MQ9XQ,5723.0
Kiruma,Notyzze,  BORA Duisburg,Accapella,2025,DLTLLY,2025-01-12,https://www.youtube.com/watch?v=KUwb8QdHF0w,KUwb8QdHF0w,38971.0
CUBSAOUI,WATNKERL,RAP BATTLE,Accapella,2025,FOB,2025-01-10,https://www.youtube.com/watch?v=qpFKueKM-Bs,qpFKueKM-Bs,4957.0
Despo,LAZLO MXRPHINE,Full   Duisburg,On Beat,2025,DLTLLY,2025-01-09,https://www.youtube.com/watch?v=w9fzWlAcwio,w9fzWlAcwio,30006.0
Mighty P,Duff,  Duisburg 2024,Accapella,2024,DLTLLY,2025-01-05,https://www.youtube.com/watch?v=iP82Tmhs7QA,iP82Tmhs7QA,20963.0
YUNA L,LUG,RAP BATTLE,Accapella,2025,FOB,2025-01-03,https://www.youtube.com/watch?v=kmIj06LSgh8,kmIj06LSgh8,12370.0
Zeptah,Shorteh Taunton,Full Live   Feel Festival,On Beat,2025,DLTLLY,2025-01-02,https://www.youtube.com/watch?v=p36W5ErNVMs,p36W5ErNVMs,17900.0
Ryko J,Nastic,  Duisburg,Accapella,2024,DLTLLY,2024-12-29,https://www.youtube.com/watch?v=r1gs-4umHNM,r1gs-4umHNM,30643.0
MUSIO,TAO,RAP BATTLE,Accapella,2024,FOB,2024-12-27,https://www.youtube.com/watch?v=H7fxAgomU4g,H7fxAgomU4g,10125.0
CSN Galactico & Nastic,Shizu & Morgana,Live   Splash Festival 2024,On Beat,2024,DLTLLY,2024-12-26,https://www.youtube.com/watch?v=jv29TjM8rpI,jv29TjM8rpI,21396.0
OREGANO,NATALI,RAP BATTLE,Accapella,2024,FOB,2024-12-24,https://www.youtube.com/watch?v=Hv3vSoclkiU,Hv3vSoclkiU,55210.0
KATO,EZRA,RAP BATTLE,Accapella,2024,FOB,2024-12-22,https://www.youtube.com/watch?v=tzoyIe03xrY,tzoyIe03xrY,21740.0
Aytee,Davie Jones,  Duisburg 2024,Accapella,2024,DLTLLY,2024-12-22,https://www.youtube.com/watch?v=Cte96RAY8Eg,Cte96RAY8Eg,183981.0
CLOCKWORK,PALEIACCI,LEVEL UP FINALE,Accapella,2024,FOB,2024-12-21,https://www.youtube.com/watch?v=iVFXKkpYfIs,iVFXKkpYfIs,5792.0
JOSEPH STEINSCHLEUDER,CSN GALACTICO,RAP BATTLE,Accapella,2024,FOB,2024-12-20,https://www.youtube.com/watch?v=bJ8227BsnDk,bJ8227BsnDk,107113.0
Karanova,Ano-Nym, splashfest  2024,On Beat,2024,DLTLLY,2024-12-19,https://www.youtube.com/watch?v=DHK_5lqwzJY,DHK_5lqwzJY,45811.0
MATTIS,CRAZYO,RAP BATTLE,Accapella,2024,FOB,2024-12-19,https://www.youtube.com/watch?v=h7mOdHjhmKY,h7mOdHjhmKY,7653.0
FYNN,SACHMA,RAP BATTLE,Accapella,2024,FOB,2024-12-18,https://www.youtube.com/watch?v=_djYJf_aEMc,_djYJf_aEMc,6389.0
BDAD,STEEL,RAP BATTLE,Accapella,2024,FOB,2024-12-16,https://www.youtube.com/watch?v=P3N0ynzvueM,P3N0ynzvueM,17601.0
Freekno,Gerro,  Duisburg,Accapella,2024,DLTLLY,2024-12-15,https://www.youtube.com/watch?v=9gqaV2Oygk8,9gqaV2Oygk8,13373.0
DANNY DEADWEIGHT,HERR SÖREN,RAP BATTLE,Accapella,2024,FOB,2024-12-15,https://www.youtube.com/watch?v=LH8Jm328qJ8,LH8Jm328qJ8,7656.0
PAPI SCHLAUCH,SIZYPHOS,RAP BATTLE,Accapella,2024,FOB,2024-12-13,https://www.youtube.com/watch?v=yTCdd3uhIFw,yTCdd3uhIFw,111678.0
P-HAZE,SID,RAP BATTLE,Accapella,2024,FOB,2024-12-09,https://www.youtube.com/watch?v=qDRNB1U0k0Y,qDRNB1U0k0Y,2426.0
CRAZE,HIDING JOHN,RAP BATTLE,Accapella,2024,FOB,2024-12-06,https://www.youtube.com/watch?v=XwzQlYQviOY,XwzQlYQviOY,130940.0
EIN LETZTES MAL: Yarambo,Meidi,07. Dezember Festsaal Kreuzberg SOLD OUT,Accapella,2024,DLTLLY,2024-12-04,https://www.youtube.com/watch?v=-dUVckiODDg,-dUVckiODDg,26930.0
Bong Teggy,Fate,  Feel Festival,On Beat,2024,DLTLLY,2024-12-01,https://www.youtube.com/watch?v=uwVdRxPLKtk,uwVdRxPLKtk,74155.0
VYRUS,MORGANA,RAP BATTLE,Accapella,2024,FOB,2024-11-29,https://www.youtube.com/watch?v=9YCHMLzIcus,9YCHMLzIcus,47447.0
Joseph Steinschleuder,BanDan,  Feel Festival,On Beat,2024,DLTLLY,2024-11-28,https://www.youtube.com/watch?v=GV0mRT9rTv0,GV0mRT9rTv0,29012.0
Ferry & Duzoe,Sizyphos & Fate,2on2   Splash,On Beat,2024,DLTLLY,2024-11-24,https://www.youtube.com/watch?v=fZyWsFSPtxE,fZyWsFSPtxE,120151.0
3 &quot;ZINZITYS&quot;,NATALI,RAP BATTLE,Accapella,2024,FOB,2024-11-24,https://www.youtube.com/watch?v=AnW-N-13mEk,AnW-N-13mEk,11539.0
KARANOVA,STEEL,RAP BATTLE,Accapella,2024,FOB,2024-11-22,https://www.youtube.com/watch?v=hCjCg8iUEiM,hCjCg8iUEiM,24355.0
Freestyle Turnier 4/7: Fate,Shizu,Vorrunde B-DAY 11,Accapella,2024,DLTLLY,2024-11-19,https://www.youtube.com/watch?v=9W-6Wv-_xC0,9W-6Wv-_xC0,9664.0
Bong Teggy,Hiding John,  BDAY 11,Accapella,2024,DLTLLY,2024-11-17,https://www.youtube.com/watch?v=-XMBtTEwHcc,-XMBtTEwHcc,272836.0
DER KATER,JAMAIKA KLAUS,RAP BATTLE,Accapella,2024,FOB,2024-11-17,https://www.youtube.com/watch?v=znyQsdCEmYA,znyQsdCEmYA,4089.0
FABS,YOUNG KENNEDY,RAP BATTLE,Accapella,2024,FOB,2024-11-15,https://www.youtube.com/watch?v=jyYNsrDR9BQ,jyYNsrDR9BQ,9658.0
LuckyLily & Sh@wdy Sh@f,Shizu & Morgana,Battle + Interview Feel Festival,On Beat,2024,DLTLLY,2024-11-10,https://www.youtube.com/watch?v=YeUReNWt9ho,YeUReNWt9ho,216701.0
TICC,GEORGIE,RAP BATTLE,Accapella,2024,FOB,2024-11-10,https://www.youtube.com/watch?v=mxTayKYnmQk,mxTayKYnmQk,15279.0
KIRUMA,TOKZ,RAP BATTLE,Accapella,2024,FOB,2024-11-08,https://www.youtube.com/watch?v=hRe2Ze0d9oY,hRe2Ze0d9oY,8680.0
Moonshadow,Riesenlauch,  Proving Grounds,Accapella,2024,DLTLLY,2024-11-07,https://www.youtube.com/watch?v=4TPCafzSUg4,4TPCafzSUg4,8214.0
Freestyle Turnier 3/7: Papi Schlauch,Yuah,Vorrunde B-DAY 11,Accapella,2024,DLTLLY,2024-11-05,https://www.youtube.com/watch?v=HMzkYuFqc-Q,HMzkYuFqc-Q,15540.0
Cashisclay & 4Tune,Freezy & Vyrus,+ Interview Splash Festival 2024,Accapella,2024,DLTLLY,2024-11-03,https://www.youtube.com/watch?v=mmcJqPP9m8c,mmcJqPP9m8c,51849.0
LAVAŞ,CUBSAOUI,RAP BATTLE,Accapella,2024,FOB,2024-11-03,https://www.youtube.com/watch?v=DiDEe5uvyaU,DiDEe5uvyaU,5141.0
ZATO,HEYZEN,RAP BATTLE,Accapella,2024,FOB,2024-11-01,https://www.youtube.com/watch?v=Eu2QW0x-9A0,Eu2QW0x-9A0,4944.0
Mattis & Sid,Aladin & Natali,2on2  Proving Grounds,Accapella,2024,DLTLLY,2024-10-31,https://www.youtube.com/watch?v=c05Xip_nkxM,c05Xip_nkxM,7697.0
Freestyle Turnier 2/7: Nastic,Mighty P,Vorrunde B-DAY 11,Accapella,2024,DLTLLY,2024-10-29,https://www.youtube.com/watch?v=KYCo-Z656io,KYCo-Z656io,10907.0
Oregano,Karanova,  Bday 11,Accapella,2024,DLTLLY,2024-10-27,https://www.youtube.com/watch?v=OQVvKIQSGAc,OQVvKIQSGAc,84393.0
SHADYX,HOODOO,RAP BATTLE,Accapella,2024,FOB,2024-10-27,https://www.youtube.com/watch?v=BKtyaBhlrKk,BKtyaBhlrKk,2711.0
BURST & T-WAY,DER SERGEANT & EZRA,RAP BATTLE,Accapella,2024,FOB,2024-10-25,https://www.youtube.com/watch?v=8kr6kd2gUkI,8kr6kd2gUkI,4271.0
Der Sergeant,Capco Jones,  Proving Grounds,Accapella,2024,DLTLLY,2024-10-24,https://www.youtube.com/watch?v=VxEGTR28vXE,VxEGTR28vXE,9732.0
Freestyle Turnier 1/7: Joseph Steinschleuder,N&#39;Antinein,Vorrunde B-DAY 11,Accapella,2024,DLTLLY,2024-10-22,https://www.youtube.com/watch?v=awJH7gu-mXo,awJH7gu-mXo,18923.0
JILLY,LUG,RAP BATTLE,Accapella,2024,FOB,2024-10-20,https://www.youtube.com/watch?v=H33I5G3bHdo,H33I5G3bHdo,3231.0
Kid Soldier,Requiem,  BDay 11,Accapella,2024,DLTLLY,2024-10-20,https://www.youtube.com/watch?v=6Ef4eIXn3iI,6Ef4eIXn3iI,32507.0
PALEIACCI,FAIVEL,RAP BATTLE,Accapella,2024,FOB,2024-10-18,https://www.youtube.com/watch?v=LCS1uMgU5no,LCS1uMgU5no,7431.0
CLOCKWORK,PALEIACCI,TEASER LEVEL UP FINALE,Accapella,2024,FOB,2024-10-16,https://www.youtube.com/watch?v=JCWqh80-yYQ,JCWqh80-yYQ,1859.0
CLOCKWORK,KRISO,RAP BATTLE,Accapella,2024,FOB,2024-10-13,https://www.youtube.com/watch?v=XPg7-YRYs-0,XPg7-YRYs-0,5456.0
Fate,Bayze,+ Interview Bday #11,Accapella,2024,DLTLLY,2024-10-13,https://www.youtube.com/watch?v=PO9Fv7MYRx4,PO9Fv7MYRx4,34832.0
FREEKNO,CELUNE,RAP BATTLE,Accapella,2024,FOB,2024-10-11,https://www.youtube.com/watch?v=XTbwRNMD4f8,XTbwRNMD4f8,20845.0
S-Staticx,Dascha,+ Interview Proving Grounds,Accapella,2024,DLTLLY,2024-10-10,https://www.youtube.com/watch?v=bw0R9iSxx30,bw0R9iSxx30,12429.0
SCHLAWIN0R,PESC,RAP BATTLE,Accapella,2024,FOB,2024-10-06,https://www.youtube.com/watch?v=pt4vLRUCPp4,pt4vLRUCPp4,4525.0
Yarambo,Mc Geuner,  München,Accapella,2024,DLTLLY,2024-10-06,https://www.youtube.com/watch?v=VUm9SSe15rA,VUm9SSe15rA,66260.0
LAVAŞ,WINK,RAP BATTLE,Accapella,2024,FOB,2024-10-04,https://www.youtube.com/watch?v=avYJLB-3MB0,avYJLB-3MB0,3937.0
MALIK,SIC68,RAP BATTLE,Accapella,2024,FOB,2024-09-29,https://www.youtube.com/watch?v=zOx16rImWoA,zOx16rImWoA,2931.0
N&#39;antinein,Karanova,  München,Accapella,2024,DLTLLY,2024-09-29,https://www.youtube.com/watch?v=IKwLwUyWO6A,IKwLwUyWO6A,30143.0
DAVID ARDOR,BARETTA,RAP BATTLE,Accapella,2024,FOB,2024-09-27,https://www.youtube.com/watch?v=lcLaJCLDByE,lcLaJCLDByE,4995.0
Onkel Fränk,Drunk,+ Interview Proving Grounds Wiesbaden,Accapella,2024,DLTLLY,2024-09-24,https://www.youtube.com/watch?v=Po2-Ba8ug9I,Po2-Ba8ug9I,8567.0
MAZZIKANER,DADDA,RAP BATTLE,Accapella,2024,FOB,2024-09-22,https://www.youtube.com/watch?v=xuMwrAwxjuM,xuMwrAwxjuM,8000.0
Hiding John,Kid Soldier,Bad Bars  München,Accapella,2024,DLTLLY,2024-09-22,https://www.youtube.com/watch?v=GQcwz2t0yJA,GQcwz2t0yJA,80761.0
Neilz,Davie Jones,D&amp;DL,Accapella,2024,DUDL,2024-09-22,https://www.youtube.com/watch?v=fB5JK8nZ4pw,fB5JK8nZ4pw,38695
KIRUMA,MOODY,FSK 0 BATTLE,Accapella,2024,FOB,2024-09-20,https://www.youtube.com/watch?v=D5UKLm3tSj4,D5UKLm3tSj4,17376.0
DANNY DEADWEIGHT,ROOL,RAP BATTLE,Accapella,2024,FOB,2024-09-15,https://www.youtube.com/watch?v=eJic21oJAKo,eJic21oJAKo,4366.0
Craze,Liuz,+ Interview  Tapefabrik,On Beat,2024,DLTLLY,2024-09-15,https://www.youtube.com/watch?v=5JMXVlNWVdI,5JMXVlNWVdI,29792.0
PATO G,YUAH,FINALE,Accapella,2024,FOB,2024-09-13,https://www.youtube.com/watch?v=Ht2ioZWrWJw,Ht2ioZWrWJw,5283.0
Punjizz,Shizu aka. DeeLah,+ Interview München,Accapella,2024,DLTLLY,2024-09-12,https://www.youtube.com/watch?v=LLmwMQb1CQI,LLmwMQb1CQI,17041.0
NOTYZZE,YAAMANN (Battle um Platz 3),FREESTYLE TURNIER,Accapella,2024,FOB,2024-09-10,https://www.youtube.com/watch?v=2Z3LaxE89EI,2Z3LaxE89EI,3716.0
Morgana,Jeystone,D&amp;DL,Accapella,2024,DUDL,2024-09-08,https://www.youtube.com/watch?v=3wGCnFTZFzs,3wGCnFTZFzs,9354
Joseph Steinschleuder,Davie Jones,+ Interview München,Accapella,2024,DLTLLY,2024-09-08,https://www.youtube.com/watch?v=6ommjEnW9vI,6ommjEnW9vI,63986.0
Rool,Dyas,+ Interview Proving Grounds,Accapella,2024,DLTLLY,2024-09-05,https://www.youtube.com/watch?v=jagpHG4EWME,jagpHG4EWME,6727.0
Kato,SnakeHeadRhyme,  München,Accapella,2024,DLTLLY,2024-09-01,https://www.youtube.com/watch?v=68QK0Kf8Lck,68QK0Kf8Lck,43941.0
T-Way,Gerro,D&amp;DL,Accapella,2024,DUDL,2024-09-01,https://www.youtube.com/watch?v=z-q8BX6Mxrs,z-q8BX6Mxrs,8260
Baretta,Herr Sören,+ Interview Proving Grounds,Accapella,2024,DLTLLY,2024-08-29,https://www.youtube.com/watch?v=kcm0rdCOar4,kcm0rdCOar4,9178.0
InzaneMane,Leon Vinyard,D&amp;DL,Accapella,2024,DUDL,2024-08-25,https://www.youtube.com/watch?v=115Cl3vTrPM,115Cl3vTrPM,7371
Ilhan,Kitana,+ Interview  Tapefabrik,On Beat,2024,DLTLLY,2024-08-25,https://www.youtube.com/watch?v=AtqetyTbheI,AtqetyTbheI,83869.0
JEPAIN,A-RON,RAP BATTLE,Accapella,2024,FOB,2024-08-23,https://www.youtube.com/watch?v=XrEZxw8z5bM,XrEZxw8z5bM,6075.0
Notyzze,Lyrico,+ Interview  Tapefabrik,On Beat,2024,DLTLLY,2024-08-22,https://www.youtube.com/watch?v=Tgmq3_4RhjE,Tgmq3_4RhjE,32788.0
DANNY DEADWEIGHT,ONKEL FRÄNK,RAP BATTLE,Accapella,2024,FOB,2024-08-18,https://www.youtube.com/watch?v=Mkz8nufAVUo,Mkz8nufAVUo,5570.0
Ezra,Jilly,D&amp;DL,Accapella,2024,DUDL,2024-08-18,https://www.youtube.com/watch?v=q8bh5WVlnew,q8bh5WVlnew,4071
Meidi,Craze,  MAYhem #7,Accapella,2024,DLTLLY,2024-08-17,https://www.youtube.com/watch?v=-iUQflbZjj4,-iUQflbZjj4,176631.0
MC COLOGNE & PATO G,REQUIEM & FROZEN,RAP BATTLE,Accapella,2024,FOB,2024-08-16,https://www.youtube.com/watch?v=TWJGch9t_tk,TWJGch9t_tk,9680.0
Ssynic,Tobi High,  MAYhem #7,Accapella,2024,DLTLLY,2024-08-11,https://www.youtube.com/watch?v=_2mNNkIfRww,_2mNNkIfRww,387971.0
FraxOne,Georgie,D&amp;DL,Accapella,2024,DUDL,2024-08-11,https://www.youtube.com/watch?v=WQKX9rMwfPs,WQKX9rMwfPs,3748
Hiding John,Shizu,  MAYhem #7,Accapella,2024,DLTLLY,2024-08-04,https://www.youtube.com/watch?v=ZIH7h0e7aWg,ZIH7h0e7aWg,101740.0
Requiem,Ilhan,+ Interview MAYhem #7,Accapella,2024,DLTLLY,2024-07-28,https://www.youtube.com/watch?v=9Po9A8VvDFs,9Po9A8VvDFs,30234.0
VYRUS & FREEZY,SIZYPHOS & SH@WDY SH@F,RAP BATTLE,Accapella,2024,FOB,2024-07-26,https://www.youtube.com/watch?v=yC4KF5j4SC0,yC4KF5j4SC0,145325.0
MOODY,EZRA,ONE-ROUNDER,Accapella,2024,FOB,2024-07-21,https://www.youtube.com/watch?v=_xZ5PG4OiQ4,_xZ5PG4OiQ4,4391.0
Quill,Hollow Da Don,International  + Interview MAYhem #7,Accapella,2024,DLTLLY,2024-07-21,https://www.youtube.com/watch?v=L4bqv0Z187s,L4bqv0Z187s,70919.0
DAVIE JONES,BDAD,ACAPELLA BATTLE,Accapella,2024,FOB,2024-07-19,https://www.youtube.com/watch?v=j0UoUGbmxcQ,j0UoUGbmxcQ,38699.0
Wolff,T-Way,Co-Event,Accapella,2024,DLTLLY,2024-07-14,https://www.youtube.com/watch?v=haDRNN288xI,haDRNN288xI,3350.0
HOODOO,GEERAH,ACAPELLA BATLLE,Accapella,2024,FOB,2024-07-14,https://www.youtube.com/watch?v=SooZ6KbCv4I,SooZ6KbCv4I,2823.0
Wolff,T-Way,Co-Event,Accapella,2024,DLTLLY,2024-07-14,https://www.youtube.com/watch?v=zOWZq8nG75U,zOWZq8nG75U,51043.0
ZEPTAH,REQUIEM,ON BEAT BATTLE,On Beat,2024,FOB,2024-07-12,https://www.youtube.com/watch?v=EJdpjtbvjEo,EJdpjtbvjEo,16446.0
MC Cologne,Bandan,Co-Event,On Beat,2024,DLTLLY,2024-07-11,https://www.youtube.com/watch?v=6nV5CVQoKLo,6nV5CVQoKLo,8848.0
Duff,Neilz,Co-Event,On Beat,2024,DLTLLY,2024-07-07,https://www.youtube.com/watch?v=1MsrFX-bPC4,1MsrFX-bPC4,27818.0
LUCKYLILY,MC GEUNER,ACAPELLA BATTLE,Accapella,2024,FOB,2024-07-05,https://www.youtube.com/watch?v=G3O29FB4itk,G3O29FB4itk,45063.0
Proton,Koozy,Co-Event,On Beat,2024,DLTLLY,2024-07-04,https://www.youtube.com/watch?v=JCMIDlfCDjY,JCMIDlfCDjY,17931.0
NATALI,KRISO,LEVEL UP TURNIER,Accapella,2024,FOB,2024-06-28,https://www.youtube.com/watch?v=lcDcZyVhX5Y,lcDcZyVhX5Y,9292.0
Mighty P & Lamin,FFFelix & Nastic,Co-Event,Accapella,2024,DLTLLY,2024-06-27,https://www.youtube.com/watch?v=q3gQy17LHC0,q3gQy17LHC0,13782.0
Karma,Hiding John (One Rounder),+ Interview NRWeekend,Accapella,2024,DLTLLY,2024-06-21,https://www.youtube.com/watch?v=7Vmk5up-5Fo,7Vmk5up-5Fo,37020.0
PESC,FAIVEL,LEVEL UP TURNIER,Accapella,2024,FOB,2024-06-21,https://www.youtube.com/watch?v=EVKPjgMgfJg,EVKPjgMgfJg,5650.0
Kato & Yarambo,Joseph Steinschleuder & Sizyphos,2on2  NRWeekend,Accapella,2024,DLTLLY,2024-06-16,https://www.youtube.com/watch?v=4j1hDSpgsFw,4j1hDSpgsFw,222242.0
Kiruma,Karanova,D&amp;DL 🏆 Title-Match,Accapella,2024,DUDL,2024-06-16,https://www.youtube.com/watch?v=rv_yat0fWhE,rv_yat0fWhE,45990
Liuz,T-Way,  NRWeekend,Accapella,2024,DLTLLY,2024-06-09,https://www.youtube.com/watch?v=J8bcbhLcKq8,J8bcbhLcKq8,19569.0
Jeystone,N&#39;antinein,Battle,On Beat,2024,DUDL,2024-06-09,https://www.youtube.com/watch?v=IuwaIOsyTXs,IuwaIOsyTXs,8728
Ryko-J,Olio,  NRWeekend,Accapella,2024,DLTLLY,2024-06-07,https://www.youtube.com/watch?v=6oGgSiAVu4I,6oGgSiAVu4I,45551.0
Requiem,Fate,  NRWeekend,Accapella,2024,DLTLLY,2024-06-02,https://www.youtube.com/watch?v=OPSI5Jy-AVQ,OPSI5Jy-AVQ,23949.0
Holu,Zeuge,Battle,Accapella,2024,DUDL,2024-06-02,https://www.youtube.com/watch?v=bf94Ffg-3F4,bf94Ffg-3F4,8916
KATO,T-WAY,GAMING BARS RELOADED,Accapella,2024,FOB,2024-05-30,https://www.youtube.com/watch?v=nxx7jX1ylPc,nxx7jX1ylPc,12663.0
KRISO,CIZERO,ACAPELLA BATTLE,Accapella,2024,FOB,2024-05-26,https://www.youtube.com/watch?v=JZ87q10gvnM,JZ87q10gvnM,2992.0
DER SERGEANT,EZRA,ACAPELLA BATTLE,Accapella,2024,FOB,2024-05-26,https://www.youtube.com/watch?v=hp9kbzK2ugs,hp9kbzK2ugs,5154.0
Franz Flaute,MC Rabiat,Battle,Accapella,2024,DUDL,2024-05-26,https://www.youtube.com/watch?v=ca_rG-4NbNw,ca_rG-4NbNw,5245.0
Cashus K,D-Kay,+ Interview NRWeekend,Accapella,2024,DLTLLY,2024-05-24,https://www.youtube.com/watch?v=BEEkWjnjr2w,BEEkWjnjr2w,12561.0
PHILLIE.45,NASTIC (Freestyle als MAT),ON BEAT BATTLE,On Beat,2024,FOB,2024-05-24,https://www.youtube.com/watch?v=RzVabkX8At8,RzVabkX8At8,4732.0
Moitz,Wenzel Washington,+ Interview NRWeekend,Accapella,2024,DLTLLY,2024-05-19,https://www.youtube.com/watch?v=X2oW-AVnu_k,X2oW-AVnu_k,14053.0
Capco Jones,Schlawin0r,Battle,Accapella,2024,DUDL,2024-05-19,https://www.youtube.com/watch?v=-zVGbTf4cXQ,-zVGbTf4cXQ,3673.0
Pablo,Morgana,  Berlin,On Beat,2024,DLTLLY,2024-05-17,https://www.youtube.com/watch?v=wMIpuP755BM,wMIpuP755BM,30898.0
JILLY,ROOL,ACAPELLA BATTLE,Accapella,2024,FOB,2024-05-16,https://www.youtube.com/watch?v=oy7yIMl1ZNA,oy7yIMl1ZNA,3714.0
ILYA FLOYD,CRYSTAL MAX,ACAPELLA BATTLE,Accapella,2024,FOB,2024-05-16,https://www.youtube.com/watch?v=uTnZqyleXUo,uTnZqyleXUo,3084.0
MC Geuner,Bayze,  NRWeekend #7,Accapella,2024,DLTLLY,2024-05-12,https://www.youtube.com/watch?v=me9eYSwqDfM,me9eYSwqDfM,49136.0
MC GEUNER (SPECKTITTE MINO),RIPA,ACAPELLA BATTLE,Accapella,2024,FOB,2024-05-12,https://www.youtube.com/watch?v=6Fq9WuxhADc,6Fq9WuxhADc,4438.0
Georgie,Günti,Battle,Accapella,2024,DUDL,2024-05-12,https://www.youtube.com/watch?v=CvxlkVUxyCQ,CvxlkVUxyCQ,4439.0
LARA SOFT,FROZEN,ON BEAT BATTLE,On Beat,2024,FOB,2024-05-09,https://www.youtube.com/watch?v=hcwjr_srOXM,hcwjr_srOXM,19284.0
Steel,Davie Jones,  Berlin,On Beat,2024,DLTLLY,2024-05-05,https://www.youtube.com/watch?v=uz5v_Bn_TzY,uz5v_Bn_TzY,44117.0
Notyzze,Tommy2Late,  Berlin,On Beat,2024,DLTLLY,2024-05-05,https://www.youtube.com/watch?v=DDBzGJrY2Ds,DDBzGJrY2Ds,66884.0
David Ardor,Jilly,Battle,Accapella,2024,DUDL,2024-05-05,https://www.youtube.com/watch?v=BxFo9Cnh4GI,BxFo9Cnh4GI,3388.0
CSN GALACTICO,SIC68,ACAPELLA BATTLE,Accapella,2024,FOB,2024-05-03,https://www.youtube.com/watch?v=cUb4Sq_nyLo,cUb4Sq_nyLo,14016.0
Tobi High,Papa TR,  Berlin,On Beat,2024,DLTLLY,2024-04-28,https://www.youtube.com/watch?v=F5E_sF7XD7I,F5E_sF7XD7I,51231.0
HEYZEN,TOKZ,ON BEAT + ACAPELLA BATTLE,On Beat,2024,FOB,2024-04-25,https://www.youtube.com/watch?v=QboOw6vfu5Q,QboOw6vfu5Q,5503.0
TOLLSCHOCK,MALIK,ACAPELLA BATTLE,Accapella,2024,FOB,2024-04-21,https://www.youtube.com/watch?v=zH1kJVuX8QU,zH1kJVuX8QU,6469.0
Karanova,Bong Teggy,🏆 ON BEAT TITLE MATCH 🏆,On Beat,2024,DLTLLY,2024-04-21,https://www.youtube.com/watch?v=LN1Lv62vzbI,LN1Lv62vzbI,139811.0
Bong Teggy,Karanova,Interview Berlin,Accapella,2024,DLTLLY,2024-04-21,https://www.youtube.com/watch?v=nJxEfSgOaFE,nJxEfSgOaFE,8054.0
DOC,Mordrake,  Berlin,On Beat,2024,DLTLLY,2024-04-19,https://www.youtube.com/watch?v=f-Cp3n-LCyw,f-Cp3n-LCyw,10747.0
MC GEUNER,BANDAN,ACAPELLA BATTLE,Accapella,2024,FOB,2024-04-19,https://www.youtube.com/watch?v=8W6w_1IMHSQ,8W6w_1IMHSQ,12095.0
Yarambo,Karanova,  Kassel,Accapella,2024,DLTLLY,2024-04-14,https://www.youtube.com/watch?v=JWaIWpR7cuA,JWaIWpR7cuA,100146.0
FABS,DUFF,ACAPELLA BATTLE,Accapella,2024,FOB,2024-04-12,https://www.youtube.com/watch?v=PGneFiKoVf4,PGneFiKoVf4,17655.0
Tobi High,Meidi,  Kassel,Accapella,2024,DLTLLY,2024-04-07,https://www.youtube.com/watch?v=SJ4P0J0u3o0,SJ4P0J0u3o0,144396.0
Zeptah,Tokz,  Berlin,On Beat,2024,DLTLLY,2024-04-07,https://www.youtube.com/watch?v=sGN8Hll0T3M,sGN8Hll0T3M,20205.0
Aladin,Shorteh Taunton,  Berlin,On Beat,2024,DLTLLY,2024-04-05,https://www.youtube.com/watch?v=yf72pQ4T_ak,yf72pQ4T_ak,11405.0
MC Maik,Snakeheadrhyme,  Kassel,Accapella,2024,DLTLLY,2024-03-31,https://www.youtube.com/watch?v=meY3np8DlTQ,meY3np8DlTQ,22044.0
"LARA SOFT ""","."" M.F.L.",ON BEAT BATTLE,On Beat,2024,FOB,2024-03-31,https://www.youtube.com/watch?v=CZXKeqr26RQ,CZXKeqr26RQ,8172.0
Dadda,Lazlo Mxrphine,  Berlin,On Beat,2024,DLTLLY,2024-03-29,https://www.youtube.com/watch?v=xcw2vuJLPZs,xcw2vuJLPZs,119570.0
CLOCKWORK,DADDA,LEVEL UP TURNIER,Accapella,2024,FOB,2024-03-24,https://www.youtube.com/watch?v=f2TI2M5UaXc,f2TI2M5UaXc,10273.0
SIZYPHOS,MOODY,ACAPELLA BATTLE,Accapella,2024,FOB,2024-03-24,https://www.youtube.com/watch?v=QYrhse-D5VI,QYrhse-D5VI,39968.0
ONKEL FRÄNK,SHADYX,ACAPELLA BATTLE,Accapella,2024,FOB,2024-03-24,https://www.youtube.com/watch?v=wfBBTAqUHis,wfBBTAqUHis,8426.0
DANNY DEADWEIGHT,SKILLZ,ACAPELLA BATLLE,Accapella,2024,FOB,2024-03-24,https://www.youtube.com/watch?v=ehyGYTo24ro,ehyGYTo24ro,4819.0
FreeKno,Young Kennedy,  Kassel,Accapella,2024,DLTLLY,2024-03-24,https://www.youtube.com/watch?v=GPMI--gNB08,GPMI--gNB08,15273.0
JOSEPH STEINSCHLEUDER,MORGANA,ON BEAT BATTLE,On Beat,2024,FOB,2024-03-21,https://www.youtube.com/watch?v=fo8uzP3EIvw,fo8uzP3EIvw,44361.0
OREGANO,HIDING JOHN,ACAPELLA BATTLE,Accapella,2024,FOB,2024-03-18,https://www.youtube.com/watch?v=rAqwIxumi3s,rAqwIxumi3s,139858.0
Zeuge,Niza,  Kassel,Accapella,2024,DLTLLY,2024-03-17,https://www.youtube.com/watch?v=j6S8n5bSC4k,j6S8n5bSC4k,24300.0
Karma,Kiruma,NRWeekend 6,Accapella,2024,DLTLLY,2024-03-17,https://www.youtube.com/watch?v=3PCiOm1e0F8,3PCiOm1e0F8,60725.0
Der Sergeant,Diamond,  Proving Grounds,Accapella,2024,DLTLLY,2024-03-15,https://www.youtube.com/watch?v=YdQh67kKjA0,YdQh67kKjA0,12980.0
PABLO,YAAMANN,ON BEAT BATTLE,On Beat,2024,FOB,2024-03-14,https://www.youtube.com/watch?v=AWCwWr_DDKI,AWCwWr_DDKI,8947.0
CSN Galactico,Nastic,  Proving Grounds,Accapella,2024,DLTLLY,2024-03-10,https://www.youtube.com/watch?v=jKHgj_RAMZA,jKHgj_RAMZA,28754.0
Vesso,Malik,  Proving Grounds,Accapella,2024,DLTLLY,2024-03-10,https://www.youtube.com/watch?v=iK-Oth0jFOo,iK-Oth0jFOo,7188.0
Sizyphos,Hiding John,  DISSember #7,Accapella,2024,DLTLLY,2024-03-07,https://www.youtube.com/watch?v=LBbPEElYxGA,LBbPEElYxGA,369503.0
Jepain,Rolling G,  Proving Grounds,Accapella,2024,DLTLLY,2024-03-07,https://www.youtube.com/watch?v=1tMIG22ggG0,1tMIG22ggG0,10081.0
ZATO,ZEPTAH,ON BEAT BATTLE,On Beat,2024,FOB,2024-03-01,https://www.youtube.com/watch?v=nMeqvIpjfOE,nMeqvIpjfOE,12174.0
Moody,Ikks,  Proving Grounds,Accapella,2024,DLTLLY,2024-03-01,https://www.youtube.com/watch?v=oFHFbG4e604,oFHFbG4e604,7275.0
Belial,Kid Soldier,  DISSember #7,Accapella,2024,DLTLLY,2024-02-25,https://www.youtube.com/watch?v=fN0PgIxzhC8,fN0PgIxzhC8,39921.0
FREEZY,DADDA,ON BEAT BATTLE,On Beat,2024,FOB,2024-02-23,https://www.youtube.com/watch?v=QBSRI86VMs8,QBSRI86VMs8,19269.0
The Saurus,Quill,  DISSember #7,Accapella,2024,DLTLLY,2024-02-19,https://www.youtube.com/watch?v=9z2aEljjMtQ,9z2aEljjMtQ,11643.0
KOOZY,MAN IN BLACK,ON BEAT BATTLE,On Beat,2024,FOB,2024-02-09,https://www.youtube.com/watch?v=6_YUEKAjkng,6_YUEKAjkng,10038.0
Clockwork,Sachma,  Proving Grounds,Accapella,2024,DLTLLY,2024-02-09,https://www.youtube.com/watch?v=bwbDyjtPJCc,bwbDyjtPJCc,8307.0
Ricochet,Riesenlauch,  Proving Grounds Berlin,Accapella,2024,DLTLLY,2024-02-04,https://www.youtube.com/watch?v=NjX3eisi5XU,NjX3eisi5XU,12045.0
Kato,Neilz,🏆 TITLE MATCH 🏆,Accapella,2024,DLTLLY,2024-02-04,https://www.youtube.com/watch?v=ykfHhWbi7Jk,ykfHhWbi7Jk,110389.0
CapcoJones,Cristosaurus Rex,  Proving Grounds,Accapella,2024,DLTLLY,2024-02-04,https://www.youtube.com/watch?v=NNUTrbddBwo,NNUTrbddBwo,10179.0
VYRUS,STEEL,ON BEAT TITLEMATCH,On Beat,2024,FOB,2024-02-02,https://www.youtube.com/watch?v=hupa7KpyOm8,hupa7KpyOm8,76576.0
FAITH MC,ROLLING G,ACAPELLA BATTLE,Accapella,2024,FOB,2024-01-27,https://www.youtube.com/watch?v=AQ61cQjpA4U,AQ61cQjpA4U,7243.0
ROOL,DAVID ARDOR,NEWCOMER BATTLE,Accapella,2024,FOB,2024-01-21,https://www.youtube.com/watch?v=_TQee46RR5U,_TQee46RR5U,2769.0
FRAX ONE & DJANGO,NATALI & ALADIN,ACAPELLA BATTLE,Accapella,2024,FOB,2024-01-19,https://www.youtube.com/watch?v=6ZzLdfNphns,6ZzLdfNphns,7192.0
JOSEPH STEINSCHLEUDER & ROMIK WRONG,ZEPTAH & ORPHXN,ON BEAT BATTLE,On Beat,2024,FOB,2024-01-12,https://www.youtube.com/watch?v=hDQFXey6gXI,hDQFXey6gXI,34815.0
Heinz87 & Hiding John,Mazzikaner & Cashus K,  Hamburg,Accapella,2024,DLTLLY,2024-01-11,https://www.youtube.com/watch?v=Ue5h955l2Ew,Ue5h955l2Ew,26594.0
Yarambo,Karma,  Hamburg,Accapella,2024,DLTLLY,2024-01-11,https://www.youtube.com/watch?v=Y523u1xAcmo,Y523u1xAcmo,70107.0
Celune,Sizyphos,  Hamburg,Accapella,2024,DLTLLY,2024-01-11,https://www.youtube.com/watch?v=wwKW8EaM0W4,wwKW8EaM0W4,86140.0
Faivel,Bilal,  Hamburg,Accapella,2024,DLTLLY,2024-01-07,https://www.youtube.com/watch?v=mHPNeE8Tkbo,mHPNeE8Tkbo,14927.0
Holu,Moody,Battle,Accapella,2023,DUDL,2024-01-06,https://www.youtube.com/watch?v=ZgVgROhjl5o,ZgVgROhjl5o,6447.0
BURST & T-WAY,LEANDERS & DESPO,ACAPELLA BATTLE,Accapella,2024,FOB,2024-01-05,https://www.youtube.com/watch?v=_RaLw94QJSI,_RaLw94QJSI,9535.0
Shizu,Morgana,  Hamburg,On Beat,2024,DLTLLY,2024-01-05,https://www.youtube.com/watch?v=uZC6ZAOqvss,uZC6ZAOqvss,40111.0
KRISO,ILYA FLOYD,NEWCOMER BATTLE,Accapella,2023,FOB,2023-12-31,https://www.youtube.com/watch?v=eSLYneqD0vg,eSLYneqD0vg,3755.0
Karkobi,Requiem,  Wien,Accapella,2023,DLTLLY,2023-12-30,https://www.youtube.com/watch?v=dpC_mfZVDrc,dpC_mfZVDrc,43497.0
Bilal,Joseph Steinschleuder,Battle,Accapella,2023,DUDL,2023-12-30,https://www.youtube.com/watch?v=MmgJGhyrfbc,MmgJGhyrfbc,19006.0
Neilz,Kiruma,  Dortmund,Accapella,2023,DLTLLY,2023-12-30,https://www.youtube.com/watch?v=k5MyH3qffzk,k5MyH3qffzk,97456.0
Barbee & Flow,Fate & Joseph Steinschleuder,2on2  Wien,Accapella,2023,DLTLLY,2023-12-30,https://www.youtube.com/watch?v=o0oMk_6Sj60,o0oMk_6Sj60,40899.0
Onkel Oktomusch,Jindo109,  Dortmund,Accapella,2023,DLTLLY,2023-12-30,https://www.youtube.com/watch?v=NXAh7HMMM-0,NXAh7HMMM-0,140186.0
Notyzze,BanDan,  Wien,On Beat,2023,DLTLLY,2023-12-30,https://www.youtube.com/watch?v=ryfJjGNbbR8,ryfJjGNbbR8,24501.0
Mc Geuner,T-Way,  Dortmund,Accapella,2023,DLTLLY,2023-12-30,https://www.youtube.com/watch?v=rsMrgC9k9jk,rsMrgC9k9jk,18865.0
LUCKYLILY & BAYZE,CRAZE & MOITZ,ACAPELLA BATTLE,Accapella,2023,FOB,2023-12-28,https://www.youtube.com/watch?v=B7Ge3bBMaZ4,B7Ge3bBMaZ4,72641.0
MORGANA,ZEPTAH,ON BEAT BATTLE,On Beat,2023,FOB,2023-12-26,https://www.youtube.com/watch?v=VSjE_QHcZBU,VSjE_QHcZBU,11472.0
Kane,David Ardor,Battle,Accapella,2023,DUDL,2023-12-23,https://www.youtube.com/watch?v=5NWHlFDIezw,5NWHlFDIezw,3420.0
CLOCKWORK,CSN GALACTICO,ACAPELLA BATTLE,Accapella,2023,FOB,2023-12-21,https://www.youtube.com/watch?v=8t_wR5YYayI,8t_wR5YYayI,10491.0
KARKOBI,MOODY,ACAPELLA BATTLE,Accapella,2024,FOB,2023-12-17,https://www.youtube.com/watch?v=hvEti6vXuXY,hvEti6vXuXY,18137.0
KIRUMA,HIDING JOHN,ACAPELLA BATTLE,Accapella,2023,FOB,2023-12-17,https://www.youtube.com/watch?v=-z8Kz8svvR4,-z8Kz8svvR4,82594.0
SNAKEHEADRHYME,A-RON,ACAPELLA BATTLE,Accapella,2023,FOB,2023-12-17,https://www.youtube.com/watch?v=q4fXhfjI2ZU,q4fXhfjI2ZU,10406.0
SHAOLUM,EZRA,ONE-ROUNDER,Accapella,2023,FOB,2023-12-10,https://www.youtube.com/watch?v=tzwE0B9OquY,tzwE0B9OquY,5243.0
Liuz,Herr Kuchen,  Dortmund,Accapella,2023,DLTLLY,2023-12-10,https://www.youtube.com/watch?v=vPgMlVOgMYs,vPgMlVOgMYs,78698.0
KahVauWeh,Jilly,Battle,Accapella,2023,DUDL,2023-12-09,https://www.youtube.com/watch?v=0qrxZCr5CMg,0qrxZCr5CMg,4577.0
Flashus Christus,K9NE,  Wien,Accapella,2023,DLTLLY,2023-12-08,https://www.youtube.com/watch?v=chUp4X6Isbo,chUp4X6Isbo,8859.0
FREEKNO,MORGANA,ACAPELLA BATTLE,Accapella,2023,FOB,2023-12-08,https://www.youtube.com/watch?v=WtgPudDeZj8,WtgPudDeZj8,6607.0
VYRUS,KARANOVA,ON BEAT BATTLE,On Beat,2023,FOB,2023-12-01,https://www.youtube.com/watch?v=_rMFRoKcs6M,_rMFRoKcs6M,59385.0
MOODY,TECEY,ACAPELLA BATTLE,Accapella,2023,FOB,2023-11-26,https://www.youtube.com/watch?v=rbNeALMPEKo,rbNeALMPEKo,3766.0
JOE PHARO,LITTLE SEDO,ACAPELLA BATTLE,Accapella,2023,FOB,2023-11-24,https://www.youtube.com/watch?v=5Z35PNEQB_I,5Z35PNEQB_I,10726.0
Schalle,Shortworth,  Wien,Accapella,2023,DLTLLY,2023-11-24,https://www.youtube.com/watch?v=3_aVuejj-KM,3_aVuejj-KM,13518.0
Duff,Joe Pharo,  Dortmund,Accapella,2023,DLTLLY,2023-11-22,https://www.youtube.com/watch?v=m0MkvcPDluI,m0MkvcPDluI,25793.0
NASTIC,STEEL,ON BEAT BATTLE,On Beat,2023,FOB,2023-11-19,https://www.youtube.com/watch?v=w0kK3zXnnK0,w0kK3zXnnK0,184459.0
Wenzel Washington,Davis,  Wien,Accapella,2023,DLTLLY,2023-11-16,https://www.youtube.com/watch?v=BNOhkxQXuyM,BNOhkxQXuyM,11737.0
JEPAIN,CELUNE,ACAPELLA BATTLE,Accapella,2023,FOB,2023-11-16,https://www.youtube.com/watch?v=01-L9OSECRY,01-L9OSECRY,12773.0
Belial,Julo,  Dortmund,Accapella,2023,DLTLLY,2023-11-16,https://www.youtube.com/watch?v=I9J8qYJCcno,I9J8qYJCcno,30624.0
Grandmaster Flow,Kalp One,  Wien,Accapella,2023,DLTLLY,2023-11-16,https://www.youtube.com/watch?v=Kw40l5aHPI4,Kw40l5aHPI4,8399.0
BAYZE,M.F.L.,ACAPELLA BATTLE,Accapella,2023,FOB,2023-11-12,https://www.youtube.com/watch?v=paqgtJnfItw,paqgtJnfItw,13611.0
KOOZY,ZEPTAH,ON BEAT BATTLE,On Beat,2023,FOB,2023-11-10,https://www.youtube.com/watch?v=GGu6kpSltiw,GGu6kpSltiw,13651.0
LUCKYLILY,IKKS,ACAPELLA BATTLE,Accapella,2023,FOB,2023-11-10,https://www.youtube.com/watch?v=kgZww6Ailfs,kgZww6Ailfs,20374.0
Aytee,Phasenkind,München,On Beat,2023,DLTLLY,2023-11-07,https://www.youtube.com/watch?v=E-5qSwv5Z0Q,E-5qSwv5Z0Q,229606.0
N'antinein,Bahamakarma,  splash! 25,On Beat,2023,DLTLLY,2023-11-07,https://www.youtube.com/watch?v=hxlKFtVRKTw,hxlKFtVRKTw,20227.0
Cris Kotzen & Escape,Vyrus & Freezy,2on2   splash! 25,On Beat,2023,DLTLLY,2023-11-07,https://www.youtube.com/watch?v=o63uOeCfr44,o63uOeCfr44,59541.0
Joseph Steinschleuder,Steel,Düsseldorf,On Beat,2023,DLTLLY,2023-11-07,https://www.youtube.com/watch?v=o-gu-0j52H4,o-gu-0j52H4,48560.0
Notyzze,Pablo,München,On Beat,2023,DLTLLY,2023-11-07,https://www.youtube.com/watch?v=2oGok3bnO3g,2oGok3bnO3g,32338.0
Kid Soldier,Krom,  splash! 25,On Beat,2023,DLTLLY,2023-11-07,https://www.youtube.com/watch?v=BDxFLIkPoGM,BDxFLIkPoGM,24036.0
Tokz,Tisos,Match,On Beat,2023,DLTLLY,2023-11-07,https://www.youtube.com/watch?v=Nx1dG5NYYSM,Nx1dG5NYYSM,12664.0
Phasenkind,Vyrus,Battle,On Beat,2023,DLTLLY,2023-11-07,https://www.youtube.com/watch?v=9bTN83Isy_g,9bTN83Isy_g,72383.0
Lyrico,Tobi High,  splash! 25,On Beat,2023,DLTLLY,2023-11-07,https://www.youtube.com/watch?v=tR63ErqqK-E,tR63ErqqK-E,55575.0
Falki,Davie Jones,München,On Beat,2023,DLTLLY,2023-11-07,https://www.youtube.com/watch?v=PEZM8D30ogU,PEZM8D30ogU,58824.0
Shizu,Mave,  splash! 25,Accapella,2023,DLTLLY,2023-11-07,https://www.youtube.com/watch?v=0VnFsg9akkE,0VnFsg9akkE,21077.0
Krom,Craze, Splash! Festival,On Beat,2023,DLTLLY,2023-11-07,https://www.youtube.com/watch?v=OFxzZdybSN8,OFxzZdybSN8,41136.0
Mavgic,Notyzze, Splash! Festival,On Beat,2023,DLTLLY,2023-11-07,https://www.youtube.com/watch?v=zfz6RCjGq9Q,zfz6RCjGq9Q,84362.0
Ssynic,Craze,  B-Day #10,Accapella,2023,DLTLLY,2023-11-06,https://www.youtube.com/watch?v=FwsahytRilk,FwsahytRilk,272633.0
SUZIE SUH,MALIK,ACAPELLA BATTLE,Accapella,2023,FOB,2023-11-05,https://www.youtube.com/watch?v=XdxsQ5ZkBl0,XdxsQ5ZkBl0,6093.0
Yarambo,JollyJay,  B-Day #10,Accapella,2023,DLTLLY,2023-10-29,https://www.youtube.com/watch?v=u6NT4ynzzXY,u6NT4ynzzXY,141361.0
SIC68,LEOQUENT,ACAPELLA BATTLE,Accapella,2023,FOB,2023-10-29,https://www.youtube.com/watch?v=Aagl3mzXYHE,Aagl3mzXYHE,2596.0
TEACH,SHORTWORTH,ACAPELLA BATTLE,Accapella,2023,FOB,2023-10-27,https://www.youtube.com/watch?v=v3gjheBRFdw,v3gjheBRFdw,5873.0
Kato,Bong Teggy,  B-Day #10,Accapella,2023,DLTLLY,2023-10-25,https://www.youtube.com/watch?v=9-PHpWXpad8,9-PHpWXpad8,93526.0
M.F.L.,CLOCKWORK,ACAPELLA BATTLE,Accapella,2023,FOB,2023-10-21,https://www.youtube.com/watch?v=GrwKC49yyCQ,GrwKC49yyCQ,3354.0
DEELAH,DADDA,ACAPELLA BATTLE,Accapella,2023,FOB,2023-10-20,https://www.youtube.com/watch?v=1hXJvRr5-v0,1hXJvRr5-v0,16115.0
Karanova,Mc Geuner,  B-Day #10,Accapella,2023,DLTLLY,2023-10-15,https://www.youtube.com/watch?v=EuuQTa_BAPs,EuuQTa_BAPs,37925.0
Jeystone,Karanova,Battle,Accapella,2023,DUDL,2023-10-14,https://www.youtube.com/watch?v=RDIgvgVX2XE,RDIgvgVX2XE,16848.0
DIAMOND,NATALI,ACAPELLA BATTLE,Accapella,2023,FOB,2023-10-13,https://www.youtube.com/watch?v=p8xbu9v5EZw,p8xbu9v5EZw,43410.0
Mighty P,Karma,  B-Day #10,Accapella,2023,DLTLLY,2023-10-08,https://www.youtube.com/watch?v=9h9mrGmjNkE,9h9mrGmjNkE,24585.0
Flashus Christus,Béla Garbage,Battle,Accapella,2023,DUDL,2023-10-07,https://www.youtube.com/watch?v=ZYJzYXtGpjk,ZYJzYXtGpjk,6333.0
ShadyX,David Ardor,Battle,Accapella,2023,DUDL,2023-09-30,https://www.youtube.com/watch?v=yyTA-Qjyo8k,yyTA-Qjyo8k,4096.0
Pablo,Mordrake,  splash! 25,On Beat,2023,DLTLLY,2023-09-29,https://www.youtube.com/watch?v=eTL6zktMYR4,eTL6zktMYR4,15525.0
FAIVEL,MAZZIKANER,ACAPELLA BATTLE,Accapella,2023,FOB,2023-09-24,https://www.youtube.com/watch?v=jjoHn6PxuHo,jjoHn6PxuHo,4422.0
DEZ,MC Rabiat,Battle,Accapella,2023,DUDL,2023-09-23,https://www.youtube.com/watch?v=7OxvBQs2I9U,7OxvBQs2I9U,5862.0
JOSEPH STEINSCHLEUDER,ALADIN,ON BEAT BATTLE,On Beat,2023,FOB,2023-09-21,https://www.youtube.com/watch?v=1JJayQ1V2h4,1JJayQ1V2h4,57423.0
Mc Geuner,Snakeheadrhyme,  München,Accapella,2023,DLTLLY,2023-09-15,https://www.youtube.com/watch?v=i1B9-AWslJg,i1B9-AWslJg,31756.0
Wolff,Requiem,  München,Accapella,2023,DLTLLY,2023-09-15,https://www.youtube.com/watch?v=ET-J69Ip5-E,ET-J69Ip5-E,52478.0
Tobi High,Yarambo,  München,Accapella,2023,DLTLLY,2023-08-28,https://www.youtube.com/watch?v=DmiECBflC1Y,DmiECBflC1Y,184904.0
T-Way,Julo,  München,Accapella,2023,DLTLLY,2023-08-21,https://www.youtube.com/watch?v=SsiMPL9Pxvc,SsiMPL9Pxvc,22418.0
DAVIE JONES,KIRUMA,ACAPELLA BATTLE,Accapella,2023,FOB,2023-08-10,https://www.youtube.com/watch?v=153UC-iaZuY,153UC-iaZuY,53038.0
DER SERGEANT,MUSIO,ACAPELLA BATTLE,Accapella,2023,FOB,2023-08-10,https://www.youtube.com/watch?v=oxWTBgiZXYo,oxWTBgiZXYo,5034.0
FAIVEL,TRIPLE,MIXED MARTIAL BARS,Accapella,2023,FOB,2023-08-10,https://www.youtube.com/watch?v=ruyoC9eeZe0,ruyoC9eeZe0,4941.0
NOTYZZE,PATO G (FINALE),FREESTYLE BATTLE,Accapella,2023,FOB,2023-08-10,https://www.youtube.com/watch?v=P-J6-smmJlE,P-J6-smmJlE,10638.0
TEACH,DJANGO (BATTLE UM PLATZ 3),FREESTYLE BATTLE,Accapella,2023,FOB,2023-08-10,https://www.youtube.com/watch?v=Gw-PKej8GDs,Gw-PKej8GDs,3454.0
VYRUS,KOOZY,ON BEAT BATTLE,On Beat,2023,FOB,2023-08-10,https://www.youtube.com/watch?v=alByBsxKWa4,alByBsxKWa4,18192.0
ROLLING G,ATROPATRAP,ACAPELLA BATTLE,Accapella,2023,FOB,2023-08-10,https://www.youtube.com/watch?v=qMDgBCsXSKk,qMDgBCsXSKk,19959.0
REQUIEM,ALADIN,ON BEAT BATTLE,On Beat,2023,FOB,2023-08-10,https://www.youtube.com/watch?v=pu3AO8kGZhI,pu3AO8kGZhI,6439.0
NASTIC (FINNASTIC),CRIPSTA,ON BEAT BATTLE,On Beat,2023,FOB,2023-08-10,https://www.youtube.com/watch?v=cQD1k_AzQvY,cQD1k_AzQvY,6938.0
Joseph Steinschleuder,Shizu,  München,Accapella,2023,DLTLLY,2023-08-01,https://www.youtube.com/watch?v=Ar11aFXhaH0,Ar11aFXhaH0,48816.0
Kato,Meidi,  MAYhem #6,Accapella,2023,DLTLLY,2023-07-31,https://www.youtube.com/watch?v=5RNjICLfMiU,5RNjICLfMiU,227811.0
MALIK,JEPAIN,ACAPELLA BATTLE,Accapella,2023,FOB,2023-07-28,https://www.youtube.com/watch?v=RTYVYzqrrxU,RTYVYzqrrxU,2899.0
Craze,Karanova,  MAYhem #6,Accapella,2023,DLTLLY,2023-07-25,https://www.youtube.com/watch?v=SPWI95_uXlw,SPWI95_uXlw,102359.0
RIPA,CIZERO,ACAPELLA BATTLE,Accapella,2023,FOB,2023-07-23,https://www.youtube.com/watch?v=Zyqjl-p0XVM,Zyqjl-p0XVM,2030.0
DER SERGEANT,CLOCKWORK,ACAPELLA BATTLE,Accapella,2023,FOB,2023-07-21,https://www.youtube.com/watch?v=LiwzGIfLQy4,LiwzGIfLQy4,3719.0
YOUNG KENNEDY,LIUZ,ACAPELLA BATTLE,Accapella,2023,FOB,2023-07-16,https://www.youtube.com/watch?v=SNVsQYlBxIE,SNVsQYlBxIE,4676.0
BARETTA,OLDBOY,ACAPELLA BATTLE,Accapella,2023,FOB,2023-07-14,https://www.youtube.com/watch?v=GWuP4kXR1Kg,GWuP4kXR1Kg,3000.0
Karkobi,Hiding John,MAYhem #6,Accapella,2023,DLTLLY,2023-07-14,https://www.youtube.com/watch?v=MI6qkQeEBXE,MI6qkQeEBXE,114587.0
Kid Soldier,Hansen,MAYhem #6,Accapella,2023,DLTLLY,2023-07-09,https://www.youtube.com/watch?v=dF87SGCIRYU,dF87SGCIRYU,64493.0
Zeuge,Joseph Steinschleuder,MAYhem #6,Accapella,2023,DLTLLY,2023-07-08,https://www.youtube.com/watch?v=rOr6ZAP9SDU,rOr6ZAP9SDU,53146.0
Jindo109,Liuz,Proving Grounds Berlin,Accapella,2023,DLTLLY,2023-07-07,https://www.youtube.com/watch?v=VcwX1YM5mTA,VcwX1YM5mTA,77013.0
FINNASTIC,FAIVEL,ON BEAT BATTLE,On Beat,2023,FOB,2023-07-07,https://www.youtube.com/watch?v=IvW0VwU-bD4,IvW0VwU-bD4,5246.0
Mavgic,Bong Teggy,🏆  Titlematch 🏆,On Beat,2023,DLTLLY,2023-07-02,https://www.youtube.com/watch?v=7cWynBFYZKo,7cWynBFYZKo,196913.0
MOODY,CSN GALACTICO,ACAPELLA BATTLE,Accapella,2023,FOB,2023-06-30,https://www.youtube.com/watch?v=xsiNjqXkrmU,xsiNjqXkrmU,7215.0
EZRA,TECEY,ACAPELLA BATTLE,Accapella,2023,FOB,2023-06-30,https://www.youtube.com/watch?v=o6pKCGAZ8jg,o6pKCGAZ8jg,2485.0
Rolling G,Jeystone,Proving Grounds Berlin,Accapella,2023,DLTLLY,2023-06-25,https://www.youtube.com/watch?v=WTKQAIjN1Vc,WTKQAIjN1Vc,23733.0
Kiruma,Jeystone,Battle,Accapella,2023,DUDL,2023-06-24,https://www.youtube.com/watch?v=ri_S-oeZ_eY,ri_S-oeZ_eY,28460.0
LARA SOFT,MAT052,ON BEAT BATTLE,On Beat,2023,FOB,2023-06-21,https://www.youtube.com/watch?v=on745CtUTC8,on745CtUTC8,6971.0
Mars,ZinZity,NRWeekend 6,Accapella,2023,DLTLLY,2023-06-18,https://www.youtube.com/watch?v=GlT7vWzBfgA,GlT7vWzBfgA,70123.0
Julo,SnakeHeadRhyme,Battle,Accapella,2023,DUDL,2023-06-17,https://www.youtube.com/watch?v=-YKMqAAxT8o,-YKMqAAxT8o,13421.0
Bronko Banano,Young Kennedy,Proving Grounds Berlin,Accapella,2023,DLTLLY,2023-06-16,https://www.youtube.com/watch?v=djAFYil0UhI,djAFYil0UhI,10343.0
LUCKYLILY,CRAZYO,ACAPELLA BATTLE,Accapella,2023,FOB,2023-06-11,https://www.youtube.com/watch?v=UvS4sFibdO8,UvS4sFibdO8,10599.0
Mc Geuner,DeeLah,NRWeekend 6,Accapella,2023,DLTLLY,2023-06-11,https://www.youtube.com/watch?v=OqlGnaMrdxE,OqlGnaMrdxE,35414.0
FreeKno,LevRudi,Battle,Accapella,2023,DUDL,2023-06-10,https://www.youtube.com/watch?v=9hUmhQs6_Mo,9hUmhQs6_Mo,12055.0
Swear Boss,Chaarlz,Bars von Chaarlz,On Beat,2023,DLTLLY,2023-06-09,https://www.youtube.com/watch?v=xsppHOOGjuE,xsppHOOGjuE,38105.0
MC GEUNER,JOSEPH STEINSCHLEUDER,ACAPELLA BATTLE,Accapella,2023,FOB,2023-06-08,https://www.youtube.com/watch?v=PqIW0yKlenc,PqIW0yKlenc,45678.0
THORA,NICK SHIT,ACAPELLA BATTLE,Accapella,2023,FOB,2023-06-04,https://www.youtube.com/watch?v=YcZozCm_xbk,YcZozCm_xbk,2923.0
Jack Dragon,Duff,NRWeekend 6,Accapella,2023,DLTLLY,2023-06-04,https://www.youtube.com/watch?v=DaR9eHH76rU,DaR9eHH76rU,26271.0
XtraHerb,Trunkenbold,Battle,Accapella,2023,DUDL,2023-06-03,https://www.youtube.com/watch?v=wmR1ZNP60_s,wmR1ZNP60_s,9516.0
MC Janosch,Quasi Infamous,Proving Grounds Berlin,Accapella,2023,DLTLLY,2023-05-31,https://www.youtube.com/watch?v=zP_94cQIw4U,zP_94cQIw4U,17739.0
T-WAY & TOLLSCHOCK & BURST & EZRA & HEINZ87,NATIF (& YAAMANN),5 GEGEN NATIF,Accapella,2023,FOB,2023-05-31,https://www.youtube.com/watch?v=s8txdXxnA78,s8txdXxnA78,7002.0
Yarambo,Craze,NRWeekend 6,Accapella,2023,DLTLLY,2023-05-28,https://www.youtube.com/watch?v=46OYZ6po0Ak,46OYZ6po0Ak,127655.0
Nio,Vesso,Battle,Accapella,2023,DUDL,2023-05-27,https://www.youtube.com/watch?v=GiTmnInso14,GiTmnInso14,6757.0
Celune,Wenzel Washington,Proving Grounds Berlin,Accapella,2023,DLTLLY,2023-05-26,https://www.youtube.com/watch?v=vrsYi_dzJAM,vrsYi_dzJAM,25694.0
Joseph Steinschleuder,Requiem,NRWeekend 6,Accapella,2023,DLTLLY,2023-05-21,https://www.youtube.com/watch?v=b7Ous_8Wlug,b7Ous_8Wlug,52058.0
S-Staticx,Rebellion,Battle,Accapella,2023,DUDL,2023-05-20,https://www.youtube.com/watch?v=CxLrqhH-DBk,CxLrqhH-DBk,6056.0
DADDA,P-HAZE,ACAPELLA BATTLE,Accapella,2023,FOB,2023-05-19,https://www.youtube.com/watch?v=AhJOsTxYeUE,AhJOsTxYeUE,5144.0
Valik,Davis,Proving Grounds Berlin,Accapella,2023,DLTLLY,2023-05-19,https://www.youtube.com/watch?v=LyPTX5qeZD0,LyPTX5qeZD0,13070.0
Neilz,Tobi High,NRWeekend 6,Accapella,2023,DLTLLY,2023-05-14,https://www.youtube.com/watch?v=jhhMGXy1LF8,jhhMGXy1LF8,80019.0
JANAUND,PESC,ACAPELLA BATTLE,Accapella,2023,FOB,2023-05-12,https://www.youtube.com/watch?v=rJEsiba2m2Y,rJEsiba2m2Y,5290.0
MOODY,NEOS,ACAPELLA BATTLE,Accapella,2023,FOB,2023-05-07,https://www.youtube.com/watch?v=iBL1KeH3-Zg,iBL1KeH3-Zg,3026.0
CLOUDSURFER,CSN GALACTICO,ACAPELLA BATTLE,Accapella,2023,FOB,2023-05-05,https://www.youtube.com/watch?v=91Ics6zQVbw,91Ics6zQVbw,8485.0
DER SERGEANT,M.F.L.,ACAPELLA BATTLE,Accapella,2023,FOB,2023-04-28,https://www.youtube.com/watch?v=G2FxBew9Jug,G2FxBew9Jug,6824.0
MORGANA,STEEL,ON BEAT BATTLE,On Beat,2023,FOB,2023-04-21,https://www.youtube.com/watch?v=WAFnWLi2kQM,WAFnWLi2kQM,47006.0
PHASENKIND,MC COLOGNE,ON BEAT BATTLE,On Beat,2023,FOB,2023-04-14,https://www.youtube.com/watch?v=zJNkeDhTDJo,zJNkeDhTDJo,20229.0
Maka,Zeptah,NRWeekend 6,Accapella,2023,DLTLLY,2023-04-09,https://www.youtube.com/watch?v=tE_8ZrKkRL4,tE_8ZrKkRL4,16409.0
Niza,Heinz87,Proving Grounds Kontext Wiesbaden,Accapella,2023,DLTLLY,2023-04-02,https://www.youtube.com/watch?v=GwIj5C8bPBs,GwIj5C8bPBs,15804.0
S-Staticx,Der Sir (JollyJay),Proving Grounds Kontext Wiesbaden,Accapella,2023,DLTLLY,2023-03-31,https://www.youtube.com/watch?v=Od-__geija4,Od-__geija4,9652.0
LUG SERIOUS,BANDAN,ON BEAT BATTLE,On Beat,2023,FOB,2023-03-29,https://www.youtube.com/watch?v=iCJvT7zXNfY,iCJvT7zXNfY,4186.0
MEIDI,KATO,MAYhem 6 - PROVOKATION 1/6,Accapella,2023,DLTLLY,2023-03-27,https://www.youtube.com/watch?v=BzgruMrzHLE,BzgruMrzHLE,21782.0
Aladin,Oregano,Proving Grounds Wiesbaden,Accapella,2023,DLTLLY,2023-03-26,https://www.youtube.com/watch?v=34HlNq1_VfI,34HlNq1_VfI,36448.0
HEYZEN,TECEY,ON BEAT BATTLE,On Beat,2023,FOB,2023-03-23,https://www.youtube.com/watch?v=Fw7e-M3WdOI,Fw7e-M3WdOI,2974.0
Mordrake,Faivel,Proving Grounds Wiesbaden,Accapella,2023,DLTLLY,2023-03-19,https://www.youtube.com/watch?v=pxKAJ5Ivies,pxKAJ5Ivies,14495.0
FINNASTIC,VESSO,ON BEAT BATTLE,On Beat,2023,FOB,2023-03-17,https://www.youtube.com/watch?v=djWWmOoyq4Q,djWWmOoyq4Q,3255.0
PRYME,FINNASTIC,ON BEAT BATTLE,On Beat,2023,FOB,2023-03-17,https://www.youtube.com/watch?v=SC4utzuA9ks,SC4utzuA9ks,4972.0
Mighty P,Shizu,Freestyle um 3. Platz,Accapella,2023,DLTLLY,2023-03-17,https://www.youtube.com/watch?v=lqYWya5f8gM,lqYWya5f8gM,10789.0
DADDA,MAT052,ON BEAT BATTLE,On Beat,2023,FOB,2023-03-15,https://www.youtube.com/watch?v=VrI_EoQAHb8,VrI_EoQAHb8,6100.0
FREEZY & DESPO,ZEPTAH & ORPHXN,ON BEAT BATTLE,On Beat,2023,FOB,2023-03-14,https://www.youtube.com/watch?v=bnrYiUeZcmc,bnrYiUeZcmc,17416.0
PHASENKIND,MC COLOGNE,ON BEAT BATTLE,On Beat,2023,FOB,2023-03-14,https://www.youtube.com/watch?v=wGVt1b9k1-s,wGVt1b9k1-s,1580.0
Holu & Freekno,Joseph Steinschleuder & Triple Beat,2on2,Accapella,2023,DLTLLY,2023-03-12,https://www.youtube.com/watch?v=wD1OXlkgxuo,wD1OXlkgxuo,42443.0
Krom,Shizu,Freestyle Halbfinale 2/2  Kassel,Accapella,2023,DLTLLY,2023-03-10,https://www.youtube.com/watch?v=5At2_Fwibvw,5At2_Fwibvw,13299.0
Kairuzo,Freezy,  Kassel,On Beat,2023,DLTLLY,2023-03-05,https://www.youtube.com/watch?v=TWFbqnebTV8,TWFbqnebTV8,15635.0
JOSEPH STEINSCHLEUDER,KAIRUZO,ON BEAT BATTLE,On Beat,2023,FOB,2023-03-05,https://www.youtube.com/watch?v=6dsqwWjEHYs,6dsqwWjEHYs,38300.0
Papi Schlauch,Mighty P,Freestyle Halbfinale 1/2  Kassel,Accapella,2023,DLTLLY,2023-03-03,https://www.youtube.com/watch?v=GvjjcKT6ht8,GvjjcKT6ht8,22354.0
Gerro,Bilal,  Kassel,Accapella,2023,DLTLLY,2023-02-26,https://www.youtube.com/watch?v=PtphnbYBD-g,PtphnbYBD-g,21283.0
Muro,Mighty P,Freestyle Viertelfinale 4/4 Kassel,Accapella,2023,DLTLLY,2023-02-24,https://www.youtube.com/watch?v=FjKugbIQk7w,FjKugbIQk7w,14503.0
Krom,Notyzze,Freestyle Viertelfinale 3/4  Kassel,Accapella,2023,DLTLLY,2023-02-21,https://www.youtube.com/watch?v=98g7Cy_XbxY,98g7Cy_XbxY,30828.0
MC Geuner,Shizu,Freestyle Viertelfinale 2/4 Kassel,Accapella,2023,DLTLLY,2023-02-17,https://www.youtube.com/watch?v=AvAcIKtEhwc,AvAcIKtEhwc,13782.0
Craze,Papi Schlauch,Freestyle Viertelfinale 1/4 Kassel,Accapella,2023,DLTLLY,2023-02-14,https://www.youtube.com/watch?v=cFxjz1ESlrA,cFxjz1ESlrA,25978.0
Vyrus,Bong Teggy,DISSember 6,On Beat,2023,DLTLLY,2023-02-12,https://www.youtube.com/watch?v=0j2whdG-GRI,0j2whdG-GRI,172158.0
Julo,Kid Soldier,DISSember 6,Accapella,2023,DLTLLY,2023-02-05,https://www.youtube.com/watch?v=9sm6ohBf5jM,9sm6ohBf5jM,43445.0
Kiruma,LevRudi,Battle,Accapella,2022,DUDL,2023-02-04,https://www.youtube.com/watch?v=cy4tB0dKQvQ,cy4tB0dKQvQ,23834.0
Neilz,Wolff,DISSember 6,Accapella,2023,DLTLLY,2023-02-02,https://www.youtube.com/watch?v=haZz6DTu_-g,haZz6DTu_-g,69740.0
Kato,Robscure,🏆 TITLE MATCH 🏆,Accapella,2023,DLTLLY,2023-01-29,https://www.youtube.com/watch?v=N2dkTa_mUcg,N2dkTa_mUcg,69733.0
MC Rabiat,Morgana,Battle,Accapella,2022,DUDL,2023-01-28,https://www.youtube.com/watch?v=YZjDfu6_Hq4,YZjDfu6_Hq4,6224.0
Hiding John,MC Geuner,DISSember 6,Accapella,2023,DLTLLY,2023-01-22,https://www.youtube.com/watch?v=grXVswnsBUY,grXVswnsBUY,68146.0
Jindo109,Quasi,Battle,Accapella,2022,DUDL,2023-01-21,https://www.youtube.com/watch?v=tBp6PGi6uno,tBp6PGi6uno,105323.0
Karanova,BanDan,DISSember 6,On Beat,2023,DLTLLY,2023-01-15,https://www.youtube.com/watch?v=4wcUZ0dY-LA,4wcUZ0dY-LA,24529.0
Jeystone,Vorstadtflokati,Battle,Accapella,2022,DUDL,2023-01-14,https://www.youtube.com/watch?v=VvxXsgtdpE0,VvxXsgtdpE0,7418.0
Mars B.,JollyJay,Kassel,Accapella,2023,DLTLLY,2023-01-08,https://www.youtube.com/watch?v=gGQdvDUSOpo,gGQdvDUSOpo,130908.0
Flashus Christus,Schlawin0r,Battle,Accapella,2022,DUDL,2023-01-07,https://www.youtube.com/watch?v=NmmCLoAfZ5k,NmmCLoAfZ5k,7599.0
CRAZE,MURO (FINALE),FREESTYLE BATTLE,Accapella,2023,FOB,2023-01-02,https://www.youtube.com/watch?v=38oHMQzefu4,38oHMQzefu4,7433.0
YAAMANN,TOMMY2LATE (BATTLE UM PLATZ 3),FREESTYLE BATTLE,Accapella,2023,FOB,2023-01-02,https://www.youtube.com/watch?v=01BN8cP4K2s,01BN8cP4K2s,2920.0
T-Way,Neilz,Kassel,Accapella,2023,DLTLLY,2023-01-01,https://www.youtube.com/watch?v=RlbPNOCmPdg,RlbPNOCmPdg,56368.0
Duff,B-Dad,Kassel,Accapella,2022,DLTLLY,2022-12-25,https://www.youtube.com/watch?v=vs4tNDMiQbE,vs4tNDMiQbE,28842.0
Pulsar,Shaolum,Kassel,Accapella,2022,DLTLLY,2022-12-11,https://www.youtube.com/watch?v=xhm1GaoEThA,xhm1GaoEThA,19857.0
T-WAY,KOOZY,ON BEAT BATTLE,On Beat,2022,FOB,2022-12-09,https://www.youtube.com/watch?v=pZQtoF-rlXI,pZQtoF-rlXI,10195.0
Papi Schlauch,Craze,  Stellwerk Hamburg,Accapella,2022,DLTLLY,2022-12-04,https://www.youtube.com/watch?v=8MwhxBFd0rk,8MwhxBFd0rk,98977.0
TEACH,VESSO,FREESTYLE BATTLE,Accapella,2022,FOB,2022-12-04,https://www.youtube.com/watch?v=FDh0UdIX-3g,FDh0UdIX-3g,2931.0
ZEPTAH,NOAH263,FREESTYLE BATTLE,Accapella,2022,FOB,2022-12-04,https://www.youtube.com/watch?v=Do5mGT8p3rQ,Do5mGT8p3rQ,2592.0
Shizu,Niza,Kassel,Accapella,2022,DLTLLY,2022-11-30,https://www.youtube.com/watch?v=nB5MCOERYgw,nB5MCOERYgw,25948.0
MORGANA,DESPO,ACAPELLA BATTLE,Accapella,2022,FOB,2022-11-28,https://www.youtube.com/watch?v=cr7jeZoQa4Y,cr7jeZoQa4Y,5253.0
MC COLOGNE,LEOQUENT,ACAPELLA BATTLE,Accapella,2022,FOB,2022-11-28,https://www.youtube.com/watch?v=srliH-T5M4I,srliH-T5M4I,2813.0
LEONNN,CLOUDSURFER,ACAPELLA BATTLE,Accapella,2022,FOB,2022-11-28,https://www.youtube.com/watch?v=YdcZBjLyUdQ,YdcZBjLyUdQ,3047.0
Jack Dragon,Tollschock,  Stellwerk Hamburg,Accapella,2022,DLTLLY,2022-11-27,https://www.youtube.com/watch?v=BJFMwGvMeqY,BJFMwGvMeqY,17844.0
Shortworth,Kairuzo,Proving Grounds  Panke Berlin,Accapella,2022,DLTLLY,2022-11-25,https://www.youtube.com/watch?v=moff7jTB0Hk,moff7jTB0Hk,10923.0
DASCHA,NOTYZZE,FREESTYLE BATTLE,Accapella,2022,FOB,2022-11-20,https://www.youtube.com/watch?v=Rn3E7Ggt1eI,Rn3E7Ggt1eI,17224.0
Zeuge,D-Kay,  Stellwerk Hamburg,Accapella,2022,DLTLLY,2022-11-20,https://www.youtube.com/watch?v=lY1e8yfkpa8,lY1e8yfkpa8,19870.0
Der Sir,Bronko Banano aka Street,Proving Grounds  Panke Berlin,Accapella,2022,DLTLLY,2022-11-18,https://www.youtube.com/watch?v=ZS28WqvU5SM,ZS28WqvU5SM,8506.0
NOTYZZE,DIZZEPTICON,FREESTYLE BATTLE,Accapella,2022,FOB,2022-11-14,https://www.youtube.com/watch?v=bJE9flpMmRE,bJE9flpMmRE,6247.0
Joseph Steinschleuder,Hiding John,  Stellwerk Hamburg,Accapella,2022,DLTLLY,2022-11-13,https://www.youtube.com/watch?v=y6t8jKfD-AE,y6t8jKfD-AE,80173.0
Mazzikaner,Requiem,Proving Grounds  Panke Berlin,Accapella,2022,DLTLLY,2022-11-06,https://www.youtube.com/watch?v=TAm558704I4,TAm558704I4,16024.0
KIRUMA,ZEPTAH,ACAPELLA BATTLE,Accapella,2022,FOB,2022-11-04,https://www.youtube.com/watch?v=fWJTrdnzJrg,fWJTrdnzJrg,17709.0
MC GEUNER,ROLLING G,ACAPELLA BATTLE,Accapella,2022,FOB,2022-11-03,https://www.youtube.com/watch?v=uu0PY0v7IFQ,uu0PY0v7IFQ,41416.0
Krom,Fate,Freestyle Halbfinale 2/2,Accapella,2022,DLTLLY,2022-10-23,https://www.youtube.com/watch?v=Li-qeNs1KpU,Li-qeNs1KpU,16498.0
Hiding John,Lyrico,Berlin 9th Birthday,Accapella,2022,DLTLLY,2022-10-16,https://www.youtube.com/watch?v=DfqZW-U6Pt8,DfqZW-U6Pt8,103549.0
HOLU,MC RABIAT,ACAPELLA BATTLE,Accapella,2022,FOB,2022-10-14,https://www.youtube.com/watch?v=N9pjDq1PXRU,N9pjDq1PXRU,2340.0
HEINZ87,OREGANO,ACAPELLA BATTLE,Accapella,2022,FOB,2022-10-14,https://www.youtube.com/watch?v=TRUrdcR5wIw,TRUrdcR5wIw,19938.0
CRAZE & PHILLIE.45,VYRUS & FREEZY,ON BEAT BATTLE,On Beat,2022,FOB,2022-10-14,https://www.youtube.com/watch?v=ldSXHCj1nOM,ldSXHCj1nOM,88720.0
Kato,Craze,Freestyle Viertelfinale 4/4,Accapella,2022,DLTLLY,2022-10-14,https://www.youtube.com/watch?v=EutFE-eb8sc,EutFE-eb8sc,17684.0
Aytee,Galv,Berlin 9th Birthday,On Beat,2022,DLTLLY,2022-10-09,https://www.youtube.com/watch?v=jD054e2cdBw,jD054e2cdBw,54975.0
Fate,Davie Jones,Freestyle Viertelfinale 3/4,Accapella,2022,DLTLLY,2022-10-07,https://www.youtube.com/watch?v=05TK5EPBr0Y,05TK5EPBr0Y,16991.0
Tobi High,Wolff,Berlin 9th Birthday,Accapella,2022,DLTLLY,2022-10-03,https://www.youtube.com/watch?v=k3BrRmzQiho,k3BrRmzQiho,72644.0
Notyzze,Shizu,Freestyle Viertelfinale 2/4,Accapella,2022,DLTLLY,2022-10-02,https://www.youtube.com/watch?v=ZrSdgJqcZoE,ZrSdgJqcZoE,19044.0
Julo,Joseph Steinschleuder,Battle,Accapella,2022,DUDL,2022-10-01,https://www.youtube.com/watch?v=OZXeAAAO5J4,OZXeAAAO5J4,46737.0
Krom,Mighty P,Freestyle Viertelfinale 1/4,Accapella,2022,DLTLLY,2022-09-30,https://www.youtube.com/watch?v=Jh54jeD5YeU,Jh54jeD5YeU,16657.0
T-WAY,FREEKNO,ACAPELLA BATTLE,Accapella,2022,FOB,2022-09-28,https://www.youtube.com/watch?v=9l3DT26cxe8,9l3DT26cxe8,4346.0
JOSEPH STEINSCHLEUDER,FAIVEL,ACAPELLA BATTLE,Accapella,2022,FOB,2022-09-27,https://www.youtube.com/watch?v=aUwkQJY2Rf8,aUwkQJY2Rf8,29915.0
TOLLSCHOCK,PESC,ACAPELLA BATTLE,Accapella,2022,FOB,2022-09-27,https://www.youtube.com/watch?v=BwRs5JfDleQ,BwRs5JfDleQ,5854.0
Morgana,Kiruma,Battle,Accapella,2022,DUDL,2022-09-24,https://www.youtube.com/watch?v=sAEdAkJMRdU,sAEdAkJMRdU,20553.0
MC Rabiat,Pulsar,Battle,Accapella,2022,DUDL,2022-09-17,https://www.youtube.com/watch?v=dkTL_Nv3G8Q,dkTL_Nv3G8Q,6131.0
VYRUS,ZEPTAH,ON BEAT BATTLE,On Beat,2022,FOB,2022-09-14,https://www.youtube.com/watch?v=Zm6fOMQaFS0,Zm6fOMQaFS0,62640.0
MC COLOGNE,.TECEY,ON BEAT BATTLE,On Beat,2022,FOB,2022-09-14,https://www.youtube.com/watch?v=r1F9bbM1oKU,r1F9bbM1oKU,2871.0
Bong Teggy,Davie Jones, Splash! Festival,On Beat,2022,DLTLLY,2022-09-11,https://www.youtube.com/watch?v=pdhbmLWMwyg,pdhbmLWMwyg,234442.0
DEZ,LevRudi,Battle,Accapella,2022,DUDL,2022-09-10,https://www.youtube.com/watch?v=4hkL_gTsuBc,4hkL_gTsuBc,9268.0
Karanova,Aytee, Splash! Festival,On Beat,2022,DLTLLY,2022-09-04,https://www.youtube.com/watch?v=n6c9Qv8P-C8,n6c9Qv8P-C8,83802.0
Trunkenbold,Flashus Christus,Battle,Accapella,2022,DUDL,2022-09-03,https://www.youtube.com/watch?v=NIohlGTNge8,NIohlGTNge8,8537.0
MORGANA,LUG SERIOUS,ON BEAT BATTLE,On Beat,2022,FOB,2022-09-02,https://www.youtube.com/watch?v=y4yjYAZK7JE,y4yjYAZK7JE,21091.0
PHASENKIND,LUG SERIOUS,ON BEAT BATTLE,On Beat,2022,FOB,2022-08-30,https://www.youtube.com/watch?v=FlPpnQ-dKD8,FlPpnQ-dKD8,9856.0
PHILLIE.45,BANDAN,ON BEAT BATTLE,On Beat,2022,FOB,2022-08-30,https://www.youtube.com/watch?v=XXSqvOu2WQs,XXSqvOu2WQs,6548.0
FROZEN,FREEZY,ON BEAT BATTLE,On Beat,2022,FOB,2022-08-30,https://www.youtube.com/watch?v=Gsl1naOWydI,Gsl1naOWydI,4358.0
Khacoby,DirtySanchez, Splash! Festival,On Beat,2022,DLTLLY,2022-08-28,https://www.youtube.com/watch?v=s-zpW3jQqTo,s-zpW3jQqTo,33684.0
Jeystone,Jesazz K,Battle,Accapella,2022,DUDL,2022-08-27,https://www.youtube.com/watch?v=Hz69rjg3Kw8,Hz69rjg3Kw8,9938.0
BURST,KAIRUZO,ON BEAT BATTLE,On Beat,2022,FOB,2022-08-26,https://www.youtube.com/watch?v=CiPxzTK1pqw,CiPxzTK1pqw,2043.0
REQUIEM,HEYZEN,ON BEAT BATTLE,On Beat,2022,FOB,2022-08-25,https://www.youtube.com/watch?v=z83Zw2aMjkI,z83Zw2aMjkI,7628.0
T-Way,Tobi High, Splash! Festival,On Beat,2022,DLTLLY,2022-08-21,https://www.youtube.com/watch?v=tEhjlNLOuFA,tEhjlNLOuFA,22340.0
SnakeHeadRhyme,D-Kay,Battle,Accapella,2022,DUDL,2022-08-20,https://www.youtube.com/watch?v=huG-hq7KSZg,huG-hq7KSZg,11021.0
NOTYZZE,CRAZE  (BONUS BATTLE),FREESTYLE BATTLE,Accapella,2022,FOB,2022-08-18,https://www.youtube.com/watch?v=KHCHHB0LHHM,KHCHHB0LHHM,11540.0
CRAZE,PATO G (FINALE),FREESTYLE BATTLE,Accapella,2022,FOB,2022-08-18,https://www.youtube.com/watch?v=hr1SredLhhU,hr1SredLhhU,5789.0
VYRUS,JOLLE (BATTLE UM PLATZ 3),FREESTYLE BATTLE,Accapella,2022,FOB,2022-08-18,https://www.youtube.com/watch?v=iOJVqrGOgso,iOJVqrGOgso,4603.0
Vorstadtflokati,Latik,Battle,Accapella,2022,DUDL,2022-08-13,https://www.youtube.com/watch?v=dRDcUTdB7nE,dRDcUTdB7nE,6321.0
STEEL,MC COLOGNE,ON BEAT BATTLE,On Beat,2022,FOB,2022-08-12,https://www.youtube.com/watch?v=9gdlkHCY6ks,9gdlkHCY6ks,25218.0
Holu,Mazzikaner,Battle,Accapella,2022,DUDL,2022-08-06,https://www.youtube.com/watch?v=1JCgK26bVhA,1JCgK26bVhA,5691.0
Julo,Cashus K.,Battle,Accapella,2022,DUDL,2022-07-30,https://www.youtube.com/watch?v=syTuhtmBwRg,syTuhtmBwRg,8733.0
Alko,Bilal,Battle,Accapella,2022,DUDL,2022-07-23,https://www.youtube.com/watch?v=02mF_h347nk,02mF_h347nk,11366.0
Shizu,Tao,Backstage München,Accapella,2022,DLTLLY,2022-07-17,https://www.youtube.com/watch?v=pbJaLLca8ec,pbJaLLca8ec,25063.0
LevRudi,Jesazz K,Battle,Accapella,2022,DUDL,2022-07-16,https://www.youtube.com/watch?v=LAUYmanP_6I,LAUYmanP_6I,11993.0
DOCMO,BEZEY,FREESTYLE BATTLE,Accapella,2022,FOB,2022-07-14,https://www.youtube.com/watch?v=pVZjfqP3MvU,pVZjfqP3MvU,1217.0
KOOZY,KAIRUZO,ON BEAT BATTLE,On Beat,2022,FOB,2022-07-14,https://www.youtube.com/watch?v=5TCfzkPBF-o,5TCfzkPBF-o,13202.0
KALP ONE,FREEKNO,ACAPELLA BATTLE,Accapella,2022,FOB,2022-07-14,https://www.youtube.com/watch?v=yU99ToSTBps,yU99ToSTBps,3752.0
NOTYZZE,YAAMANN,FREESTYLE BATTLE,Accapella,2022,FOB,2022-07-14,https://www.youtube.com/watch?v=HY-hSTOAFvc,HY-hSTOAFvc,8318.0
BARETTA,OREGANO,ACAPELLA BATTLE,Accapella,2022,FOB,2022-07-14,https://www.youtube.com/watch?v=B6RjjHg62QE,B6RjjHg62QE,12736.0
NOTYZZE,PHASENKIND,FREESTYLE BATTLE,Accapella,2022,FOB,2022-07-14,https://www.youtube.com/watch?v=HD98boSKqCM,HD98boSKqCM,5864.0
MIKESH,SSYNIC,  MAYhem #5,Accapella,2022,DLTLLY,2022-07-10,https://www.youtube.com/watch?v=ccC4G3Ox27Y,ccC4G3Ox27Y,694277.0
Mars B.,Neilz,Backstage München,Accapella,2022,DLTLLY,2022-07-10,https://www.youtube.com/watch?v=-iJVkN6FDbs,-iJVkN6FDbs,108278.0
Hiding John,Neilz,Battle,Accapella,2022,DUDL,2022-07-09,https://www.youtube.com/watch?v=O_9B-Ip_kkg,O_9B-Ip_kkg,88789.0
Robscure,Falki,MAYhem 5 Festsaal Kreuzberg,Accapella,2022,DLTLLY,2022-07-03,https://www.youtube.com/watch?v=f-mF2l3hDjY,f-mF2l3hDjY,57995.0
McLuvin,GR8,Battle,Accapella,2022,DUDL,2022-07-02,https://www.youtube.com/watch?v=regYrzxAfGs,regYrzxAfGs,9710.0
ROBEAZY,M.F.L.,ACAPELLA BATTLE,Accapella,2022,FOB,2022-06-30,https://www.youtube.com/watch?v=d0qAuLNmQQc,d0qAuLNmQQc,2002.0
Tobi High,Aytee,MAYhem 5 Festsaal Kreuzberg,Accapella,2022,DLTLLY,2022-06-26,https://www.youtube.com/watch?v=ZPeaBwUwty4,ZPeaBwUwty4,73784.0
Béla Garbage,Franz Flaute,Battle,Accapella,2022,DUDL,2022-06-25,https://www.youtube.com/watch?v=e4VyBRJ4Fk4,e4VyBRJ4Fk4,10277.0
DASCHA,PATO G,FREESTYLE BATTLE,Accapella,2022,FOB,2022-06-24,https://www.youtube.com/watch?v=jaQXn1IHhcU,jaQXn1IHhcU,2622.0
PESC,LEOQUENT,ACAPELLA BATTLE,Accapella,2022,FOB,2022-06-21,https://www.youtube.com/watch?v=dsD2zPtl9UQ,dsD2zPtl9UQ,1817.0
MORGANA,TECEY,ACAPELLA BATTLE,Accapella,2022,FOB,2022-06-20,https://www.youtube.com/watch?v=rXsbY1b41N4,rXsbY1b41N4,3523.0
Pablo2k,Jeystone,Battle,Accapella,2022,DUDL,2022-06-18,https://www.youtube.com/watch?v=tuxr36FJOPs,tuxr36FJOPs,9748.0
OREGANO,FAIVEL,ACAPELLA BATTLE,Accapella,2022,FOB,2022-06-17,https://www.youtube.com/watch?v=ahNsdBtoNVw,ahNsdBtoNVw,15728.0
SnakeHeadRhyme,Kid Soldier,MAYhem 5,Accapella,2022,DLTLLY,2022-06-12,https://www.youtube.com/watch?v=3haA6pKjg5I,3haA6pKjg5I,51616.0
ZinZity,Karanova,Battle,Accapella,2022,DUDL,2022-06-11,https://www.youtube.com/watch?v=jY18iQanWaI,jY18iQanWaI,68321.0
LATIK,NIKA,ACAPELLA BATTLE,Accapella,2022,FOB,2022-06-04,https://www.youtube.com/watch?v=ughb98BsdD8,ughb98BsdD8,3979.0
Django,Zeuge,Battle,Accapella,2022,DUDL,2022-06-04,https://www.youtube.com/watch?v=rM3mXY5wEuA,rM3mXY5wEuA,13448.0
NICK SHIT,EZRA,ACAPELLA BATTLE,Accapella,2022,FOB,2022-05-31,https://www.youtube.com/watch?v=-gNJ3ZjYgj0,-gNJ3ZjYgj0,1568.0
Kiruma,BunGee,Battle,Accapella,2022,DUDL,2022-05-28,https://www.youtube.com/watch?v=aRMwOCghSCI,aRMwOCghSCI,18901.0
ALKO,EMBA,ON BEAT BATTLE,On Beat,2022,FOB,2022-05-24,https://www.youtube.com/watch?v=XedbsyzqXvg,XedbsyzqXvg,4984.0
Bong Teggy & Papi Schlauch,Cris Kotzen & Ano-nym,2on2  Dissember5 Berlin,Accapella,2022,DLTLLY,2022-05-15,https://www.youtube.com/watch?v=kXPVliglFLM,kXPVliglFLM,145072.0
Deytona,Maka,Spektakulum Düsseldorf,Accapella,2022,DLTLLY,2022-05-08,https://www.youtube.com/watch?v=nhXxVQrDp3E,nhXxVQrDp3E,18816.0
Hiding John,Julo,Spektakulum Düsseldorf,Accapella,2022,DLTLLY,2022-05-06,https://www.youtube.com/watch?v=8Rg-OYpHnz8,8Rg-OYpHnz8,50562.0
Bilal,RNGD,Bonus Battle DISSember 5 Berlin,Accapella,2022,DLTLLY,2022-05-06,https://www.youtube.com/watch?v=A15mdm79cLI,A15mdm79cLI,13286.0
Davie Jones,Khacoby,DISSember 5 Berlin,Accapella,2022,DLTLLY,2022-05-01,https://www.youtube.com/watch?v=x-LvLkEzs8k,x-LvLkEzs8k,60884.0
LITTLE SEDO,MALIK (NEWCOMER BATTLE),ACAPELLA BATTLE,Accapella,2022,FOB,2022-04-28,https://www.youtube.com/watch?v=qTnU1JNsn1Q,qTnU1JNsn1Q,2179.0
Hiding John,Karanova,DISSember 5 Berlin,Accapella,2022,DLTLLY,2022-04-24,https://www.youtube.com/watch?v=0AWRxf_O7N0,0AWRxf_O7N0,50274.0
OREGANO,BUNNEE (NEWCOMER BATTLE),ACAPELLA BATTLE,Accapella,2022,FOB,2022-04-22,https://www.youtube.com/watch?v=IpAK7JAG9aY,IpAK7JAG9aY,6419.0
Niza,Despo,DISSember 5 Berlin,Accapella,2022,DLTLLY,2022-04-17,https://www.youtube.com/watch?v=QOkXwlYdbQI,QOkXwlYdbQI,18347.0
NICK SHIT,BARETTA (NEWCOMER BATTLE),ACAPELLA BATTLE,Accapella,2022,FOB,2022-04-15,https://www.youtube.com/watch?v=UHTFPhhnook,UHTFPhhnook,1683.0
T-Way,DeeLah,DISSember 5 Berlin,Accapella,2022,DLTLLY,2022-04-10,https://www.youtube.com/watch?v=pc0see3ZJrM,pc0see3ZJrM,33660.0
CRAZYO,M.F.L. (NEWCOMER BATTLE),ACAPELLA BATTLE,Accapella,2022,FOB,2022-04-08,https://www.youtube.com/watch?v=dwxhHY6EU6Y,dwxhHY6EU6Y,1976.0
Ankündigung MIKESH,SSYNIC,MAYhem 5,Accapella,2022,DLTLLY,2022-03-27,https://www.youtube.com/watch?v=8SdOlGCSiyQ,8SdOlGCSiyQ,51183.0
PESC,LEOQUENT (NEWCOMER BATTLE),ACAPELLA BATTLE,Accapella,2022,FOB,2022-03-25,https://www.youtube.com/watch?v=1FsbrboRc0c,1FsbrboRc0c,1647.0
FROZEN,EZRA (NEWCOMER BATTLE),ACAPELLA BATTLE,Accapella,2022,FOB,2022-03-24,https://www.youtube.com/watch?v=6LKmFzyGKjs,6LKmFzyGKjs,1756.0
BURST,A-RON,ON BEAT BATTLE,On Beat,2022,FOB,2022-02-09,https://www.youtube.com/watch?v=R8lbxhWiq-M,R8lbxhWiq-M,2763.0
ZEPTAH,PHILLIE.45,ON BEAT BATTLE,On Beat,2022,FOB,2022-02-04,https://www.youtube.com/watch?v=ICuy8oTOBKw,ICuy8oTOBKw,6479.0
FREEZY,DESPO,ON BEAT BATTLE,On Beat,2022,FOB,2022-02-04,https://www.youtube.com/watch?v=elnma98FBPM,elnma98FBPM,6496.0
KAIRUZO,FROZEN,ON BEAT BATTLE,On Beat,2022,FOB,2022-02-02,https://www.youtube.com/watch?v=kLzU7By3Z48,kLzU7By3Z48,3836.0
BANDAN,T-WAY,ON BEAT BATTLE,On Beat,2022,FOB,2022-01-31,https://www.youtube.com/watch?v=yuTFKFCHHRs,yuTFKFCHHRs,4701.0
LATIK,TEACH,ACAPELLA BATTLE,Accapella,2022,FOB,2022-01-30,https://www.youtube.com/watch?v=m5T71FIBKeE,m5T71FIBKeE,4856.0
TOLLSCHOCK,BURST,ACAPELLA BATTLE,Accapella,2022,FOB,2022-01-27,https://www.youtube.com/watch?v=0Nu4Vs4yFik,0Nu4Vs4yFik,6346.0
Joseph Steinschleuder,Tobi High,Battle,Accapella,2021,DUDL,2022-01-08,https://www.youtube.com/watch?v=cblMd5dP52g,cblMd5dP52g,74976.0
T-Way,Karanova,Battle,Accapella,2021,DUDL,2022-01-01,https://www.youtube.com/watch?v=O1gK-lc2744,O1gK-lc2744,25843.0
Khacoby,DeeLah,NRWeekend 5,Accapella,2021,DLTLLY,2021-12-26,https://www.youtube.com/watch?v=0TzaYVDPlWs,0TzaYVDPlWs,50208.0
Lug Serious,Zeuge,Battle,Accapella,2021,DUDL,2021-12-25,https://www.youtube.com/watch?v=eZEkBQHj1Zw,eZEkBQHj1Zw,12078.0
Maka,Heinz87,NRWeekend 5,Accapella,2021,DLTLLY,2021-12-24,https://www.youtube.com/watch?v=M9ljmm81bj8,M9ljmm81bj8,16130.0
MADAME CHAOT,REQUIEM,ACAPELLA BATTLE,Accapella,2021,FOB,2021-12-23,https://www.youtube.com/watch?v=f7Ie40PCgKE,f7Ie40PCgKE,19152.0
Craze,ZinZity,NRWeekend 5,Accapella,2021,DLTLLY,2021-12-19,https://www.youtube.com/watch?v=BFpaIJJRZpo,BFpaIJJRZpo,151924.0
Mc Geuner,Phasenkind,NRWeekend 5,Accapella,2021,DLTLLY,2021-12-19,https://www.youtube.com/watch?v=8XF0GNuX43c,8XF0GNuX43c,33580.0
Herr Sören,Holu,Battle,Accapella,2021,DUDL,2021-12-18,https://www.youtube.com/watch?v=kSiZzKaRn_M,kSiZzKaRn_M,9264.0
Hiding John,Mars B.,NRWeekend 5,Accapella,2021,DLTLLY,2021-12-12,https://www.youtube.com/watch?v=waIf0MlTjyA,waIf0MlTjyA,145344.0
Joe Pharo,Kid Soldier,Battle,Accapella,2021,DUDL,2021-12-11,https://www.youtube.com/watch?v=v-UUweDkH68,v-UUweDkH68,36946.0
Atropatrap,Natif,NRWeekend 5,Accapella,2021,DLTLLY,2021-12-10,https://www.youtube.com/watch?v=mLz-MOsV9eY,mLz-MOsV9eY,45855.0
Niza,Devasberg,NRWeekend 5,Accapella,2021,DLTLLY,2021-12-05,https://www.youtube.com/watch?v=_QVu_4_lKPw,_QVu_4_lKPw,18029.0
Wolff,MC Geuner,Battle,Accapella,2021,DUDL,2021-12-04,https://www.youtube.com/watch?v=b-UoZVuRk8o,b-UoZVuRk8o,30218.0
Dizzepticon,Koozy,NRWeekend 5,On Beat,2021,DLTLLY,2021-11-28,https://www.youtube.com/watch?v=44GWsXgZyNs,44GWsXgZyNs,20705.0
Phasenkind,SnakeHeadRhyme,Battle,Accapella,2021,DUDL,2021-11-27,https://www.youtube.com/watch?v=rnhrlt8rjHo,rnhrlt8rjHo,15982.0
Julo,Gerro,NRWeekend 5,Accapella,2021,DLTLLY,2021-11-21,https://www.youtube.com/watch?v=JFRhtS_YE9A,JFRhtS_YE9A,28486.0
Latik,Julo,Battle,Accapella,2021,DUDL,2021-11-20,https://www.youtube.com/watch?v=JsYSZtd2KMg,JsYSZtd2KMg,6543.0
DEMUTRAS,REQUIEM,ACAPELLA BATTLE,Accapella,2021,FOB,2021-11-18,https://www.youtube.com/watch?v=SGn3uMPhtTk,SGn3uMPhtTk,3245.0
EKHEAD,PESC,ACAPELLA BATTLE,Accapella,2021,FOB,2021-11-18,https://www.youtube.com/watch?v=0J9DKWtyvQ0,0J9DKWtyvQ0,3868.0
Requiem,Malik,Battle,Accapella,2021,DUDL,2021-11-12,https://www.youtube.com/watch?v=nAOzsb5R0jQ,nAOzsb5R0jQ,8409.0
Davie Jones,Shizu,Viertelfinale - Freestyle Turnier,Accapella,2021,DLTLLY,2021-11-12,https://www.youtube.com/watch?v=00PsDnNc0tE,00PsDnNc0tE,19003.0
Mighty P,Papi Schlauch / Viertelfinale - Freestyle Turnier / ProvingGrounds 2 Rapbattles / DLTLLY DurationPT5M Uploaded2021-11-9 Views19396 ChannelDLTLLY,battlerap culture Thumbnail:https:,Accapella,2021,DLTLLY,2021-11-09,https://www.youtube.com/watch?v=MkO4Kivu-oc,MkO4Kivu-oc,19485.0
Kato,Craze,B-DAY #8,Accapella,2021,DLTLLY,2021-11-07,https://www.youtube.com/watch?v=tQxf0_g0Qyo,tQxf0_g0Qyo,112926.0
Schlawin0r,Franciss,Battle,Accapella,2021,DUDL,2021-11-06,https://www.youtube.com/watch?v=UJw2kUbdKRc,UJw2kUbdKRc,6868.0
Notyzze,Leanders,Viertelfinale - Freestyle Turnier,Accapella,2021,DLTLLY,2021-11-05,https://www.youtube.com/watch?v=P3jJnu84jso,P3jJnu84jso,20981.0
Karanova,Mars B.,B-DAY #8,Accapella,2021,DLTLLY,2021-10-31,https://www.youtube.com/watch?v=XW5F33vQEBE,XW5F33vQEBE,56868.0
MC Rabiat,P.S. Jiggy,Battle,Accapella,2021,DUDL,2021-10-29,https://www.youtube.com/watch?v=SAsznYYz40M,SAsznYYz40M,9690.0
Aura,Desperados,Proving Grounds #2,Accapella,2021,DLTLLY,2021-10-29,https://www.youtube.com/watch?v=L-11Ys1jPbk,L-11Ys1jPbk,21448.0
DESPO,MC COLOGNE,ON BEAT BATTLE,On Beat,2021,FOB,2021-10-24,https://www.youtube.com/watch?v=l5WLfkde9bY,l5WLfkde9bY,2928.0
DESPO,DOCMO,ACAPELLA BATTLE,Accapella,2020,FOB,2021-10-24,https://www.youtube.com/watch?v=iOCwuBA9Bm0,iOCwuBA9Bm0,3349.0
RALLE,DASCHA,ACAPELLA BATTLE,Accapella,2020,FOB,2021-10-24,https://www.youtube.com/watch?v=isjvzmQO3MI,isjvzmQO3MI,4203.0
LATIK,TECEY,ACAPELLA BATTLE,Accapella,2021,FOB,2021-10-24,https://www.youtube.com/watch?v=yOKjgjTx598,yOKjgjTx598,4543.0
LEANDERS,TEACH,ACAPELLA BATTLE,Accapella,2021,FOB,2021-10-24,https://www.youtube.com/watch?v=YNP98QxWD9A,YNP98QxWD9A,5664.0
Neilz,Deytona,B-DAY #8,Accapella,2021,DLTLLY,2021-10-24,https://www.youtube.com/watch?v=Uo9V26OqyLw,Uo9V26OqyLw,54918.0
MUSIO,NATIF,ACAPELLA BATTLE,Accapella,2021,FOB,2021-10-24,https://www.youtube.com/watch?v=76GHLjt3_Q4,76GHLjt3_Q4,10970.0
DESPO & LEANDERS,BANDAN & RINGELNATZ,ACAPELLA BATTLE,Accapella,2021,FOB,2021-10-24,https://www.youtube.com/watch?v=Lmsc-4QD8cU,Lmsc-4QD8cU,7057.0
MC GEUNER,JULO,ACAPELLA BATTLE,Accapella,2021,FOB,2021-10-24,https://www.youtube.com/watch?v=EOkj_xbRKyo,EOkj_xbRKyo,17279.0
TRIPLE (TRIPLEBEAT),DASCHA,ACAPELLA BATTLE,Accapella,2021,FOB,2021-10-24,https://www.youtube.com/watch?v=DR_Ah6-tL4A,DR_Ah6-tL4A,9221.0
Joseph Steinschleuder,A-Ron,B-DAY #8,Accapella,2021,DLTLLY,2021-10-22,https://www.youtube.com/watch?v=11038rqoQr0,11038rqoQr0,32011.0
Bong Teggy,Koozy,B-Day #8,On Beat,2021,DLTLLY,2021-10-17,https://www.youtube.com/watch?v=ADHXjLh3t58,ADHXjLh3t58,188854.0
Joseph Steinschleuder (aka Merlin),Tobi High,B-DAY #8 Berlin,Accapella,2021,DLTLLY,2021-10-15,https://www.youtube.com/watch?v=ErS3GzWV5EI,ErS3GzWV5EI,42116.0
Proton,Bandan,München,On Beat,2021,DLTLLY,2021-09-24,https://www.youtube.com/watch?v=2ZpsOZntjdQ,2ZpsOZntjdQ,17097.0
Tollschock,MC Geuner,Proving Grounds Vol. 1,Accapella,2021,DLTLLY,2021-09-12,https://www.youtube.com/watch?v=EPxRnWn0yFM,EPxRnWn0yFM,27760.0
Vorstadtflokati,Maka,Proving Grounds Vol. 1,Accapella,2021,DLTLLY,2021-09-05,https://www.youtube.com/watch?v=1a8hepLi7tM,1a8hepLi7tM,13680.0
Julo,BDad,Proving Grounds Vol. 1,Accapella,2021,DLTLLY,2021-08-29,https://www.youtube.com/watch?v=tcNaMgkL0ds,tcNaMgkL0ds,25560.0
Moitz,Heinz87,Proving Grounds Vol. 1,Accapella,2021,DLTLLY,2021-08-22,https://www.youtube.com/watch?v=HqgNJu5VcGI,HqgNJu5VcGI,14689.0
Liser,Niza,Proving Grounds Vol. 1,Accapella,2021,DLTLLY,2021-08-15,https://www.youtube.com/watch?v=d50Tv7s_7zY,d50Tv7s_7zY,40477.0
Robscure,Hiding John,Summer Vibes 2021,Accapella,2021,DLTLLY,2021-08-08,https://www.youtube.com/watch?v=S4QLxawNqdA,S4QLxawNqdA,41682.0
Kato,Indoor Stan (OnBeat),Summer Vibes 2021,On Beat,2021,DLTLLY,2021-08-01,https://www.youtube.com/watch?v=X6kOp_8oxBU,X6kOp_8oxBU,29556.0
Joseph Steinschleuder,Natif,Summer Vibes 2021,Accapella,2021,DLTLLY,2021-07-25,https://www.youtube.com/watch?v=RPMJJLT995U,RPMJJLT995U,50232.0
Phasenkind,Ryko-J,Battle,On Beat,2021,DLTLLY,2021-07-18,https://www.youtube.com/watch?v=LVHZ_t-xy48,LVHZ_t-xy48,29847.0
Karanova,D-Kay,Summer Vibes,Accapella,2021,DLTLLY,2021-07-11,https://www.youtube.com/watch?v=OB3JEUHn9uc,OB3JEUHn9uc,13804.0
Mars B.,BX,Hidden Gems 2,Accapella,2021,DLTLLY,2021-07-04,https://www.youtube.com/watch?v=_pAlmhNLPgk,_pAlmhNLPgk,23067.0
SnakeHeadRhyme,Hiding John,Hidden Gems 2,Accapella,2021,DLTLLY,2021-06-27,https://www.youtube.com/watch?v=bDWcsbukE34,bDWcsbukE34,34684.0
Gerro,Tao,Hidden Gems 2,Accapella,2021,DLTLLY,2021-06-13,https://www.youtube.com/watch?v=OedxSC21Q7c,OedxSC21Q7c,12097.0
Phasenkind,Ferry,Hidden Gems 2,Accapella,2021,DLTLLY,2021-06-06,https://www.youtube.com/watch?v=W77oeyxkAqU,W77oeyxkAqU,14527.0
Wolff,Craze,Hidden Gems,Accapella,2021,DLTLLY,2021-05-30,https://www.youtube.com/watch?v=8uoJU-abyag,8uoJU-abyag,40441.0
Joseph Steinschleuder,Bahamakarma,Hidden Gems,Accapella,2021,DLTLLY,2021-05-23,https://www.youtube.com/watch?v=UnPT7EzAH8I,UnPT7EzAH8I,33186.0
Indoor Stan,DeeLah,could not identify event,On Beat,2021,DLTLLY,2021-05-16,https://www.youtube.com/watch?v=fPBGqZNJ1ho,fPBGqZNJ1ho,20523.0
Joe Pharo,SnakeHeadRhyme,Hidden Gems,Accapella,2021,DLTLLY,2021-05-02,https://www.youtube.com/watch?v=otH1IrojW_o,otH1IrojW_o,20056.0
Neilz,FreeKno,Breakthrough Halbfinale,Accapella,2021,DLTLLY,2021-04-25,https://www.youtube.com/watch?v=wZYLJenaGyg,wZYLJenaGyg,21006.0
Requiem,Deytona,Breakthrough Halbfinale,Accapella,2021,DLTLLY,2021-04-18,https://www.youtube.com/watch?v=heWtcrlwRbg,heWtcrlwRbg,11355.0
Mars B.,MC Geuner,STREET BATTLES 2021,Accapella,2021,DLTLLY,2021-03-28,https://www.youtube.com/watch?v=-Drz-WlVUYY,-Drz-WlVUYY,49653.0
Tollschock,D-Kay,STREET BATTLES 2021,Accapella,2021,DLTLLY,2021-03-21,https://www.youtube.com/watch?v=ERCFAPYNCJI,ERCFAPYNCJI,11688.0
Henrey,Hiding John,STREET BATTLES 2021,Accapella,2021,DLTLLY,2021-03-14,https://www.youtube.com/watch?v=c8QaTxQRHMs,c8QaTxQRHMs,30181.0
Karanova,YAMANN,STREET BATTLES 2021,Accapella,2021,DLTLLY,2021-03-07,https://www.youtube.com/watch?v=4T4o-m4wRWQ,4T4o-m4wRWQ,13713.0
Wandelbarz,YAAMANN,Video Battle,On Beat,2021,DLTLLY,2021-02-07,https://www.youtube.com/watch?v=u_3tUhl9fXM,u_3tUhl9fXM,18072.0
DOC,Gerro (aka RenetixX),Video Battle,On Beat,2021,DLTLLY,2021-02-07,https://www.youtube.com/watch?v=FYm1CMj1TJQ,FYm1CMj1TJQ,11117.0
Falki,Phasenkind,Video Battle,On Beat,2021,DLTLLY,2021-02-07,https://www.youtube.com/watch?v=AgQGgjkkwBo,AgQGgjkkwBo,33372.0
Khacoby,Peat,Video Battle,On Beat,2021,DLTLLY,2021-01-24,https://www.youtube.com/watch?v=tlBRazaZShg,tlBRazaZShg,78340.0
Holu,Kairuzo,ExtraMatch,Accapella,2020,DLTLLY,2020-11-27,https://www.youtube.com/watch?v=lsb-FSjlsA0,lsb-FSjlsA0,9241.0
Robscure,Sizyphos,B.Day#7,Accapella,2020,DLTLLY,2020-11-08,https://www.youtube.com/watch?v=2-xOBUKTmkk,2-xOBUKTmkk,92796.0
Kato,N'antinein,B.Day#7,Accapella,2020,DLTLLY,2020-11-01,https://www.youtube.com/watch?v=R5aGasnH0OM,R5aGasnH0OM,58968.0
DeeLah,Mars B.,B.Day#7,Accapella,2020,DLTLLY,2020-10-25,https://www.youtube.com/watch?v=Ia6Bsae_kEg,Ia6Bsae_kEg,63032.0
Joe Pharo,Hiding John,B.Day#7,Accapella,2020,DLTLLY,2020-10-18,https://www.youtube.com/watch?v=cBUqmJ_i5qY,cBUqmJ_i5qY,60828.0
Karma,Khacoby,B.Day#7,Accapella,2020,DLTLLY,2020-10-11,https://www.youtube.com/watch?v=YS82RpCtbS4,YS82RpCtbS4,48294.0
Joseph Steinschleuder,Indoor Stan,Panke,Accapella,2020,DLTLLY,2020-10-04,https://www.youtube.com/watch?v=5UjDGUy3PQI,5UjDGUy3PQI,53536.0
Brian Damage,Craze,Panke,Accapella,2020,DLTLLY,2020-09-27,https://www.youtube.com/watch?v=iGUe8Sblwgw,iGUe8Sblwgw,45322.0
DeeLah,SnakeHeadRhyme,Panke,Accapella,2020,DLTLLY,2020-09-20,https://www.youtube.com/watch?v=fi8fsxG1OcE,fi8fsxG1OcE,29144.0
Steel,Karanova,Panke,Accapella,2020,DLTLLY,2020-09-13,https://www.youtube.com/watch?v=yHbnx2fuG5c,yHbnx2fuG5c,20656.0
Bong Teggy,Robscure,Panke,Accapella,2020,DLTLLY,2020-08-16,https://www.youtube.com/watch?v=pZ6pnu5hf0A,pZ6pnu5hf0A,56143.0
Vorstadtflokati,Shizu,Panke,Accapella,2020,DLTLLY,2020-08-14,https://www.youtube.com/watch?v=y9ncsceHW3M,y9ncsceHW3M,9611.0
Kid Soldier,Hiding John,Panke,Accapella,2020,DLTLLY,2020-08-09,https://www.youtube.com/watch?v=Wdgl_Cg9GKU,Wdgl_Cg9GKU,48308.0
Falk,Karanova,Virtual  Battle,On Beat,2020,DLTLLY,2020-08-02,https://www.youtube.com/watch?v=2ruMpOhxrRs,2ruMpOhxrRs,22538.0
Phasenkind,Peat,Virtual  Battle,On Beat,2020,DLTLLY,2020-07-26,https://www.youtube.com/watch?v=fvaZ9P2KRLE,fvaZ9P2KRLE,33274.0
Kato,Mr. Whyte,Fussball Battle,Accapella,2020,DLTLLY,2020-07-19,https://www.youtube.com/watch?v=FgFwq0icwso,FgFwq0icwso,28207.0
Papi Schlauch,Master Marv,could not identify event,Accapella,2020,DLTLLY,2020-07-03,https://www.youtube.com/watch?v=eVQd_FWdloE,eVQd_FWdloE,15376.0
Khacoby,Notyzze,Corona Battle Package,Accapella,2020,DLTLLY,2020-06-28,https://www.youtube.com/watch?v=Tm9vJh_dk9k,Tm9vJh_dk9k,28174.0
Mars B.,BX,Corona Battle Package,Accapella,2020,DLTLLY,2020-06-26,https://www.youtube.com/watch?v=LOOhH4_OvNE,LOOhH4_OvNE,11245.0
Craze,Burst,English 1 Rounder,Accapella,2020,DLTLLY,2020-06-23,https://www.youtube.com/watch?v=bMXRfRmgPTA,bMXRfRmgPTA,6303.0
Falk,Ano-nym,OnlineBattle,Accapella,2020,DLTLLY,2020-06-21,https://www.youtube.com/watch?v=dYmfj_BzrgY,dYmfj_BzrgY,56835.0
Zeptah,Gammel,OnlineBattle,Accapella,2020,DLTLLY,2020-06-14,https://www.youtube.com/watch?v=uekZr7zXv-o,uekZr7zXv-o,9512.0
Sizyphos,Robscure,Online Battle,Accapella,2020,DLTLLY,2020-06-12,https://www.youtube.com/watch?v=Ldc4PM7uECU,Ldc4PM7uECU,18796.0
Hiding John,A-Ron,Onlie Battle,Accapella,2020,DLTLLY,2020-06-09,https://www.youtube.com/watch?v=a70lYjBMMGc,a70lYjBMMGc,12992.0
Proton,Craze,+ Accapella,On Beat,2020,DLTLLY,2020-06-07,https://www.youtube.com/watch?v=vb_w46X0rGE,vb_w46X0rGE,21186.0
T-Way,Kid Soldier,Online Battle,Accapella,2020,DLTLLY,2020-05-31,https://www.youtube.com/watch?v=cohcA2h186c,cohcA2h186c,14469.0
Pablo,Jolle,Online Battle,Accapella,2020,DLTLLY,2020-05-31,https://www.youtube.com/watch?v=5HaB0pBqyX0,5HaB0pBqyX0,12889.0
Phasenkind,Karanova,OnlineBattle,Accapella,2020,DLTLLY,2020-05-24,https://www.youtube.com/watch?v=5BgRzwhN2PI,5BgRzwhN2PI,26055.0
Proton,Notyzze,NRWeekend4,On Beat,2020,DLTLLY,2020-04-26,https://www.youtube.com/watch?v=lKlZmLtrRaw,lKlZmLtrRaw,181072.0
Craze' Parts,Merlin,NRWeekend4,Accapella,2020,DLTLLY,2020-04-24,https://www.youtube.com/watch?v=u21MvmyqRFg,u21MvmyqRFg,29353.0
Falk + Khacoby,DNA + Ringelnatz,NRWeekend4,Accapella,2020,DLTLLY,2020-04-19,https://www.youtube.com/watch?v=WeQISeOD2oI,WeQISeOD2oI,48800.0
Ali Smart,Pulsar,D&DL CoEvent,Accapella,2020,DLTLLY,2020-04-12,https://www.youtube.com/watch?v=xFD__wFE9vU,xFD__wFE9vU,21026.0
Silence,Franz Flaute D&DL#0156 (Berlin,-CoEvent,Accapella,2020,DUDL,2020-04-08,https://www.youtube.com/watch?v=AkDqmXszYWA,AkDqmXszYWA,9855.0
DeeLah,Wandelbarz,NRWeekend4,Accapella,2020,DLTLLY,2020-04-05,https://www.youtube.com/watch?v=qW9luXAQXRI,qW9luXAQXRI,30923.0
Davie Jones,Fresh Polakke,Berlin,On Beat,2020,DLTLLY,2020-04-03,https://www.youtube.com/watch?v=UUyqMyjB2bM,UUyqMyjB2bM,130755.0
MC Rabiat,Jepain D&DL#0158 (Berlin,-CoEvent,Accapella,2020,DUDL,2020-04-01,https://www.youtube.com/watch?v=S-QZgsCSZd8,S-QZgsCSZd8,10416.0
Alko,Baretta D&DL#0154 (Berlin,-CoEvent,Accapella,2020,DUDL,2020-03-30,https://www.youtube.com/watch?v=4oV8qkTZtmQ,4oV8qkTZtmQ,13253.0
Django,Leanders,NRWeekend4,Accapella,2020,DLTLLY,2020-03-29,https://www.youtube.com/watch?v=t0mOqEll75s,t0mOqEll75s,19771.0
Mazzikaner,DNA,Berlin,On Beat,2020,DLTLLY,2020-03-27,https://www.youtube.com/watch?v=Ekk3MCWp-ZU,Ekk3MCWp-ZU,22107.0
Corner,Maka D&DL#0155 (Berlin,-CoEvent,Accapella,2020,DUDL,2020-03-25,https://www.youtube.com/watch?v=2Alsg7pneZU,2Alsg7pneZU,13417.0
Kato,Ano-nym,NRWeekend4,Accapella,2020,DLTLLY,2020-03-22,https://www.youtube.com/watch?v=US8gUcwYuDc,US8gUcwYuDc,119993.0
Phasenkind,Steel,Berlin,On Beat,2020,DLTLLY,2020-03-20,https://www.youtube.com/watch?v=5E8wtuc_gPo,5E8wtuc_gPo,76908.0
DOC,Vorstadtflokati,NRWeekend4,Accapella,2020,DLTLLY,2020-03-18,https://www.youtube.com/watch?v=jzFuHDCB_3Q,jzFuHDCB_3Q,21901.0
Tollschock,Kid Soldier,NRWeekend4,Accapella,2020,DLTLLY,2020-03-17,https://www.youtube.com/watch?v=hy0Njy_aODY,hy0Njy_aODY,64069.0
Fate,Sizyphos,Berlin,On Beat,2020,DLTLLY,2020-03-13,https://www.youtube.com/watch?v=LNYeG_rxNyY,LNYeG_rxNyY,46233.0
Natif,Ryko-J,NRWeekend4,Accapella,2020,DLTLLY,2020-03-11,https://www.youtube.com/watch?v=2oTsMFm6BZY,2oTsMFm6BZY,50331.0
RenetiXX,A-Ron,NRWeekend4,Accapella,2020,DLTLLY,2020-03-08,https://www.youtube.com/watch?v=3kT6ZzpMmbI,3kT6ZzpMmbI,29177.0
Craze,Pablo,Berlin,On Beat,2020,DLTLLY,2020-03-07,https://www.youtube.com/watch?v=fJNspy5iVA4,fJNspy5iVA4,81344.0
Wolff,Mars B.,Kassel,Accapella,2020,DLTLLY,2020-03-01,https://www.youtube.com/watch?v=FFBaDPuErfc,FFBaDPuErfc,144655.0
Jolle,Falk,Berlin,On Beat,2020,DLTLLY,2020-02-28,https://www.youtube.com/watch?v=9DEOJ6f0UL8,9DEOJ6f0UL8,49321.0
Hiding John,ZinZity,Kassel,Accapella,2020,DLTLLY,2020-02-23,https://www.youtube.com/watch?v=-WkDV5RsdSo,-WkDV5RsdSo,258762.0
Papa TR,Karanova,Berlin,On Beat,2020,DLTLLY,2020-02-21,https://www.youtube.com/watch?v=1awgzzB19e0,1awgzzB19e0,28664.0
Joe Pharo,Tobi High,Kassel,Accapella,2020,DLTLLY,2020-02-16,https://www.youtube.com/watch?v=l4_E1OTEa4Q,l4_E1OTEa4Q,65453.0
Paleiacci,PrettyShittyJiggy,Kassel,Accapella,2020,DLTLLY,2020-02-09,https://www.youtube.com/watch?v=cnzRnRAL2pQ,cnzRnRAL2pQ,29456.0
Yarambo,Robscure,DISSember4,Accapella,2019,DLTLLY,2020-02-02,https://www.youtube.com/watch?v=K_jqoyHG2cE,K_jqoyHG2cE,126724.0
Cris Kotzen,Merlin,DISSember4,Accapella,2019,DLTLLY,2020-01-26,https://www.youtube.com/watch?v=M9-nikWIC48,M9-nikWIC48,98816.0
Ano-nym,Davie Jones,DISSember4,Accapella,2019,DLTLLY,2020-01-19,https://www.youtube.com/watch?v=UKr_lNJHApg,UKr_lNJHApg,80373.0
Steel,Tollschock,Finale DISSember4,Accapella,2019,DLTLLY,2020-01-12,https://www.youtube.com/watch?v=QmnDTvpqWao,QmnDTvpqWao,32212.0
Falk + Khacoby,Sizyphos + Joseph Steinschleuder,DltllyBattle DISSember4,Accapella,2019,DLTLLY,2020-01-05,https://www.youtube.com/watch?v=Y3aA4xBE8cQ,Y3aA4xBE8cQ,153918.0
Ryko-J,T-Way,Krefeld,Accapella,2019,DLTLLY,2020-01-03,https://www.youtube.com/watch?v=v7SE0M4nEtM,v7SE0M4nEtM,31448.0
Julo,Django D&DL#0153 (Krefeld,-CoEvent,Accapella,2019,DUDL,2020-01-01,https://www.youtube.com/watch?v=p-4EgTDFaAg,p-4EgTDFaAg,9001.0
Stepho,Sejo D&DL#0149 (Krefeld,-CoEvent,Accapella,2019,DUDL,2019-12-30,https://www.youtube.com/watch?v=VN2Jj5wdzf8,VN2Jj5wdzf8,4473.0
Joseph Steinschleuder,Craze,Köln,Accapella,2019,DLTLLY,2019-12-29,https://www.youtube.com/watch?v=aQsnPZjXxBI,aQsnPZjXxBI,121856.0
DeeLah,Zeuge,Krefeld,Accapella,2019,DLTLLY,2019-12-27,https://www.youtube.com/watch?v=wauI8sMOOjY,wauI8sMOOjY,44482.0
SiC68,Lug Serious D&DL#0152 (Krefeld,-CoEvent,Accapella,2019,DUDL,2019-12-25,https://www.youtube.com/watch?v=hiVeDwqBMAU,hiVeDwqBMAU,6213.0
Trafalgar47,Vorstadtflokati D&DL#0150 (Krefeld,-CoEvent,Accapella,2019,DUDL,2019-12-23,https://www.youtube.com/watch?v=EjBaQPaVBB4,EjBaQPaVBB4,6912.0
Mr. Whyte,Sizyphos,Köln,Accapella,2019,DLTLLY,2019-12-22,https://www.youtube.com/watch?v=9eyIS57O1X0,9eyIS57O1X0,85953.0
Kid Soldier,Khacoby,Köln,Accapella,2019,DLTLLY,2019-12-20,https://www.youtube.com/watch?v=hf7bzyZKBLo,hf7bzyZKBLo,85315.0
Ralle,Herr Sören D&DL#0151 (Krefeld,-CoEvent,Accapella,2019,DUDL,2019-12-18,https://www.youtube.com/watch?v=RgsfS0R9Zw4,RgsfS0R9Zw4,8262.0
RenetiXX,MC Geuner,Köln,Accapella,2019,DLTLLY,2019-12-15,https://www.youtube.com/watch?v=BUef8obuDf0,BUef8obuDf0,46580.0
Master Marv,MC Rabiat,Berlin,Accapella,2019,DLTLLY,2019-12-13,https://www.youtube.com/watch?v=JWY0UT09k64,JWY0UT09k64,21390.0
Milio,Plural D&DL#0148 (Berlin,-CoEvent,Accapella,2019,DUDL,2019-12-11,https://www.youtube.com/watch?v=Kb1di9tsUg4,Kb1di9tsUg4,5484.0
Cashus K. + Mac Horn,DNA + Ringelnatz,Köln,Accapella,2019,DLTLLY,2019-12-10,https://www.youtube.com/watch?v=9pjW5JyzG-Q,9pjW5JyzG-Q,32199.0
A-Ron,Nika,Berlin,Accapella,2019,DLTLLY,2019-12-06,https://www.youtube.com/watch?v=e9mAswMAQGg,e9mAswMAQGg,18854.0
Cartoon,Schlawin0r D&DL#0147 (Berlin,-CoEvent,Accapella,2019,DUDL,2019-12-04,https://www.youtube.com/watch?v=uHhCVo5FaXA,uHhCVo5FaXA,7346.0
Nick Shit,Morgana D&DL#0146 (Berlin,-CoEvent,Accapella,2019,DUDL,2019-12-02,https://www.youtube.com/watch?v=XIGXQ1nDR7s,XIGXQ1nDR7s,6917.0
SnakeHeadRhyme,Karanova,Berlin,Accapella,2019,DLTLLY,2019-12-01,https://www.youtube.com/watch?v=a2oB09-ACww,a2oB09-ACww,40845.0
Phasenkind,PrettyShittyJiggy,Ludwigshafen,Accapella,2019,DLTLLY,2019-11-29,https://www.youtube.com/watch?v=On_47ye4fI0,On_47ye4fI0,23561.0
Ekta,Frozen D&DL#0143 (Ludwigshafen,MusicGourmétz-CoEvent,Accapella,2019,DUDL,2019-11-27,https://www.youtube.com/watch?v=0hphYeZF-7E,0hphYeZF-7E,6686.0
Papi Schlauch,Proton,Frankfurt,Accapella,2019,DLTLLY,2019-11-24,https://www.youtube.com/watch?v=pdOgI2ZzRFE,pdOgI2ZzRFE,82039.0
MC Maik,Fate,Frankfurt,Accapella,2019,DLTLLY,2019-11-22,https://www.youtube.com/watch?v=VdSYdtJK1SY,VdSYdtJK1SY,28745.0
Jepain,Kaliba D&DL#0145 (Ludwigshafen,MusicGourmétz-CoEvent,Accapella,2019,DUDL,2019-11-20,https://www.youtube.com/watch?v=FLpo3lNamXs,FLpo3lNamXs,6276.0
XtraHerb,Zheka D&DL#0144 (Ludwigshafen,MusicGourmétz-CoEvent,Accapella,2019,DUDL,2019-11-18,https://www.youtube.com/watch?v=rRxKa443nq0,rRxKa443nq0,9731.0
Steel,Hiding John,Halbfinale Frankfurt,Accapella,2019,DLTLLY,2019-11-17,https://www.youtube.com/watch?v=8jPhByN4nMY,8jPhByN4nMY,53972.0
Paleiacci,Baretta,Ludwigshafen,Accapella,2019,DLTLLY,2019-11-15,https://www.youtube.com/watch?v=Ty7p2q_B-xA,Ty7p2q_B-xA,17234.0
Joe Pharo,Ryko-J,Frankfurt,Accapella,2019,DLTLLY,2019-11-08,https://www.youtube.com/watch?v=NlgHm8PC2JU,NlgHm8PC2JU,53908.0
Nimeon,DOC,D&amp;DL+DerNorden CoEvent,Accapella,2019,DLTLLY,2019-11-03,https://www.youtube.com/watch?v=DFz9IJOx7KA,DFz9IJOx7KA,17127.0
Friedrich Chilla,Tommen D&DL#0137 (Bremen,Der Norden-CoEvent,Accapella,2019,DUDL,2019-11-01,https://www.youtube.com/watch?v=eTJ6O-3pFE4,eTJ6O-3pFE4,7631.0
Ali Smart,Gin Tomek D&DL#0139 (Bremen,Der Norden-CoEvent,Accapella,2019,DUDL,2019-10-30,https://www.youtube.com/watch?v=Yl14HGtptyM,Yl14HGtptyM,6258.0
Alko,Maru D&DL#0140 (Bremen,Der Norden-CoEvent,Accapella,2019,DUDL,2019-10-28,https://www.youtube.com/watch?v=7-zmJH0dxho,7-zmJH0dxho,5628.0
Dizaster,JollyJay,international Battle B.Day#6,Accapella,2019,DLTLLY,2019-10-26,https://www.youtube.com/watch?v=1ap7X5HV54k,1ap7X5HV54k,106995.0
P-Haze,Torbäng D&DL#0141 (Bremen,Der Norden-CoEvent,Accapella,2019,DUDL,2019-10-25,https://www.youtube.com/watch?v=yJJZjoZqHyU,yJJZjoZqHyU,5575.0
BrahMC,Moby Deep D&DL#0138 (Bremen,Der Norden-CoEvent,Accapella,2019,DUDL,2019-10-23,https://www.youtube.com/watch?v=43Ko11ZOZTE,43Ko11ZOZTE,5605.0
Yarambo,Mikesh,🏆 TITLE-MATCH 🏆,Accapella,2019,DLTLLY,2019-10-20,https://www.youtube.com/watch?v=g4vk0dkD2-U,g4vk0dkD2-U,409540.0
Audienzz,Béla Garbage D&DL#0136 (Halle,Move &#39;n&#39; Culture Festival-CoEvent,Accapella,2019,DUDL,2019-10-18,https://www.youtube.com/watch?v=uLpUUufc6rE,uLpUUufc6rE,4176.0
Ortcutt,Mazzikaner D&DL#0135 (Halle,Move &#39;n&#39; Culture Festival-CoEvent,Accapella,2019,DUDL,2019-10-16,https://www.youtube.com/watch?v=gNn3O1N0tos,gNn3O1N0tos,5985.0
Brian Damage,Merlin,B.Day#6,Accapella,2019,DLTLLY,2019-10-13,https://www.youtube.com/watch?v=Td7-cUxlJlI,Td7-cUxlJlI,138047.0
Franz Flaute,Nika D&DL#0134 (Halle,Move &#39;n&#39; Culture Festival-CoEvent,Accapella,2019,DUDL,2019-10-09,https://www.youtube.com/watch?v=H5cwWICWP9Q,H5cwWICWP9Q,9620.0
Cris Kotzen,Robscure,B.Day#6,Accapella,2019,DLTLLY,2019-10-06,https://www.youtube.com/watch?v=359kHeVVIy4,359kHeVVIy4,92098.0
Doga,Malik D&DL#0133 (Halle,Move &#39;n&#39; Culture Festival-CoEvent,Accapella,2019,DUDL,2019-10-02,https://www.youtube.com/watch?v=4mFYhFng1AE,4mFYhFng1AE,5321.0
Henrey,Craze,B.Day#6,Accapella,2019,DLTLLY,2019-09-29,https://www.youtube.com/watch?v=Nk4nGx2_8dk,Nk4nGx2_8dk,79970.0
Pulsar,Shker D&DL#0132 (Halle,Move &#39;n&#39; Culture Festival-CoEvent,Accapella,2019,DUDL,2019-09-25,https://www.youtube.com/watch?v=so7-Y7-fv7Y,so7-Y7-fv7Y,6861.0
DNA + Ringelnatz,Fesas + Krom,Berlin,Accapella,2019,DLTLLY,2019-09-22,https://www.youtube.com/watch?v=rpVKWVj_RWw,rpVKWVj_RWw,42101.0
Lucky Number,Ortcutt,Berlin,Accapella,2019,DLTLLY,2019-09-20,https://www.youtube.com/watch?v=FA1DpTyD_dM,FA1DpTyD_dM,16577.0
ZinZity,Mazzikaner,Runde2 Berlin,Accapella,2019,DLTLLY,2019-09-15,https://www.youtube.com/watch?v=z-gyAcxHO3Q,z-gyAcxHO3Q,86117.0
Ano-nym,Aytee,Splash22,On Beat,2019,DLTLLY,2019-09-13,https://www.youtube.com/watch?v=zdfjO-EkI-I,zdfjO-EkI-I,334336.0
Steel,Driss,Runde2 Berlin,Accapella,2019,DLTLLY,2019-09-08,https://www.youtube.com/watch?v=so7auaBTczQ,so7auaBTczQ,20041.0
Mavgic,Davie Jones,Splash22,On Beat,2019,DLTLLY,2019-09-06,https://www.youtube.com/watch?v=R5c3gVn0MTI,R5c3gVn0MTI,245003.0
SnakeHeadRhyme,Lug Serious,HIPinside Berlin,Accapella,2019,DLTLLY,2019-09-04,https://www.youtube.com/watch?v=c33Tdb62OaY,c33Tdb62OaY,24488.0
Hiding John,Phasenkind,Runde2 Berlin,Accapella,2019,DLTLLY,2019-09-01,https://www.youtube.com/watch?v=a0VIIAdkQiw,a0VIIAdkQiw,52694.0
Cris Kotzen,Pablo,Splash22,On Beat,2019,DLTLLY,2019-08-30,https://www.youtube.com/watch?v=7IG1ogWO5Iw,7IG1ogWO5Iw,96781.0
Silence,K.O. Ray,HIPinside Berlin,Accapella,2019,DLTLLY,2019-08-28,https://www.youtube.com/watch?v=D6dGz3CbY9w,D6dGz3CbY9w,16157.0
Tollschock,Paleiacci,Runde2 Berlin,Accapella,2019,DLTLLY,2019-08-25,https://www.youtube.com/watch?v=SroLejedLS8,SroLejedLS8,19696.0
Kato,Rino Mandingo,Splash22,On Beat,2019,DLTLLY,2019-08-23,https://www.youtube.com/watch?v=2OPxY-WJQ00,2OPxY-WJQ00,74422.0
Yarambo,Cris Kotzen,Hamburg,Accapella,2019,DLTLLY,2019-08-17,https://www.youtube.com/watch?v=rXtu_yTsNyY,rXtu_yTsNyY,275329.0
Ano-nym,Joe Pharo,Hamburg,On Beat,2019,DLTLLY,2019-08-14,https://www.youtube.com/watch?v=k_PFZFeAvqo,k_PFZFeAvqo,43711.0
Mars B.,Tobi High,Hamburg,Accapella,2019,DLTLLY,2019-08-10,https://www.youtube.com/watch?v=08a7zIL-Kq4,08a7zIL-Kq4,278495.0
Nikiz,Fabiga,Hamburg,On Beat,2019,DLTLLY,2019-08-09,https://www.youtube.com/watch?v=QuVClodstF8,QuVClodstF8,30549.0
Merlin,Khacoby,Hamburg,Accapella,2019,DLTLLY,2019-08-04,https://www.youtube.com/watch?v=yJyAb9r0ntI,yJyAb9r0ntI,131280.0
Aris,Julo,Hamburg,Accapella,2019,DLTLLY,2019-08-02,https://www.youtube.com/watch?v=h51TEe9214k,h51TEe9214k,24536.0
Mighty Mo,Hansen,EOW-Tour,Accapella,2014,DLTLLY,2019-07-29,https://www.youtube.com/watch?v=Y5U4LUK-82o,Y5U4LUK-82o,183801.0
Joseph Steinschleuder,Falk,Hamburg,Accapella,2019,DLTLLY,2019-07-26,https://www.youtube.com/watch?v=7gndCUN-t1A,7gndCUN-t1A,125385.0
Cashus K + Mac Horn,MC Geuner + Natif,Hamburg,Accapella,2019,DLTLLY,2019-07-25,https://www.youtube.com/watch?v=2EgAMk2CWIo,2EgAMk2CWIo,41278.0
DXXDSTXCK,TableddnTimmy,Hamburg,Accapella,2019,DLTLLY,2019-07-20,https://www.youtube.com/watch?v=6gf6DGRGPco,6gf6DGRGPco,50198.0
RenetiXX,Shizu,Hamburg,Accapella,2019,DLTLLY,2019-07-20,https://www.youtube.com/watch?v=49jN1g_l4sw,49jN1g_l4sw,33914.0
Bong Teggy,Mikesh,MAYhem #4,Accapella,2019,DLTLLY,2019-07-09,https://www.youtube.com/watch?v=iytAxUC689k,iytAxUC689k,785312.0
DLTLLY+D&DL   Ortcutt,Steel,Runde1 Berlin,Accapella,2019,DUDL,2019-07-05,https://www.youtube.com/watch?v=CPwOU-cEeE0,CPwOU-cEeE0,16154.0
JerMC,Robscure,MAYhem4,Accapella,2019,DLTLLY,2019-07-04,https://www.youtube.com/watch?v=jsa8A68JWHc,jsa8A68JWHc,69828.0
DLTLLY+D&DL   Phasenkind,Klö10,Runde1 Berlin,Accapella,2019,DUDL,2019-07-03,https://www.youtube.com/watch?v=6tEH2aGB7_Y,6tEH2aGB7_Y,17922.0
Sizyphos,Davie Jones,MAYhem4,Accapella,2019,DLTLLY,2019-06-29,https://www.youtube.com/watch?v=qv_Vf5YwFao,qv_Vf5YwFao,187608.0
DLTLLY+D&DL   Arbeitstitel,Hiding John,Runde1 Berlin,Accapella,2019,DUDL,2019-06-26,https://www.youtube.com/watch?v=rWZkTI11c8Y,rWZkTI11c8Y,26965.0
Fate,Craze,MAYhem4,Accapella,2019,DLTLLY,2019-06-23,https://www.youtube.com/watch?v=UiaCJXNCthY,UiaCJXNCthY,46617.0
DLTLLY+D&DL   Tollschock,Silence,Runde1 Berlin,Accapella,2019,DUDL,2019-06-21,https://www.youtube.com/watch?v=zV3N2PCfxac,zV3N2PCfxac,16751.0
DLTLLY+D&DL   Mazzikaner,K.O. Ray,Runde1 Berlin,Accapella,2019,DUDL,2019-06-19,https://www.youtube.com/watch?v=sS6-j7wbm6o,sS6-j7wbm6o,14738.0
Yarambo + Kato,Wolff + Joe Pharo,NRWeekend3,Accapella,2019,DLTLLY,2019-06-16,https://www.youtube.com/watch?v=a4WsKK9UKeU,a4WsKK9UKeU,131859.0
DLTLLY+D&DL   Lucky Number,ZinZity,Runde1 Berlin,Accapella,2019,DUDL,2019-06-14,https://www.youtube.com/watch?v=c0j-SjApuO0,c0j-SjApuO0,98122.0
DLTLLY+D&DL   Paleiacci,Sikk Whalee,Runde1 Berlin,Accapella,2019,DUDL,2019-06-12,https://www.youtube.com/watch?v=8mePOEi9G-4,8mePOEi9G-4,15344.0
Duff,Lyrico,NRWeekend3,Accapella,2019,DLTLLY,2019-06-08,https://www.youtube.com/watch?v=4x-ouPt32k0,4x-ouPt32k0,149122.0
N'antinein,Joseph Steinschleuder,NRWeekend3,Accapella,2019,DLTLLY,2019-06-02,https://www.youtube.com/watch?v=fK-LjuDqkGo,fK-LjuDqkGo,81210.0
Ryko-J,Highdemann,NRWeekend3,Accapella,2019,DLTLLY,2019-05-31,https://www.youtube.com/watch?v=qUe3WkuFvUI,qUe3WkuFvUI,53656.0
Indoor Stan,Kid Soldier,NRWeekend3,Accapella,2019,DLTLLY,2019-05-26,https://www.youtube.com/watch?v=bDd23OyQj8U,bDd23OyQj8U,76893.0
Alice,Karma,NRWeekend3,Accapella,2019,DLTLLY,2019-05-19,https://www.youtube.com/watch?v=w-brgVQJxjo,w-brgVQJxjo,75728.0
MC Geuner,Mave,NRWeekend3,Accapella,2019,DLTLLY,2019-05-17,https://www.youtube.com/watch?v=UDctKKtso3U,UDctKKtso3U,55358.0
Pablo,Khacoby,NRWeekend3,Accapella,2019,DLTLLY,2019-05-12,https://www.youtube.com/watch?v=iJ5-bv361rw,iJ5-bv361rw,50453.0
Proton,Vinci,NRWeekend3,Accapella,2019,DLTLLY,2019-05-05,https://www.youtube.com/watch?v=YtSL7gzo2x4,YtSL7gzo2x4,50450.0
T-Jey,Papa TR,NRWeekend3,Accapella,2019,DLTLLY,2019-05-03,https://www.youtube.com/watch?v=c7keDhs479s,c7keDhs479s,23951.0
T-Way + Burst,Cashus K + Mac Horn,NRWeekend3,Accapella,2019,DLTLLY,2019-04-28,https://www.youtube.com/watch?v=LlgDB0N8P7k,LlgDB0N8P7k,33915.0
Herr Kuchen,Tao,Wiesbaden,Accapella,2019,DLTLLY,2019-04-21,https://www.youtube.com/watch?v=e0KjoxB51EI,e0KjoxB51EI,94945.0
Julo,PrettyShittyJiggy,Wiesbaden,Accapella,2019,DLTLLY,2019-04-14,https://www.youtube.com/watch?v=q2QSW6dxCxI,q2QSW6dxCxI,17690.0
Nais,Ano-nym,Tapefabrik,On Beat,2019,DLTLLY,2019-04-12,https://www.youtube.com/watch?v=Gt0tcF5aBhw,Gt0tcF5aBhw,77000.0
Shortworth,Craze,Wiesbaden,Accapella,2019,DLTLLY,2019-04-07,https://www.youtube.com/watch?v=_iIiMTUBDuo,_iIiMTUBDuo,39725.0
Vyrus,Pablo,Tapefabrik,On Beat,2019,DLTLLY,2019-04-05,https://www.youtube.com/watch?v=JRAeJtv2KAI,JRAeJtv2KAI,75501.0
A-Ron,Mr. Whyte,Wiesbaden,Accapella,2019,DLTLLY,2019-03-31,https://www.youtube.com/watch?v=KZC0Boi1V1A,KZC0Boi1V1A,20250.0
Robscure,VT,Kassel,Accapella,2019,DLTLLY,2019-03-24,https://www.youtube.com/watch?v=suRzrcwwp10,suRzrcwwp10,52491.0
Aris,Fate,Kassel,Accapella,2019,DLTLLY,2019-03-17,https://www.youtube.com/watch?v=_hlEJQGceVI,_hlEJQGceVI,25141.0
Papi Schlauch,Joe Pharo,Kassel,Accapella,2019,DLTLLY,2019-03-10,https://www.youtube.com/watch?v=jlAGipbHY3o,jlAGipbHY3o,100956.0
Mars B.,Joseph Steinschleuder,Kassel,Accapella,2019,DLTLLY,2019-03-03,https://www.youtube.com/watch?v=52TG99ZhujQ,52TG99ZhujQ,106465.0
Julo,Senad,CoEvent4,Accapella,2019,DLTLLY,2019-03-01,https://www.youtube.com/watch?v=fzChU9ifmpM,fzChU9ifmpM,16381.0
Béla Garbage,Eddie Tude D&DL#0131 (Berlin,-CoEvent,Accapella,2019,DUDL,2019-02-27,https://www.youtube.com/watch?v=QKTtGKUnz-Q,QKTtGKUnz-Q,7507.0
Kid Soldier,Karma,Kassel,Accapella,2019,DLTLLY,2019-02-24,https://www.youtube.com/watch?v=FiNK7Ip2G7M,FiNK7Ip2G7M,55031.0
Lug Serious,Audienzz,CoEvent4,Accapella,2019,DLTLLY,2019-02-22,https://www.youtube.com/watch?v=Rj9OPzOXGEo,Rj9OPzOXGEo,11459.0
OstrichO,MC Rabiat D&DL#0130 (Berlin,-CoEvent,Accapella,2019,DUDL,2019-02-20,https://www.youtube.com/watch?v=riW57gZu4wA,riW57gZu4wA,6519.0
Django,Craze,CoEvent4,Accapella,2019,DLTLLY,2019-02-17,https://www.youtube.com/watch?v=MbEatFFA6Ws,MbEatFFA6Ws,24206.0
SnakeHeadRhyme,Shizu,CoEvent4,Accapella,2019,DLTLLY,2019-02-10,https://www.youtube.com/watch?v=DRGeTbZNyVM,DRGeTbZNyVM,24094.0
Robscure,Mikesh,DISSember #3,Accapella,2019,DLTLLY,2019-02-03,https://www.youtube.com/watch?v=ZIt1ck2SkpY,ZIt1ck2SkpY,423207.0
Onkel Oktomusch + Die Zwetschke,Cris Kotzen + Ano-nym,DISSember #3,Accapella,2019,DLTLLY,2019-01-27,https://www.youtube.com/watch?v=oBCM0_x5BTw,oBCM0_x5BTw,376937.0
Yarambo,Nedal Nib,🏆 TITLE-MATCH 🏆,Accapella,2019,DLTLLY,2019-01-18,https://www.youtube.com/watch?v=b9WiPNutmcs,b9WiPNutmcs,456341.0
Brian Damage,Wolff,DISSember #3,Accapella,2019,DLTLLY,2019-01-13,https://www.youtube.com/watch?v=l1A7Frzc6Yc,l1A7Frzc6Yc,444238.0
JollyJay,Buddi,Dortmund,Accapella,2018,DLTLLY,2018-12-30,https://www.youtube.com/watch?v=g7CZ_KeNQBg,g7CZ_KeNQBg,73271.0
Akanoo,MC Geuner,Dortmund,Accapella,2018,DLTLLY,2018-12-28,https://www.youtube.com/watch?v=9caXz-M8C-w,9caXz-M8C-w,30676.0
Craze,Lug Serious,Dortmund,Accapella,2018,DLTLLY,2018-12-26,https://www.youtube.com/watch?v=d35ARcB-cRI,d35ARcB-cRI,18347.0
Joseph Steinschleuder,Vinci,Dortmund,Accapella,2018,DLTLLY,2018-12-23,https://www.youtube.com/watch?v=M36xibQ16Pw,M36xibQ16Pw,131534.0
Mr. Whyte,Bruda Tuck,Dortmund,Accapella,2018,DLTLLY,2018-12-23,https://www.youtube.com/watch?v=dB_h2U7U56Y,dB_h2U7U56Y,10975.0
Django,Ryko-J,Dortmund,Accapella,2018,DLTLLY,2018-12-21,https://www.youtube.com/watch?v=L4-rMBVV-zE,L4-rMBVV-zE,23073.0
T-Way,N'antinein,Dortmund,Accapella,2018,DLTLLY,2018-12-16,https://www.youtube.com/watch?v=Gu-rZ_etxcA,Gu-rZ_etxcA,30425.0
Wandelbarz,Tao,Dortmund,Accapella,2018,DLTLLY,2018-12-14,https://www.youtube.com/watch?v=_cnUi80QTEA,_cnUi80QTEA,20407.0
Henker,Highdemann,Dortmund,Accapella,2018,DLTLLY,2018-12-12,https://www.youtube.com/watch?v=KjXgHLwZ2Pg,KjXgHLwZ2Pg,21523.0
Lyrico,Henrey,Dortmund,Accapella,2018,DLTLLY,2018-12-09,https://www.youtube.com/watch?v=DYsdE49UH84,DYsdE49UH84,50373.0
Olio,Indoor Stan,Leipzig,On Beat,2018,DLTLLY,2018-12-07,https://www.youtube.com/watch?v=KJBUkAShgN0,KJBUkAShgN0,19303.0
A-Ron,Chinooka,Dortmund,Accapella,2018,DLTLLY,2018-12-05,https://www.youtube.com/watch?v=nzLpekudhsA,nzLpekudhsA,12365.0
Cris Kotzen,Mighty Mo,München BDAY # 5,Accapella,2018,DLTLLY,2018-12-02,https://www.youtube.com/watch?v=WoRse1CULWQ,WoRse1CULWQ,420000.0
SnakeHeadRhyme,RenetiXX,Leipzig,Accapella,2018,DLTLLY,2018-11-30,https://www.youtube.com/watch?v=b-nM1nsvYGo,b-nM1nsvYGo,22660.0
Leonidas,Zeuge,Dortmund,Accapella,2018,DLTLLY,2018-11-28,https://www.youtube.com/watch?v=doMfLOBrGH0,doMfLOBrGH0,17352.0
Yarambo,Bong Teggy,B.Day#5,Accapella,2018,DLTLLY,2018-11-25,https://www.youtube.com/watch?v=X41Ie96tRCQ,X41Ie96tRCQ,266852.0
Der Stockinger,Skilla199,Leipzig,On Beat,2018,DLTLLY,2018-11-23,https://www.youtube.com/watch?v=yun-riliTHU,yun-riliTHU,29419.0
Pilz,Davie Jones,B.Day#5,Accapella,2018,DLTLLY,2018-11-18,https://www.youtube.com/watch?v=lk2jv_AamfU,lk2jv_AamfU,169725.0
Ringelnatz + DNA,Verz + Andi B. D&DL#0125 (Halle,Move &#39;n&#39; Culture Festival-CoEvent,Accapella,2018,DUDL,2018-11-14,https://www.youtube.com/watch?v=wTM1FhA1mww,wTM1FhA1mww,9917.0
Kid Soldier,DXXDSTXCK,Leipzig,Accapella,2018,DLTLLY,2018-11-12,https://www.youtube.com/watch?v=oIxlJcgrYdw,oIxlJcgrYdw,55497.0
Ano-nym,Pueblo Escobar,Leipzig,On Beat,2018,DLTLLY,2018-11-09,https://www.youtube.com/watch?v=1w7pZ_Bbd9k,1w7pZ_Bbd9k,80362.0
Mikesh,Papi Schlauch,BDay #5,Accapella,2018,DLTLLY,2018-11-04,https://www.youtube.com/watch?v=YkKG0MkHNXs,YkKG0MkHNXs,343689.0
Plural,T-Jey,Leipzig,Accapella,2018,DLTLLY,2018-11-02,https://www.youtube.com/watch?v=SnFk4SUScd4,SnFk4SUScd4,16837.0
Gregg,Audienzz D&DL#0126 (Halle,Move &#39;n&#39; Culture Festival-CoEvent,Accapella,2018,DUDL,2018-10-31,https://www.youtube.com/watch?v=USUTGcYZFdk,USUTGcYZFdk,3599.0
Robscure,Vyrus,B.Day#5,Accapella,2018,DLTLLY,2018-10-28,https://www.youtube.com/watch?v=Zn-y-VSA3u0,Zn-y-VSA3u0,96341.0
Mave,Kato,Freestyle- HipHopKemp,Accapella,2018,DLTLLY,2018-10-26,https://www.youtube.com/watch?v=FJNKKo_PoJ0,FJNKKo_PoJ0,27784.0
Josen,Dexta D&DL#0123 (Halle,Move &#39;n&#39; Culture Festival-CoEvent,Accapella,2018,DUDL,2018-10-24,https://www.youtube.com/watch?v=gmWKQ2I8wpU,gmWKQ2I8wpU,3076.0
Kato,Mars B.,FFM,Accapella,2018,DLTLLY,2018-10-21,https://www.youtube.com/watch?v=7wCrQqYeOqQ,7wCrQqYeOqQ,201064.0
Fabelouis,RenetiXX,FFM,Accapella,2018,DLTLLY,2018-10-19,https://www.youtube.com/watch?v=GD7sRHxZKB8,GD7sRHxZKB8,18803.0
Virus,IZL D&DL#0128 (Halle,Move &#39;n&#39; Culture Festival-CoEvent,Accapella,2018,DUDL,2018-10-18,https://www.youtube.com/watch?v=Vr9WJVfLnwU,Vr9WJVfLnwU,3079.0
Ano-nym,Wolff,NextGeneration Finale FFM,Accapella,2018,DLTLLY,2018-10-14,https://www.youtube.com/watch?v=ShO3UZLEDc0,ShO3UZLEDc0,149905.0
Pueblo Escobar,Mave,HipHopKemp,On Beat,2018,DLTLLY,2018-10-12,https://www.youtube.com/watch?v=fJe8hxIVt70,fJe8hxIVt70,15637.0
SnakeHeadRhyme,Chinooka D&DL#0129 (Halle,Move &#39;n&#39; Culture Festival-CoEvent,Accapella,2018,DUDL,2018-10-10,https://www.youtube.com/watch?v=BuzP2YHdC4w,BuzP2YHdC4w,6072.0
Joe Pharo,Joseph Steinschleuder,FFM,Accapella,2018,DLTLLY,2018-10-07,https://www.youtube.com/watch?v=rSqxELamrxc,rSqxELamrxc,68476.0
Cashus K,Barracuda,FFM,Accapella,2018,DLTLLY,2018-10-05,https://www.youtube.com/watch?v=Jgma5I9y1VY,Jgma5I9y1VY,20275.0
Béla Garbage,Lug Serious D&DL#0124 (Halle,Move &#39;n&#39; Culture Festival-CoEvent,Accapella,2018,DUDL,2018-10-03,https://www.youtube.com/watch?v=Aaiz_iVu6_Q,Aaiz_iVu6_Q,5093.0
Brian Damage + Karma,Lyrico + Bauda,HipHopKemp,On Beat,2018,DLTLLY,2018-09-28,https://www.youtube.com/watch?v=FWgPT8F6Ano,FWgPT8F6Ano,56634.0
Tao,Shortworth,FFM,Accapella,2018,DLTLLY,2018-09-23,https://www.youtube.com/watch?v=A-iuNHPKkDw,A-iuNHPKkDw,20310.0
Pretty Shitty Jiggy,Zeuge D&DL#0122 (Berlin,-CoEvent,Accapella,2018,DUDL,2018-09-21,https://www.youtube.com/watch?v=Ptf2GjS1Heg,Ptf2GjS1Heg,6038.0
DXXDSTXCK,Bruda Tuck,NewcomerBattle  D&DL-Co-Event3,Accapella,2018,DLTLLY,2018-09-16,https://www.youtube.com/watch?v=eItAIkth52U,eItAIkth52U,22182.0
Nedal Nib,CLEP,Studio Version + Extra 4. Runde,Accapella,2018,DLTLLY,2018-09-15,https://www.youtube.com/watch?v=iVLMjsx6cuw,iVLMjsx6cuw,114580.0
Farmer,Splopf,NewcomerBattle  D&DL-Co-Event3,Accapella,2018,DLTLLY,2018-09-14,https://www.youtube.com/watch?v=PoLsM528T2Q,PoLsM528T2Q,9847.0
Craze,Eddie Tude D&DL#0121 (Berlin,-CoEvent,Accapella,2018,DUDL,2018-09-12,https://www.youtube.com/watch?v=pPKq1J_fk5g,pPKq1J_fk5g,8729.0
MC Rabiat,Private Max D&DL#0120 (Berlin,-CoEvent,Accapella,2018,DUDL,2018-09-05,https://www.youtube.com/watch?v=3_DeFI2Jst0,3_DeFI2Jst0,4718.0
Tecey,Kid Soldier,NewcomerBattle  D&DL-Co-Event3,Accapella,2018,DLTLLY,2018-09-02,https://www.youtube.com/watch?v=cgjF2l3C_88,cgjF2l3C_88,25364.0
A-Ron,Shizu,NewcomerBattle  D&DL-Co-Event3,Accapella,2018,DLTLLY,2018-08-31,https://www.youtube.com/watch?v=Mj-ae6wrEnU,Mj-ae6wrEnU,13218.0
Clep,Nedal Nib,Splash21,On Beat,2018,DLTLLY,2018-08-26,https://www.youtube.com/watch?v=IYOzBAtlps8,IYOzBAtlps8,110334.0
Yarambo,Clep,REMATCH!,Accapella,2018,DLTLLY,2018-08-19,https://www.youtube.com/watch?v=34-uHYmnIr8,34-uHYmnIr8,230358.0
N'antinein,Bong Teggy,Splash21,On Beat,2018,DLTLLY,2018-08-11,https://www.youtube.com/watch?v=ZPy3zoBFfqg,ZPy3zoBFfqg,58221.0
Robscure + Karma,Wolff + Joe Pharo,Hamburg,Accapella,2018,DLTLLY,2018-08-05,https://www.youtube.com/watch?v=16dUvQ0Obak,16dUvQ0Obak,67208.0
J.W. Goethe,DFVK D&DL#0119 (Hamburg,2018,Accapella,2018,DUDL,2018-08-01,https://www.youtube.com/watch?v=XiEaDXbgTOc,XiEaDXbgTOc,4732.0
MC Geuner,Vinci,Hamburg,Accapella,2018,DLTLLY,2018-07-29,https://www.youtube.com/watch?v=UP1fTaup1-c,UP1fTaup1-c,44711.0
RenetiXX,Karanova,Hamburg,Accapella,2018,DLTLLY,2018-07-27,https://www.youtube.com/watch?v=XzbKLReHfls,XzbKLReHfls,21177.0
Indoor Stan,Mikesh,Hamburg,Accapella,2018,DLTLLY,2018-07-22,https://www.youtube.com/watch?v=FuavftTf3sw,FuavftTf3sw,114575.0
Josen,Kid Soldier D&DL#0118 (Hamburg,2018,Accapella,2018,DUDL,2018-07-18,https://www.youtube.com/watch?v=zO_sCdE_GC4,zO_sCdE_GC4,11860.0
Cashus K,Aris,Hamburg,Accapella,2018,DLTLLY,2018-07-15,https://www.youtube.com/watch?v=SipsDmDHBOs,SipsDmDHBOs,18402.0
VT,Bong Teggy,MAYhem3,Accapella,2018,DLTLLY,2018-07-08,https://www.youtube.com/watch?v=O4Y60KkxIK0,O4Y60KkxIK0,122275.0
Tao,A-Ron D&DL#0117 (Berlin,-CoEvent,Accapella,2018,DUDL,2018-07-04,https://www.youtube.com/watch?v=kVXQiE09o5Q,kVXQiE09o5Q,6333.0
Davie Jones,Karma,MAYhem3,Accapella,2018,DLTLLY,2018-07-01,https://www.youtube.com/watch?v=WjdC1A9Hke0,WjdC1A9Hke0,33422.0
O&#39;spella,Rupert69 D&DL#0115 (Berlin,-CoEvent,Accapella,2018,DUDL,2018-06-30,https://www.youtube.com/watch?v=thvwa2GA4TY,thvwa2GA4TY,4081.0
LBB,Ssynic,Kato vs Brian Damage,Accapella,2018,DLTLLY,2018-06-24,https://www.youtube.com/watch?v=6_bXVyjHLF4,6_bXVyjHLF4,166239.0
Highdemann,Julo D&DL#0113 (Essen,2018,Accapella,2018,DUDL,2018-06-13,https://www.youtube.com/watch?v=SGZT5qPenuM,SGZT5qPenuM,8010.0
Sizyphos,Henrey,MAYhem3,Accapella,2018,DLTLLY,2018-06-10,https://www.youtube.com/watch?v=ACCMjHqPhYE,ACCMjHqPhYE,60222.0
Henker,SeBa D&DL#0112 (Essen,2018,Accapella,2018,DUDL,2018-06-06,https://www.youtube.com/watch?v=EaBkot2Iumk,EaBkot2Iumk,6047.0
Merlin,BX,Stuttgart,Accapella,2018,DLTLLY,2018-06-03,https://www.youtube.com/watch?v=oT4k9OlTdTM,oT4k9OlTdTM,31739.0
LBB,MC GEUNER,BMCL,Accapella,2018,RAM,2018-06-03,https://www.youtube.com/watch?v=9r-_GoSvDAw,9r-_GoSvDAw,1892217
MC Lauch,Herr Sören D&DL#0114 (Essen,2018,Accapella,2018,DUDL,2018-06-02,https://www.youtube.com/watch?v=Cyxilq52yW8,Cyxilq52yW8,8342.0
Pueblo Escobar + Morizz Fizzl,Schalle + Alcantara,Stuttgart,On Beat,2018,DLTLLY,2018-06-01,https://www.youtube.com/watch?v=8jwJwsdYaoM,8jwJwsdYaoM,25285.0
Paze,Zeuge D&DL#0111 (Essen,2018,Accapella,2018,DUDL,2018-05-30,https://www.youtube.com/watch?v=cMme7MVfzlk,cMme7MVfzlk,5270.0
Mikesh,Akanoo,Stuttgart,Accapella,2018,DLTLLY,2018-05-27,https://www.youtube.com/watch?v=fADGoxfLmoU,fADGoxfLmoU,107278.0
Bdad,Nikiz,Stuttgart,On Beat,2018,DLTLLY,2018-05-25,https://www.youtube.com/watch?v=X9NqPZCIV64,X9NqPZCIV64,32681.0
Vyrus,Mavgic,NRWeekend #2,On Beat,2018,DLTLLY,2018-05-20,https://www.youtube.com/watch?v=izMlExusQww,izMlExusQww,547652.0
Fabelouis,Farmer,Stuttgart,Accapella,2018,DLTLLY,2018-05-18,https://www.youtube.com/watch?v=D_bw-AJEGpE,D_bw-AJEGpE,21957.0
Malik N.,Hillston D&DL#0108 (Berlin,2018,Accapella,2018,DUDL,2018-05-16,https://www.youtube.com/watch?v=XQVJrBoiwPk,XQVJrBoiwPk,3465.0
Proton,Robscure,NRWeekend2,Accapella,2018,DLTLLY,2018-05-13,https://www.youtube.com/watch?v=zp-NPxt-Y0w,zp-NPxt-Y0w,48565.0
Change,Tommy2Late,Stuttgart,On Beat,2018,DLTLLY,2018-05-13,https://www.youtube.com/watch?v=n-8IV_68dVs,n-8IV_68dVs,23343.0
Kyu,Tommen D&DL#0110 (Berlin,2018,Accapella,2018,DUDL,2018-05-12,https://www.youtube.com/watch?v=vcdMwQZNFIA,vcdMwQZNFIA,4016.0
Kato,Mave,NRWeekend2,Accapella,2018,DLTLLY,2018-05-06,https://www.youtube.com/watch?v=ISMH_t00yWU,ISMH_t00yWU,82302.0
Dyas,SnakeHeadRhyme D&DL#0109 (Berlin,2018,Accapella,2018,DUDL,2018-05-05,https://www.youtube.com/watch?v=DrGC8vf46YE,DrGC8vf46YE,6271.0
Buddi,VT,NRWeekend2,On Beat,2018,DLTLLY,2018-05-04,https://www.youtube.com/watch?v=MYBbVI9103A,MYBbVI9103A,24740.0
Gusy,Micky Haze D&DL#0107 (Stuttgart,2018,Accapella,2018,DUDL,2018-05-02,https://www.youtube.com/watch?v=04_j-wKwruQ,04_j-wKwruQ,4705.0
RV,CASHISCLAY,BMCL,Accapella,2018,RAM,2018-04-29,https://www.youtube.com/watch?v=mNFeSKs8-Zw,mNFeSKs8-Zw,91729
Yarambo,Davie Jones,NRWeekend #2,Accapella,2018,DLTLLY,2018-04-29,https://www.youtube.com/watch?v=eBbEez8gLpY,eBbEez8gLpY,336226.0
FARE,Dizzepticon D&DL#0106 (Stuttgart,2018,Accapella,2018,DUDL,2018-04-28,https://www.youtube.com/watch?v=VvM1Iz5Zo6o,VvM1Iz5Zo6o,5525.0
Tuncmann,Wandelbarz,NRWeekend2,Accapella,2018,DLTLLY,2018-04-27,https://www.youtube.com/watch?v=YvVuLQ-ntwo,YvVuLQ-ntwo,33989.0
Slappy,Tao D&DL#0105 (Stuttgart,2018,Accapella,2018,DUDL,2018-04-25,https://www.youtube.com/watch?v=Y0UEpKbuN04,Y0UEpKbuN04,3765.0
Wolff,NichtDeinTyp,NextGeneration VR 4/4 Stuttgart,Accapella,2018,DLTLLY,2018-04-22,https://www.youtube.com/watch?v=DtPnL171Y1U,DtPnL171Y1U,50545.0
ChinookA,Michael Dope D&DL#0104 (Stuttgart,2018,Accapella,2018,DUDL,2018-04-21,https://www.youtube.com/watch?v=H9QpMaRaOuw,H9QpMaRaOuw,4130.0
Karanova,OE,NRWeekend2,Accapella,2018,DLTLLY,2018-04-20,https://www.youtube.com/watch?v=u8rydX8Eo7A,u8rydX8Eo7A,17385.0
A-Ron,PrettyShittyJiggy D&DL#0103 (Stuttgart,2018,Accapella,2018,DUDL,2018-04-18,https://www.youtube.com/watch?v=k6DLGl60vUE,k6DLGl60vUE,6377.0
Ano-Nym,RenetiXX,NextGeneration VR 3/4 NRWeekend2,Accapella,2018,DLTLLY,2018-04-15,https://www.youtube.com/watch?v=9rVRBR8i80o,9rVRBR8i80o,67213.0
Jolle,Joseph Steinschleuder,NextGeneration VR 2/4 NRWeekend2,Accapella,2018,DLTLLY,2018-04-13,https://www.youtube.com/watch?v=wKdWtqAf10A,wKdWtqAf10A,76526.0
Duff,T-Way,NRWeekend2,Accapella,2018,DLTLLY,2018-04-08,https://www.youtube.com/watch?v=QA2y20az1C4,QA2y20az1C4,25922.0
Falk,Khacoby,ComplimentBattle NRWeekend2,Accapella,2018,DLTLLY,2018-04-06,https://www.youtube.com/watch?v=Rt_1IAP9zQc,Rt_1IAP9zQc,102496.0
Schleswig-Prollstein,Opti + Rö D&DL#0101 (Berlin,-CoEvent,Accapella,2018,DUDL,2018-04-04,https://www.youtube.com/watch?v=s04C_8fOsJA,s04C_8fOsJA,10371.0
ViruS + KingPin,Eczo + Heynsch D&DL#0100 (Berlin,-CoEvent,Accapella,2018,DUDL,2018-04-02,https://www.youtube.com/watch?v=wImLFbzyPBs,wImLFbzyPBs,8261.0
Wolff + Joe Pharo,Ilhan + TableddnTimmy,D&DL CoEvent 1,Accapella,2018,DLTLLY,2018-04-01,https://www.youtube.com/watch?v=PfLQiBTvd-4,PfLQiBTvd-4,56776.0
BDAD,VYRUS,BMCL,Accapella,2018,RAM,2018-04-01,https://www.youtube.com/watch?v=edSol4qguUE,edSol4qguUE,56728
Wolle der Grobe,Jakzta,NextGeneration VR 1/4 D&DL CoEvent 1,Accapella,2018,DLTLLY,2018-03-30,https://www.youtube.com/watch?v=yZOihBj5VYk,yZOihBj5VYk,14562.0
CPE,AKANOO,BMCL,Accapella,2018,RAM,2018-03-25,https://www.youtube.com/watch?v=bGSiQtKl7zc,bGSiQtKl7zc,35448
Galv,Schote,Tapefabrik,On Beat,2018,DLTLLY,2018-03-25,https://www.youtube.com/watch?v=WDxHLb71RF0,WDxHLb71RF0,151142.0
Notyzze,LUX,Tapefabrik,On Beat,2018,DLTLLY,2018-03-21,https://www.youtube.com/watch?v=869cf3bg49k,869cf3bg49k,57110.0
Davie Jones,Vyrus,Kassel,Accapella,2018,DLTLLY,2018-03-19,https://www.youtube.com/watch?v=Absp5IK_V9k,Absp5IK_V9k,121894.0
VT,Mars B.,Kassel,Accapella,2018,DLTLLY,2018-03-18,https://www.youtube.com/watch?v=pkrXAzvIRl0,pkrXAzvIRl0,67422.0
Olio,Kato,Kassel,Accapella,2018,DLTLLY,2018-03-03,https://www.youtube.com/watch?v=pwzr2W-YntY,pwzr2W-YntY,85634.0
TRIPLEBEAT,FOURSEVEN,BMCL,Accapella,2018,RAM,2018-02-25,https://www.youtube.com/watch?v=ViFTDD0HHEk,ViFTDD0HHEk,490292
Bauda,Seby Tone,Kassel,Accapella,2018,DLTLLY,2018-02-25,https://www.youtube.com/watch?v=fAou_OoLduY,fAou_OoLduY,24861.0
TOMMY2LATE,CASHUS K,BMCL,Accapella,2018,RAM,2018-02-25,https://www.youtube.com/watch?v=5jIGrJnIlrs,5jIGrJnIlrs,35344
Krom,Wolff,Kassel,Accapella,2018,DLTLLY,2018-02-18,https://www.youtube.com/watch?v=fE0SEINZpDg,fE0SEINZpDg,73915.0
Schalle,Joe Pharo,Kassel,Accapella,2018,DLTLLY,2018-02-11,https://www.youtube.com/watch?v=OU423DQtcD4,OU423DQtcD4,30543.0
JollyJay,Brian Damage,Bilingual Battle DISSember2,Accapella,2017,DLTLLY,2018-02-04,https://www.youtube.com/watch?v=jK6Kcpse9o0,jK6Kcpse9o0,228191.0
TableddnTimmy,Joseph Steinschleuder D&DL#0099 (Berlin,2017,Accapella,2017,DUDL,2018-01-31,https://www.youtube.com/watch?v=7XEQc4Uixvg,7XEQc4Uixvg,45502.0
KROM,SEVA,BMCL,Accapella,2018,RAM,2018-01-29,https://www.youtube.com/watch?v=FwNISDJyry4,FwNISDJyry4,59539
CLEP,Robscure,DISSember2,Accapella,2017,DLTLLY,2018-01-28,https://www.youtube.com/watch?v=0lS6QaFGybw,0lS6QaFGybw,139487.0
DEZ,Noone D&DL#0098 (Berlin,2017,Accapella,2017,DUDL,2018-01-24,https://www.youtube.com/watch?v=0tkSP6s8_uM,0tkSP6s8_uM,4762.0
Karma,Mars B.,DISSember2,Accapella,2017,DLTLLY,2018-01-21,https://www.youtube.com/watch?v=2d1RlPosOF0,2d1RlPosOF0,60156.0
Splopf,Shizu D&DL#0097 (Berlin,2017,Accapella,2017,DUDL,2018-01-17,https://www.youtube.com/watch?v=C4xri1oyMvQ,C4xri1oyMvQ,4646.0
T-Way,VT,DISSember2,Accapella,2017,DLTLLY,2018-01-14,https://www.youtube.com/watch?v=NKFsOpcgMpo,NKFsOpcgMpo,28571.0
Julo,SinTony D&DL#0096 (Berlin,2017,Accapella,2017,DUDL,2018-01-10,https://www.youtube.com/watch?v=9TPjSYw4jbI,9TPjSYw4jbI,5091.0
Jack Dragon,Hansen,DISSember2,Accapella,2017,DLTLLY,2018-01-07,https://www.youtube.com/watch?v=lJ6whp-ADwU,lJ6whp-ADwU,39098.0
Louis Beton,Hörsturz,Leipzig,Accapella,2017,DLTLLY,2018-01-04,https://www.youtube.com/watch?v=0_CFEJmm4i8,0_CFEJmm4i8,13881.0
ShaoLum,Joe-L (Sport-Bars),could not identify event,Accapella,2018,SPOX,2018-01-02,https://www.youtube.com/watch?v=y7s-nFdjpQg,y7s-nFdjpQg,35491.0
DAVIE JONES,TOBI NICE,BMCL,Accapella,2018,RAM,2018-01-01,https://www.youtube.com/watch?v=C6G6zvJ-6ho,C6G6zvJ-6ho,76339
Cris Kotzen,Schote,Leipzig,On Beat,2017,DLTLLY,2017-12-31,https://www.youtube.com/watch?v=xxMx2BO8sww,xxMx2BO8sww,152531.0
Wandelbarz,Mikesh,Leipzig,Accapella,2017,DLTLLY,2017-12-24,https://www.youtube.com/watch?v=BVIWJYptGjk,BVIWJYptGjk,81864.0
Sizyphos,Ilhan,Leipzig,Accapella,2017,DLTLLY,2017-12-17,https://www.youtube.com/watch?v=LqO0Og4pNHQ,LqO0Og4pNHQ,60804.0
Wolff,IZL D&DL#0095 (Erfurt,2017,Accapella,2017,DUDL,2017-12-16,https://www.youtube.com/watch?v=Q92uBy-sybk,Q92uBy-sybk,16309.0
FU!,Terra Pete,Leipzig,On Beat,2017,DLTLLY,2017-12-14,https://www.youtube.com/watch?v=xeyQgA45-nQ,xeyQgA45-nQ,21465.0
MC Maik,Akanoo,Leipzig,Accapella,2017,DLTLLY,2017-12-10,https://www.youtube.com/watch?v=dofZoRLuze0,dofZoRLuze0,18521.0
Leonidas,MC Geuner D&DL#0093 (Erfurt,2017,Accapella,2017,DUDL,2017-12-09,https://www.youtube.com/watch?v=i0cry-GK_n4,i0cry-GK_n4,10116.0
Jotti (Schalke 04),Mave (Chemnitzer FC),could not identify event,Accapella,2017,SPOX,2017-12-08,https://www.youtube.com/watch?v=AFityNagM_k,AFityNagM_k,71009.0
Papi Schlauch,JerMC,Wien,Accapella,2017,DLTLLY,2017-12-03,https://www.youtube.com/watch?v=vdpnmXQ8IwQ,vdpnmXQ8IwQ,119273.0
SnakeHeadRhyme,KingPin D&DL#0092 (Erfurt,2017,Accapella,2017,DUDL,2017-12-02,https://www.youtube.com/watch?v=8Zlalomq-GE,8Zlalomq-GE,7629.0
Bong Teggy (Fußball),Lyrico (Eishockey),could not identify event,Accapella,2017,SPOX,2017-12-01,https://www.youtube.com/watch?v=3ndLIgcKMk8,3ndLIgcKMk8,144083.0
DEZ,Eczo D&DL#0094 (Erfurt,2017,Accapella,2017,DUDL,2017-11-29,https://www.youtube.com/watch?v=Qgqkd6Tz7fA,Qgqkd6Tz7fA,3906.0
YARAMBO + T-WAY,CASHISCLAY + TWIZZY,BMCL,Accapella,2017,RAM,2017-11-26,https://www.youtube.com/watch?v=WDjqjWRXKEc,WDjqjWRXKEc,115839
Noone,Teach D&DL#0090 (Berlin,2017,Accapella,2017,DUDL,2017-11-25,https://www.youtube.com/watch?v=_91WwhMuHRY,_91WwhMuHRY,5298.0
Demo MC,Hopeless MC D&DL#0091 (Berlin,2017,Accapella,2017,DUDL,2017-11-22,https://www.youtube.com/watch?v=XtcGuHUZ6TQ,XtcGuHUZ6TQ,2940.0
DemoLux,Krom,Wien,Accapella,2017,DLTLLY,2017-11-19,https://www.youtube.com/watch?v=zfb4pehw3J8,zfb4pehw3J8,23647.0
Joe Pharo,Part-Tron D&DL#0084 (Hannover,2017,Accapella,2017,DUDL,2017-11-18,https://www.youtube.com/watch?v=n0cCt2WhEZA,n0cCt2WhEZA,8157.0
Borussia Dortmund,FC Bayern München,could not identify event,Accapella,2017,SPOX,2017-11-18,https://www.youtube.com/watch?v=Z-7dBXCQysI,Z-7dBXCQysI,261330.0
Sirius Crack,Fate1,Wien,Accapella,2017,DLTLLY,2017-11-16,https://www.youtube.com/watch?v=_7Dryn55kTw,_7Dryn55kTw,15240.0
MC Lauch,Gusy D&DL#0089 (Berlin,2017,Accapella,2017,DUDL,2017-11-15,https://www.youtube.com/watch?v=FLkRkegMFuI,FLkRkegMFuI,4117.0
ADHS-Andy,Shadow D&DL#0082 (Hannover,2017,Accapella,2017,DUDL,2017-11-13,https://www.youtube.com/watch?v=iH078cExL8k,iH078cExL8k,16700.0
Proton,Tobi Nice,s B.Day#4,On Beat,2017,DLTLLY,2017-11-12,https://www.youtube.com/watch?v=EFgSOM4IYPU,EFgSOM4IYPU,51900.0
Rupert69,Pueblo Escobar D&DL#0088 (Berlin,2017,Accapella,2017,DUDL,2017-11-11,https://www.youtube.com/watch?v=Bj_YDfyUkUI,Bj_YDfyUkUI,4720.0
Ano-nym,Wolle der Grobe D&DL#0086 (Hannover,2017,Accapella,2017,DUDL,2017-11-08,https://www.youtube.com/watch?v=5UF2c4lBEF4,5UF2c4lBEF4,17526.0
Lyrico,Nedal Nib,2nd TITLE-MATCH B.Day#4,Accapella,2017,DLTLLY,2017-11-05,https://www.youtube.com/watch?v=zfEr6wUONDs,zfEr6wUONDs,221517.0
RenetiXX,Aris D&DL#0085 (Hannover,2017,Accapella,2017,DUDL,2017-11-04,https://www.youtube.com/watch?v=ESbgxv4rwsU,ESbgxv4rwsU,7917.0
Spike,Akanoo,s Wien,Accapella,2017,DLTLLY,2017-11-02,https://www.youtube.com/watch?v=BYnvhhpJQgU,BYnvhhpJQgU,15634.0
Splopf,Mango D&DL#0083 ( Hannover,2017,Accapella,2017,DUDL,2017-11-01,https://www.youtube.com/watch?v=3GL_5yyuvdU,3GL_5yyuvdU,3722.0
Der Zigeunerbaron,Niemand D&DL#0079 (Berlin,2017,Accapella,2017,DUDL,2017-10-30,https://www.youtube.com/watch?v=fCrWefuufkg,fCrWefuufkg,2843.0
Unanymous,JollyJay,B.Day#4,Accapella,2017,DLTLLY,2017-10-29,https://www.youtube.com/watch?v=E4_2vzM1SCE,E4_2vzM1SCE,29305.0
CASHUS K,TISOS,BMCL,Accapella,2017,RAM,2017-10-29,https://www.youtube.com/watch?v=7JiS06qKZ64,7JiS06qKZ64,53063
Bubba T,DEZ D&DL#0081 (Berlin,2017,Accapella,2017,DUDL,2017-10-27,https://www.youtube.com/watch?v=X0xRGjcxL8w,X0xRGjcxL8w,5114.0
MAST,SnakeHeadRhyme D&DL#0078 (Berlin,2017,Accapella,2017,DUDL,2017-10-25,https://www.youtube.com/watch?v=qaR-Ut82el8,qaR-Ut82el8,4619.0
Merlin,Yarambo,B.Day#4,Accapella,2017,DLTLLY,2017-10-21,https://www.youtube.com/watch?v=uGiKtuP4siw,uGiKtuP4siw,202314.0
Wandelbarz,Nicht Dein Typ D&DL#0077 (Bonn,2017,Accapella,2017,DUDL,2017-10-21,https://www.youtube.com/watch?v=Yg02RTzal2E,Yg02RTzal2E,8141.0
Vyrus,Tommy2Late,s B.Day#4,On Beat,2017,DLTLLY,2017-10-20,https://www.youtube.com/watch?v=OOI5QKfWSVU,OOI5QKfWSVU,46486.0
Shizu,Jozef104 D&DL#0080 (Berlin,2017,Accapella,2017,DUDL,2017-10-18,https://www.youtube.com/watch?v=XVS8XZzvtBQ,XVS8XZzvtBQ,5280.0
BX,Ilhan,B.Day #4,Accapella,2017,DLTLLY,2017-10-15,https://www.youtube.com/watch?v=BuBDtfDtIFo,BuBDtfDtIFo,42498.0
Wolff,Mr. Whyte D&DL#0075 (Bonn,2017,Accapella,2017,DUDL,2017-10-13,https://www.youtube.com/watch?v=5l9zBAdVOMc,5l9zBAdVOMc,23844.0
VT,Karma,FFM,Accapella,2017,DLTLLY,2017-10-09,https://www.youtube.com/watch?v=PAjBrklU_t8,PAjBrklU_t8,35832.0
Gregpipe,Davie Jones,FFM,Accapella,2017,DLTLLY,2017-10-08,https://www.youtube.com/watch?v=zlunUmUwmX8,zlunUmUwmX8,344198.0
Kato,FlaKiT D&DL#0076 (Bonn,2017,Accapella,2017,DUDL,2017-10-07,https://www.youtube.com/watch?v=LGpYsR1Db-k,LGpYsR1Db-k,43248.0
Joe Pharo,Herrn Sören D&DL#0072 (Bonn,2017,Accapella,2017,DUDL,2017-10-04,https://www.youtube.com/watch?v=HoQ5icymcgk,HoQ5icymcgk,8911.0
Saking,Akanoo,FFM,Accapella,2017,DLTLLY,2017-10-01,https://www.youtube.com/watch?v=lE8Fk77n_iM,lE8Fk77n_iM,15721.0
FOUR SEVEN,INDOOR STAN,BMCL,Accapella,2017,RAM,2017-10-01,https://www.youtube.com/watch?v=52Atd4tpwJM,52Atd4tpwJM,139869
Ralle,Phillie D&DL#0074 (Bonn,2017,Accapella,2017,DUDL,2017-09-30,https://www.youtube.com/watch?v=9WY-jqLTF2Y,9WY-jqLTF2Y,3223.0
EkHead,CPE,FFM,Accapella,2017,DLTLLY,2017-09-28,https://www.youtube.com/watch?v=5bOiatzTGbk,5bOiatzTGbk,17505.0
Shortworth,RenetiXX D&DL#0071 (Berlin,2017,Accapella,2017,DUDL,2017-09-23,https://www.youtube.com/watch?v=_SbPwHKWPCw,_SbPwHKWPCw,4633.0
Part-Tron,Paze D&DL#0069 (Berlin,2017,Accapella,2017,DUDL,2017-09-20,https://www.youtube.com/watch?v=apTMCWrtJx0,apTMCWrtJx0,3608.0
Clep,Bong Teggy,Splash 20,Accapella,2017,DLTLLY,2017-09-17,https://www.youtube.com/watch?v=d3IC3OUGlGA,d3IC3OUGlGA,130589.0
Eczo,Jozef104 D&DL#0070(Berlin,2017,Accapella,2017,DUDL,2017-09-16,https://www.youtube.com/watch?v=a4XDYKUDuAg,a4XDYKUDuAg,4368.0
Harry,Adam D&DL#0068 (Mannheim,2017,Accapella,2017,DUDL,2017-09-13,https://www.youtube.com/watch?v=ggzh6IzcEHQ,ggzh6IzcEHQ,3169.0
Ars,Wux Brofer D&DL#0065 (Ludwigshafen,2017,Accapella,2017,DUDL,2017-09-11,https://www.youtube.com/watch?v=sq-_SOiyZoA,sq-_SOiyZoA,4058.0
Lyrico + Buddi,Falk + Khacoby,Splash 20,Accapella,2017,DLTLLY,2017-09-10,https://www.youtube.com/watch?v=5Bb7YQjNO8k,5Bb7YQjNO8k,65759.0
Brian Damage + Robscure,Yarambo + T-Way,Splash 20,Accapella,2017,DLTLLY,2017-09-10,https://www.youtube.com/watch?v=F5V3pnpODhw,F5V3pnpODhw,56596.0
MC Maik,N'antinein,Splash 20,Accapella,2017,DLTLLY,2017-09-10,https://www.youtube.com/watch?v=cMmNpNs82GA,cMmNpNs82GA,18892.0
Hörsturz,Nicht Dein Typ D&DL#0067 (Ludwigshafen,2017,Accapella,2017,DUDL,2017-09-09,https://www.youtube.com/watch?v=TpQrcZRl7rE,TpQrcZRl7rE,4520.0
Bubba T,MC Lauch D&DL#0063 (Ludwigshafen,2017,Accapella,2017,DUDL,2017-09-06,https://www.youtube.com/watch?v=seh2mg2LFV8,seh2mg2LFV8,4167.0
Scamp,Paperbite D&DL#0066 (Ludwigshafen,2017,Accapella,2017,DUDL,2017-09-01,https://www.youtube.com/watch?v=-mapSli5wm8,-mapSli5wm8,3978.0
Wolff,FlaKiT D&DL#0061 (Berlin,2017,Accapella,2017,DUDL,2017-08-25,https://www.youtube.com/watch?v=LxqqUUX-HkI,LxqqUUX-HkI,14977.0
MIGHTY MO,CASHISCLAY,BMCL,Accapella,2017,RAM,2017-08-24,https://www.youtube.com/watch?v=N8iKapmZv5A,N8iKapmZv5A,215294
Hopeless MC,D.E.Z. D&DL#0062 (Berlin,2017,Accapella,2017,DUDL,2017-08-23,https://www.youtube.com/watch?v=8jdukosjugQ,8jdukosjugQ,3974.0
MC Schub,O&#39;Spella D&DL#0059 (Berlin,2017,Accapella,2017,DUDL,2017-08-21,https://www.youtube.com/watch?v=9rRmgC6mvyk,9rRmgC6mvyk,3099.0
Merlin,Peter Pogen,Hamburg,Accapella,2017,DLTLLY,2017-08-20,https://www.youtube.com/watch?v=cBhojNDM-cY,cBhojNDM-cY,46744.0
Demo MC,Cemo Dafuq D&DL#0060 (Berlin,2017,Accapella,2017,DUDL,2017-08-19,https://www.youtube.com/watch?v=Qmsi3Hlj1Vc,Qmsi3Hlj1Vc,3192.0
JI-ZI,SSYNIC,BMCL,Accapella,2017,RAM,2017-08-18,https://www.youtube.com/watch?v=nWum8Xdxh9w,nWum8Xdxh9w,827330
Mave,Hörsturz D&DL#0058 (Halle,2017,Accapella,2017,DUDL,2017-08-16,https://www.youtube.com/watch?v=CkFi6pao01E,CkFi6pao01E,17193.0
Papi Schlauch,Fabiga,Hamburg,Accapella,2017,DLTLLY,2017-08-13,https://www.youtube.com/watch?v=uwohgd5dtuI,uwohgd5dtuI,58771.0
RenetiXX,Fesas D&DL#0057 (Halle,2017,Accapella,2017,DUDL,2017-08-12,https://www.youtube.com/watch?v=dihDC74TLD0,dihDC74TLD0,9274.0
VYRUS,FINCH,BMCL,Accapella,2017,RAM,2017-08-11,https://www.youtube.com/watch?v=ZWQ6wtTiKUc,ZWQ6wtTiKUc,211195
Reinecken,IZL D&DL#0056 (Halle,2017,Accapella,2017,DUDL,2017-08-09,https://www.youtube.com/watch?v=VnUHcRdCdhI,VnUHcRdCdhI,3290.0
Noone,Fab D&DL#0055 (Berlin,2017,Accapella,2017,DUDL,2017-08-07,https://www.youtube.com/watch?v=cS6ANNMsBvw,cS6ANNMsBvw,7460.0
Davie Jones,Schote,Hamburg,On Beat,2017,DLTLLY,2017-08-06,https://www.youtube.com/watch?v=BH092XAZWGc,BH092XAZWGc,116184.0
Ilhan,Balavababa D&DL#0054 (Berlin,2017,Accapella,2017,DUDL,2017-08-05,https://www.youtube.com/watch?v=PRd0MOIgHkI,PRd0MOIgHkI,10340.0
TOBI NICE,FRESH POLAKKE,BMCL,Accapella,2017,RAM,2017-08-04,https://www.youtube.com/watch?v=lbL2I40Il9w,lbL2I40Il9w,104378
Abrupt,Gusy D&DL#0052 (Berlin,2017,Accapella,2017,DUDL,2017-08-03,https://www.youtube.com/watch?v=HmfqmTGGWG0,HmfqmTGGWG0,3357.0
Nedal Nib,JerMc,Mayhem2,Accapella,2017,DLTLLY,2017-07-30,https://www.youtube.com/watch?v=Oh2i1ulWHoM,Oh2i1ulWHoM,116795.0
Andy Amnesia,Shortworth D&DL#0053 (Berlin,2017,Accapella,2017,DUDL,2017-07-29,https://www.youtube.com/watch?v=2HK4NQdp9DY,2HK4NQdp9DY,9510.0
Butchbruda,Joseph Steinschleuder D&DL#0051 (Berlin,2017,Accapella,2017,DUDL,2017-07-26,https://www.youtube.com/watch?v=tHEzlDKDqEg,tHEzlDKDqEg,11552.0
Nikiz,Stockinger,Mayhem2,Accapella,2017,DLTLLY,2017-07-23,https://www.youtube.com/watch?v=NX5YOcBtTM8,NX5YOcBtTM8,22627.0
Mikesh,Tuncmann,Hamburg,Accapella,2017,DLTLLY,2017-07-20,https://www.youtube.com/watch?v=GzsFKgMwwIo,GzsFKgMwwIo,78104.0
Johnny Camo,Lang&Sympathisch D&DL#0050 (Neubrandenburg,ReimWerkNord-CoEvent,Accapella,2017,DUDL,2017-07-19,https://www.youtube.com/watch?v=HJ90C8nBaio,HJ90C8nBaio,6145.0
Doktor Dave,Jack Dragon - REMATCH!,could not identify event,Accapella,2017,DLTLLY,2017-07-16,https://www.youtube.com/watch?v=LSylroi2Toc,LSylroi2Toc,35650.0
Henrey,Vyrus,Hamburg,Accapella,2017,DLTLLY,2017-07-16,https://www.youtube.com/watch?v=LkkkwAmTjRk,LkkkwAmTjRk,42811.0
Triple Beat,Mr. Whyte D&DL#0049 (Neubrandenburg,ReimWerkNord-CoEvent,Accapella,2017,DUDL,2017-07-15,https://www.youtube.com/watch?v=l7Y_objhRcA,l7Y_objhRcA,7076.0
Tableddn Timmy,Hopeless MC D&DL#0048 (Berlin,2017,Accapella,2017,DUDL,2017-07-01,https://www.youtube.com/watch?v=eSZab6qlU6M,eSZab6qlU6M,8222.0
Lyrico,Robscure,Mayhem2,Accapella,2017,DLTLLY,2017-07-01,https://www.youtube.com/watch?v=aLe_BInOof0,aLe_BInOof0,130537.0
BMCL TITELMATCH: SSYNIC,MIGHTY MO,BMCL,Accapella,2017,RAM,2017-06-30,https://www.youtube.com/watch?v=FbeBGeRf4F0,FbeBGeRf4F0,703991
Promme,Rhyme Inspector D&DL#0046 (Berlin,2017,Accapella,2017,DUDL,2017-06-26,https://www.youtube.com/watch?v=5L3MZyCpoMU,5L3MZyCpoMU,2803.0
N'antinein,Cris Kotzen,Mayhem2,Accapella,2017,DLTLLY,2017-06-25,https://www.youtube.com/watch?v=vr4dnObsxAE,vr4dnObsxAE,107289.0
FlaKiT,ViruS D&DL#0047 (Berlin,2017,Accapella,2017,DUDL,2017-06-24,https://www.youtube.com/watch?v=q3uVXbV8kU4,q3uVXbV8kU4,5721.0
Porno Pete,Eczo D&DL#0044 (Berlin,2017,Accapella,2017,DUDL,2017-06-21,https://www.youtube.com/watch?v=1mz3_aRDkPg,1mz3_aRDkPg,2821.0
MC Maik,Sizyphos,Mayhem2,Accapella,2017,DLTLLY,2017-06-18,https://www.youtube.com/watch?v=ByizH6xxKlk,ByizH6xxKlk,31344.0
T-Way,Merlin,München,Accapella,2017,DLTLLY,2017-06-11,https://www.youtube.com/watch?v=gLZJhvfjtE4,gLZJhvfjtE4,111712.0
WandelBarZ,Ano-nym D&DL#0043 (Dortmund,Kupplyn-CoEvent,Accapella,2017,DUDL,2017-06-10,https://www.youtube.com/watch?v=rFIvRmCe9FM,rFIvRmCe9FM,28802.0
Mosaik,OE D&DL#0042 (Dortmund,Kupplyn-CoEvent,Accapella,2017,DUDL,2017-06-07,https://www.youtube.com/watch?v=ZrZKeWYQr1U,ZrZKeWYQr1U,4402.0
Phillie,BunGee D&DL#0040 (Dortmund,Kupplyn-CoEvent,Accapella,2017,DUDL,2017-06-05,https://www.youtube.com/watch?v=cv9ES-KJk_8,cv9ES-KJk_8,5048.0
Schote,Jack Dragon,München,Accapella,2017,DLTLLY,2017-06-04,https://www.youtube.com/watch?v=ci-DKAMvD-k,ci-DKAMvD-k,25463.0
Demo MC,Kato D&DL#0041 (Dortmund,Kupplyn-CoEvent,Accapella,2017,DUDL,2017-06-03,https://www.youtube.com/watch?v=AhKQn8nD-9o,AhKQn8nD-9o,33524.0
MERLIN,FRESH POLAKKE,BMCL,Accapella,2017,RAM,2017-06-02,https://www.youtube.com/watch?v=wGfjTJPiTDY,wGfjTJPiTDY,212492
Karma,BDad,München,Accapella,2017,DLTLLY,2017-06-01,https://www.youtube.com/watch?v=ez72X6TNExA,ez72X6TNExA,25112.0
RenetiXX,Dryno D&DL#0039 (Dortmund,Kupplyn-CoEvent,Accapella,2017,DUDL,2017-05-31,https://www.youtube.com/watch?v=HI_dcCSnL14,HI_dcCSnL14,6837.0
Change19,Schalle,München,Accapella,2017,DLTLLY,2017-05-28,https://www.youtube.com/watch?v=m5NhYx3GfFs,m5NhYx3GfFs,18908.0
Ilhan,Hörsturz D&DL#0038 (Berlin,2017,Accapella,2017,DUDL,2017-05-27,https://www.youtube.com/watch?v=WNfwTsmOCyY,WNfwTsmOCyY,7969.0
Wolff,Aris D&DL#0037 (Berlin,2017,Accapella,2017,DUDL,2017-05-24,https://www.youtube.com/watch?v=_c1nHOFVu9Y,_c1nHOFVu9Y,12715.0
Onkel Oktomusch & Die Zwetschke,Falk & Khacoby,NRWeekend,Accapella,2017,DLTLLY,2017-05-21,https://www.youtube.com/watch?v=1g89uVaen_4,1g89uVaen_4,599227.0
Wolle Der Grobe,Balavababa,NewcomerBattle München,Accapella,2017,DLTLLY,2017-05-18,https://www.youtube.com/watch?v=tZTLE8iBL4I,tZTLE8iBL4I,20478.0
Mars B.,Yarambo,NRWeekend,Accapella,2017,DLTLLY,2017-05-14,https://www.youtube.com/watch?v=hx_YK4LaoJM,hx_YK4LaoJM,136930.0
Andres,Mikesh D&DL#0036 (Berlin,2017,Accapella,2017,DUDL,2017-05-13,https://www.youtube.com/watch?v=mGJhMHg6B6k,mGJhMHg6B6k,20000.0
YARAMBO,NOTYZZE,BMCL,Accapella,2017,RAM,2017-05-12,https://www.youtube.com/watch?v=D2L-FyXYNCE,D2L-FyXYNCE,124809
Leonidas,IZL D&DL#0035 (Berlin,2017,Accapella,2017,DUDL,2017-05-10,https://www.youtube.com/watch?v=6DksgfKA-rU,6DksgfKA-rU,3930.0
Wux Brofer,Eli D&DL#0033 (Berlin,2017,Accapella,2017,DUDL,2017-05-08,https://www.youtube.com/watch?v=VflpvPsTY0s,VflpvPsTY0s,3278.0
DuFF,Doktor Dave,NRWeekend,Accapella,2017,DLTLLY,2017-05-07,https://www.youtube.com/watch?v=I9eODi7SoTw,I9eODi7SoTw,53337.0
Vinci,Shizu D&DL#0034 (Berlin,2017,Accapella,2017,DUDL,2017-05-06,https://www.youtube.com/watch?v=vqAF6VxRldE,vqAF6VxRldE,11179.0
VT,Vyrus,NRWeekend,Accapella,2017,DLTLLY,2017-04-30,https://www.youtube.com/watch?v=B9rLr9Rus-Q,B9rLr9Rus-Q,39518.0
Ars,LNB D&DL#0030 (Berlin,2017,Accapella,2017,DUDL,2017-04-29,https://www.youtube.com/watch?v=ZE-tNe-oCYY,ZE-tNe-oCYY,6014.0
Eczo,TableddnTimmy D&DL#0031 (Berlin,2017,Accapella,2017,DUDL,2017-04-26,https://www.youtube.com/watch?v=3PzPdRfuiFc,3PzPdRfuiFc,6806.0
T-Rick,Red D&DL#0029 (Berlin,2017,Accapella,2017,DUDL,2017-04-24,https://www.youtube.com/watch?v=g6kzkhNC4Do,g6kzkhNC4Do,11108.0
Tobi Nice,Notyzze,NRWeekend,Accapella,2017,DLTLLY,2017-04-23,https://www.youtube.com/watch?v=mSKRQjb-ZMk,mSKRQjb-ZMk,34170.0
D.E.Z.,Nicht dein Typ D&DL#0032 (Berlin,2017,Accapella,2017,DUDL,2017-04-22,https://www.youtube.com/watch?v=I3LdGKVJ5dQ,I3LdGKVJ5dQ,9176.0
Barracuda,Mavgic,NRWeekend,Accapella,2017,DLTLLY,2017-04-20,https://www.youtube.com/watch?v=rQB3nOExFoM,rQB3nOExFoM,140009.0
Fabiga,Four Seven,NRWeekend,Accapella,2017,DLTLLY,2017-04-16,https://www.youtube.com/watch?v=Qkjxygmrf2w,Qkjxygmrf2w,107765.0
KROM,TOBI NICE,BMCL,Accapella,2017,RAM,2017-04-14,https://www.youtube.com/watch?v=wQngllMH3KM,wQngllMH3KM,86987
Pilz,Nedal Nib,Tapefabrik,Accapella,2017,DLTLLY,2017-04-09,https://www.youtube.com/watch?v=8aBn-vWKhHk,8aBn-vWKhHk,302965.0
Madame Chaot,Yori D&DL#0027 (Berlin,2017,Accapella,2017,DUDL,2017-04-08,https://www.youtube.com/watch?v=XZTmT_gLq8U,XZTmT_gLq8U,71280.0
Noone,Hopeless MC D&DL#0028 (Berlin,2017,Accapella,2017,DUDL,2017-04-05,https://www.youtube.com/watch?v=eGQLfZpCMHw,eGQLfZpCMHw,4535.0
Cryptax,JOSHKA106 D&DL#0025 (Berlin,2017,Accapella,2017,DUDL,2017-04-03,https://www.youtube.com/watch?v=rLwKdc4ZZRI,rLwKdc4ZZRI,15990.0
Henrey,N'antinein,Tapefabrik,Accapella,2017,DLTLLY,2017-04-02,https://www.youtube.com/watch?v=NVjXIXIWAfw,NVjXIXIWAfw,27534.0
Bruf,Cemo Dafuq D&DL#0026 (Berlin,2017,Accapella,2017,DUDL,2017-04-01,https://www.youtube.com/watch?v=0A7QZXW_lk8,0A7QZXW_lk8,4384.0
Robscure,Merlin,Berlin,Accapella,2017,DLTLLY,2017-03-26,https://www.youtube.com/watch?v=KCrOGMu5w1s,KCrOGMu5w1s,75220.0
Saking,TripleBeat D&DL#0022 (FFM,-CoSession,Accapella,2017,DUDL,2017-03-25,https://www.youtube.com/watch?v=HnBA4UuuA0c,HnBA4UuuA0c,6513.0
Tommy2Late,Hörsturz,Berlin,Accapella,2017,DLTLLY,2017-03-23,https://www.youtube.com/watch?v=zg1Qx-YlyWg,zg1Qx-YlyWg,19136.0
Porno Pete,Schenck OH D&DL#0024 (FFM,-CoSession,Accapella,2017,DUDL,2017-03-22,https://www.youtube.com/watch?v=GWNnMIu8hOM,GWNnMIu8hOM,2580.0
Ciro,MC Geuner D&DL#0023 (FFM,-CoSession,Accapella,2017,DUDL,2017-03-20,https://www.youtube.com/watch?v=TxNJSk9ZCu8,TxNJSk9ZCu8,18190.0
Rino Mandingo,Cris Kotzen,Berlin,Accapella,2017,DLTLLY,2017-03-19,https://www.youtube.com/watch?v=glYXcKNGuiM,glYXcKNGuiM,179071.0
Sizyphos,Akanoo,Berlin,Accapella,2017,DLTLLY,2017-03-16,https://www.youtube.com/watch?v=1WexX61mYaM,1WexX61mYaM,27552.0
Robscure,Mars B.,Kassel,Accapella,2017,DLTLLY,2017-03-12,https://www.youtube.com/watch?v=trVhEKQgMQg,trVhEKQgMQg,98369.0
FINCH,DAVIE JONES,BMCL,Accapella,2017,RAM,2017-03-10,https://www.youtube.com/watch?v=lGiH2B3GMAg,lGiH2B3GMAg,1232422
Lamin,Papa TR,Kassel,Accapella,2017,DLTLLY,2017-03-09,https://www.youtube.com/watch?v=UIWWhFIao_M,UIWWhFIao_M,19371.0
IZL,Ilhan D&DL#0021 (Berlin,2017,Accapella,2017,DUDL,2017-03-08,https://www.youtube.com/watch?v=_v8Zq2cLFpM,_v8Zq2cLFpM,4515.0
Shizu,T-Tekk D&DL#0019 (Berlin,2017,Accapella,2017,DUDL,2017-03-06,https://www.youtube.com/watch?v=tHM2qQC7Fnw,tHM2qQC7Fnw,3738.0
MC Maik,Bauda,Kassel,Accapella,2017,DLTLLY,2017-03-05,https://www.youtube.com/watch?v=6kVFEwuJuxQ,6kVFEwuJuxQ,28732.0
MSK,Mikesh D&DL#0020 (Berlin,2017,Accapella,2017,DUDL,2017-03-04,https://www.youtube.com/watch?v=7MW5bobkjyc,7MW5bobkjyc,22238.0
Olio,CPE,Kassel,Accapella,2017,DLTLLY,2017-03-02,https://www.youtube.com/watch?v=m0tjUv3Hzr8,m0tjUv3Hzr8,25663.0
Shadow,OE D&DL#0018 (Berlin,2017,Accapella,2017,DUDL,2017-03-01,https://www.youtube.com/watch?v=Rvbod2n6hPA,Rvbod2n6hPA,4915.0
VT,ShaoLum,Kassel,Accapella,2017,DLTLLY,2017-02-26,https://www.youtube.com/watch?v=3wnRMQSaho4,3wnRMQSaho4,53812.0
Crocodile Andi,Teach,Kassel,Accapella,2017,DLTLLY,2017-02-23,https://www.youtube.com/watch?v=Win4Mw0ryao,Win4Mw0ryao,14738.0
Davie Jones,Clepto,Leipzig,Accapella,2016,DLTLLY,2017-02-19,https://www.youtube.com/watch?v=-bkqaYNfedw,-bkqaYNfedw,119249.0
Paperbite,D-OS,NewcomerBattle Kassel,Accapella,2017,DLTLLY,2017-02-16,https://www.youtube.com/watch?v=ruz4CLYrGJo,ruz4CLYrGJo,14035.0
Nedal Nib,Brian Damage,🏆 TITLE-MATCH 🏆,Accapella,2017,DLTLLY,2017-02-12,https://www.youtube.com/watch?v=oBtWEmAeVio,oBtWEmAeVio,256852.0
Natif,King Lil&#39;C D&DL#0017 (Berlin,2017,Accapella,2017,DUDL,2017-02-11,https://www.youtube.com/watch?v=YSqxRl0Hu5E,YSqxRl0Hu5E,4305.0
BUDDI,VYRUS,BMCL,Accapella,2017,RAM,2017-02-10,https://www.youtube.com/watch?v=XyOCDNYrtDw,XyOCDNYrtDw,72975.0
BalavaBaba,Noone D&DL#0016 (Berlin,2017,Accapella,2017,DUDL,2017-02-08,https://www.youtube.com/watch?v=kWANHYPCLcg,kWANHYPCLcg,6013.0
Andres,Hopeless MC D&DL#0015 (Berlin,2017,Accapella,2017,DUDL,2017-02-06,https://www.youtube.com/watch?v=fB08F5-eki4,fB08F5-eki4,4840.0
Doktor Dave,Mave,Leipzig,Accapella,2016,DLTLLY,2017-02-05,https://www.youtube.com/watch?v=tdAsouzcgpU,tdAsouzcgpU,53150.0
Papi Schlauch,Lyrico,Dissember,Accapella,2016,DLTLLY,2017-01-29,https://www.youtube.com/watch?v=QUo9YKuQu4c,QUo9YKuQu4c,166934.0
Louis Beton,Sizyphos,Leipzig,Accapella,2016,DLTLLY,2017-01-22,https://www.youtube.com/watch?v=54zZPo3m_Nc,54zZPo3m_Nc,22189.0
Stock,Reinicken + Bossom,Leipzig,Accapella,2016,DLTLLY,2017-01-19,https://www.youtube.com/watch?v=7RBrghmeR9w,7RBrghmeR9w,15464.0
Raptor Warhurst,Unanymous,Dissember,Accapella,2016,DLTLLY,2017-01-15,https://www.youtube.com/watch?v=_mMlNI6W100,_mMlNI6W100,32060.0
GUGO,INDOOR STAN,BMCL,Accapella,2017,RAM,2017-01-13,https://www.youtube.com/watch?v=PCZVblvzB8Q,PCZVblvzB8Q,65257.0
T-Way,JerMc,Dissember,Accapella,2016,DLTLLY,2017-01-08,https://www.youtube.com/watch?v=blKeiA-2lTU,blKeiA-2lTU,57429.0
Karma,Henrey,Dissember,Accapella,2016,DLTLLY,2017-01-01,https://www.youtube.com/watch?v=2tK6qwRvHxQ,2tK6qwRvHxQ,27041.0
Mäneken,D.E.Z D&DL#0014 (Berlin,IDNR-CoEvent,Accapella,2016,DUDL,2016-12-31,https://www.youtube.com/watch?v=mxkdhn9Gdow,mxkdhn9Gdow,3395.0
Halk Hoden,Ka-Oz D&DL#0013 (Berlin,IDNR-CoEvent,Accapella,2016,DUDL,2016-12-28,https://www.youtube.com/watch?v=-c4Mtrcz4Sk,-c4Mtrcz4Sk,4283.0
Blvck Light,Kol&#39;ja D&DL#0012 (Berlin,IDNR-CoEvent,Accapella,2016,DUDL,2016-12-26,https://www.youtube.com/watch?v=D5CrbkP-Sh0,D5CrbkP-Sh0,3571.0
Tobi High & Max Stoned,CPE & Ekhead,Stuttgart,Accapella,2016,DLTLLY,2016-12-25,https://www.youtube.com/watch?v=cgqFWTRRsW8,cgqFWTRRsW8,41684.0
Yarambo,N'antinein,Stuttgart,Accapella,2016,DLTLLY,2016-12-18,https://www.youtube.com/watch?v=64Jp732JVUQ,64Jp732JVUQ,107136.0
Akanoo,Mr. Whyte,3x in die Fresse,Accapella,2016,DLTLLY,2016-12-16,https://www.youtube.com/watch?v=8OFDEaCCRgk,8OFDEaCCRgk,13024.0
4TUNE,FRESH POLAKKE,BMCL,Accapella,2016,RAM,2016-12-16,https://www.youtube.com/watch?v=VpmYqFARLMg,VpmYqFARLMg,277550.0
Change19,BX,Stuttgart,Accapella,2016,DLTLLY,2016-12-11,https://www.youtube.com/watch?v=ws5uTV9os-U,ws5uTV9os-U,22450.0
Gixtah,Street,NewcomerBattle 3x in die Fresse,Accapella,2016,DLTLLY,2016-12-09,https://www.youtube.com/watch?v=wQUrPiTwWLo,wQUrPiTwWLo,13407.0
Barracuda,Schalle,Stuttgart,Accapella,2016,DLTLLY,2016-12-08,https://www.youtube.com/watch?v=MvgtRJiCETQ,MvgtRJiCETQ,17609.0
Lyrico,Gregpipe,BDay #3,Accapella,2016,DLTLLY,2016-12-04,https://www.youtube.com/watch?v=gNJ_BBj6YYY,gNJ_BBj6YYY,345848.0
Nicht Dein Typ,Tommy2Late,Stuttgart,Accapella,2016,DLTLLY,2016-12-01,https://www.youtube.com/watch?v=8VzakpMLEx4,8VzakpMLEx4,16870.0
Vyrus,Four Seven,Stuttgart,Accapella,2016,DLTLLY,2016-11-27,https://www.youtube.com/watch?v=GzZApeO4vT4,GzZApeO4vT4,130513.0
Dawson,Solay,NewcomerBattle Day 2/2,Accapella,2016,DLTLLY,2016-11-24,https://www.youtube.com/watch?v=mcCYKAhN4fg,mcCYKAhN4fg,9656.0
Mosaik,Sizyphos D&DL#0011 (Berlin,2016,Accapella,2016,DUDL,2016-11-23,https://www.youtube.com/watch?v=zLkiwYiGf9k,zLkiwYiGf9k,7239.0
Brian Damage & Harry Crotch,Robscure & Karma,B.Day#3,Accapella,2016,DLTLLY,2016-11-20,https://www.youtube.com/watch?v=KR9itjM-1sI,KR9itjM-1sI,65091.0
ANO-NYM,Dirty GommoraH,Day 2/2,Accapella,2016,DLTLLY,2016-11-17,https://www.youtube.com/watch?v=eSAUwWXl6Jc,eSAUwWXl6Jc,22056.0
Cris Kotzen,MC Maik,Day 1/2,Accapella,2016,DLTLLY,2016-11-13,https://www.youtube.com/watch?v=sQOlZJYDIkY,sQOlZJYDIkY,193733.0
Natif,Hörsturz D&DL#0009 (Berlin,2016,Accapella,2016,DUDL,2016-11-11,https://www.youtube.com/watch?v=ZDP0LlcDDb4,ZDP0LlcDDb4,11615.0
JI-ZI,JEY JEY GLÜNDERLING,BMCL,Accapella,2016,RAM,2016-11-11,https://www.youtube.com/watch?v=dTmyLW9tEE0,dTmyLW9tEE0,417233.0
Mr. Whyte,Four Seven,NewcomerBattle Day 2/2,Accapella,2016,DLTLLY,2016-11-10,https://www.youtube.com/watch?v=LWaz2xpCbQM,LWaz2xpCbQM,19809.0
Sanja Alexis,Triple Beat D&DL#0007 (Berlin,2016,Accapella,2016,DUDL,2016-11-09,https://www.youtube.com/watch?v=r_dMQ3e7tFE,r_dMQ3e7tFE,4686.0
Ilhan,Jay Pie D&DL#0008 (Berlin,2016,Accapella,2016,DUDL,2016-11-07,https://www.youtube.com/watch?v=MFjaftO_xyM,MFjaftO_xyM,7536.0
Davie Jones,Mars B.,B.Day#3,Accapella,2016,DLTLLY,2016-11-06,https://www.youtube.com/watch?v=vwH6czsMTv4,vwH6czsMTv4,84022.0
Hansen,T-Way,Day 1/2,Accapella,2016,DLTLLY,2016-10-30,https://www.youtube.com/watch?v=tIPnTbtv-V4,tIPnTbtv-V4,38700.0
King Lil&#39; C,Drago51 D&DL#0006 (Berlin,2016,Accapella,2016,DUDL,2016-10-29,https://www.youtube.com/watch?v=-FngR7m7_08,-FngR7m7_08,5722.0
Joe-L,Schalle,Day 1/2,Accapella,2016,DLTLLY,2016-10-27,https://www.youtube.com/watch?v=ApT0XhylFoA,ApT0XhylFoA,19411.0
Apriori,Paperbite,D&amp;DL#0003 Berlin,Accapella,2016,DUDL,2016-10-26,https://www.youtube.com/watch?v=5U2RQhxGZGI,5U2RQhxGZGI,3982.0
TK,T-Tekk,D&amp;DL#0001 Berlin,Accapella,2016,DUDL,2016-10-24,https://www.youtube.com/watch?v=F05bbI13KsA,F05bbI13KsA,5505.0
Tobi High,Max Stoned,B.Day#3,Accapella,2016,DLTLLY,2016-10-23,https://www.youtube.com/watch?v=IJteo2N_UHs,IJteo2N_UHs,31894.0
Jack Dragon,Henrey,B.Day#3,Accapella,2016,DLTLLY,2016-10-20,https://www.youtube.com/watch?v=MvOwv1ioueY,MvOwv1ioueY,24589.0
ShaoLum,WandelBarZ,Day 2/2,Accapella,2016,DLTLLY,2016-10-20,https://www.youtube.com/watch?v=cXjp1UgVCWk,cXjp1UgVCWk,24681.0
S.B.G,Wolle Der Grobe,D&amp;DL#0002 Berlin,Accapella,2016,DUDL,2016-10-15,https://www.youtube.com/watch?v=6jvuB2i2mCs,6jvuB2i2mCs,9741.0
FINCH,YARAMBO,BMCL,Accapella,2016,RAM,2016-10-14,https://www.youtube.com/watch?v=oJTk-fglZhA,oJTk-fglZhA,1295190.0
Bruf,Dirrdy D,NewcomerBattle Day 2/2,Accapella,2016,DLTLLY,2016-10-13,https://www.youtube.com/watch?v=Frg6QAYVgPA,Frg6QAYVgPA,15855.0
Aris,Popeye D&DL#0005 (Berlin,2016,Accapella,2016,DUDL,2016-10-12,https://www.youtube.com/watch?v=Pz-PARaHi8I,Pz-PARaHi8I,5473.0
OstrichO,Sizyphos D&DL#0004 (Berlin,2016,Accapella,2016,DUDL,2016-10-10,https://www.youtube.com/watch?v=J1aUQuxfL-Q,J1aUQuxfL-Q,17738.0
VT & Tobi Nice,Ekhead & CPE,Day 1/2,Accapella,2016,DLTLLY,2016-10-09,https://www.youtube.com/watch?v=X5D8-os0hXE,X5D8-os0hXE,31053.0
Falk & Khacoby,O.G.OhneGummi & Eric Ventura,Day 1/2,Accapella,2016,DLTLLY,2016-10-02,https://www.youtube.com/watch?v=IyDDNFH8COI,IyDDNFH8COI,127655.0
Barracuda,Olio,Day 1/2,Accapella,2016,DLTLLY,2016-09-25,https://www.youtube.com/watch?v=KgCdiNu_dIs,KgCdiNu_dIs,24388.0
Davie Jones,Doktor Dave,The Base,Accapella,2016,DLTLLY,2016-09-18,https://www.youtube.com/watch?v=sF2wljyB_LE,sF2wljyB_LE,24832.0
N'antinein,Besser,The Base,Accapella,2016,DLTLLY,2016-09-11,https://www.youtube.com/watch?v=P7S-Blx2qKM,P7S-Blx2qKM,22558.0
Atzenkalle,Main Moe,Splash19,Accapella,2016,DLTLLY,2016-09-04,https://www.youtube.com/watch?v=gu_G_N8TD4Y,gu_G_N8TD4Y,86814.0
Tobi Nice & Duff,Yarambo & Indoor Stan,Splash19,Accapella,2016,DLTLLY,2016-08-28,https://www.youtube.com/watch?v=Uv2oUfu6jhQ,Uv2oUfu6jhQ,35048.0
LYRICO,MIGHTY MO,BMCL,Accapella,2016,RAM,2016-08-26,https://www.youtube.com/watch?v=BHIV5gY0aLs,BHIV5gY0aLs,142419.0
SSYNIC,BUY SOME,BMCL,Accapella,2016,RAM,2016-08-26,https://www.youtube.com/watch?v=1CAK0B4s_r0,1CAK0B4s_r0,275045.0
Gregpipe + Mars B.,Bong Teggy + Brian Damage,SPLASH #19,Accapella,2016,DLTLLY,2016-08-25,https://www.youtube.com/watch?v=0usuNF2yMJw,0usuNF2yMJw,319549.0
Schote & BDad,Buddi & Fabiga,Splash19,Accapella,2016,DLTLLY,2016-08-14,https://www.youtube.com/watch?v=AP4x9u89IPI,AP4x9u89IPI,24532.0
FRESH POLAKKE,NOTYZZE,BMCL,Accapella,2016,RAM,2016-08-14,https://www.youtube.com/watch?v=wZfY-YVAcjI,wZfY-YVAcjI,175074.0
Cris Kotzen,Fab,Fete de la HipHop,Accapella,2016,DLTLLY,2016-08-07,https://www.youtube.com/watch?v=eU-1x_dFcz4,eU-1x_dFcz4,70605.0
NEDAL NIB,RV,BMCL,Accapella,2016,RAM,2016-08-05,https://www.youtube.com/watch?v=ymdiTG9zsNg,ymdiTG9zsNg,83039.0
Robscure,Davie Jones,Wien,Accapella,2016,DLTLLY,2016-08-01,https://www.youtube.com/watch?v=aTSfJUKP2jk,aTSfJUKP2jk,112601.0
Seby Tone,Karma,Wien,Accapella,2016,DLTLLY,2016-07-24,https://www.youtube.com/watch?v=wUz34i4vAdQ,wUz34i4vAdQ,24496.0
Battleboi Basti,Doktor Dave,MAYhem,Accapella,2016,DLTLLY,2016-07-17,https://www.youtube.com/watch?v=jbIyI7bq-3w,jbIyI7bq-3w,230753.0
Lyrico,Hansen,MAYhem,Accapella,2016,DLTLLY,2016-07-10,https://www.youtube.com/watch?v=wxPLJE83D6A,wxPLJE83D6A,107678.0
Jack Dragon,JerMc,Wien,Accapella,2016,DLTLLY,2016-07-07,https://www.youtube.com/watch?v=Tb6dmZPRnSA,Tb6dmZPRnSA,42955.0
Bong Teggy & Papi Schlauch,Onkel Oktomusch & Die Zwetschke,MAYhem,Accapella,2016,DLTLLY,2016-07-03,https://www.youtube.com/watch?v=4xfAs26Cee4,4xfAs26Cee4,423907.0
FellowSoph,Ekhead,Wien,Accapella,2016,DLTLLY,2016-06-30,https://www.youtube.com/watch?v=9poWpKcnfyY,9poWpKcnfyY,14194.0
Barbee n' Flow,Spello & Al Pone,Wien,Accapella,2016,DLTLLY,2016-06-26,https://www.youtube.com/watch?v=sqvPg3sEN0I,sqvPg3sEN0I,18436.0
Mave & MC Maik,Tobi Nice & Duff,MAYhem,Accapella,2016,DLTLLY,2016-06-19,https://www.youtube.com/watch?v=NoR7sZLr9MA,NoR7sZLr9MA,21985.0
Cleptomatic,Yarambo,MAYhem,Accapella,2016,DLTLLY,2016-06-12,https://www.youtube.com/watch?v=ZH_LmIdBhAE,ZH_LmIdBhAE,164795.0
GUGO,FINCH,BMCL,Accapella,2016,RAM,2016-06-10,https://www.youtube.com/watch?v=Vy8WHxOAHfQ,Vy8WHxOAHfQ,677962.0
Indoor Stan & Nikiz,N'antinein & BX,MAYhem,Accapella,2016,DLTLLY,2016-06-05,https://www.youtube.com/watch?v=lQFIXdpBY5g,lQFIXdpBY5g,27893.0
BDad,N'antinein,DailyRapJam,Accapella,2016,DLTLLY,2016-05-29,https://www.youtube.com/watch?v=A6JXhwYcMQ8,A6JXhwYcMQ8,29668.0
YARAMBO,BARRACUDA,BMCL,Accapella,2016,RAM,2016-05-27,https://www.youtube.com/watch?v=o8IWqT1Y95A,o8IWqT1Y95A,83787.0
Change19,Akanoo,DailyRapJam,Accapella,2016,DLTLLY,2016-05-26,https://www.youtube.com/watch?v=Kg4y3iJBiGE,Kg4y3iJBiGE,11065.0
T-Way,Mars B.,Kassel,Accapella,2016,DLTLLY,2016-05-22,https://www.youtube.com/watch?v=HhEXUrhCaok,HhEXUrhCaok,46449.0
Mavgic,Joe-L,NewcomerBattle Kassel,Accapella,2016,DLTLLY,2016-05-19,https://www.youtube.com/watch?v=4KvkXpIrMIA,4KvkXpIrMIA,80699.0
Eric Ventura & O.G. Ohne Gummi,Tobi High & Max Stoned,Kassel,Accapella,2016,DLTLLY,2016-05-15,https://www.youtube.com/watch?v=BwTd5Bwn7NE,BwTd5Bwn7NE,23655.0
Olio,VT,Kassel,Accapella,2016,DLTLLY,2016-05-12,https://www.youtube.com/watch?v=qIrNbzKyR6k,qIrNbzKyR6k,16994.0
Aladin,Khan G.,Kassel,Accapella,2016,DLTLLY,2016-05-12,https://www.youtube.com/watch?v=8BKS4n-WTlQ,8BKS4n-WTlQ,14041.0
Yarambo,Fabiga,Düsseldorf,Accapella,2016,DLTLLY,2016-05-08,https://www.youtube.com/watch?v=hl3iYzTbStQ,hl3iYzTbStQ,92243.0
Akzent,Peat Pandora,Düsseldorf,Accapella,2016,DLTLLY,2016-05-03,https://www.youtube.com/watch?v=Dri82KcuNI4,Dri82KcuNI4,11245.0
Wandelbarz,Cris Kotzen,Dortmund,Accapella,2016,DLTLLY,2016-05-01,https://www.youtube.com/watch?v=le6XdSmVEIY,le6XdSmVEIY,81122.0
Proton,Notyzze,Düsseldorf,Accapella,2016,DLTLLY,2016-05-01,https://www.youtube.com/watch?v=1nEKKoj1xXU,1nEKKoj1xXU,65674.0
NOTYZZE,BUY SOME,BMCL,Accapella,2016,RAM,2016-04-29,https://www.youtube.com/watch?v=QrftoDX65MQ,QrftoDX65MQ,120053.0
Zeptah,Neit,Dortmund,Accapella,2016,DLTLLY,2016-04-26,https://www.youtube.com/watch?v=m3vfESZ8AKQ,m3vfESZ8AKQ,13250.0
Robscure,BX,Kassel,Accapella,2016,DLTLLY,2016-04-24,https://www.youtube.com/watch?v=0frBoMjSUZU,0frBoMjSUZU,28266.0
Falk & Khacoby,Ekhead & CPE,Düsseldorf,Accapella,2016,DLTLLY,2016-04-21,https://www.youtube.com/watch?v=0s7gLvY71tQ,0s7gLvY71tQ,68125.0
Nedal Nib,Bong Teggy,Berlin,Accapella,2016,DLTLLY,2016-04-17,https://www.youtube.com/watch?v=nMI2m-Miyts,nMI2m-Miyts,271750.0
VYRUS,ALI AFFRONT,BMCL,Accapella,2016,RAM,2016-04-15,https://www.youtube.com/watch?v=qr9ModA-fjA,qr9ModA-fjA,75325.0
Bauda,Henrey,Düsseldorf,Accapella,2016,DLTLLY,2016-04-14,https://www.youtube.com/watch?v=R8HbJGoyhqw,R8HbJGoyhqw,22809.0
Harlem T,MC Intifada,FreestyleBattle Dortmund,Accapella,2016,DLTLLY,2016-04-12,https://www.youtube.com/watch?v=qoPBN9EsKBk,qoPBN9EsKBk,12741.0
Indoor Stan,Robscure,Berlin,Accapella,2016,DLTLLY,2016-04-12,https://www.youtube.com/watch?v=b1DojOrzF4M,b1DojOrzF4M,44694.0
DirtySanchez,Karma,Berlin,Accapella,2016,DLTLLY,2016-04-07,https://www.youtube.com/watch?v=OYTYcxTXJok,OYTYcxTXJok,22815.0
Scumgod,Der Schwede,Berlin,Accapella,2016,DLTLLY,2016-04-05,https://www.youtube.com/watch?v=kOj2TLK1mPM,kOj2TLK1mPM,16262.0
Muro,Marc Zufall,Düsseldorf,Accapella,2016,DLTLLY,2016-04-03,https://www.youtube.com/watch?v=dW94881DddE,dW94881DddE,24967.0
Saking,Black Snowman,NewcomerBattle FFM,Accapella,2016,DLTLLY,2016-03-29,https://www.youtube.com/watch?v=9T7a78JZM5A,9T7a78JZM5A,18516.0
Nikiz,Cleptomatic,Berlin,Accapella,2016,DLTLLY,2016-03-27,https://www.youtube.com/watch?v=74tp1mwwcf0,74tp1mwwcf0,64356.0
LYRICO,TOBI NICE,BMCL,Accapella,2016,RAM,2016-03-25,https://www.youtube.com/watch?v=hI4-2PPQRWo,hI4-2PPQRWo,77045.0
Mars B.,Jack Dragon,Privat,Accapella,2016,DLTLLY,2016-03-20,https://www.youtube.com/watch?v=tNYcKfDpacg,tNYcKfDpacg,25028.0
Schalle,Aladin,FFM,Accapella,2016,DLTLLY,2016-03-17,https://www.youtube.com/watch?v=PQKWPvQXOwE,PQKWPvQXOwE,12421.0
MfGen,Ciro,NewcomerBattle FFM,Accapella,2016,DLTLLY,2016-03-15,https://www.youtube.com/watch?v=XNHOH7JhBxQ,XNHOH7JhBxQ,10734.0
DUFF,LE NERD,BMCL,Accapella,2016,RAM,2016-03-13,https://www.youtube.com/watch?v=ILHRGfFmwEU,ILHRGfFmwEU,50355.0
GUGO,YARAMBO,BMCL,Accapella,2016,RAM,2016-03-11,https://www.youtube.com/watch?v=F6kCIK5lQG0,F6kCIK5lQG0,114560.0
D-OS,Banal,NewcomerBattle FFM,Accapella,2016,DLTLLY,2016-03-10,https://www.youtube.com/watch?v=kIrzaRvdVC4,kIrzaRvdVC4,8337.0
BX,Patrick Enemy,FFM,Accapella,2016,DLTLLY,2016-03-08,https://www.youtube.com/watch?v=aTefZYUtprA,aTefZYUtprA,46423.0
N'antinein,Dopex,FFM,Accapella,2016,DLTLLY,2016-03-06,https://www.youtube.com/watch?v=TvtQj3KDygg,TvtQj3KDygg,15386.0
Tobi High & Max Stoned,Lockenkopf & Tschappy,FFM,Accapella,2016,DLTLLY,2016-03-06,https://www.youtube.com/watch?v=3gLHKfqk6yo,3gLHKfqk6yo,18758.0
Johnny Rakete,Kex Kuhl,ComplimentsBattle ,Accapella,2016,DLTLLY,2016-02-28,https://www.youtube.com/watch?v=6mK2r5H3KxU,6mK2r5H3KxU,88254.0
Karma,Akanoo,could not identify event,Accapella,2016,DLTLLY,2016-02-21,https://www.youtube.com/watch?v=JazaORAoQrk,JazaORAoQrk,14564.0
Indoor Stan,Yarambo,Bochum,Accapella,2015,DLTLLY,2016-02-14,https://www.youtube.com/watch?v=jagzt8m2Hf8,jagzt8m2Hf8,121521.0
MC MAIK,FRESH POLAKKE,BMCL,Accapella,2016,RAM,2016-02-12,https://www.youtube.com/watch?v=aPd7CtuL-m0,aPd7CtuL-m0,262093.0
FALK,FraX One,Bochum,Accapella,2015,DLTLLY,2016-02-04,https://www.youtube.com/watch?v=osXtwVnSD7E,osXtwVnSD7E,25715.0
BUY SOME,GEORGE MIDAS,BMCL,Accapella,2016,RAM,2016-02-01,https://www.youtube.com/watch?v=HBKjc7iMiu8,HBKjc7iMiu8,68899.0
Notyzze,Buddi,Bochum,Accapella,2015,DLTLLY,2016-01-31,https://www.youtube.com/watch?v=etdezVWG0_Y,etdezVWG0_Y,30891.0
Collapz & CPE,Aresst & D.ZUM.A,NewcomerBattle Bochum,Accapella,2015,DLTLLY,2016-01-28,https://www.youtube.com/watch?v=RdRLoOQj0gE,RdRLoOQj0gE,22159.0
Fabiga,Bauda,Bochum,Accapella,2015,DLTLLY,2016-01-24,https://www.youtube.com/watch?v=DfxmpTNvkyg,DfxmpTNvkyg,18395.0
Jack Dragon,Smoke Tüü,Stuttgart,Accapella,2015,DLTLLY,2016-01-17,https://www.youtube.com/watch?v=aUdGRgaSejE,aUdGRgaSejE,17714.0
SSYNIC,BONG TEGGY - REMATCH,BMCL,Accapella,2016,RAM,2016-01-15,https://www.youtube.com/watch?v=z0FlpflmILU,z0FlpflmILU,2471105.0
Dezzad,N'Antinein,Stuttgart,Accapella,2015,DLTLLY,2016-01-14,https://www.youtube.com/watch?v=0R6CgGZz5Ek,0R6CgGZz5Ek,13086.0
Bong Teggy,Brian Damage,Bad Bars  München,Accapella,2016,DLTLLY,2016-01-10,https://www.youtube.com/watch?v=MGNDNQIOwwA,MGNDNQIOwwA,861230.0
Battleboi Basti & Dee Ho,Onkel Oktomusch & Die Zwetschke,BDAY #3,Accapella,2016,DLTLLY,2016-01-03,https://www.youtube.com/watch?v=I_lk5irw2Jc,I_lk5irw2Jc,421482.0
Nedal Nib,Mars B.,B.day #2,Accapella,2015,DLTLLY,2015-12-27,https://www.youtube.com/watch?v=cCMR6HUQqUU,cCMR6HUQqUU,136308.0
LYRICO,DAVIE JONES,BMCL,Accapella,2015,RAM,2015-12-25,https://www.youtube.com/watch?v=EepN4HuvLlA,EepN4HuvLlA,98590.0
Ali Affront,Seby Tone,B.Day#2,Accapella,2015,DLTLLY,2015-12-20,https://www.youtube.com/watch?v=us8MU7ZmmKI,us8MU7ZmmKI,26996.0
Change19 & Henrey,Tobi High & Max Stoned,B.Day#2,Accapella,2015,DLTLLY,2015-12-13,https://www.youtube.com/watch?v=hU7Q5aWUWuU,hU7Q5aWUWuU,28188.0
RV,TOBI NICE,BMCL,Accapella,2015,RAM,2015-12-11,https://www.youtube.com/watch?v=yqwOk88aRsI,yqwOk88aRsI,50582.0
Karma,Robscure,B.Day#2,Accapella,2015,DLTLLY,2015-12-06,https://www.youtube.com/watch?v=4yqAT8hW_-g,4yqAT8hW_-g,26380.0
AMAH,MCTWIST,BMCL,Accapella,2015,RAM,2015-11-28,https://www.youtube.com/watch?v=8gUddeSaqLU,8gUddeSaqLU,70552.0
Hansen,George Midas,Berlin,Accapella,2015,DLTLLY,2015-11-15,https://www.youtube.com/watch?v=G-T1yEG9Wc4,G-T1yEG9Wc4,36714.0
MIKZ,MC MAIK,BMCL,Accapella,2015,RAM,2015-11-13,https://www.youtube.com/watch?v=P1kYQfUxr4o,P1kYQfUxr4o,58112.0
Fab,Cemo,NewcomerBattle DAYtime Event,Accapella,2015,DLTLLY,2015-11-12,https://www.youtube.com/watch?v=nVeWgyMQjtE,nVeWgyMQjtE,19423.0
Dezzad,Schnaxler,DAYtime Event,Accapella,2015,DLTLLY,2015-11-05,https://www.youtube.com/watch?v=Qmz-Tfcex_U,Qmz-Tfcex_U,13001.0
Le Nerd,Tobi Nice,Berlin,Accapella,2015,DLTLLY,2015-11-01,https://www.youtube.com/watch?v=LA7Z4-6d83s,LA7Z4-6d83s,49172.0
BDAD,MERLIN,BMCL,Accapella,2015,RAM,2015-10-30,https://www.youtube.com/watch?v=t6Xp0bvI0og,t6Xp0bvI0og,58377.0
Pedro,Jean-Gough Frais,Berlin,Accapella,2015,DLTLLY,2015-10-25,https://www.youtube.com/watch?v=G5tqGvFuKpg,G5tqGvFuKpg,17008.0
T Way,Nikiz,Berlin,Accapella,2015,DLTLLY,2015-10-18,https://www.youtube.com/watch?v=wBS3BPDO3Js,wBS3BPDO3Js,18342.0
MIGHTY P.,NEDAL NIB,BMCL,Accapella,2015,RAM,2015-10-16,https://www.youtube.com/watch?v=XofXZxOln1E,XofXZxOln1E,111463.0
Mio Mao,Buddi,Tapefabrik,Accapella,2015,DLTLLY,2015-10-11,https://www.youtube.com/watch?v=DZycRn9Ll10,DZycRn9Ll10,49747.0
Lyrico,Mars B.,Tapefabrik,Accapella,2015,DLTLLY,2015-10-04,https://www.youtube.com/watch?v=edwqNrm-dAA,edwqNrm-dAA,73419.0
Karma,Limstar,NewcomerBattle München,Accapella,2015,DLTLLY,2015-09-27,https://www.youtube.com/watch?v=o-hSpdTPM1U,o-hSpdTPM1U,14056.0
NOTYZZE,ALI AFFRONT,BMCL,Accapella,2015,RAM,2015-09-25,https://www.youtube.com/watch?v=ZBmqvUsdnyg,ZBmqvUsdnyg,86218.0
Henrey,Change19,NewcomerBattle München,Accapella,2015,DLTLLY,2015-09-20,https://www.youtube.com/watch?v=2uZd-H6oiYM,2uZd-H6oiYM,29966.0
Z,DAVIE JONES,BMCL,Accapella,2015,RAM,2015-09-11,https://www.youtube.com/watch?v=ok6N3xcfNZg,ok6N3xcfNZg,482259.0
Le Nerd,Davie Jones,Berlin,Accapella,2015,DLTLLY,2015-08-09,https://www.youtube.com/watch?v=dTGwez2RVGs,dTGwez2RVGs,140217.0
Lyrico,Der Fischer,Berlin,Accapella,2015,DLTLLY,2015-08-06,https://www.youtube.com/watch?v=e2Udzmm8L8w,e2Udzmm8L8w,94348.0
JOLLYJAY,MR TONGUE TWISTER,Dont Flop,Accapella,2015,DON'T FLOP,2015-08-05,https://www.youtube.com/watch?v=u0sKIr74qNM,u0sKIr74qNM,31174.0
Mighty Mo & Nedal Nib,Duff,Splash 18,Accapella,2015,DLTLLY,2015-08-02,https://www.youtube.com/watch?v=8f534bjTdPQ,8f534bjTdPQ,53498.0
Gregpipe + Basic,Battleboi Basti + Besser,Berlin,Accapella,2015,DLTLLY,2015-07-26,https://www.youtube.com/watch?v=1hxM1bSTeBQ,1hxM1bSTeBQ,318288.0
Mars B.,Mirror,Berlin,Accapella,2015,DLTLLY,2015-07-19,https://www.youtube.com/watch?v=gR8kjMySBP4,gR8kjMySBP4,26596.0
Tis L,T-Way,Berlin,Accapella,2015,DLTLLY,2015-07-16,https://www.youtube.com/watch?v=F44bnk1YOCU,F44bnk1YOCU,28302.0
MC Maik + Mave,Scumgod + DirtySanchez,Berlin,Accapella,2015,DLTLLY,2015-07-12,https://www.youtube.com/watch?v=UH4PdAMGnQY,UH4PdAMGnQY,32067.0
BMCL MEETS DLTLLY RAP BATTLE: BESSER,PROTON,BMCL,Accapella,2015,RAM,2015-07-10,https://www.youtube.com/watch?v=G0k2SM7LB6Q,G0k2SM7LB6Q,70271.0
Merlin,Bong Teggy,München,Accapella,2015,DLTLLY,2015-07-05,https://www.youtube.com/watch?v=3f92lfia1Iw,3f92lfia1Iw,224919.0
P-ZAK,BONG TEGGY,BMCL,Accapella,2015,RAM,2015-06-28,https://www.youtube.com/watch?v=uxnJ2v9nfhw,uxnJ2v9nfhw,487486.0
Jack Dragon,Demolux,München,Accapella,2015,DLTLLY,2015-06-28,https://www.youtube.com/watch?v=3M5hkitrUQY,3M5hkitrUQY,14546.0
Brian Damage,Harry Crotch,ComplimentsBattle München,Accapella,2015,DLTLLY,2015-06-21,https://www.youtube.com/watch?v=6LevyA-T6JM,6LevyA-T6JM,150468.0
GOZPEL,BATTLEBOI BASTI,BMCL,Accapella,2015,RAM,2015-06-12,https://www.youtube.com/watch?v=JpNxEeszyA8,JpNxEeszyA8,937409.0
Ali Affront,Fellowsoph,München,Accapella,2015,DLTLLY,2015-06-07,https://www.youtube.com/watch?v=fMLkNIgjsro,fMLkNIgjsro,25563.0
PETSCHINO,MIGHTY MO,BMCL,Accapella,2015,RAM,2015-05-29,https://www.youtube.com/watch?v=Z56RuCO7frg,Z56RuCO7frg,252833.0
Brian Damage,Davie Jones,Livin' HipHop Jam,Accapella,2015,DLTLLY,2015-05-24,https://www.youtube.com/watch?v=ac1sR229bak,ac1sR229bak,98304.0
TIERSTAR,DIZASTER,powered by audio-technica,Accapella,2015,RAM,2015-05-15,https://www.youtube.com/watch?v=NEFFMcjJ3SQ,NEFFMcjJ3SQ,383383.0
Lyrico,Harry Crotch,Livin' HipHop Jam,Accapella,2015,DLTLLY,2015-05-10,https://www.youtube.com/watch?v=e5huTSczyf4,e5huTSczyf4,29677.0
Doktor Dave,George Midas (HipHop Convention),Berlin,Accapella,2015,DLTLLY,2015-05-07,https://www.youtube.com/watch?v=w6zCM9KpVBQ,w6zCM9KpVBQ,15158.0
Tis L,Bauda,Berlin,Accapella,2015,DLTLLY,2015-04-29,https://www.youtube.com/watch?v=tWUiuZc5p3Y,tWUiuZc5p3Y,18604.0
Nikiz,Le Nerd,Berlin,Accapella,2015,DLTLLY,2015-04-26,https://www.youtube.com/watch?v=-w9IPyHjXZo,-w9IPyHjXZo,47616.0
SSYNIC,CASHISCLAY,BMCL,Accapella,2015,RAM,2015-04-24,https://www.youtube.com/watch?v=PgFKjYcDtLs,PgFKjYcDtLs,1465394.0
Scumgod + DirtySanchez,Tschappy + Doktor Dave,Berlin,Accapella,2015,DLTLLY,2015-04-23,https://www.youtube.com/watch?v=a3YBKYlenFI,a3YBKYlenFI,19160.0
Mighty Mo,Hansen - REMATCH!,Hamburg,Accapella,2015,DLTLLY,2015-04-19,https://www.youtube.com/watch?v=TADdGDpKWPs,TADdGDpKWPs,150653.0
DeeLah,D.O.C.,Hamburg,Accapella,2015,DLTLLY,2015-04-18,https://www.youtube.com/watch?v=a48W9qfgEr4,a48W9qfgEr4,25045.0
Kenny Kansas,Core One,Hamburg,Accapella,2015,DLTLLY,2015-04-18,https://www.youtube.com/watch?v=W1btY9KbOIo,W1btY9KbOIo,15355.0
DOKTOR DAVE,DROB DYNAMIC,BMCL,Accapella,2015,RAM,2015-04-10,https://www.youtube.com/watch?v=3mIpymc2NhE,3mIpymc2NhE,115190.0
Onkel Oktomusch + Die Zwetschke,Mave + MC Maik,Hamburg,Accapella,2015,DLTLLY,2015-04-05,https://www.youtube.com/watch?v=40MavNkdI0k,40MavNkdI0k,118733.0
Mac Horn + Cashus K.,PadaLash + SZD,Hamburg,Accapella,2015,DLTLLY,2015-03-31,https://www.youtube.com/watch?v=1FO62qmqIc4,1FO62qmqIc4,19452.0
Nedal Nib,Der Fischer,Hamburg,Accapella,2015,DLTLLY,2015-03-31,https://www.youtube.com/watch?v=neSX-I5XmyE,neSX-I5XmyE,101432.0
MERLIN,DAVIE JONES,BMCL,Accapella,2015,RAM,2015-03-27,https://www.youtube.com/watch?v=6Gnzk5hivPU,6Gnzk5hivPU,98332.0
Aytee,Fabiga,DAYtime Event,Accapella,2015,DLTLLY,2015-03-15,https://www.youtube.com/watch?v=9N2tKrPsVss,9N2tKrPsVss,60957.0
P-ZAK,FRESH POLAKKE,BMCL,Accapella,2015,RAM,2015-03-13,https://www.youtube.com/watch?v=Q9zTtHXf8_Q,Q9zTtHXf8_Q,329313.0
Buddi,Duff,DAYtime Event,Accapella,2015,DLTLLY,2015-03-08,https://www.youtube.com/watch?v=RQdqtBa7hUw,RQdqtBa7hUw,29969.0
Proton,Heideck,DAYtime Event,Accapella,2015,DLTLLY,2015-03-01,https://www.youtube.com/watch?v=E7biTSHPeBg,E7biTSHPeBg,17513.0
BESSER,MARS B.,BMCL,Accapella,2015,RAM,2015-02-27,https://www.youtube.com/watch?v=Q1qDVN5ufWw,Q1qDVN5ufWw,71475.0
Buy Some,T-Way,DAYtime Event,Accapella,2015,DLTLLY,2015-02-22,https://www.youtube.com/watch?v=nV3WY_BWZjw,nV3WY_BWZjw,37431.0
BDAD,TOBI NICE,BMCL,Accapella,2015,RAM,2015-02-13,https://www.youtube.com/watch?v=I70pYTHXrH8,I70pYTHXrH8,67659.0
RAPSTA,FRESH POLAKKE,BMCL,Accapella,2015,RAM,2015-01-30,https://www.youtube.com/watch?v=NtjahY1x55w,NtjahY1x55w,716960.0
Juskah,BDad,B.Day#1,Accapella,2014,DLTLLY,2015-01-25,https://www.youtube.com/watch?v=gxa7WsZIoSM,gxa7WsZIoSM,22896.0
Merlin,Schote,B.Day#1,Accapella,2014,DLTLLY,2015-01-18,https://www.youtube.com/watch?v=-NpzvlH-ge4,-NpzvlH-ge4,41694.0
MC MAIK,RONI 87,BMCL,Accapella,2015,RAM,2015-01-16,https://www.youtube.com/watch?v=a8hVM0mGq_E,a8hVM0mGq_E,46727.0
George Midas,RV,B.Day#1,Accapella,2014,DLTLLY,2015-01-11,https://www.youtube.com/watch?v=6MQjesM1jh0,6MQjesM1jh0,23178.0
Bong Teggy,Papi Schlauch,B.Day#1,Accapella,2014,DLTLLY,2015-01-04,https://www.youtube.com/watch?v=U70JIQSZkNw,U70JIQSZkNw,181534.0
BONG TEGGY,MIGHTY MO,BMCL,Accapella,2014,RAM,2014-12-26,https://www.youtube.com/watch?v=XuuI1Uzmt3A,XuuI1Uzmt3A,547183.0
Buddi,Jack Dragon,B.Day#1,Accapella,2014,DLTLLY,2014-12-21,https://www.youtube.com/watch?v=a7BPokhefac,a7BPokhefac,16612.0
Rino Mandingo + Johnny Rakete,Onkel Oktomusch + Die Zwetschke,B.Day,Accapella,2014,DLTLLY,2014-12-14,https://www.youtube.com/watch?v=F7STdjMpxjI,F7STdjMpxjI,97187.0
MERLIN,SSYNIC,BMCL,Accapella,2014,RAM,2014-12-12,https://www.youtube.com/watch?v=cfvDlQ4_Tgo,cfvDlQ4_Tgo,563519.0
Doktor Dave,Nedal Nib,B.Day#1,Accapella,2014,DLTLLY,2014-12-07,https://www.youtube.com/watch?v=2C-98kSAnvA,2C-98kSAnvA,90320.0
PILLE,TOBI NICE,SPECIAL GUEST EKO FRESH,Accapella,2014,RAM,2014-11-28,https://www.youtube.com/watch?v=dvHDvXMW0gs,dvHDvXMW0gs,65727.0
BESSER,MC MAIK,BMCL,Accapella,2014,RAM,2014-11-14,https://www.youtube.com/watch?v=cxBjXzzu8UE,cxBjXzzu8UE,67922.0
Der Fischer,Harry Crotch,Stuttgart,Accapella,2014,DLTLLY,2014-11-09,https://www.youtube.com/watch?v=Y7aVsjvskZg,Y7aVsjvskZg,27674.0
BX,Crash Bundy,Stuttgart,Accapella,2014,DLTLLY,2014-11-02,https://www.youtube.com/watch?v=P7pIjWwY_GM,P7pIjWwY_GM,13854.0
Peter Pogen,Mars B.,Stuttgart,Accapella,2014,DLTLLY,2014-11-01,https://www.youtube.com/watch?v=nuB576G-0b4,nuB576G-0b4,43700.0
RV,JACK DRAGON,BMCL,Accapella,2014,RAM,2014-10-24,https://www.youtube.com/watch?v=1t4jYneSlMU,1t4jYneSlMU,49709.0
BDad,Smoke Tüü,Stuttgart,Accapella,2014,DLTLLY,2014-10-19,https://www.youtube.com/watch?v=RjFEs3w4x9k,RjFEs3w4x9k,45652.0
4TUNE,MERLIN,BMCL,Accapella,2014,RAM,2014-10-10,https://www.youtube.com/watch?v=FntcHYJRbJ8,FntcHYJRbJ8,271951.0
GREGPIPE,DAMION DAVIS,FEAT. DIZASTER,Accapella,2014,RAM,2014-09-26,https://www.youtube.com/watch?v=aPZMBf0ZarU,aPZMBf0ZarU,434637.0
JEAN GOUGH FRAIS,OGMIOS,could not identify event,Accapella,2014,DON'T FLOP,2014-09-24,https://www.youtube.com/watch?v=xJh2enV5w5s,xJh2enV5w5s,32962.0
IMPACT,MANIAC,could not identify event,Accapella,2014,DON'T FLOP,2014-09-17,https://www.youtube.com/watch?v=vZU5vczCf3U,vZU5vczCf3U,20581.0
Jack Dragon,Suza, CoEvent,Accapella,2014,DLTLLY,2014-09-14,https://www.youtube.com/watch?v=bDEJXvF-nUI,bDEJXvF-nUI,15479.0
SSYNIC,BONG TEGGY,BMCL,Accapella,2014,RAM,2014-09-12,https://www.youtube.com/watch?v=6iVykrPFKfg,6iVykrPFKfg,1310361.0
INNUENDO,JOLLYJAY,could not identify event,Accapella,2014,DON'T FLOP,2014-09-10,https://www.youtube.com/watch?v=IHAEQ3v_qXg,IHAEQ3v_qXg,29211.0
Nikiz,Luie-Die-Nadel, CoEvent,Accapella,2014,DLTLLY,2014-09-07,https://www.youtube.com/watch?v=2_s20UfvW9E,2_s20UfvW9E,14912.0
MR TONGUE TWISTER,BRIAN DAMAGE,could not identify event,Accapella,2014,DON'T FLOP,2014-09-03,https://www.youtube.com/watch?v=LCVkClBmSK0,LCVkClBmSK0,68923.0
Fatcap,Doktor Dave, CoEvent,Accapella,2014,DLTLLY,2014-08-31,https://www.youtube.com/watch?v=5btIHEDh3Zg,5btIHEDh3Zg,41964.0
MERLIN,RONI 87,BMCL,Accapella,2014,RAM,2014-08-29,https://www.youtube.com/watch?v=9YMIMdfVXII,9YMIMdfVXII,84358.0
Happy Beckmann & 4tune,Petschino & Juskah,Splash #17,Accapella,2014,DLTLLY,2014-08-17,https://www.youtube.com/watch?v=gcvYmaoKYBs,gcvYmaoKYBs,330290.0
Merlin,Gozpel,Splash 17,Accapella,2014,DLTLLY,2014-08-10,https://www.youtube.com/watch?v=X6Etme4mfyY,X6Etme4mfyY,140336.0
Mighty P,MC Maik,EOW-Tour,Accapella,2014,DLTLLY,2014-08-07,https://www.youtube.com/watch?v=gGPgGMkU0vE,gGPgGMkU0vE,16697.0
DuFF,Fresh Polakke,Splash 17,Accapella,2014,DLTLLY,2014-08-02,https://www.youtube.com/watch?v=KVL-ldGpFlw,KVL-ldGpFlw,208776.0
Duzoe & Dollar John,Der Fischer & Johnny Medez,EOW-Tour,Accapella,2014,DLTLLY,2014-07-31,https://www.youtube.com/watch?v=0Dys8GpvON8,0Dys8GpvON8,95459.0
Brian Damage + Philipp Quh,Mighty Mo + Nedal Nib,Splash 17,Accapella,2014,DLTLLY,2014-07-26,https://www.youtube.com/watch?v=0uyM6aRubkg,0uyM6aRubkg,123315.0
Pille,MisterOneTake,EOW-Tour,Accapella,2014,DLTLLY,2014-07-24,https://www.youtube.com/watch?v=PK50fr4tGLE,PK50fr4tGLE,22339.0
BDad,TWO,EOW-Tour,Accapella,2014,DLTLLY,2014-07-17,https://www.youtube.com/watch?v=NjZpYHJ97HQ,NjZpYHJ97HQ,18109.0
Proton,Koozy,EOW-Tour,Accapella,2014,DLTLLY,2014-07-11,https://www.youtube.com/watch?v=4XKC8Ps7BgI,4XKC8Ps7BgI,26868.0
Onkel Oktomusch & Die Zwetschke,DeeLah & MOH,EOW-Tour,Accapella,2014,DLTLLY,2014-07-10,https://www.youtube.com/watch?v=L5Euo3LtaoI,L5Euo3LtaoI,70860.0
Buddi,Veedel Kaztro,EOW-Tour,Accapella,2014,DLTLLY,2014-06-29,https://www.youtube.com/watch?v=FJ_w_sSBM-4,FJ_w_sSBM-4,28593.0
Mirko Fon,Kiddom,EOW-Tour,Accapella,2014,DLTLLY,2014-06-26,https://www.youtube.com/watch?v=UDoGf75NbeY,UDoGf75NbeY,9885.0
Salo,Tanguy,München,Accapella,2014,DLTLLY,2014-06-19,https://www.youtube.com/watch?v=xCGvPBzwfHk,xCGvPBzwfHk,15063.0
Seby Tone,Manny Blanco,München,Accapella,2014,DLTLLY,2014-06-15,https://www.youtube.com/watch?v=a5cH4acRj8I,a5cH4acRj8I,22985.0
MIGHTY MO,FRESH POLAKKE,BMCL,Accapella,2014,RAM,2014-06-13,https://www.youtube.com/watch?v=1G5Vmet6MPE,1G5Vmet6MPE,849538.0
Merlin,Trump,München,Accapella,2014,DLTLLY,2014-06-08,https://www.youtube.com/watch?v=cx87Qv4ZpMA,cx87Qv4ZpMA,50021.0
Jack Dragon,Davie Jones,München,Accapella,2014,DLTLLY,2014-06-05,https://www.youtube.com/watch?v=cOl4rAK_Otc,cOl4rAK_Otc,32033.0
Johnny Rakete,Philipp Quh,München,Accapella,2014,DLTLLY,2014-06-01,https://www.youtube.com/watch?v=rSc36pXcf1A,rSc36pXcf1A,86021.0
P-ZAK,DEKZTER FRO,BMCL,Accapella,2014,RAM,2014-05-30,https://www.youtube.com/watch?v=2s8hiKZcZCM,2s8hiKZcZCM,92023.0
SSYNIC,JACK DRAGON,BMCL,Accapella,2014,RAM,2014-05-21,https://www.youtube.com/watch?v=qz915i6DQ2Q,qz915i6DQ2Q,552811.0
Nestor,Pirate,Berlin,Accapella,2014,DLTLLY,2014-05-11,https://www.youtube.com/watch?v=yqORBcs5UYY,yqORBcs5UYY,11629.0
Nikiz,Doktor Dave,Berlin,Accapella,2014,DLTLLY,2014-04-27,https://www.youtube.com/watch?v=u5z_5j3cXK8,u5z_5j3cXK8,38881.0
PILLE,GOZPEL,BMCL,Accapella,2014,RAM,2014-04-25,https://www.youtube.com/watch?v=lHq-Fzsr8Ac,lHq-Fzsr8Ac,243879.0
Micky Worthless,Jean-Gough Frais,international,Accapella,2014,DLTLLY,2014-04-20,https://www.youtube.com/watch?v=OPLr7GGptLY,OPLr7GGptLY,13900.0
George Midas,Der Fischer,Berlin,Accapella,2014,DLTLLY,2014-04-13,https://www.youtube.com/watch?v=YbkN0_nETaA,YbkN0_nETaA,52082.0
RONI 87,KEX KUHL,BMCL,Accapella,2014,RAM,2014-04-11,https://www.youtube.com/watch?v=x482UpQJG4Y,x482UpQJG4Y,62800.0
Brian Damage & Harry Crotch,Proton & Roni 87,Berlin,Accapella,2014,DLTLLY,2014-04-06,https://www.youtube.com/watch?v=yn7FJYKQC2Q,yn7FJYKQC2Q,98307.0
MERLIN,MC MIRROR,BMCL,Accapella,2014,RAM,2014-03-28,https://www.youtube.com/watch?v=BKIfTyJF1lI,BKIfTyJF1lI,74002.0
RV,MIGHTY P.,BMCL,Accapella,2014,RAM,2014-03-14,https://www.youtube.com/watch?v=9NjDEMuuDpU,9NjDEMuuDpU,75961.0
Amah,Koozy,München,Accapella,2014,DLTLLY,2014-03-09,https://www.youtube.com/watch?v=HUKdpTiE85w,HUKdpTiE85w,35059.0
LeeWun,Trump,München,Accapella,2014,DLTLLY,2014-03-02,https://www.youtube.com/watch?v=q0awwVA6XtE,q0awwVA6XtE,27492.0
BRIAN DAMAGE,DROB DYNAMIC,BMCL,Accapella,2014,RAM,2014-02-28,https://www.youtube.com/watch?v=RjwrnfiUHOg,RjwrnfiUHOg,206212.0
Harry Crotch,Jack Dragon,München,Accapella,2014,DLTLLY,2014-02-23,https://www.youtube.com/watch?v=vAwL9nL2Tws,vAwL9nL2Tws,24598.0
Merlin,Mighty P,München,Accapella,2014,DLTLLY,2014-02-16,https://www.youtube.com/watch?v=pKPqvqAzf4Q,pKPqvqAzf4Q,103825.0
KOOZY,MIGHTY MO,BMCL,Accapella,2014,RAM,2014-02-14,https://www.youtube.com/watch?v=D_aQnYfvCRA,D_aQnYfvCRA,150849.0
Johnny Rakete,Duff,München,Accapella,2014,DLTLLY,2014-02-09,https://www.youtube.com/watch?v=fUvelVlxcPo,fUvelVlxcPo,104504.0
Hansen,Presto,Berlin,Accapella,2013,DLTLLY,2014-01-26,https://www.youtube.com/watch?v=YFaEYJxVZ2E,YFaEYJxVZ2E,31209.0
LE NERD,FRESH POLAKKE,BMCL,Accapella,2014,RAM,2014-01-24,https://www.youtube.com/watch?v=fJArtxDNhT4,fJArtxDNhT4,878992.0
Zero2012,Der Fischer,Berlin,Accapella,2013,DLTLLY,2014-01-19,https://www.youtube.com/watch?v=01tb9snEcZY,01tb9snEcZY,19768.0
Rino Mandingo,Breeze,Berlin,Accapella,2013,DLTLLY,2014-01-12,https://www.youtube.com/watch?v=WyB8pGBM6A8,WyB8pGBM6A8,52287.0
MC Mirror,Proton,Berlin,Accapella,2013,DLTLLY,2014-01-05,https://www.youtube.com/watch?v=jQEEjiaNiiE,jQEEjiaNiiE,23651.0
Mos Prob,Maniac,Berlin,Accapella,2013,DLTLLY,2013-12-29,https://www.youtube.com/watch?v=hY0tBCILguU,hY0tBCILguU,15252.0
P-ZAK,IRON BASIC,BMCL,Accapella,2013,RAM,2013-12-27,https://www.youtube.com/watch?v=0qAUK-MG2eg,0qAUK-MG2eg,257433.0
Brian Damage,Doktor Dave,Berlin,Accapella,2013,DLTLLY,2013-12-22,https://www.youtube.com/watch?v=XRyY1EePVF0,XRyY1EePVF0,91359.0
TIERSTAR,GREGPIPE,BMCL,Accapella,2013,RAM,2013-12-14,https://www.youtube.com/watch?v=qSQBrHXWTOY,qSQBrHXWTOY,651556.0
AMAH,MIGHTY P.,BMCL,Accapella,2013,RAM,2013-12-07,https://www.youtube.com/watch?v=pH9E5d8YsGk,pH9E5d8YsGk,73540.0
SEPARATE,TAKT32,BMCL,Accapella,2013,RAM,2013-11-15,https://www.youtube.com/watch?v=qbbibKd189w,qbbibKd189w,246144.0
LAAS UNLTD.,DROB DYNAMIC,BMCL,Accapella,2013,RAM,2013-10-25,https://www.youtube.com/watch?v=gVzPXJa4eTI,gVzPXJa4eTI,3119044.0
Kizu,Trump,Berlin,Accapella,2013,DLTLLY,2013-10-20,https://www.youtube.com/watch?v=THhMAgBOcN8,THhMAgBOcN8,19425.0
Doktor Dave,Jack Dragon,Berlin,Accapella,2013,DLTLLY,2013-10-13,https://www.youtube.com/watch?v=QB0ZXYSkZcw,QB0ZXYSkZcw,38026.0
KOOZY,FATCAP,BMCL,Accapella,2013,RAM,2013-10-10,https://www.youtube.com/watch?v=_cSsd58nwnk,_cSsd58nwnk,96899.0
Rob Really,Manekin Peace,Berlin,Accapella,2013,DLTLLY,2013-10-07,https://www.youtube.com/watch?v=7lUMhXH2ZgE,7lUMhXH2ZgE,10807.0
Brian Damage,Mighty P,Berlin,Accapella,2013,DLTLLY,2013-09-29,https://www.youtube.com/watch?v=Z3a9iIjuFmc,Z3a9iIjuFmc,62517.0
P-ZAK,BATTLEBOI BASTI,BMCL,Accapella,2013,RAM,2013-09-27,https://www.youtube.com/watch?v=6fAOSCXdMKM,6fAOSCXdMKM,1245961.0
Hansen,Kurzer Prozess,Berlin,Accapella,2013,DLTLLY,2013-09-24,https://www.youtube.com/watch?v=8Ui9Bl4LCBg,8Ui9Bl4LCBg,89547.0
TightamMic,Drob Dynamic,BMCL,Accapella,2013,RAM,2013-06-27,https://www.youtube.com/watch?v=HUIIteZgOEo,HUIIteZgOEo,137868.0
P-Zak,Drob Dynamic,BMCL,Accapella,2013,RAM,2013-06-13,https://www.youtube.com/watch?v=V_c4iLEr7VI,V_c4iLEr7VI,107363.0
Tierstar,Drob Dynamic,BMCL,Accapella,2013,RAM,2013-05-23,https://www.youtube.com/watch?v=3xIGQWw0yBc,3xIGQWw0yBc,76437.0
Tierstar,P-Zak,BMCL,Accapella,2013,RAM,2013-05-09,https://www.youtube.com/watch?v=W3ARbDcTOgA,W3ARbDcTOgA,214974.0
Le Nerd,P-Zak,BMCL,Accapella,2013,RAM,2013-04-26,https://www.youtube.com/watch?v=YR_hbQrJFBU,YR_hbQrJFBU,69097.0
Percee,Le Nerd,BMCL,Accapella,2013,RAM,2013-04-11,https://www.youtube.com/watch?v=7s6PZzdv0wg,7s6PZzdv0wg,207638.0
Karate Andi,Percee,BMCL,Accapella,2013,RAM,2013-03-29,https://www.youtube.com/watch?v=anmpoR_npR4,anmpoR_npR4,218722.0
Karate Andi,Main Moe,BMCL,Accapella,2013,RAM,2013-03-14,https://www.youtube.com/watch?v=i-oMO81YD5E,i-oMO81YD5E,347584.0
Mave,Karate Andi,BMCL,Accapella,2013,RAM,2013-02-28,https://www.youtube.com/watch?v=TxL9xYZoikE,TxL9xYZoikE,296399.0
Karate Andi,Gier,BMCL,Accapella,2013,RAM,2013-01-25,https://www.youtube.com/watch?v=6J_YbVMq6Tc,6J_YbVMq6Tc,761012.0
GIER,P-ZAK -,BMCL,Accapella,2012,RAM,2012-12-25,https://www.youtube.com/watch?v=VDxMffxIK9w,VDxMffxIK9w,112126.0
RV,P-ZAK -,BMCL,Accapella,2012,RAM,2012-12-12,https://www.youtube.com/watch?v=ZMAmrXDKC2k,ZMAmrXDKC2k,57344.0
P-ZAK,PAPI SCHLAUCH -,BMCL,Accapella,2012,RAM,2012-11-27,https://www.youtube.com/watch?v=JOE65_7ANE4,JOE65_7ANE4,30543.0
FATCAP,PAPI SCHLAUCH -,BMCL,Accapella,2012,RAM,2012-11-13,https://www.youtube.com/watch?v=0HL7X1MoDC8,0HL7X1MoDC8,27470.0
PAPI SCHLAUCH,MAIN MOE -,BMCL,Accapella,2012,RAM,2012-10-23,https://www.youtube.com/watch?v=jCugjz2O7XA,jCugjz2O7XA,43157.0
MAIN MOE,DER FISCHER -,BMCL,Accapella,2012,RAM,2012-10-09,https://www.youtube.com/watch?v=szcQuWucbf8,szcQuWucbf8,43180.0
TIGHTAMMIC,FATCAP -,BMCL,Accapella,2011,RAM,2010-10-14,https://www.youtube.com/watch?v=LTgCb1EIASk,LTgCb1EIASk,42795.0
KING FINALE VOM 04.05.2011 GIER,PIRATE,could not identify event,Accapella,2011,RAM AGGRO,2010-10-14,https://www.youtube.com/watch?v=rLsM528iCvI,rLsM528iCvI,40783.0
Noize,Gier,BMCL,Accapella,2010,RAM,2010-10-14,https://www.youtube.com/watch?v=g65YfSomyZg,g65YfSomyZg,42009.0
FATCAP,MAIN MOE -,BMCL,Accapella,2011,RAM,2010-10-14,https://www.youtube.com/watch?v=6ygV5kXXpOY,6ygV5kXXpOY,47725.0
GIER,JUSE JU -,BMCL,Accapella,2011,RAM,2010-10-14,https://www.youtube.com/watch?v=1DyxMMREZ_s,1DyxMMREZ_s,66977.0
MAIN MOE,ATZENKALLE -,BMCL,Accapella,2012,RAM,2010-10-14,https://www.youtube.com/watch?v=xHaX18xKgAg,xHaX18xKgAg,275696.0
NESTOR,PRESTO -,BMCL,Accapella,2011,RAM,2010-10-14,https://www.youtube.com/watch?v=7Id8LsNORpA,7Id8LsNORpA,18358.0
FATCAP,MAIN MOE -,BMCL,Accapella,2012,RAM,2010-10-14,https://www.youtube.com/watch?v=gGuK4lK76oU,gGuK4lK76oU,68184.0
PRESTO,TIGHTAMMIC -,BMCL,Accapella,2011,RAM,2010-10-14,https://www.youtube.com/watch?v=_zciyRJMT4I,_zciyRJMT4I,48374.0
GIER,MAIN MOE -,BMCL,Accapella,2012,RAM,2010-10-14,https://www.youtube.com/watch?v=0IoJTI3ijBw,0IoJTI3ijBw,149844.0
Tierstar,Gier,BMCL,Accapella,2010,RAM,2010-10-14,https://www.youtube.com/watch?v=wOsC6Irs9EY,wOsC6Irs9EY,33243.0
ATZENKALLE,P-ZAK -,BMCL,Accapella,2012,RAM,2010-10-14,https://www.youtube.com/watch?v=1RlrFmJgUb0,1RlrFmJgUb0,384305.0
P-ZAK,FATCAP -,BMCL,Accapella,2012,RAM,2010-10-14,https://www.youtube.com/watch?v=TXgYqbhPZbw,TXgYqbhPZbw,41202.0
GIER,TIERSTAR -,BMCL,Accapella,2011,RAM,2010-10-14,https://www.youtube.com/watch?v=2XkODGxWvfE,2XkODGxWvfE,147248.0
Tierstar,Gier,BMCL,Accapella,2010,RAM,2010-10-14,https://www.youtube.com/watch?v=Jx2HyJUI7UQ,Jx2HyJUI7UQ,58997.0
P-ZAK,TIERSTAR -,BMCL,Accapella,2011,RAM,2010-10-14,https://www.youtube.com/watch?v=tNLkPJU_3Hc,tNLkPJU_3Hc,70463.0
FURIOUS,TIERSTAR -,BMCL,Accapella,2011,RAM,2010-10-14,https://www.youtube.com/watch?v=V7xmt7en-NU,V7xmt7en-NU,28044.0
MAIN MOE,GIER -,BMCL,Accapella,2011,RAM,2010-10-14,https://www.youtube.com/watch?v=j851KMaKDyA,j851KMaKDyA,95712.0
PAPI SCHLAUCH,ATZENKALLE -,BMCL,Accapella,2012,RAM,2010-10-14,https://www.youtube.com/watch?v=3P2OojCc83A,3P2OojCc83A,275200.0
ATZENKALLE,FATCAP -,BMCL OFFICIAL HD VERSION AGGROTV,Accapella,2012,RAM,2010-10-14,https://www.youtube.com/watch?v=3_WNGbYAEGM,3_WNGbYAEGM,169669.0
TIERSTAR,MAIN MOE -,BMCL,Accapella,2012,RAM,2010-10-14,https://www.youtube.com/watch?v=7vV91Bdl96U,7vV91Bdl96U,83411.0
P-ZAK,TIERSTAR -,BMCL,Accapella,2011,RAM,2010-10-14,https://www.youtube.com/watch?v=ZVXJ36hbgRs,ZVXJ36hbgRs,45491.0
Noize,Gier,BMCL,Accapella,2010,RAM,2010-10-14,https://www.youtube.com/watch?v=ibeHNtp8Qi4,ibeHNtp8Qi4,25724.0
MAIN MOE,TIGHTAMMIC -,BMCL,Accapella,2012,RAM,2010-10-14,https://www.youtube.com/watch?v=WgyEvY6d55g,WgyEvY6d55g,56547.0
P-ZAK,FATCAP -,BMCL,Accapella,2011,RAM,2010-10-14,https://www.youtube.com/watch?v=NpQ5PfavOr4,NpQ5PfavOr4,38379.0
