Name #1,Name #2,Event,Type,Year,Channel,Uploaded,URL,ID,Views,Location,Stadt,Event 2
Morgana & Shizu,Cashus K & Mazzikaner,2on2   München,On Beat,2026,DLTLLY,2026-10-01,https://www.youtube.com/watch?v=Z427fU4jRgA,Z427fU4jRgA,8309,,,
Haszcara,Faivel,  Splash ´26,On Beat,2026,DLTLLY,2026-09-29,https://www.youtube.com/watch?v=epza8e0NCw0,epza8e0NCw0,11407,,,
PHASENKIND,YUAH,INTERVIEW,Accapella,2026,FOB,2026-09-29,https://www.youtube.com/watch?v=1cj6VstWk08,1cj6VstWk08,3521,,,
PHASENKIND,YUAH,RAP BATTLE,Accapella,2026,FOB,2026-09-29,https://www.youtube.com/watch?v=Nmt67cqH7YM,Nmt67cqH7YM,23813,,,
Yarambo,Bdad,  München,Accapella,2026,DLTLLY,2026-09-27,https://www.youtube.com/watch?v=dnRNrxgxNWM,dnRNrxgxNWM,74656,,,
Yarambo,Bdad,Das Interview zum Battle München,Accapella,2026,DLTLLY,2026-09-27,https://www.youtube.com/watch?v=XcwDDCughrk,XcwDDCughrk,12858,,,
MIKESH,SIZYPHOS,RAP BATTLE,Accapella,2026,FOB,2026-09-26,https://www.youtube.com/watch?v=-DTi_KButbQ,-DTi_KButbQ,N/A,,,
KITANA,WOLFF,INTERVIEW,Accapella,2026,FOB,2026-09-25,https://www.youtube.com/watch?v=ZKq782PlY6s,ZKq782PlY6s,21888,,,
Joseph Steinschleuder,Niza,Das Interview zum Battle München,Accapella,2026,DLTLLY,2026-09-20,https://www.youtube.com/watch?v=uynqumUoKWs,uynqumUoKWs,11395,,,
Joseph Steinschleuder,Niza,  München,Accapella,2026,DLTLLY,2026-09-20,https://www.youtube.com/watch?v=L1P2iNzFgk8,L1P2iNzFgk8,48966,,,
HERR SÖREN,FLIMMER,RAP BATTLE,Accapella,2026,FOB,2026-09-18,https://www.youtube.com/watch?v=Whqrd-VxEOw,Whqrd-VxEOw,12463,,,
L-SUPREMA,ZATO,RAP BATTLE,Accapella,2026,FOB,2026-09-17,https://www.youtube.com/watch?v=qPugGiQc2q8,qPugGiQc2q8,N/A,,,
Mighty P,Pusha,  Splash ´26,On Beat,2026,DLTLLY,2026-09-17,https://www.youtube.com/watch?v=LTW6bwfUSJ4,LTW6bwfUSJ4,20471,,,
ENYO,TAREK,RAP BATTLE,Accapella,2026,FOB,2026-09-15,https://www.youtube.com/watch?v=HLlDSLiflR4,HLlDSLiflR4,N/A,,,
LEROU,VETO,RAP BATTLE,Accapella,2026,FOB,2026-09-15,https://www.youtube.com/watch?v=TPKcgVGSf2Y,TPKcgVGSf2Y,N/A,,,
H1,KAZRAEL,RAP BATTLE,Accapella,2026,FOB,2026-09-15,https://www.youtube.com/watch?v=ivpY6cy2A9k,ivpY6cy2A9k,N/A,,,
GERRO,MUSIO,RAP BATTLE,Accapella,2026,FOB,2026-09-15,https://www.youtube.com/watch?v=N0jberfOjcc,N0jberfOjcc,N/A,,,
CALLI,FAIVEL,RAP BATTLE,Accapella,2026,FOB,2026-09-15,https://www.youtube.com/watch?v=oeNCc4KUSPM,oeNCc4KUSPM,N/A,,,
CAPTAIN SÄGE,ZOLA,RAP BATTLE,Accapella,2026,FOB,2026-09-15,https://www.youtube.com/watch?v=2AOHE79_6Og,2AOHE79_6Og,N/A,,,
DER SANDMANN,WANDELBARZ,RAP BATTLE,Accapella,2026,FOB,2026-09-15,https://www.youtube.com/watch?v=LVMQdEgyG2A,LVMQdEgyG2A,N/A,,,
WALTER DER G,RIESENLAUCH,RAP BATTLE,Accapella,2026,FOB,2026-09-15,https://www.youtube.com/watch?v=enJ2ErrrlT0,enJ2ErrrlT0,N/A,,,
FYNN,FATE,RAP BATTLE,Accapella,2026,FOB,2026-09-15,https://www.youtube.com/watch?v=ZG6bLe52I4M,ZG6bLe52I4M,N/A,,,
CASHUS K,VON FELIX,RAP BATTLE,Accapella,2026,FOB,2026-09-15,https://www.youtube.com/watch?v=OlTbg-M33F4,OlTbg-M33F4,N/A,,,
LYLYTH,LONZO,RAP BATTLE,Accapella,2026,FOB,2026-09-15,https://www.youtube.com/watch?v=fI-tfwo8Q3A,fI-tfwo8Q3A,N/A,,,
HARDRADA - ONE ROUNDER (,APATUAL),RAP BATTLE,Accapella,2026,FOB,2026-09-15,https://www.youtube.com/watch?v=JPuXijwxHSo,JPuXijwxHSo,N/A,,,
Zeuge,Riesenlauch,  München,Accapella,2026,DLTLLY,2026-09-13,https://www.youtube.com/watch?v=FbxfJFvinzY,FbxfJFvinzY,31917,,,
BONG TEGGY,NATIF,FACE-OFF,Accapella,2026,FOB,2026-09-12,https://www.youtube.com/watch?v=sp0neWkCrjM,sp0neWkCrjM,32962,,,
BAULT,RIESENLAUCH,RAP BATTLE,Accapella,2026,FOB,2026-09-08,https://www.youtube.com/watch?v=Hf_t30pOxIE,Hf_t30pOxIE,40012,,,
YUAH,NASTIC,GAMESCOM RAP BATTLE,Accapella,2026,FOB,2026-09-08,https://www.youtube.com/watch?v=qvRk6YZIIac,qvRk6YZIIac,N/A,,,
SAM SOULJAH,PAROSE,RAP BATTLE,Accapella,2026,FOB,2026-09-07,https://www.youtube.com/watch?v=K_-_Q-eCNTk,K_-_Q-eCNTk,N/A,,,
Gerro,Enyo,  München,Accapella,2026,DLTLLY,2026-09-06,https://www.youtube.com/watch?v=G9dK5hjg_yY,G9dK5hjg_yY,41521,,,
JOSEPH STEINSCHLEUDER,JIZI,RAP BATTLE,Accapella,2026,FOB,2026-08-28,https://www.youtube.com/watch?v=OWjZ1rKUdY4,OWjZ1rKUdY4,145079,,,
JOSEPH STEINSCHLEUDER,JIZI,INTERVIEW,Accapella,2026,FOB,2026-08-28,https://www.youtube.com/watch?v=GCbBPX6U8Uw,GCbBPX6U8Uw,15585,,,
Lex177,AMS,   Overload,On Beat,2026,DLTLLY,2026-08-27,https://www.youtube.com/watch?v=KinnuU4vtyg,KinnuU4vtyg,17595,,,
WOLFF,KITANA,RAP BATTLE,Accapella,2026,FOB,2026-08-23,https://www.youtube.com/watch?v=LAiHiEcKpic,LAiHiEcKpic,75921,,,
Neilz & Veto,Fynn & Faivel,2on2  München,Accapella,2026,DLTLLY,2026-08-23,https://www.youtube.com/watch?v=w6cctGAqO_U,w6cctGAqO_U,40482,,,
FYNN,TICC,BATTLERAP QUIZ,Accapella,2026,FOB,2026-08-23,https://www.youtube.com/watch?v=g-6YPMNcbfM,g-6YPMNcbfM,4907,,,
JÄL,MZUDEMK,RAP BATTLE,Accapella,2026,FOB,2026-08-21,https://www.youtube.com/watch?v=FGEuFL7pC9s,FGEuFL7pC9s,83365,,,
JÄL,MZUDEMK,INTERVIEW,Accapella,2026,FOB,2026-08-21,https://www.youtube.com/watch?v=dc94LS1h-WY,dc94LS1h-WY,19477,,,
Fate,Zato,   Overload,On Beat,2026,DLTLLY,2026-08-20,https://www.youtube.com/watch?v=rNW-pKZctes,rNW-pKZctes,12493,,,
Yuah,MzudemK,Das Interview zum Battle,Accapella,2026,DLTLLY,2026-08-16,https://www.youtube.com/watch?v=1TryIt4Ifp8,1TryIt4Ifp8,37551,,,
Yuah,MzudemK,  AufTakt Turnier Halbfinale,On Beat,2026,DLTLLY,2026-08-16,https://www.youtube.com/watch?v=qrrxkFWXwtU,qrrxkFWXwtU,258510,,,
BUNGEE,SA7VA,RAP BATTLE,Accapella,2026,FOB,2026-08-14,https://www.youtube.com/watch?v=YTYh1Rv79mA,YTYh1Rv79mA,4035,,,
Clockwork,Nema,   Overload,On Beat,2026,DLTLLY,2026-08-13,https://www.youtube.com/watch?v=Fk3ydkKihFQ,Fk3ydkKihFQ,5119,,,
Requiem,Kitana,Das Interview zum Battle,Accapella,2026,DLTLLY,2026-08-09,https://www.youtube.com/watch?v=GZSS71EMh58,GZSS71EMh58,16101,,,
Requiem,Kitana,  AufTakt Turnier Halbfinale,On Beat,2026,DLTLLY,2026-08-09,https://www.youtube.com/watch?v=pk96wkqBBuE,pk96wkqBBuE,83689,,,
SIRG,CAPTAIN SÄGE,RAP BATTLE,Accapella,2026,FOB,2026-08-07,https://www.youtube.com/watch?v=XR9HTuOpnKI,XR9HTuOpnKI,4865,,,
Stylz,Dr. Docs,   Overload,On Beat,2026,DLTLLY,2026-08-06,https://www.youtube.com/watch?v=JatKpzj7LbY,JatKpzj7LbY,5847,,,
ALEX STOLDT,YORICK THIEDE,BATTLERAP QUIZ,Accapella,2026,FOB,2026-08-04,https://www.youtube.com/watch?v=K4wIut76wLw,K4wIut76wLw,16437,,,
Nasty,Shate,   Overload,On Beat,2026,DLTLLY,2026-08-04,https://www.youtube.com/watch?v=THPglEVRglU,THPglEVRglU,5962,,,
MC Geuner,Fynn,  One Night Stand Hannover,Accapella,2026,DLTLLY,2026-08-02,https://www.youtube.com/watch?v=FxgfvgO9ILU,FxgfvgO9ILU,29143,,,
KIRUMA,REQUIEM,INTERVIEW,Accapella,2026,FOB,2026-07-31,https://www.youtube.com/watch?v=aPWbAJYxabw,aPWbAJYxabw,5028,,,
REQUIEM,KIRUMA,RAP BATTLE,Accapella,2026,FOB,2026-07-31,https://www.youtube.com/watch?v=4sh65wui_Co,4sh65wui_Co,47636,,,
2ocke,L-Suprema,   Overload,On Beat,2026,DLTLLY,2026-07-30,https://www.youtube.com/watch?v=5fKmuXggZpM,5fKmuXggZpM,25163,,,
NEILZ,CRAZE,BATTLERAP QUIZ,Accapella,2026,FOB,2026-07-29,https://www.youtube.com/watch?v=MrcnKD4pPII,MrcnKD4pPII,8582,,,
Neilz,Joseph Steinschleuder,  MAYhem 9,Accapella,2026,DLTLLY,2026-07-26,https://www.youtube.com/watch?v=8OAbSNVmNlI,8OAbSNVmNlI,97388,,,
ŌKAMI,CAPTAIN SÄGE,BEATBOX BATTLE,Accapella,2026,FOB,2026-07-24,https://www.youtube.com/watch?v=ZAx7kqWMKjM,ZAx7kqWMKjM,4056,,,
BertlB,Filo,   Overload,On Beat,2026,DLTLLY,2026-07-21,https://www.youtube.com/watch?v=GhJs4ayqtlY,GhJs4ayqtlY,6637,,,
ZEPTAH,DJIBY,RAP BATTLE,Accapella,2026,FOB,2026-07-14,https://www.youtube.com/watch?v=3GsM6N3FcUM,3GsM6N3FcUM,7940,,,
Hiding John,Kato,Das Interview zum Battle,Accapella,2026,DLTLLY,2026-07-05,https://www.youtube.com/watch?v=Zk-tZ5JkFac,Zk-tZ5JkFac,28182,,,
HIDING JOHN,KATO,🏆 Titlematch 🏆 2026 MAYhem 9,Accapella,2026,DLTLLY,2026-07-05,https://www.youtube.com/watch?v=FbnEx-taxzE,FbnEx-taxzE,133323,,,
FAIVEL,MILO,RAP BATTLE,Accapella,2026,FOB,2026-07-03,https://www.youtube.com/watch?v=7HnahEogrrU,7HnahEogrrU,4009,,,
PA SPORTS,???,Matchup Reveal,Accapella,2026,DLTLLY,2026-06-30,https://www.youtube.com/watch?v=GacefTqdX9Q,GacefTqdX9Q,83836,,,
Bdad,Bong Teggy,Das Interview zum Battle One Night Stand Hannover,Accapella,2026,DLTLLY,2026-06-28,https://www.youtube.com/watch?v=_WUzp_nt6SI,_WUzp_nt6SI,19265,,,
Bdad,Bong Teggy,  One Night Stand Hannover,Accapella,2026,DLTLLY,2026-06-28,https://www.youtube.com/watch?v=6iPV29ICcvY,6iPV29ICcvY,124148,,,
YOUNG KENNEDY,DER SANDMANN,RAP BATTLE,Accapella,2026,FOB,2026-06-26,https://www.youtube.com/watch?v=m4-hFITahgM,m4-hFITahgM,8252,,,
BATTLERAP GERTI,F!O,RAP BATTLE,Accapella,2026,FOB,2026-06-24,https://www.youtube.com/watch?v=gf0fM4bPxrk,gf0fM4bPxrk,13512,,,
Onkel Oktomusch,Jizi,  One Night Stand Hannover,Accapella,2026,DLTLLY,2026-06-21,https://www.youtube.com/watch?v=K8Cz4FHQYE0,K8Cz4FHQYE0,50362,,,
FYNN,WANDELBARZ,RAP BATTLE,Accapella,2026,FOB,2026-06-19,https://www.youtube.com/watch?v=__M8b36irRg,__M8b36irRg,17750,,,
Bault,Kriso,  One Night Stand Hannover,Accapella,2026,DLTLLY,2026-06-18,https://www.youtube.com/watch?v=wgpHn5IV4Ok,wgpHn5IV4Ok,14744,,,
Schote,Lucs,  Stuttgart,On Beat,2026,DLTLLY,2026-06-16,https://www.youtube.com/watch?v=ejqd2c-fPuc,ejqd2c-fPuc,13610,,,
Vyrus,Davie Jones,Das Interview zum Battle One Night Stand Hannover,Accapella,2026,DLTLLY,2026-06-14,https://www.youtube.com/watch?v=qcgfwnvNCb4,qcgfwnvNCb4,5087,,,
Vyrus,Davie Jones,  One Night Stand Hannover,Accapella,2026,DLTLLY,2026-06-14,https://www.youtube.com/watch?v=sL8zsLGBnpg,sL8zsLGBnpg,61974,,,
MC GEUNER,BAULT,RAP BATTLE,Accapella,2026,FOB,2026-06-12,https://www.youtube.com/watch?v=TsKszFVq5rQ,TsKszFVq5rQ,16861,,,
Wolff,Karkobi,  Stuttgart,Accapella,2026,DLTLLY,2026-06-07,https://www.youtube.com/watch?v=LWug3_KKfq8,LWug3_KKfq8,43380,,,
Wolff,Karkobi,Das Interview zum Battle Stuttgart,Accapella,2026,DLTLLY,2026-06-07,https://www.youtube.com/watch?v=KSOeIX1ebvA,KSOeIX1ebvA,5490,,,
RIESENLAUCH,BAULT,FACE-OFF,Accapella,2026,FOB,2026-06-07,https://www.youtube.com/watch?v=oeoN1BPA2jc,oeoN1BPA2jc,3481,,,
BDAD,NEILZ,RAP BATTLE,Accapella,2026,FOB,2026-06-05,https://www.youtube.com/watch?v=B17aVZQSv0s,B17aVZQSv0s,44492,,,
Phasenkind,Requiem,  AufTakt Turnier Viertelfinale,On Beat,2026,DLTLLY,2026-06-04,https://www.youtube.com/watch?v=UJ8mDq0AL2g,UJ8mDq0AL2g,41174,,,
BX,Jäl,  Stuttgart,Accapella,2026,DLTLLY,2026-05-31,https://www.youtube.com/watch?v=xEvCsDglOzY,xEvCsDglOzY,13800,,,
KITANA,WOLFF,FACE-OFF,Accapella,2026,FOB,2026-05-31,https://www.youtube.com/watch?v=aLwVHJV0fbU,aLwVHJV0fbU,18157,,,
OREGANO,DANNY DEADWEIGHT,RAP BATTLE,Accapella,2026,FOB,2026-05-29,https://www.youtube.com/watch?v=pKNO2GcnXLY,pKNO2GcnXLY,36904,,,
Kitana,Liuz,  AufTakt Turnier Viertelfinale,On Beat,2026,DLTLLY,2026-05-28,https://www.youtube.com/watch?v=2SWOJoAL_eo,2SWOJoAL_eo,53091,,,
Burst + T-Way,Baretta + Valik,2on2  Stuttgart,Accapella,2026,DLTLLY,2026-05-24,https://www.youtube.com/watch?v=r_VnKhLvPLE,r_VnKhLvPLE,9125,,,
MZUDEMK,JÄL,FACE-OFF,Accapella,2026,FOB,2026-05-24,https://www.youtube.com/watch?v=RVKuk3aPKtk,RVKuk3aPKtk,17080,,,
Shortworth,Kid Soldier,Battlerap.de,Accapella,2026,DLTLLY,2026-05-22,https://www.youtube.com/watch?v=HwwG26qxNVE,HwwG26qxNVE,9808,,,
Real Deal,Marlo,Battlerap.de,Accapella,2026,DLTLLY,2026-05-22,https://www.youtube.com/watch?v=SWGILQ1S7kM,SWGILQ1S7kM,14230,,,
Hiding John,Kato,Battlerap.de,Accapella,2026,DLTLLY,2026-05-22,https://www.youtube.com/watch?v=XFWQxZKp2Js,XFWQxZKp2Js,35995,,,
Neilz,Joseph Steinschleuder,Battlerap.de,Accapella,2026,DLTLLY,2026-05-22,https://www.youtube.com/watch?v=HoBsRdYeJrk,HoBsRdYeJrk,26599,,,
AMS,KARKOBI,RAP BATTLE,Accapella,2026,FOB,2026-05-22,https://www.youtube.com/watch?v=ZKuC5GjmQgE,ZKuC5GjmQgE,17950,,,
Yuah,Aladin,  AufTakt Turnier Viertelfinale,On Beat,2026,DLTLLY,2026-05-21,https://www.youtube.com/watch?v=lW-orRYSMn4,lW-orRYSMn4,28663,,,
MECHTHILD,GENEROUSISI,RAP BATTLE,Accapella,2026,FOB,2026-05-20,https://www.youtube.com/watch?v=8dCkX2KFzHg,8dCkX2KFzHg,2922,,,
Niza + Karma,Ryko + LuckyLily,2on2  Frankfurt,Accapella,2026,DLTLLY,2026-05-17,https://www.youtube.com/watch?v=-72s30AKbkY,-72s30AKbkY,98835,,,
Niza + Karma,Ryko + LuckyLily,Das Interview zum Battle,Accapella,2026,DLTLLY,2026-05-17,https://www.youtube.com/watch?v=okfrjaroqdY,okfrjaroqdY,17116,,,
Andres Kaliba,MzudemK,  AufTakt Turnier Viertelfinale,On Beat,2026,DLTLLY,2026-05-14,https://www.youtube.com/watch?v=aNn9ez8LvT8,aNn9ez8LvT8,132738,,,
STYLZ,LAVANDIA,RAP BATTLE,Accapella,2026,FOB,2026-05-12,https://www.youtube.com/watch?v=udRBn6CgHPM,udRBn6CgHPM,2128,,,
Mikesh,Kato,  Frankfurt,Accapella,2026,DLTLLY,2026-05-10,https://www.youtube.com/watch?v=piqxjN77la8,piqxjN77la8,141703,,,
Mikesh,Kato,Das Interview zum Battle,Accapella,2026,DLTLLY,2026-05-10,https://www.youtube.com/watch?v=52EI0IaValk,52EI0IaValk,25789,,,
FYNN,HARLEM T,RAP BATTLE,Accapella,2026,FOB,2026-05-08,https://www.youtube.com/watch?v=CyB2-D2_7JQ,CyB2-D2_7JQ,11410,,,
Tao,Lavas,  Proving Grounds  Only 2025,On Beat,2025,DLTLLY,2026-05-05,https://www.youtube.com/watch?v=3Bl_imkNaS4,3Bl_imkNaS4,12044,,,
Gregpipe + Patrick Enemy,Ano-nym + Karkobi,Das Interview zum Battle,Accapella,2026,DLTLLY,2026-05-03,https://www.youtube.com/watch?v=31wUPlvyB50,31wUPlvyB50,13999,,,
Gregpipe + Patrick Enemy,Ano-nym + Karkobi,2on2  Frankfurt,Accapella,2026,DLTLLY,2026-05-03,https://www.youtube.com/watch?v=2n-m5WBeBcg,2n-m5WBeBcg,91837,,,
TEACH,JEPAIN,RAP BATTLE,Accapella,2026,FOB,2026-05-01,https://www.youtube.com/watch?v=xcwMwQtWUIU,xcwMwQtWUIU,3713,,,
Yumi,Lyt,  Proving Grounds  Only 2025,On Beat,2025,DLTLLY,2026-04-30,https://www.youtube.com/watch?v=ciHXMFAoN-o,ciHXMFAoN-o,7277,,,
Rool,Malik,  Proving Grounds,Accapella,2026,DLTLLY,2026-04-28,https://www.youtube.com/watch?v=4JL8V9Pt50A,4JL8V9Pt50A,5703,,,
Karanova,Meidi,  Frankfurt,Accapella,2026,DLTLLY,2026-04-26,https://www.youtube.com/watch?v=jaONe5sI0HE,jaONe5sI0HE,100195,,,
Karanova,Meidi,Das Interview zum Battle,Accapella,2026,DLTLLY,2026-04-26,https://www.youtube.com/watch?v=pO_MEo9fCwA,pO_MEo9fCwA,15264,,,
MUSIO,DER SANDMANN,RAP BATTLE,Accapella,2026,FOB,2026-04-24,https://www.youtube.com/watch?v=SAXHRzyTTSY,SAXHRzyTTSY,5966,,,
Maxman,Pusha,  Proving Grounds  Only 2025,On Beat,2025,DLTLLY,2026-04-23,https://www.youtube.com/watch?v=nqRPp2OhT5E,nqRPp2OhT5E,4950,,,
Big Lion,Nour,  Proving Grounds,Accapella,2026,DLTLLY,2026-04-21,https://www.youtube.com/watch?v=8NaMnrNKzVo,8NaMnrNKzVo,7101,,,
Fate,Young Kennedy,  Frankfurt,Accapella,2026,DLTLLY,2026-04-19,https://www.youtube.com/watch?v=9yw56D1lhcY,9yw56D1lhcY,15720,,,
TEACH,RIESENLAUCH,RAP BATTLE,Accapella,2026,FOB,2026-04-17,https://www.youtube.com/watch?v=lDF9dH1LFXw,lDF9dH1LFXw,6615,,,
Stormy,FEEL.ikx,  Proving Grounds  Only 2025,On Beat,2025,DLTLLY,2026-04-16,https://www.youtube.com/watch?v=6lUlDGvcq8U,6lUlDGvcq8U,4401,,,
Der Sergeant,Mazzikaner,  Proving Grounds  Only 2025,On Beat,2025,DLTLLY,2026-04-14,https://www.youtube.com/watch?v=oNawmdGv6_c,oNawmdGv6_c,7426,,,
Vyrus,Aytee,Interview zum Battle Berlin &#39;26,Accapella,2026,DLTLLY,2026-04-12,https://www.youtube.com/watch?v=2hvdEHwSlfI,2hvdEHwSlfI,24015,,,
VYRUS,AYTEE,🏆 ON BEAT TITLE MATCH 2026 🏆,On Beat,2026,DLTLLY,2026-04-12,https://www.youtube.com/watch?v=vizVXmWnlRM,vizVXmWnlRM,196970,,,
TAREK,LYT,TEXT-TAUSCH,Accapella,2026,FOB,2026-04-10,https://www.youtube.com/watch?v=fIaTUgqGShM,fIaTUgqGShM,3378,,,
Broody,Ottik,  Proving Grounds,Accapella,2026,DLTLLY,2026-04-09,https://www.youtube.com/watch?v=pMpOA6WncXk,pMpOA6WncXk,7355,,,
Jepain,Capco Jones,  Kassel 2026,Accapella,2026,DLTLLY,2026-04-05,https://www.youtube.com/watch?v=xTFdaGQmQQI,xTFdaGQmQQI,8467,,,
DARKI,DOPA MANOR,RAP BATTLE,Accapella,2026,FOB,2026-04-03,https://www.youtube.com/watch?v=mYu6hRlxOqo,mYu6hRlxOqo,3621,,,
Jilly,Tao,  Proving Grounds,Accapella,2026,DLTLLY,2026-04-02,https://www.youtube.com/watch?v=EdO7RtrbH0g,EdO7RtrbH0g,8097,,,
MC Gefühle,Roger Rapperer,  Zürich,Accapella,2026,DLTLLY,2026-03-31,https://www.youtube.com/watch?v=s_mAiyK4VC4,s_mAiyK4VC4,6478,,,
Neilz,Indoor Stan,  Kassel 2026,Accapella,2026,DLTLLY,2026-03-29,https://www.youtube.com/watch?v=jfV8k2d7IKs,jfV8k2d7IKs,52080,,,
GERRO,FYNN,RAP BATTLE,Accapella,2026,FOB,2026-03-27,https://www.youtube.com/watch?v=ByKkUYVQTUg,ByKkUYVQTUg,8304,,,
LAB,24Dias,  Zürich,Accapella,2026,DLTLLY,2026-03-26,https://www.youtube.com/watch?v=2qfsQ-xhVeo,2qfsQ-xhVeo,4956,,,
Yuah,Ticc,  AufTakt Turnier Achtelfinale,On Beat,2026,DLTLLY,2026-03-22,https://www.youtube.com/watch?v=qbtd7vypKFs,qbtd7vypKFs,65502,,,
PHASENKIND,CALLI,RAP BATTLE,Accapella,2026,FOB,2026-03-20,https://www.youtube.com/watch?v=jP7NNrIsUok,jP7NNrIsUok,25448,,,
Shorteh Taunton,Phasenkind,  AufTakt Turnier Achtelfinale,On Beat,2026,DLTLLY,2026-03-19,https://www.youtube.com/watch?v=1GTBGIhTlnM,1GTBGIhTlnM,36180,,,
Rager,Liuz,  AufTakt Turnier Achtelfinale,On Beat,2026,DLTLLY,2026-03-17,https://www.youtube.com/watch?v=-1qXIraxtxg,-1qXIraxtxg,18922,,,
Kitana,Lex177,🎤,On Beat,2026,DLTLLY,2026-03-15,https://www.youtube.com/watch?v=N2oySb3MHQM,N2oySb3MHQM,71126,,,
SA7VA,PURP DIVISION,RAP BATTLE,Accapella,2026,FOB,2026-03-15,https://www.youtube.com/watch?v=Rwuy2cTGVAk,Rwuy2cTGVAk,2058,,,
Aladin,Emenes,  AufTakt Turnier Achtelfinale,On Beat,2026,DLTLLY,2026-03-13,https://www.youtube.com/watch?v=Z4Hsh4zO-ZM,Z4Hsh4zO-ZM,28594,,,
MORGANA,ALLE (AMS T-WAY BARETTA GENEROUSISI),RAP BATTLE,Accapella,2026,FOB,2026-03-13,https://www.youtube.com/watch?v=-joYyO0kdc4,-joYyO0kdc4,15197,,,
Requiem,Jioni,  AufTakt Turnier Achtelfinale,On Beat,2026,DLTLLY,2026-03-11,https://www.youtube.com/watch?v=w8F4A98RGS8,w8F4A98RGS8,22924,,,
Papi Schlauch,Kiruma,Das Interview zum Battle Kassel 2026,Accapella,2026,DLTLLY,2026-03-09,https://www.youtube.com/watch?v=RfzJa_Z8iyQ,RfzJa_Z8iyQ,5181,,,
David Ardor,Der Sandmann,  Proving Grounds,Accapella,2026,DLTLLY,2026-03-09,https://www.youtube.com/watch?v=fHaEDXoca-o,fHaEDXoca-o,5483,,,
Papi Schlauch,Kiruma,  Kassel 2026,Accapella,2026,DLTLLY,2026-03-08,https://www.youtube.com/watch?v=E8cP9xoVsCU,E8cP9xoVsCU,58176,,,
JÄL,VON FELIX,RAP BATTLE,Accapella,2026,FOB,2026-03-08,https://www.youtube.com/watch?v=uKR88ylR1Vc,uKR88ylR1Vc,24316,,,
Morgana,Yuah,  Battlerap Taxi BDay Bash 2025,On Beat,2025,DLTLLY,2026-03-07,https://www.youtube.com/watch?v=NxlVkP2VFLU,NxlVkP2VFLU,18473,,,
VYRUS,MZUDEMK,RAP BATTLE,Accapella,2026,FOB,2026-03-06,https://www.youtube.com/watch?v=JKbzDt5CgH0,JKbzDt5CgH0,173127,,,
Yuah,Zeptah,  Feel Festival 2025,On Beat,2025,DLTLLY,2026-03-06,https://www.youtube.com/watch?v=O7XAXsCXZj0,O7XAXsCXZj0,22469,,,
Neilz,Notyzze,  Hamburg,Accapella,2026,DLTLLY,2026-03-05,https://www.youtube.com/watch?v=lKlvY2CP-Fw,lKlvY2CP-Fw,26092,,,
JAVAS,LUI,RAP BATTLE,Accapella,2026,FOB,2026-03-04,https://www.youtube.com/watch?v=8-w81NCjNCw,8-w81NCjNCw,1805,,,
Nastic,MzudemK,AufTakt - Das  Battlerap-Turnier,On Beat,2026,DLTLLY,2026-03-01,https://www.youtube.com/watch?v=ofXnIpxuD5Q,ofXnIpxuD5Q,102858,,,
ZEPTAH,TICC,RAP BATTLE,Accapella,2026,FOB,2026-02-27,https://www.youtube.com/watch?v=ZPPU1i7ktus,ZPPU1i7ktus,56853,,,
Young Kennedy,Aladin,  Proving Grounds  Only 2025,On Beat,2025,DLTLLY,2026-02-26,https://www.youtube.com/watch?v=nnRbVliegmw,nnRbVliegmw,8808,,,
Rager,Yuah,  Proving Grounds  Only ´25,On Beat,2026,DLTLLY,2026-02-24,https://www.youtube.com/watch?v=fODwwlJUTnM,fODwwlJUTnM,12800,,,
Notyzze,Robscure,  Kassel 2026,Accapella,2026,DLTLLY,2026-02-22,https://www.youtube.com/watch?v=FoRNSLmihwk,FoRNSLmihwk,35341,,,
Aladin,Mighty P,  Battlerap Taxi BDay Bash 2025,On Beat,2025,DLTLLY,2026-02-21,https://www.youtube.com/watch?v=1LNFby1VNu0,1LNFby1VNu0,7843,,,
CIPHER,MOKO,RAP BATTLE,Accapella,2026,FOB,2026-02-20,https://www.youtube.com/watch?v=dJ8CEOmL608,dJ8CEOmL608,2816,,,
Jäl,Mellow,🗣,Accapella,2026,DLTLLY,2026-02-15,https://www.youtube.com/watch?v=WXIuer5Oml4,WXIuer5Oml4,16486,,,
ZATO,H1,RAP BATTLE,Accapella,2026,FOB,2026-02-13,https://www.youtube.com/watch?v=MuUfSc36_6U,MuUfSc36_6U,11787,,,
Riesenlauch,MC Geuner,  Dissember 9,Accapella,2026,DLTLLY,2026-02-08,https://www.youtube.com/watch?v=5sxyiKeEYNs,5sxyiKeEYNs,40249,,,
MAVERICK MILES,L-SUPREMA,RAP BATTLE,Accapella,2026,FOB,2026-02-06,https://www.youtube.com/watch?v=rfY5kj8srUY,rfY5kj8srUY,6652,,,
RICOCHET,SILVER,RAP BATTLE,Accapella,2026,FOB,2026-02-01,https://www.youtube.com/watch?v=ekmefY3pxG0,ekmefY3pxG0,4043,,,
Fate,Shortworth,  Dissember 9,Accapella,2026,DLTLLY,2026-02-01,https://www.youtube.com/watch?v=aCCscEorf2w,aCCscEorf2w,29349,,,
GEMIN1,JOSEPH STEINSCHLEUDER,RAP BATTLE ENGLISH,Accapella,2026,FOB,2026-01-30,https://www.youtube.com/watch?v=ka-zuxLIE_A,ka-zuxLIE_A,27043,,,
Meidi,Robscure,Das Interview zum Battle,Accapella,2026,DLTLLY,2026-01-25,https://www.youtube.com/watch?v=YMvNjnH6hbQ,YMvNjnH6hbQ,10497,,,
Meidi,Robscure,  München 2025,Accapella,2025,DLTLLY,2026-01-25,https://www.youtube.com/watch?v=wmnWMO8RvBQ,wmnWMO8RvBQ,61319,,,
BURST & T-WAY,HIDING JOHN & HEINZ87,RAP BATTLE,Accapella,2026,FOB,2026-01-23,https://www.youtube.com/watch?v=zjRJDG0Xn_Q,zjRJDG0Xn_Q,17979,,,
Ripa,Hoodoo,  Proving Grounds,Accapella,2026,DLTLLY,2026-01-22,https://www.youtube.com/watch?v=4nEjyUsmMvg,4nEjyUsmMvg,4199,,,
Dyas,Baretta,  Battlerap Taxi BDay Bash 2025,On Beat,2025,DLTLLY,2026-01-20,https://www.youtube.com/watch?v=LkTHgzc4mwg,LkTHgzc4mwg,6653,,,
Jäl,Frozen,could not identify event,Accapella,2026,DLTLLY,2026-01-18,https://www.youtube.com/watch?v=Z9mdqmXnDnM,Z9mdqmXnDnM,12247,,,
KATER99,SA7VA,RAP BATTLE,Accapella,2026,FOB,2026-01-16,https://www.youtube.com/watch?v=6ExQMS0Po20,6ExQMS0Po20,3746,,,
Dascha,Mave,  Hamburg,Accapella,2026,DLTLLY,2026-01-13,https://www.youtube.com/watch?v=P8bFGQP2P4k,P8bFGQP2P4k,28391,,,
Davie Jones,Kitana,Das Interview zum Battle,Accapella,2026,DLTLLY,2026-01-11,https://www.youtube.com/watch?v=cmdMkO1KqVI,cmdMkO1KqVI,13902,,,
Davie Jones,Kitana,  München 2025,Accapella,2025,DLTLLY,2026-01-11,https://www.youtube.com/watch?v=lg04k4t6rmQ,lg04k4t6rmQ,94129,,,
MÄST,TESSTIMONY,RAP BATTLE,Accapella,2026,FOB,2026-01-11,https://www.youtube.com/watch?v=roEE44_9vT4,roEE44_9vT4,3917,,,
TAREK,MAMO,RAP BATTLE,Accapella,2026,FOB,2026-01-09,https://www.youtube.com/watch?v=7u4sLILDFkg,7u4sLILDFkg,4102,,,
Shizu,Requiem,  München 2025,Accapella,2025,DLTLLY,2026-01-04,https://www.youtube.com/watch?v=G58OamfHFF4,G58OamfHFF4,31650,,,
MOODY,WANDELBARZ,RAP BATTLE,Accapella,2026,FOB,2026-01-02,https://www.youtube.com/watch?v=3PKu2m4H8vc,3PKu2m4H8vc,10297,,,
🥶 SSYNIC,BEASTBOY #dltlly Duration:PT1M45S Uploaded:2025-12-31 Views:32184 Channel:DLTLLY,battlerap culture Thumbnail:https:,Accapella,2025,DLTLLY,2025-12-31,https://www.youtube.com/watch?v=5Dh1E_ojpus,5Dh1E_ojpus,1581766,,,
Ssynic,Beastboy,Das Interview zum Battle,Accapella,2025,DLTLLY,2025-12-28,https://www.youtube.com/watch?v=9u3vcQdMjeU,9u3vcQdMjeU,269176,,,
BEASTBOY,SSYNIC,could not identify event,Accapella,2025,DLTLLY,2025-12-28,https://www.youtube.com/watch?v=q6vZn31er_8,q6vZn31er_8,1244161,,,
FAIVEL,CAPCO JONES,RAP BATTLE,Accapella,2025,FOB,2025-12-26,https://www.youtube.com/watch?v=qQDPoPyCtw0,qQDPoPyCtw0,7724,,,
F!O,DANDROID,RAP BATTLE,Accapella,2025,FOB,2025-12-24,https://www.youtube.com/watch?v=D1OHI0iDq4U,D1OHI0iDq4U,14254,,,
Young Kennedy,Gerro,  München 2025,Accapella,2025,DLTLLY,2025-12-24,https://www.youtube.com/watch?v=w1eGiZ53t3o,w1eGiZ53t3o,15138,,,
Musio,Schlawin0r,  München 2025,Accapella,2025,DLTLLY,2025-12-21,https://www.youtube.com/watch?v=yTmz0h0MajE,yTmz0h0MajE,11263,,,
Allmani,Oudhini,  Zürich,Accapella,2025,DLTLLY,2025-12-20,https://www.youtube.com/watch?v=WEm3ENIce48,WEm3ENIce48,6885,,,
MERLIN,BONG TEGGY,RAP BATTLE,Accapella,2025,FOB,2025-12-19,https://www.youtube.com/watch?v=M15yikG8_wg,M15yikG8_wg,66955,,,
ZATO,TRIPLE,FREESTYLE BATTLE,Accapella,2025,FOB,2025-12-14,https://www.youtube.com/watch?v=xkK9n7Et5mA,xkK9n7Et5mA,2826,,,
Cashus K & Mazzikaner,Pennakind & Tyler Bourbon,2on2  München,Accapella,2025,DLTLLY,2025-12-14,https://www.youtube.com/watch?v=xlg81_gzpa0,xlg81_gzpa0,9289,,,
DAVIE JONES,FATE,RAP BATTLE,Accapella,2025,FOB,2025-12-12,https://www.youtube.com/watch?v=7tsHTdjf1vo,7tsHTdjf1vo,21811,,,
JÄL,VON FELIX,TRAILER,Accapella,2025,FOB,2025-12-11,https://www.youtube.com/watch?v=1sloAOBJ7X0,1sloAOBJ7X0,4715,,,
JAMAIKA KLAUS,BARETTA,could not identify event,Accapella,2025,FOB,2025-12-09,https://www.youtube.com/watch?v=lQLcEUQHcYs,lQLcEUQHcYs,4923,,,
JOSEPH STEINSCHLEUDER,CASHISCLAY,FREESTYLE RAP BATTLE,Accapella,2025,FOB,2025-12-08,https://www.youtube.com/watch?v=nLAIi1shXNs,nLAIi1shXNs,19407,,,
Notyzze,Triple,  München 2025,Accapella,2025,DLTLLY,2025-12-07,https://www.youtube.com/watch?v=l9g0AAt7q0E,l9g0AAt7q0E,23213,,,
CASHUS K,HERR SÖREN,RAP BATTLE,Accapella,2025,FOB,2025-12-06,https://www.youtube.com/watch?v=-cBzvbMHBzY,-cBzvbMHBzY,2178,,,
BAULT,FYNN,RAP BATTLE,Accapella,2025,FOB,2025-12-05,https://www.youtube.com/watch?v=YuOlOphdUDk,YuOlOphdUDk,27120,,,
ZATO,BARETTA,RAP BATTLE,Accapella,2025,FOB,2025-12-02,https://www.youtube.com/watch?v=LkbaM1tUn7w,LkbaM1tUn7w,7876,,,
Riesenlauch,Frax One,  Zürich,Accapella,2025,DLTLLY,2025-11-30,https://www.youtube.com/watch?v=UIn4teZtMTU,UIn4teZtMTU,10456,,,
Saimon Disko,Lerou,  Zürich,Accapella,2025,DLTLLY,2025-11-29,https://www.youtube.com/watch?v=HiTF8Df5bk0,HiTF8Df5bk0,5946,,,
ENYO,JÄL,RAP BATTLE,Accapella,2025,FOB,2025-11-28,https://www.youtube.com/watch?v=ImLeWMYysh8,ImLeWMYysh8,11190,,,
Morgana & Shizu,Mighty P & Lamin,  Splash Festival 2025,On Beat,2025,DLTLLY,2025-11-25,https://www.youtube.com/watch?v=32n-EysbDX4,32n-EysbDX4,10406,,,
Gregpipe,Meidi,  Bday 12,Accapella,2025,DLTLLY,2025-11-23,https://www.youtube.com/watch?v=jcY3FFWtCTs,jcY3FFWtCTs,149358,,,
Gregpipe,Meidi,Das Interview zum Battle,Accapella,2025,DLTLLY,2025-11-23,https://www.youtube.com/watch?v=Mlrf7lvO0Oo,Mlrf7lvO0Oo,14899,,,
Nastic & Valik,Requiem & Frozen,  Feel &#39;25,On Beat,2025,DLTLLY,2025-11-22,https://www.youtube.com/watch?v=xjEyfYb_hVA,xjEyfYb_hVA,6889,,,
VON FELIX,MZUDEMK,RAP BATTLE,Accapella,2025,FOB,2025-11-21,https://www.youtube.com/watch?v=khE4zsuxInQ,khE4zsuxInQ,52784,,,
Calli,Quame65,  Splash Festival 2025,On Beat,2025,DLTLLY,2025-11-18,https://www.youtube.com/watch?v=Q61s3Q-OkLc,Q61s3Q-OkLc,6722,,,
Joseph Steinschleuder,Duff,  Bday 12,Accapella,2025,DLTLLY,2025-11-16,https://www.youtube.com/watch?v=1J3FJJPZ4fc,1J3FJJPZ4fc,53301,,,
VYRUS,KRISO,RAP BATTLE,Accapella,2025,FOB,2025-11-14,https://www.youtube.com/watch?v=qERNJ3ZjU08,qERNJ3ZjU08,15082,,,
Faivel & Young Kennedy,Andres Kaliba & A.GE,  Splash Festival 2025,On Beat,2025,DLTLLY,2025-11-14,https://www.youtube.com/watch?v=rs_J2p-5Nxk,rs_J2p-5Nxk,7142,,,
Aytee,Pablo,  Bday 12,On Beat,2025,DLTLLY,2025-11-09,https://www.youtube.com/watch?v=JGZ6QQPKibE,JGZ6QQPKibE,88492,,,
BUNGEE,ADAM RIESE,RAP BATTLE,Accapella,2025,FOB,2025-11-07,https://www.youtube.com/watch?v=gWvK_yWD0Hk,gWvK_yWD0Hk,2454,,,
SSYNIC,???,06.12.2025 Berlin - DISSember 9,Accapella,2025,DLTLLY,2025-11-03,https://www.youtube.com/watch?v=mHV0ECZZEz8,mHV0ECZZEz8,218616,,,
El Cambio,Purp Division,  Zürich,Accapella,2025,DLTLLY,2025-11-02,https://www.youtube.com/watch?v=TUTpf3Z3o9Q,TUTpf3Z3o9Q,6799,,,
DER KATER,LUI,RAP BATTLE,Accapella,2025,FOB,2025-10-31,https://www.youtube.com/watch?v=hSQ1gJ0Oi2Y,hSQ1gJ0Oi2Y,2371,,,
Bdad,Shizu,  Bday 12,Accapella,2025,DLTLLY,2025-10-26,https://www.youtube.com/watch?v=J0qDMBdgcGM,J0qDMBdgcGM,45603,,,
KITANA,BDAD,#,Accapella,2025,DLTLLY,2025-10-25,https://www.youtube.com/watch?v=TgW6YAp_izg,TgW6YAp_izg,9405,,,
MECHTHILD,TRIPLE,RAP BATTLE,Accapella,2025,FOB,2025-10-24,https://www.youtube.com/watch?v=5XXhcodxypE,5XXhcodxypE,4044,,,
Leyla Lamour & Liuz,Ano-Nym & Grave40,  Splash Festival 2025,On Beat,2025,DLTLLY,2025-10-21,https://www.youtube.com/watch?v=B2Lew8ozYmY,B2Lew8ozYmY,17642,,,
Yuah & LuckyLily,Gerro & Tokz,  Splash! Festival,On Beat,2025,DLTLLY,2025-10-19,https://www.youtube.com/watch?v=RwBm7UZ77zI,RwBm7UZ77zI,25710,,,
ADY ASADICT,EMSTACC,RAP BATTLE,Accapella,2025,FOB,2025-10-17,https://www.youtube.com/watch?v=P4rUdIq44Go,P4rUdIq44Go,2516,,,
Mordrake,Despo,  Taped!,On Beat,2025,DLTLLY,2025-10-16,https://www.youtube.com/watch?v=SsMrGSWEH3k,SsMrGSWEH3k,8152,,,
Ano-Nym,Vyrus,INTERVIEW 12th Bday,Accapella,2025,DLTLLY,2025-10-12,https://www.youtube.com/watch?v=9TFVhqPyL68,9TFVhqPyL68,13804,,,
Ano-Nym,Vyrus,TITLE CONTENDERMATCH 12th Bday,On Beat,2025,DLTLLY,2025-10-12,https://www.youtube.com/watch?v=-z0hxHuJbOc,-z0hxHuJbOc,98814,,,
FYNN,DYAS,RAP BATTLE,Accapella,2025,FOB,2025-10-10,https://www.youtube.com/watch?v=N7Esy4XcFy0,N7Esy4XcFy0,5205,,,
Dizaster,Gemin1,  Berlin,Accapella,2025,DLTLLY,2025-10-05,https://www.youtube.com/watch?v=ENLOY68s_Uc,ENLOY68s_Uc,80313,,,
MAC,FÄNNO,RAP BATTLE,Accapella,2025,FOB,2025-10-05,https://www.youtube.com/watch?v=wJEEjaUDmU0,wJEEjaUDmU0,2866,,,
Dizaster,Gemin1,INTERVIEW  Berlin 12th Birthday Event,Accapella,2025,DLTLLY,2025-10-05,https://www.youtube.com/watch?v=rg4vAZ-6uzs,rg4vAZ-6uzs,5059,,,
BAULT,SA7VA,RAP BATTLE,Accapella,2025,FOB,2025-10-03,https://www.youtube.com/watch?v=4986AsKH2yY,4986AsKH2yY,4853,,,
BlaDesa,Calli,  Tapefabrik,Accapella,2025,DLTLLY,2025-09-30,https://www.youtube.com/watch?v=rUTpW0OuRUQ,rUTpW0OuRUQ,20969,,,
BlaDesa,Calli,INTERVIEW Tapefabrik,Accapella,2025,DLTLLY,2025-09-30,https://www.youtube.com/watch?v=oWDx4eWUlvI,oWDx4eWUlvI,2399,,,
Kato & Ryko J,CashisClay & 4Tune,  Splash 2025!,Accapella,2025,DLTLLY,2025-09-28,https://www.youtube.com/watch?v=rRlHL7A6GsY,rRlHL7A6GsY,22044,,,
TOBO,JAVAS,RAP BATTLE,Accapella,2025,FOB,2025-09-26,https://www.youtube.com/watch?v=aS2dhmR_Q9U,aS2dhmR_Q9U,3619,,,
Lara Soft,Freezy,  Taped!,Accapella,2025,DLTLLY,2025-09-23,https://www.youtube.com/watch?v=_luCDi3t-3w,_luCDi3t-3w,17575,,,
Fate & Sh@wdy Sh@f,Cashus K & Mazzikaner,  Feel,Accapella,2025,DLTLLY,2025-09-21,https://www.youtube.com/watch?v=r794ZPxMINc,r794ZPxMINc,42860,,,
TOMMY GUN,T-WAY,RAP BATTLE,Accapella,2025,FOB,2025-09-19,https://www.youtube.com/watch?v=w61w1samU4k,w61w1samU4k,4615,,,
Jepain,Papa TR,  Freiburg,Accapella,2025,DLTLLY,2025-09-14,https://www.youtube.com/watch?v=Q8hyICBnNQI,Q8hyICBnNQI,12292,,,
MUSIO,TOLLSCHOCK,RAP BATTLE,Accapella,2025,FOB,2025-09-12,https://www.youtube.com/watch?v=XjPwbYieUQs,XjPwbYieUQs,8413,,,
Capco Jonnes,Riesenlauch,  Freiburg,Accapella,2025,DLTLLY,2025-09-07,https://www.youtube.com/watch?v=nKZSBk5adnI,nKZSBk5adnI,15163,,,
RIMA,MANEK,RAP BATTLE,Accapella,2025,FOB,2025-09-07,https://www.youtube.com/watch?v=Wn_Tm08TPlo,Wn_Tm08TPlo,4472,,,
FAIVEL,YUNA L,RAP BATTLE,Accapella,2025,FOB,2025-09-05,https://www.youtube.com/watch?v=J0nUHgX5410,J0nUHgX5410,10676,,,
BAULT,SILVER,RAP BATTLE,Accapella,2025,FOB,2025-08-31,https://www.youtube.com/watch?v=SzXSJYcHl80,SzXSJYcHl80,6191,,,
Bdad,Kato,Interview Event Name oder Stadt,Accapella,2025,DLTLLY,2025-08-31,https://www.youtube.com/watch?v=BaWlVU_CqR0,BaWlVU_CqR0,9782,,,
Bdad,Kato,  Freiburg,Accapella,2025,DLTLLY,2025-08-30,https://www.youtube.com/watch?v=GpW1688ARg0,GpW1688ARg0,85739,,,
JIZI,KEULE257,RAP BATTLE,Accapella,2025,FOB,2025-08-29,https://www.youtube.com/watch?v=PlRe0-7MdtE,PlRe0-7MdtE,39218,,,
BanDan,Aladin,  Wien,Accapella,2025,DLTLLY,2025-08-28,https://www.youtube.com/watch?v=MmlbdfDGL_M,MmlbdfDGL_M,8297,,,
Shortworth,Ryko-J,  Freiburg,Accapella,2025,DLTLLY,2025-08-24,https://www.youtube.com/watch?v=smdHGVGCCF0,smdHGVGCCF0,56610,,,
L-SUPREMA,LYT,RAP BATTLE,Accapella,2025,FOB,2025-08-24,https://www.youtube.com/watch?v=f4lsqfYo37M,f4lsqfYo37M,6419,,,
LIUZ,DESPO,RAP BATTLE,Accapella,2025,FOB,2025-08-22,https://www.youtube.com/watch?v=22XkM2AtGc4,22XkM2AtGc4,6572,,,
Frax One,Danny Deadweight,  Proving Grounds,Accapella,2025,DLTLLY,2025-08-21,https://www.youtube.com/watch?v=8DkFnov9Fow,8DkFnov9Fow,5978,,,
Notyzze,Yuah,Freestyle Battle NRWeekend 8,Accapella,2025,DLTLLY,2025-08-20,https://www.youtube.com/watch?v=rPs1RarY43I,rPs1RarY43I,19964,,,
Duff,MC Geuner,  Freiburg,Accapella,2025,DLTLLY,2025-08-19,https://www.youtube.com/watch?v=A8B7NIVqUlg,A8B7NIVqUlg,21955,,,
TRIPLE,RALLE,RAP BATTLE,Accapella,2025,FOB,2025-08-17,https://www.youtube.com/watch?v=VlMReN-CMX0,VlMReN-CMX0,3240,,,
Wolff,Hiding John,Title Contender Match Freiburg,Accapella,2025,DLTLLY,2025-08-17,https://www.youtube.com/watch?v=p46mDmjoHfg,p46mDmjoHfg,95884,,,
TICC,ROOL,RAP BATTLE,Accapella,2025,FOB,2025-08-15,https://www.youtube.com/watch?v=NyoxA5ATQ3w,NyoxA5ATQ3w,21400,,,
TRACY,MZUDEMK,GAME CHANGER VIERTELFINALE,Accapella,2025,FOB,2025-08-10,https://www.youtube.com/watch?v=QyQ2poDBDYM,QyQ2poDBDYM,31606,,,
AMS,JÄL,GAME CHANGER VIERTELFINALE,Accapella,2025,FOB,2025-08-09,https://www.youtube.com/watch?v=eZLTR2OLG7M,eZLTR2OLG7M,11503,,,
ENYO,DER SANDMANN,GAME CHANGER VIERTELFINALE,Accapella,2025,FOB,2025-08-08,https://www.youtube.com/watch?v=IWWtO2HfY8g,IWWtO2HfY8g,10237,,,
H1,VON FELIX,GAME CHANGER VIERTELFINALE,Accapella,2025,FOB,2025-08-05,https://www.youtube.com/watch?v=r5JmVhtUvho,r5JmVhtUvho,15908,,,
REQUIEM,VYRUS,RAP BATTLE,Accapella,2025,FOB,2025-08-01,https://www.youtube.com/watch?v=1RahrZ7_-48,1RahrZ7_-48,28873,,,
YUAH,ILHAN,RAP BATTLE,Accapella,2025,FOB,2025-07-25,https://www.youtube.com/watch?v=_CDt4MYPi9w,_CDt4MYPi9w,23448,,,
STEEL,MORGANA,ON BEAT TITLE MATCH,On Beat,2025,FOB,2025-07-18,https://www.youtube.com/watch?v=nFIMoUOATCw,nFIMoUOATCw,30481,,,
KIRUMA,WOLFF,RAP BATTLE,Accapella,2025,FOB,2025-07-11,https://www.youtube.com/watch?v=cpaSwgCqRaU,cpaSwgCqRaU,70135,,,
RIESENLAUCH,PALEIACCI,RAP BATTLE,Accapella,2025,FOB,2025-07-06,https://www.youtube.com/watch?v=PFt4LwqBAsU,PFt4LwqBAsU,8411,,,
NATALI,SNAKEHEADRHYME,RAP BATTLE,Accapella,2025,FOB,2025-07-04,https://www.youtube.com/watch?v=-8W4n_PWzAA,-8W4n_PWzAA,13852,,,
JOSEPH STEINSCHLEUDER,HARLEM T,RAP BATTLE,Accapella,2025,FOB,2025-06-27,https://www.youtube.com/watch?v=j6NgJDz5Pac,j6NgJDz5Pac,46889,,,
Jilly,SIC68,  Proving Grounds,Accapella,2025,DLTLLY,2025-06-24,https://www.youtube.com/watch?v=uE5ThbpbSck,uE5ThbpbSck,6106,,,
Despo,Shorteh Taunton,   Only,On Beat,2025,DLTLLY,2025-06-23,https://www.youtube.com/watch?v=9btj3F3T-oo,9btj3F3T-oo,8498,,,
Faivel,Mellow,  WIEN,Accapella,2025,DLTLLY,2025-06-22,https://www.youtube.com/watch?v=tCdymUD7qjk,tCdymUD7qjk,9805,,,
MC GEUNER,KRISO,RAP BATTLE,Accapella,2025,FOB,2025-06-20,https://www.youtube.com/watch?v=PJJZYHWUjUg,PJJZYHWUjUg,10653,,,
Lazlo Mxrphine,Mighty P.,   Only,On Beat,2025,DLTLLY,2025-06-19,https://www.youtube.com/watch?v=5O4q1loFp_Q,5O4q1loFp_Q,28811,,,
Gundalf,Purp Division,  Proving Grounds,Accapella,2025,DLTLLY,2025-06-17,https://www.youtube.com/watch?v=si8gDwlPxEo,si8gDwlPxEo,9139,,,
Riesenlauch,Tyler Bourbon,  Wien,Accapella,2025,DLTLLY,2025-06-15,https://www.youtube.com/watch?v=ohUZmNFrR3g,ohUZmNFrR3g,13178,,,
MOODY,YOUNG KENNEDY,RAP BATTLE,Accapella,2025,FOB,2025-06-13,https://www.youtube.com/watch?v=BqM7oeYeegs,BqM7oeYeegs,6956,,,
Joseph Steinschleuder,Pamflit,International  NRWeekend 8,Accapella,2025,DLTLLY,2025-06-07,https://www.youtube.com/watch?v=uXTSyzP-XI0,uXTSyzP-XI0,35057,,,
EYNAK,WANDELBARZ,RAP BATTLE,Accapella,2025,FOB,2025-06-06,https://www.youtube.com/watch?v=R81FPAW0Cy8,R81FPAW0Cy8,9882,,,
Ticc,Mordrake,Only! Panke Berlin,On Beat,2025,DLTLLY,2025-06-05,https://www.youtube.com/watch?v=KCDHP8wl1RM,KCDHP8wl1RM,38343,,,
Ryko-J,LuckyLily,INTERVIEW NRWeekend 8,Accapella,2025,DLTLLY,2025-06-01,https://www.youtube.com/watch?v=9gVR1RPK4cY,9gVR1RPK4cY,23716,,,
RYKO-J,LUCKYLILY,  NRWeekend 8,Accapella,2025,DLTLLY,2025-06-01,https://www.youtube.com/watch?v=QApiZWI3i6U,QApiZWI3i6U,129241,,,
YUMI,DER SANDMANN,RAP BATTLE,Accapella,2025,FOB,2025-06-01,https://www.youtube.com/watch?v=NCYKUvpxs-s,NCYKUvpxs-s,5431,,,
H1,MÄST,RAP BATTLE,Accapella,2025,FOB,2025-05-30,https://www.youtube.com/watch?v=KiFGlNKnLw8,KiFGlNKnLw8,7480,,,
Gerro,TOKZ,  Berlin,On Beat,2025,DLTLLY,2025-05-29,https://www.youtube.com/watch?v=qO64q_vBrqU,qO64q_vBrqU,15023,,,
Vyrus,Snakeheadrhyme,INTERVIEW NRWeekend 8,Accapella,2025,DLTLLY,2025-05-25,https://www.youtube.com/watch?v=HzaSD52w0qw,HzaSD52w0qw,2017,,,
Vyrus,Snakeheadrhyme,  NRWeekend 8,Accapella,2025,DLTLLY,2025-05-25,https://www.youtube.com/watch?v=TaYG3fYqX6c,TaYG3fYqX6c,27521,,,
VON FELIX,TESSTIMONY,RAP BATTLE,Accapella,2025,FOB,2025-05-25,https://www.youtube.com/watch?v=L51lZHRiuYc,L51lZHRiuYc,8653,,,
AMS,KAZRAEL,RAP BATTLE,Accapella,2025,FOB,2025-05-23,https://www.youtube.com/watch?v=Ioq_13OB1Vg,Ioq_13OB1Vg,7186,,,
Herr Sören,Johnny Schewski,Battle Panke Berlin,On Beat,2025,DLTLLY,2025-05-22,https://www.youtube.com/watch?v=5QWp-ZmPxFw,5QWp-ZmPxFw,7667,,,
Unanymous,Jeevz,International  NRWeekend 8,Accapella,2025,DLTLLY,2025-05-18,https://www.youtube.com/watch?v=f3JE-AzU-0c,f3JE-AzU-0c,8436,,,
JERRY VSAN,MZUDEMK,RAP BATTLE,Accapella,2025,FOB,2025-05-16,https://www.youtube.com/watch?v=9T_8MnL4888,9T_8MnL4888,89986,,,
🏆 PPV OUT NOW - MIT TITLE MATCH STEEL,MORGANA VYRUS YUAH REQUIEM UVM.,could not identify event,Accapella,2025,FOB,2025-05-15,https://www.youtube.com/watch?v=8SKi-c2pj1c,8SKi-c2pj1c,6962,,,
Capco Jones,Heinz87,  Kassel,Accapella,2025,DLTLLY,2025-05-15,https://www.youtube.com/watch?v=qG0_r9p6Muc,qG0_r9p6Muc,9136,,,
Zeuge,Moody,NRWeekend 8,Accapella,2025,DLTLLY,2025-05-11,https://www.youtube.com/watch?v=TXyS6b-GDFE,TXyS6b-GDFE,21023,,,
JÄL,SHAWN MORENO,RAP BATTLE,Accapella,2025,FOB,2025-05-09,https://www.youtube.com/watch?v=HotnxCt_Y98,HotnxCt_Y98,9309,,,
RIMA,TRACY,RAP BATTLE,Accapella,2025,FOB,2025-05-04,https://www.youtube.com/watch?v=BGPIQFIZTa8,BGPIQFIZTa8,8844,,,
Morgana,Ano-Nym,Interview  Only &#39;25,On Beat,2025,DLTLLY,2025-05-04,https://www.youtube.com/watch?v=3Bc_tXH0MQM,3Bc_tXH0MQM,8223,,,
Ano-Nym,Morgana,   Only &#39;25,On Beat,2025,DLTLLY,2025-05-04,https://www.youtube.com/watch?v=4GcjUISJthk,4GcjUISJthk,130482,,,
THUNDER HUSTLE,ENYO,RAP BATTLE,Accapella,2025,FOB,2025-05-02,https://www.youtube.com/watch?v=EFQVEjRMQBc,EFQVEjRMQBc,15709,,,
Bdad,Kato,Teaser Mayhem 8,Accapella,2025,DLTLLY,2025-05-02,https://www.youtube.com/watch?v=A4YmPpLy6SQ,A4YmPpLy6SQ,9404,,,
Cashus K,Mazzikaner,One Rounder  Kassel,Accapella,2025,DLTLLY,2025-05-01,https://www.youtube.com/watch?v=8-4oBnK0qvw,8-4oBnK0qvw,9215,,,
MAURITS,DARIO,RAP BATTLE,Accapella,2025,FOB,2025-04-29,https://www.youtube.com/watch?v=yY5T08XY69M,yY5T08XY69M,3274,,,
Lyrico,Kiruma,Match-Teaser für MAYhem 8 - 03.05.25 - Berlin,Accapella,2025,DLTLLY,2025-04-28,https://www.youtube.com/watch?v=Mc2aXEyvTCU,Mc2aXEyvTCU,8662,,,
MOKO,HARLEM T,RAP BATTLE,Accapella,2025,FOB,2025-04-27,https://www.youtube.com/watch?v=Z7zbdw0lQE0,Z7zbdw0lQE0,4518,,,
Emenes,Joseph Steinschleuder,   Berlin,Accapella,2025,DLTLLY,2025-04-27,https://www.youtube.com/watch?v=dmih32mOqvI,dmih32mOqvI,169938,,,
FAIVEL,KRISO,RAP BATTLE,Accapella,2025,FOB,2025-04-25,https://www.youtube.com/watch?v=FfSCHXhfYMw,FfSCHXhfYMw,7983,,,
Sizyphos,Wolff,Interview Kassel,Accapella,2025,DLTLLY,2025-04-20,https://www.youtube.com/watch?v=XBXwa0j6NAY,XBXwa0j6NAY,13254,,,
Sizyphos,Wolff,  Kassel,Accapella,2025,DLTLLY,2025-04-20,https://www.youtube.com/watch?v=LvFNAUPx3bo,LvFNAUPx3bo,124167,,,
BARETTA,LYT,RAP BATTLE,Accapella,2025,FOB,2025-04-20,https://www.youtube.com/watch?v=gDMtxVnkhjM,gDMtxVnkhjM,5717,,,
LAVAS,FYNN,RAP BATTLE,Accapella,2025,FOB,2025-04-18,https://www.youtube.com/watch?v=VjmsWn79FUw,VjmsWn79FUw,11098,,,
Ferry,Shizu,  Kassel,Accapella,2025,DLTLLY,2025-04-13,https://www.youtube.com/watch?v=g2pFv1bIBXE,g2pFv1bIBXE,31644,,,
CELUNE,BDAD,RAP BATTLE,Accapella,2025,FOB,2025-04-11,https://www.youtube.com/watch?v=q7sXw-FC4YY,q7sXw-FC4YY,38581,,,
Ryko J,Fate,  DISSember 8,Accapella,2025,DLTLLY,2025-04-10,https://www.youtube.com/watch?v=lKGDAMNjHLE,lKGDAMNjHLE,39883,,,
Bdad,Kitana,Teaser Wien 12.04.,Accapella,2025,DLTLLY,2025-04-09,https://www.youtube.com/watch?v=__C8BljtrHc,__C8BljtrHc,11542,,,
Yarambo,Meidi,Interview DISSember8,Accapella,2025,DLTLLY,2025-04-06,https://www.youtube.com/watch?v=kxIw0Z2ZA6k,kxIw0Z2ZA6k,12786,,,
Yarambo,Meidi,  DISSember 8,Accapella,2025,DLTLLY,2025-04-06,https://www.youtube.com/watch?v=UxQTqBKXUfI,UxQTqBKXUfI,148315,,,
HIDING JOHN,JIZI,RAP BATTLE,Accapella,2025,FOB,2025-04-04,https://www.youtube.com/watch?v=GFEPBGtw94I,GFEPBGtw94I,89416,,,
Craze,Neilz,  Dissember 8,Accapella,2025,DLTLLY,2025-03-30,https://www.youtube.com/watch?v=3p2GdJMQ6GA,3p2GdJMQ6GA,167207,,,
Craze,Neilz,Interview Dissember8,Accapella,2025,DLTLLY,2025-03-30,https://www.youtube.com/watch?v=lVopiPk8pfE,lVopiPk8pfE,28096,,,
OREGANO,DAVIE JONES,RAP BATTLE,Accapella,2025,FOB,2025-03-28,https://www.youtube.com/watch?v=vJvkxeKeC3w,vJvkxeKeC3w,95512,,,
DAVIE JONES,BEASTBOY,Interview NRWeekend 8,Accapella,2025,DLTLLY,2025-03-23,https://www.youtube.com/watch?v=E2s4ZnUUzWo,E2s4ZnUUzWo,311258,,,
Davie Jones,BEASTBOY,  NRWeekend 8,Accapella,2025,DLTLLY,2025-03-23,https://www.youtube.com/watch?v=2gujsLjMnU0,2gujsLjMnU0,3320398,,,
JOSEPH STEINSCHLEUDER,VYRUS,RAP BATTLE,Accapella,2025,FOB,2025-03-21,https://www.youtube.com/watch?v=VW9JWWYWTAc,VW9JWWYWTAc,85261,,,
Aytee,Karanova,🏆 ON BEAT TITLE MATCH 2025 🏆,On Beat,2025,DLTLLY,2025-03-16,https://www.youtube.com/watch?v=SYo3zBQzwtQ,SYo3zBQzwtQ,289816,,,
Aytee,Karanova,Interview Berlin &#39;25,Accapella,2025,DLTLLY,2025-03-16,https://www.youtube.com/watch?v=s501ewLwo1w,s501ewLwo1w,10007,,,
KALP ONE,VALIK,RAP BATTLE,Accapella,2024,FOB,2025-03-14,https://www.youtube.com/watch?v=pJA2VSeUyrw,pJA2VSeUyrw,7758,,,
Kato,Tobi High,Interview zum Title Match Dissember 8,Accapella,2025,DLTLLY,2025-03-09,https://www.youtube.com/watch?v=Se4aQd0xzL4,Se4aQd0xzL4,25596,,,
Kato,Tobi High,Title Match 2024 DISSember 8,Accapella,2024,DLTLLY,2025-03-09,https://www.youtube.com/watch?v=KYE2dCsI8oU,KYE2dCsI8oU,123391,,,
LUCKYLILY,T-WAY,RAP BATTLE,Accapella,2025,FOB,2025-03-07,https://www.youtube.com/watch?v=jogDDg8UrT0,jogDDg8UrT0,16018,,,
Hiding John,Requiem,  DISSember 8,Accapella,2025,DLTLLY,2025-03-02,https://www.youtube.com/watch?v=sVftXy-84ME,sVftXy-84ME,64172,,,
TICC,FEEL.IKX,RAP BATTLE,Accapella,2025,FOB,2025-02-28,https://www.youtube.com/watch?v=AFaZPkRlbVQ,AFaZPkRlbVQ,15942,,,
Robscure,Karkobi,  Kassel,Accapella,2025,DLTLLY,2025-02-23,https://www.youtube.com/watch?v=cPiNUjyXRv4,cPiNUjyXRv4,58670,,,
ALADIN,KOOZY,RAP BATTLE,Accapella,2025,FOB,2025-02-21,https://www.youtube.com/watch?v=90w3P4aaCew,90w3P4aaCew,5741,,,
Requiem,Sizyphos,  Freiburg &#39;24,Accapella,2025,DLTLLY,2025-02-16,https://www.youtube.com/watch?v=nkkgsZG1RTI,nkkgsZG1RTI,83887,,,
Requiem,Sizyphos,Interview Freiburg,Accapella,2025,DLTLLY,2025-02-16,https://www.youtube.com/watch?v=J0tMmTZQYlo,J0tMmTZQYlo,4317,,,
MAZZIKANER & CASHUS K,LAZLO MXRPHINE & DOKTOR LUKAS FRANK,RAP BATTLE,Accapella,2025,FOB,2025-02-14,https://www.youtube.com/watch?v=3_KX2HILsCU,3_KX2HILsCU,7184,,,
Davie Jones,Craze,  Freiburg &#39;24,Accapella,2025,DLTLLY,2025-02-09,https://www.youtube.com/watch?v=cTXwSOqrZXY,cTXwSOqrZXY,75528,,,
Craze,Davie Jones,Interview Freiburg &#39;24,Accapella,2025,DLTLLY,2025-02-09,https://www.youtube.com/watch?v=7Viv4hq0jEo,7Viv4hq0jEo,6696,,,
NOTYZZE,YUAH,RAP BATTLE,Accapella,2025,FOB,2025-02-07,https://www.youtube.com/watch?v=BvO2sdUm1q4,BvO2sdUm1q4,51033,,,
Moody,Celune,Interview Freiburg &#39;24,Accapella,2025,DLTLLY,2025-02-06,https://www.youtube.com/watch?v=e_BdozUEAf8,e_BdozUEAf8,3350,,,
Moody,Celune,  Freiburg &#39;24,Accapella,2025,DLTLLY,2025-02-06,https://www.youtube.com/watch?v=wytgWL8RCEA,wytgWL8RCEA,28719,,,
Aytee,Karanova,Title Match - Provokation  Only Berlin,On Beat,2025,DLTLLY,2025-02-04,https://www.youtube.com/watch?v=Zp6mL0C23YM,Zp6mL0C23YM,11489,,,
Young Kennedy,Shortworth,  Freiburg &#39;24,Accapella,2025,DLTLLY,2025-02-02,https://www.youtube.com/watch?v=AtYLF4rn1R8,AtYLF4rn1R8,16368,,,
Shortworth,Young Kennedy,Interview Freiburg &#39;24,Accapella,2025,DLTLLY,2025-02-02,https://www.youtube.com/watch?v=Jb7nLnvt9xk,Jb7nLnvt9xk,948,,,
HEINZ87,LATIK,RAP BATTLE,Accapella,2025,FOB,2025-01-31,https://www.youtube.com/watch?v=NDHVCiqnl1c,NDHVCiqnl1c,5339,,,
Faivel,Riesenlauch,Interview Freiburg 24,Accapella,2025,DLTLLY,2025-01-26,https://www.youtube.com/watch?v=ECj6jzGhp2Q,ECj6jzGhp2Q,1271,,,
Faivel,Riesenlauch,  Freiburg 24,Accapella,2025,DLTLLY,2025-01-26,https://www.youtube.com/watch?v=5WnR6TDxAhg,5WnR6TDxAhg,16420,,,
NRG,FROZEN,RAP BATTLE,Accapella,2025,FOB,2025-01-24,https://www.youtube.com/watch?v=lr-V4CfntNI,lr-V4CfntNI,4509,,,
Bdad,Indoor Stan,Interview Freiburg,Accapella,2025,DLTLLY,2025-01-19,https://www.youtube.com/watch?v=kb2BDEOUYwA,kb2BDEOUYwA,3812,,,
Bdad,Indoor Stan,  Freiburg 24,Accapella,2025,DLTLLY,2025-01-19,https://www.youtube.com/watch?v=PEXAziy1EDo,PEXAziy1EDo,53841,,,
MOODY,ROOL,RAP BATTLE,Accapella,2025,FOB,2025-01-17,https://www.youtube.com/watch?v=14zNL0MQ9XQ,14zNL0MQ9XQ,5723,,,
Notyzze,Kiruma,Interview BORA Duisburg,Accapella,2025,DLTLLY,2025-01-12,https://www.youtube.com/watch?v=IIUieRMUmxo,IIUieRMUmxo,6215,,,
Kiruma,Notyzze,  BORA Duisburg,Accapella,2025,DLTLLY,2025-01-12,https://www.youtube.com/watch?v=KUwb8QdHF0w,KUwb8QdHF0w,38889,,,
CUBSAOUI,WATNKERL,RAP BATTLE,Accapella,2025,FOB,2025-01-10,https://www.youtube.com/watch?v=qpFKueKM-Bs,qpFKueKM-Bs,4953,,,
Sizyphos,Wolff,Battlerap-Match-Provokation Kassel 25 Sold out,Accapella,2025,DLTLLY,2025-01-10,https://www.youtube.com/watch?v=BbjXBi7dKw8,BbjXBi7dKw8,13430,,,
LAZLO MXRPHINE,Despo,Interview Duisburg,Accapella,2025,DLTLLY,2025-01-09,https://www.youtube.com/watch?v=vKMm_mg5Zuo,vKMm_mg5Zuo,1471,,,
Despo,LAZLO MXRPHINE,Full   Duisburg,On Beat,2025,DLTLLY,2025-01-09,https://www.youtube.com/watch?v=w9fzWlAcwio,w9fzWlAcwio,29919,,,
Mighty P,Duff,  Duisburg 2024,Accapella,2024,DLTLLY,2025-01-05,https://www.youtube.com/watch?v=iP82Tmhs7QA,iP82Tmhs7QA,20956,,,
Duff,Mighty P,Interview Duisburg 2024,Accapella,2024,DLTLLY,2025-01-03,https://www.youtube.com/watch?v=NbhXrt3dE38,NbhXrt3dE38,1745,,,
YUNA L,LUG,RAP BATTLE,Accapella,2025,FOB,2025-01-03,https://www.youtube.com/watch?v=kmIj06LSgh8,kmIj06LSgh8,12356,,,
Zeptah,Shorteh Taunton,Full Live   Feel Festival,On Beat,2025,DLTLLY,2025-01-02,https://www.youtube.com/watch?v=p36W5ErNVMs,p36W5ErNVMs,17856,,,
Ryko J,Nastic,  Duisburg,Accapella,2024,DLTLLY,2024-12-29,https://www.youtube.com/watch?v=r1gs-4umHNM,r1gs-4umHNM,30574,,,
Ryko J,Nastic,Interview Duisburg,Accapella,2024,DLTLLY,2024-12-29,https://www.youtube.com/watch?v=2rSyimY9Tn8,2rSyimY9Tn8,2843,,,
MUSIO,TAO,RAP BATTLE,Accapella,2024,FOB,2024-12-27,https://www.youtube.com/watch?v=H7fxAgomU4g,H7fxAgomU4g,10112,,,
CSN Galactico & Nastic,Shizu & Morgana,Live   Splash Festival 2024,On Beat,2024,DLTLLY,2024-12-26,https://www.youtube.com/watch?v=jv29TjM8rpI,jv29TjM8rpI,21295,,,
OREGANO,NATALI,RAP BATTLE,Accapella,2024,FOB,2024-12-24,https://www.youtube.com/watch?v=Hv3vSoclkiU,Hv3vSoclkiU,54896,,,
Aytee,Davie Jones,  Duisburg 2024,Accapella,2024,DLTLLY,2024-12-22,https://www.youtube.com/watch?v=Cte96RAY8Eg,Cte96RAY8Eg,183140,,,
Aytee,Davie Jones,Interview Duisburg 2024,Accapella,2024,DLTLLY,2024-12-22,https://www.youtube.com/watch?v=T85sc_MOnqA,T85sc_MOnqA,4143,,,
KATO,EZRA,RAP BATTLE,Accapella,2024,FOB,2024-12-22,https://www.youtube.com/watch?v=tzoyIe03xrY,tzoyIe03xrY,21730,,,
CLOCKWORK,PALEIACCI,LEVEL UP FINALE,Accapella,2024,FOB,2024-12-21,https://www.youtube.com/watch?v=iVFXKkpYfIs,iVFXKkpYfIs,5791,,,
JOSEPH STEINSCHLEUDER,CSN GALACTICO,RAP BATTLE,Accapella,2024,FOB,2024-12-20,https://www.youtube.com/watch?v=bJ8227BsnDk,bJ8227BsnDk,106081,,,
MATTIS,CRAZYO,RAP BATTLE,Accapella,2024,FOB,2024-12-19,https://www.youtube.com/watch?v=h7mOdHjhmKY,h7mOdHjhmKY,7625,,,
Karanova,Ano-Nym, splashfest  2024,On Beat,2024,DLTLLY,2024-12-19,https://www.youtube.com/watch?v=DHK_5lqwzJY,DHK_5lqwzJY,45705,,,
FYNN,SACHMA,RAP BATTLE,Accapella,2024,FOB,2024-12-18,https://www.youtube.com/watch?v=_djYJf_aEMc,_djYJf_aEMc,6339,,,
BDAD,STEEL,RAP BATTLE,Accapella,2024,FOB,2024-12-16,https://www.youtube.com/watch?v=P3N0ynzvueM,P3N0ynzvueM,17572,,,
Freekno,Gerro,Interview Duisburg,Accapella,2024,DLTLLY,2024-12-15,https://www.youtube.com/watch?v=G_WXB_qsS8I,G_WXB_qsS8I,1123,,,
Freekno,Gerro,  Duisburg,Accapella,2024,DLTLLY,2024-12-15,https://www.youtube.com/watch?v=9gqaV2Oygk8,9gqaV2Oygk8,13370,,,
DANNY DEADWEIGHT,HERR SÖREN,RAP BATTLE,Accapella,2024,FOB,2024-12-15,https://www.youtube.com/watch?v=LH8Jm328qJ8,LH8Jm328qJ8,7620,,,
PAPI SCHLAUCH,SIZYPHOS,RAP BATTLE,Accapella,2024,FOB,2024-12-13,https://www.youtube.com/watch?v=yTCdd3uhIFw,yTCdd3uhIFw,110954,,,
P-HAZE,SID,RAP BATTLE,Accapella,2024,FOB,2024-12-09,https://www.youtube.com/watch?v=qDRNB1U0k0Y,qDRNB1U0k0Y,2426,,,
Tobi High,Karma,&amp; Interview Splash Festival 2024,Accapella,2024,DLTLLY,2024-12-08,https://www.youtube.com/watch?v=Qfi3sqsUs-Y,Qfi3sqsUs-Y,15057,,,
CRAZE,HIDING JOHN,RAP BATTLE,Accapella,2024,FOB,2024-12-06,https://www.youtube.com/watch?v=XwzQlYQviOY,XwzQlYQviOY,129883,,,
EIN LETZTES MAL: Yarambo,Meidi,07. Dezember Festsaal Kreuzberg SOLD OUT,Accapella,2024,DLTLLY,2024-12-04,https://www.youtube.com/watch?v=-dUVckiODDg,-dUVckiODDg,26930,,,
Bong Teggy,Fate,  Feel Festival,On Beat,2024,DLTLLY,2024-12-01,https://www.youtube.com/watch?v=uwVdRxPLKtk,uwVdRxPLKtk,73771,,,
Kato,Tobi High,Titelmatch Teaser,Accapella,2024,DLTLLY,2024-11-30,https://www.youtube.com/watch?v=QkIPLLze3ic,QkIPLLze3ic,11716,,,
VYRUS,MORGANA,RAP BATTLE,Accapella,2024,FOB,2024-11-29,https://www.youtube.com/watch?v=9YCHMLzIcus,9YCHMLzIcus,46971,,,
Joseph Steinschleuder,BanDan,  Feel Festival,On Beat,2024,DLTLLY,2024-11-28,https://www.youtube.com/watch?v=GV0mRT9rTv0,GV0mRT9rTv0,28952,,,
Ferry & Duzoe,Sizyphos & Fate,2on2   Splash,On Beat,2024,DLTLLY,2024-11-24,https://www.youtube.com/watch?v=fZyWsFSPtxE,fZyWsFSPtxE,118796,,,
3 &quot;ZINZITYS&quot;,NATALI,RAP BATTLE,Accapella,2024,FOB,2024-11-24,https://www.youtube.com/watch?v=AnW-N-13mEk,AnW-N-13mEk,11527,,,
KARANOVA,STEEL,RAP BATTLE,Accapella,2024,FOB,2024-11-22,https://www.youtube.com/watch?v=hCjCg8iUEiM,hCjCg8iUEiM,24260,,,
Kid Soldier,Lyrico,&amp; Interview Splash Festival,Accapella,2024,DLTLLY,2024-11-21,https://www.youtube.com/watch?v=rh_32fJVF_Y,rh_32fJVF_Y,19862,,,
Freestyle Turnier 4/7: Fate,Shizu,Vorrunde B-DAY 11,Accapella,2024,DLTLLY,2024-11-19,https://www.youtube.com/watch?v=9W-6Wv-_xC0,9W-6Wv-_xC0,9660,,,
Bong Teggy,Hiding John,  Bday 11,Accapella,2024,DLTLLY,2024-11-17,https://www.youtube.com/watch?v=-XMBtTEwHcc,-XMBtTEwHcc,270499,,,
Bong Teggy,Hiding John,Interview Event Name oder Stadt,Accapella,2024,DLTLLY,2024-11-17,https://www.youtube.com/watch?v=B4qGn4U-Ju4,B4qGn4U-Ju4,13549,,,
DER KATER,JAMAIKA KLAUS,RAP BATTLE,Accapella,2024,FOB,2024-11-17,https://www.youtube.com/watch?v=znyQsdCEmYA,znyQsdCEmYA,4084,,,
FABS,YOUNG KENNEDY,RAP BATTLE,Accapella,2024,FOB,2024-11-15,https://www.youtube.com/watch?v=jyYNsrDR9BQ,jyYNsrDR9BQ,9652,,,
TICC,GEORGIE,RAP BATTLE,Accapella,2024,FOB,2024-11-10,https://www.youtube.com/watch?v=mxTayKYnmQk,mxTayKYnmQk,13931,,,
LuckyLily & Sh@wdy Sh@f,Shizu & Morgana,Battle + Interview Feel Festival,On Beat,2024,DLTLLY,2024-11-10,https://www.youtube.com/watch?v=YeUReNWt9ho,YeUReNWt9ho,214348,,,
KIRUMA,TOKZ,RAP BATTLE,Accapella,2024,FOB,2024-11-08,https://www.youtube.com/watch?v=hRe2Ze0d9oY,hRe2Ze0d9oY,8672,,,
Moonshadow,Riesenlauch,  Proving Grounds,Accapella,2024,DLTLLY,2024-11-07,https://www.youtube.com/watch?v=4TPCafzSUg4,4TPCafzSUg4,8192,,,
Freestyle Turnier 3/7: Papi Schlauch,Yuah,Vorrunde B-DAY 11,Accapella,2024,DLTLLY,2024-11-05,https://www.youtube.com/watch?v=HMzkYuFqc-Q,HMzkYuFqc-Q,15507,,,
Cashisclay & 4Tune,Freezy & Vyrus,#ERROR!,Accapella,2024,DLTLLY,2024-11-03,https://www.youtube.com/watch?v=mmcJqPP9m8c,mmcJqPP9m8c,51724,,,
LAVAŞ,CUBSAOUI,RAP BATTLE,Accapella,2024,FOB,2024-11-03,https://www.youtube.com/watch?v=DiDEe5uvyaU,DiDEe5uvyaU,5138,,,
ZATO,HEYZEN,RAP BATTLE,Accapella,2024,FOB,2024-11-01,https://www.youtube.com/watch?v=Eu2QW0x-9A0,Eu2QW0x-9A0,4933,,,
Mattis & Sid,Aladin & Natali,2on2  Proving Grounds,Accapella,2024,DLTLLY,2024-10-31,https://www.youtube.com/watch?v=c05Xip_nkxM,c05Xip_nkxM,7691,,,
Freestyle Turnier 2/7: Nastic,Mighty P,Vorrunde B-DAY 11,Accapella,2024,DLTLLY,2024-10-29,https://www.youtube.com/watch?v=KYCo-Z656io,KYCo-Z656io,10899,,,
SHADYX,HOODOO,RAP BATTLE,Accapella,2024,FOB,2024-10-27,https://www.youtube.com/watch?v=BKtyaBhlrKk,BKtyaBhlrKk,2711,,,
Oregano,Karanova,Interview Bday 11,Accapella,2024,DLTLLY,2024-10-27,https://www.youtube.com/watch?v=IYFcf4pRKCM,IYFcf4pRKCM,8591,,,
Oregano,Karanova,  Bday 11,Accapella,2024,DLTLLY,2024-10-27,https://www.youtube.com/watch?v=OQVvKIQSGAc,OQVvKIQSGAc,83929,,,
BURST & T-WAY,DER SERGEANT & EZRA,RAP BATTLE,Accapella,2024,FOB,2024-10-25,https://www.youtube.com/watch?v=8kr6kd2gUkI,8kr6kd2gUkI,4270,,,
Der Sergeant,Capco Jones,  Proving Grounds,Accapella,2024,DLTLLY,2024-10-24,https://www.youtube.com/watch?v=VxEGTR28vXE,VxEGTR28vXE,9729,,,
Freestyle Turnier 1/7: Joseph Steinschleuder,N&#39;Antinein,Vorrunde B-DAY 11,Accapella,2024,DLTLLY,2024-10-22,https://www.youtube.com/watch?v=awJH7gu-mXo,awJH7gu-mXo,18906,,,
JILLY,LUG,RAP BATTLE,Accapella,2024,FOB,2024-10-20,https://www.youtube.com/watch?v=H33I5G3bHdo,H33I5G3bHdo,3230,,,
Kid Soldier,Requiem,Interview BDay 11,Accapella,2024,DLTLLY,2024-10-20,https://www.youtube.com/watch?v=0Ps66ihY4P4,0Ps66ihY4P4,3742,,,
Kid Soldier,Requiem,  BDay 11,Accapella,2024,DLTLLY,2024-10-20,https://www.youtube.com/watch?v=6Ef4eIXn3iI,6Ef4eIXn3iI,32477,,,
PALEIACCI,FAIVEL,RAP BATTLE,Accapella,2024,FOB,2024-10-18,https://www.youtube.com/watch?v=LCS1uMgU5no,LCS1uMgU5no,7429,,,
CLOCKWORK,PALEIACCI,TEASER LEVEL UP FINALE,Accapella,2024,FOB,2024-10-16,https://www.youtube.com/watch?v=JCWqh80-yYQ,JCWqh80-yYQ,1859,,,
CLOCKWORK,KRISO,RAP BATTLE,Accapella,2024,FOB,2024-10-13,https://www.youtube.com/watch?v=XPg7-YRYs-0,XPg7-YRYs-0,5453,,,
Fate,Bayze,#ERROR!,Accapella,2024,DLTLLY,2024-10-13,https://www.youtube.com/watch?v=PO9Fv7MYRx4,PO9Fv7MYRx4,34652,,,
FREEKNO,CELUNE,RAP BATTLE,Accapella,2024,FOB,2024-10-11,https://www.youtube.com/watch?v=XTbwRNMD4f8,XTbwRNMD4f8,20549,,,
S-Staticx,Dascha,#ERROR!,Accapella,2024,DLTLLY,2024-10-10,https://www.youtube.com/watch?v=bw0R9iSxx30,bw0R9iSxx30,12417,,,
Yarambo,Mc Geuner,Interview München,Accapella,2024,DLTLLY,2024-10-06,https://www.youtube.com/watch?v=dG-NXwKzz0I,dG-NXwKzz0I,6173,,,
Yarambo,Mc Geuner,  München,Accapella,2024,DLTLLY,2024-10-06,https://www.youtube.com/watch?v=VUm9SSe15rA,VUm9SSe15rA,66164,,,
SCHLAWINOR,PESC,RAP BATTLE,Accapella,2024,FOB,2024-10-06,https://www.youtube.com/watch?v=pt4vLRUCPp4,pt4vLRUCPp4,4523,,,
LAVAŞ,WINK,RAP BATTLE,Accapella,2024,FOB,2024-10-04,https://www.youtube.com/watch?v=avYJLB-3MB0,avYJLB-3MB0,3934,,,
Karanova,N&#39;Antinein,Interview München,Accapella,2024,DLTLLY,2024-09-29,https://www.youtube.com/watch?v=jshtk1lHnSw,jshtk1lHnSw,3531,,,
N&#39;Antinein,Karanova,  München,Accapella,2024,DLTLLY,2024-09-29,https://www.youtube.com/watch?v=IKwLwUyWO6A,IKwLwUyWO6A,30130,,,
MALIK,SIC68,RAP BATTLE,Accapella,2024,FOB,2024-09-29,https://www.youtube.com/watch?v=zOx16rImWoA,zOx16rImWoA,2929,,,
DAVID ARDOR,BARETTA,RAP BATTLE,Accapella,2024,FOB,2024-09-27,https://www.youtube.com/watch?v=lcLaJCLDByE,lcLaJCLDByE,4995,,,
Onkel Fränk,Drunk,#ERROR!,Accapella,2024,DLTLLY,2024-09-24,https://www.youtube.com/watch?v=Po2-Ba8ug9I,Po2-Ba8ug9I,8565,,,
Hiding John,Kid Soldier,Bad Bars  München,Accapella,2024,DLTLLY,2024-09-22,https://www.youtube.com/watch?v=GQcwz2t0yJA,GQcwz2t0yJA,80404,,,
Hiding John,Kid Soldier,Interview München,Accapella,2024,DLTLLY,2024-09-22,https://www.youtube.com/watch?v=BHgMmZaslMM,BHgMmZaslMM,8688,,,
DADDA,MAZZIKANER,RAP BATTLE,Accapella,2024,FOB,2024-09-22,https://www.youtube.com/watch?v=xuMwrAwxjuM,xuMwrAwxjuM,7988,,,
Neilz,Davie Jones,D&amp;DL,Accapella,2024,DUDL,2024-09-22,https://www.youtube.com/watch?v=fB5JK8nZ4pw,fB5JK8nZ4pw,38583,,,
KIRUMA,MOODY,FSK 0 BATTLE,Accapella,2024,FOB,2024-09-20,https://www.youtube.com/watch?v=D5UKLm3tSj4,D5UKLm3tSj4,17360,,,
Craze,Liuz,#ERROR!,On Beat,2024,DLTLLY,2024-09-15,https://www.youtube.com/watch?v=5JMXVlNWVdI,5JMXVlNWVdI,29743,,,
DANNY DEADWEIGHT,ROOL,RAP BATTLE,Accapella,2024,FOB,2024-09-15,https://www.youtube.com/watch?v=eJic21oJAKo,eJic21oJAKo,4363,,,
PATO G,YUAH,FINALE,Accapella,2024,FOB,2024-09-13,https://www.youtube.com/watch?v=Ht2ioZWrWJw,Ht2ioZWrWJw,5273,,,
Punjizz,Shizu aka. DeeLah,#ERROR!,Accapella,2024,DLTLLY,2024-09-12,https://www.youtube.com/watch?v=LLmwMQb1CQI,LLmwMQb1CQI,17018,,,
NOTYZZE,YAAMANN (Battle um Platz 3),FREESTYLE TURNIER,Accapella,2024,FOB,2024-09-10,https://www.youtube.com/watch?v=2Z3LaxE89EI,2Z3LaxE89EI,3715,,,
Morgana,Jeystone,D&amp;DL,Accapella,2024,DUDL,2024-09-08,https://www.youtube.com/watch?v=3wGCnFTZFzs,3wGCnFTZFzs,9334,,,
Joseph Steinschleuder,Davie Jones,#ERROR!,Accapella,2024,DLTLLY,2024-09-08,https://www.youtube.com/watch?v=6ommjEnW9vI,6ommjEnW9vI,63688,,,
Rool,Dyas,#ERROR!,Accapella,2024,DLTLLY,2024-09-05,https://www.youtube.com/watch?v=jagpHG4EWME,jagpHG4EWME,6725,,,
Kato,SnakeHeadRhyme,  München,Accapella,2024,DLTLLY,2024-09-01,https://www.youtube.com/watch?v=68QK0Kf8Lck,68QK0Kf8Lck,43913,,,
Kato,SnakeHeadRhyme,Interview München,Accapella,2024,DLTLLY,2024-09-01,https://www.youtube.com/watch?v=topFWR2QQZo,topFWR2QQZo,4347,,,
T-Way,Gerro,D&amp;DL,Accapella,2024,DUDL,2024-09-01,https://www.youtube.com/watch?v=z-q8BX6Mxrs,z-q8BX6Mxrs,8257,,,
Baretta,Herr Sören,#ERROR!,Accapella,2024,DLTLLY,2024-08-29,https://www.youtube.com/watch?v=kcm0rdCOar4,kcm0rdCOar4,9165,,,
InzaneMane,Leon Vinyard,D&amp;DL,Accapella,2024,DUDL,2024-08-25,https://www.youtube.com/watch?v=115Cl3vTrPM,115Cl3vTrPM,7342,,,
Ilhan,Kitana,#ERROR!,On Beat,2024,DLTLLY,2024-08-25,https://www.youtube.com/watch?v=AtqetyTbheI,AtqetyTbheI,82956,,,
JEPAIN,A-RON,RAP BATTLE,Accapella,2024,FOB,2024-08-23,https://www.youtube.com/watch?v=XrEZxw8z5bM,XrEZxw8z5bM,6070,,,
Notyzze,Lyrico,#ERROR!,On Beat,2024,DLTLLY,2024-08-22,https://www.youtube.com/watch?v=Tgmq3_4RhjE,Tgmq3_4RhjE,32723,,,
DANNY DEADWEIGHT,ONKEL FRÄNK,RAP BATTLE,Accapella,2024,FOB,2024-08-18,https://www.youtube.com/watch?v=Mkz8nufAVUo,Mkz8nufAVUo,5569,,,
Ezra,Jilly,D&amp;DL,Accapella,2024,DUDL,2024-08-18,https://www.youtube.com/watch?v=q8bh5WVlnew,q8bh5WVlnew,4070,,,
Meidi,Craze,Interview MAYhem #7,Accapella,2024,DLTLLY,2024-08-17,https://www.youtube.com/watch?v=vnq0PZiNHpM,vnq0PZiNHpM,21910,,,
Meidi,Craze,  MAYhem #7,Accapella,2024,DLTLLY,2024-08-17,https://www.youtube.com/watch?v=-iUQflbZjj4,-iUQflbZjj4,176132,,,
MC COLOGNE & PATO G,REQUIEM & FROZEN,RAP BATTLE,Accapella,2024,FOB,2024-08-16,https://www.youtube.com/watch?v=TWJGch9t_tk,TWJGch9t_tk,9675,,,
FraxOne,Georgie,D&amp;DL,Accapella,2024,DUDL,2024-08-11,https://www.youtube.com/watch?v=WQKX9rMwfPs,WQKX9rMwfPs,3747,,,
Ssynic,Tobi High,  MAYhem #7,Accapella,2024,DLTLLY,2024-08-11,https://www.youtube.com/watch?v=_2mNNkIfRww,_2mNNkIfRww,382166,,,
Ssynic,Tobi High,Interview MAYhem #7,Accapella,2024,DLTLLY,2024-08-11,https://www.youtube.com/watch?v=uq5t-evaHBs,uq5t-evaHBs,40955,,,
Hiding John,Shizu,Interview MAYhem #7,Accapella,2024,DLTLLY,2024-08-04,https://www.youtube.com/watch?v=5wYtTi39xh8,5wYtTi39xh8,10551,,,
Hiding John,Shizu,  MAYhem #7,Accapella,2024,DLTLLY,2024-08-04,https://www.youtube.com/watch?v=ZIH7h0e7aWg,ZIH7h0e7aWg,101304,,,
Requiem,Ilhan,#ERROR!,Accapella,2024,DLTLLY,2024-07-28,https://www.youtube.com/watch?v=9Po9A8VvDFs,9Po9A8VvDFs,30190,,,
VYRUS & FREEZY,SIZYPHOS & SH@WDY SH@F,RAP BATTLE,Accapella,2024,FOB,2024-07-26,https://www.youtube.com/watch?v=yC4KF5j4SC0,yC4KF5j4SC0,144315,,,
MOODY,EZRA,ONE-ROUNDER,Accapella,2024,FOB,2024-07-21,https://www.youtube.com/watch?v=_xZ5PG4OiQ4,_xZ5PG4OiQ4,4390,,,
Quill,Hollow Da Don,International  + Interview MAYhem #7,Accapella,2024,DLTLLY,2024-07-21,https://www.youtube.com/watch?v=L4bqv0Z187s,L4bqv0Z187s,70826,,,
DAVIE JONES,BDAD,ACAPELLA BATTLE,Accapella,2024,FOB,2024-07-19,https://www.youtube.com/watch?v=j0UoUGbmxcQ,j0UoUGbmxcQ,38634,,,
Wolff,T-Way,Co-Event,Accapella,2024,DLTLLY,2024-07-14,https://www.youtube.com/watch?v=haDRNN288xI,haDRNN288xI,3346,,,
Wolff,T-Way,Co-Event,Accapella,2024,DLTLLY,2024-07-14,https://www.youtube.com/watch?v=zOWZq8nG75U,zOWZq8nG75U,50891,,,
HOODOO,GEERAH,ACAPELLA BATLLE,Accapella,2024,FOB,2024-07-14,https://www.youtube.com/watch?v=SooZ6KbCv4I,SooZ6KbCv4I,2822,,,
ZEPTAH,REQUIEM,ON BEAT BATTLE,On Beat,2024,FOB,2024-07-12,https://www.youtube.com/watch?v=EJdpjtbvjEo,EJdpjtbvjEo,16359,,,
MC Cologne,Bandan,Co-Event,On Beat,2024,DLTLLY,2024-07-11,https://www.youtube.com/watch?v=6nV5CVQoKLo,6nV5CVQoKLo,8843,,,Co-Event DLTLLY & FOB
Duff,Neilz,Co-Event,On Beat,2024,DLTLLY,2024-07-07,https://www.youtube.com/watch?v=1MsrFX-bPC4,1MsrFX-bPC4,27776,,,Co-Event DLTLLY & FOB
LUCKYLILY,MC GEUNER,ACAPELLA BATTLE,Accapella,2024,FOB,2024-07-05,https://www.youtube.com/watch?v=G3O29FB4itk,G3O29FB4itk,44906,,,
Proton,Koozy,Co-Event,On Beat,2024,DLTLLY,2024-07-04,https://www.youtube.com/watch?v=JCMIDlfCDjY,JCMIDlfCDjY,17914,,,
Mighty P & Lamin,FFFelix & Nastic,2on2  + Interview  x  Co-Event,Accapella,2024,DLTLLY,2024-06-27,https://www.youtube.com/watch?v=q3gQy17LHC0,q3gQy17LHC0,13774,,,
Karma,Hiding John (One Rounder),NRWeekend,Accapella,2024,DLTLLY,2024-06-21,https://www.youtube.com/watch?v=7Vmk5up-5Fo,7Vmk5up-5Fo,36998,,,
PESC,FAIVEL,LEVEL UP TURNIER,Accapella,2024,FOB,2024-06-18,https://www.youtube.com/watch?v=EVKPjgMgfJg,EVKPjgMgfJg,5649,,,
NATALI,KRISO,LEVEL UP TURNIER,Accapella,2024,FOB,2024-06-17,https://www.youtube.com/watch?v=lcDcZyVhX5Y,lcDcZyVhX5Y,9274,,,
Kato & Yarambo,Joseph Steinschleuder & Sizyphos,2on2  NRWeekend,Accapella,2024,DLTLLY,2024-06-16,https://www.youtube.com/watch?v=4j1hDSpgsFw,4j1hDSpgsFw,220847,,,NRWeekend 7
Kiruma,Karanova,DUDL 🏆 Title-Match,Accapella,2024,DUDL,2024-06-10,https://www.youtube.com/watch?v=rv_yat0fWhE,rv_yat0fWhE,45945,,,
Jeystone,N'antinein,Battle,On Beat,2024,DUDL,2024-06-09,https://www.youtube.com/watch?v=IuwaIOsyTXs,IuwaIOsyTXs,8697,,,
Liuz,T-Way,  NRWeekend,Accapella,2024,DLTLLY,2024-06-09,https://www.youtube.com/watch?v=J8bcbhLcKq8,J8bcbhLcKq8,19561,,,NRWeekend 7
Ryko-J,Olio,  NRWeekend,Accapella,2024,DLTLLY,2024-06-07,https://www.youtube.com/watch?v=6oGgSiAVu4I,6oGgSiAVu4I,45404,,,NRWeekend 7
Ryko-J,Olio,Interview NRWeekend,Accapella,2024,DLTLLY,2024-06-07,https://www.youtube.com/watch?v=jFMyEc04qBk,jFMyEc04qBk,3046,,,
Requiem,Fate,NRWeekend,Accapella,2024,DLTLLY,2024-06-02,https://www.youtube.com/watch?v=OPSI5Jy-AVQ,OPSI5Jy-AVQ,23929,Spektakulum,Düsseldorf,NRWeekend 7
Holu,Zeuge,Battle,Accapella,2024,DUDL,2024-06-02,https://www.youtube.com/watch?v=bf94Ffg-3F4,bf94Ffg-3F4,8912,Panke,,
KATO,T-WAY,GAMING BARS RELOADED,Accapella,2024,FOB,2024-05-30,https://www.youtube.com/watch?v=nxx7jX1ylPc,nxx7jX1ylPc,12659,,,
DER SERGEANT,EZRA,ACAPELLA BATTLE,Accapella,2024,FOB,2024-05-26,https://www.youtube.com/watch?v=hp9kbzK2ugs,hp9kbzK2ugs,5152,,,
Franz Flaute,MC Rabiat,Battle,Accapella,2024,DUDL,2024-05-26,https://www.youtube.com/watch?v=ca_rG-4NbNw,ca_rG-4NbNw,5233,,,
KRISO,CIZERO,ACAPELLA BATTLE,Accapella,2024,FOB,2024-05-26,https://www.youtube.com/watch?v=JZ87q10gvnM,JZ87q10gvnM,2988,,,
PHILLIE.45,NASTIC (Freestyle als MAT),ON BEAT BATTLE,On Beat,2024,FOB,2024-05-24,https://www.youtube.com/watch?v=RzVabkX8At8,RzVabkX8At8,4728,,,
Moitz,Wenzel Washington,#ERROR!,Accapella,2024,DLTLLY,2024-05-19,https://www.youtube.com/watch?v=X2oW-AVnu_k,X2oW-AVnu_k,14042,,,
Capco Jones,Schlawin0r,Battle,Accapella,2024,DUDL,2024-05-19,https://www.youtube.com/watch?v=-zVGbTf4cXQ,-zVGbTf4cXQ,3672,,,
Pablo,Morgana,Berlin,On Beat,2024,DLTLLY,2024-05-17,https://www.youtube.com/watch?v=wMIpuP755BM,wMIpuP755BM,30789,,,
JILLY,ROOL,ACAPELLA BATTLE,Accapella,2024,FOB,2024-05-16,https://www.youtube.com/watch?v=oy7yIMl1ZNA,oy7yIMl1ZNA,3710,,,
ILYA FLOYD,CRYSTAL MAX,ACAPELLA BATTLE,Accapella,2024,FOB,2024-05-16,https://www.youtube.com/watch?v=uTnZqyleXUo,uTnZqyleXUo,3080,,,
MC Geuner,Bayze,NRWeekend #7,Accapella,2024,DLTLLY,2024-05-12,https://www.youtube.com/watch?v=me9eYSwqDfM,me9eYSwqDfM,48971,,,NRWeekend 7
Georgie,Günti,Battle,Accapella,2024,DUDL,2024-05-12,https://www.youtube.com/watch?v=CvxlkVUxyCQ,CvxlkVUxyCQ,4431,,,
MC GEUNER (SPECKTITTE MINO),RIPA,ACAPELLA BATTLE,Accapella,2024,FOB,2024-05-12,https://www.youtube.com/watch?v=6Fq9WuxhADc,6Fq9WuxhADc,4436,,,
LARA SOFT,FROZEN,ON BEAT BATTLE,On Beat,2024,FOB,2024-05-09,https://www.youtube.com/watch?v=hcwjr_srOXM,hcwjr_srOXM,19231,,,
Steel,Davie Jones,Berlin,On Beat,2024,DLTLLY,2024-05-05,https://www.youtube.com/watch?v=uz5v_Bn_TzY,uz5v_Bn_TzY,43897,,Berlin,
David Ardor,Jilly,Battle,Accapella,2024,DUDL,2024-05-05,https://www.youtube.com/watch?v=BxFo9Cnh4GI,BxFo9Cnh4GI,3388,,,
Notyzze,Tommy2Late,Berlin,On Beat,2024,DLTLLY,2024-05-05,https://www.youtube.com/watch?v=DDBzGJrY2Ds,DDBzGJrY2Ds,66681,,Berlin,
CSN GALACTICO,SIC68,ACAPELLA BATTLE,Accapella,2024,FOB,2024-05-03,https://www.youtube.com/watch?v=cUb4Sq_nyLo,cUb4Sq_nyLo,13948,,,
Tobi High,Papa TR,Berlin,On Beat,2024,DLTLLY,2024-04-28,https://www.youtube.com/watch?v=F5E_sF7XD7I,F5E_sF7XD7I,51082,,Berlin,
HEYZEN,TOKZ,ON BEAT + ACAPELLA BATTLE,On Beat,2024,FOB,2024-04-25,https://www.youtube.com/watch?v=QboOw6vfu5Q,QboOw6vfu5Q,5500,,,
Karanova,Bong Teggy,🏆 ON BEAT TITLE MATCH 🏆,On Beat,2024,DLTLLY,2024-04-21,https://www.youtube.com/watch?v=LN1Lv62vzbI,LN1Lv62vzbI,139249,,Berlin,
TOLLSCHOCK,MALIK,ACAPELLA BATTLE,Accapella,2024,FOB,2024-04-21,https://www.youtube.com/watch?v=zH1kJVuX8QU,zH1kJVuX8QU,6464,,,
Bong Teggy,Karanova,Interview Berlin,Accapella,2024,DLTLLY,2024-04-21,https://www.youtube.com/watch?v=nJxEfSgOaFE,nJxEfSgOaFE,8050,,,
MC GEUNER,BANDAN,ACAPELLA BATTLE,Accapella,2024,FOB,2024-04-19,https://www.youtube.com/watch?v=8W6w_1IMHSQ,8W6w_1IMHSQ,12093,,,
DOC,Mordrake,Berlin,On Beat,2024,DLTLLY,2024-04-19,https://www.youtube.com/watch?v=f-Cp3n-LCyw,f-Cp3n-LCyw,10737,,Berlin,
FABS,DUFF,ACAPELLA BATTLE,Accapella,2024,FOB,2024-04-12,https://www.youtube.com/watch?v=PGneFiKoVf4,PGneFiKoVf4,17647,,,
Tobi High,Meidi,Kassel,Accapella,2024,DLTLLY,2024-04-07,https://www.youtube.com/watch?v=SJ4P0J0u3o0,SJ4P0J0u3o0,143854,,Kassel,
Zeptah,Tokz,Berlin,On Beat,2024,DLTLLY,2024-04-07,https://www.youtube.com/watch?v=sGN8Hll0T3M,sGN8Hll0T3M,20168,,Berlin,
Yarambo,Karanova,Kassel,Accapella,2024,DLTLLY,2024-04-07,https://www.youtube.com/watch?v=JWaIWpR7cuA,JWaIWpR7cuA,99863,,Kassel,
Aladin,Shorteh Taunton,Berlin,On Beat,2024,DLTLLY,2024-04-05,https://www.youtube.com/watch?v=yf72pQ4T_ak,yf72pQ4T_ak,11392,,Berlin,
LARA SOFT,M.F.L.,ON BEAT BATTLE,On Beat,2024,FOB,2024-03-31,https://www.youtube.com/watch?v=CZXKeqr26RQ,CZXKeqr26RQ,8157,,,
MC Maik,Snakeheadrhyme,Kassel,Accapella,2024,DLTLLY,2024-03-31,https://www.youtube.com/watch?v=meY3np8DlTQ,meY3np8DlTQ,22032,,Kassel,
Dadda,Lazlo Mxrphine,Berlin,On Beat,2024,DLTLLY,2024-03-29,https://www.youtube.com/watch?v=xcw2vuJLPZs,xcw2vuJLPZs,118946,,Berlin,
SIZYPHOS,MOODY,ACAPELLA BATTLE,Accapella,2024,FOB,2024-03-24,https://www.youtube.com/watch?v=QYrhse-D5VI,QYrhse-D5VI,39752,,,
ONKEL FRÄNK,SHADYX,ACAPELLA BATTLE,Accapella,2024,FOB,2024-03-24,https://www.youtube.com/watch?v=wfBBTAqUHis,wfBBTAqUHis,8421,,,
FreeKno,Young Kennedy,Kassel,Accapella,2024,DLTLLY,2024-03-24,https://www.youtube.com/watch?v=GPMI--gNB08,GPMI--gNB08,15256,,Kassel,
CLOCKWORK,DADDA,ACAPELLA BATTLE,Accapella,2024,FOB,2024-03-24,https://www.youtube.com/watch?v=f2TI2M5UaXc,f2TI2M5UaXc,10269,,,
DANNY DEADWEIGHT,SKILLZ,ACAPELLA BATLLE,Accapella,2024,FOB,2024-03-24,https://www.youtube.com/watch?v=ehyGYTo24ro,ehyGYTo24ro,4819,,,
JOSEPH STEINSCHLEUDER,MORGANA,ON BEAT BATTLE,On Beat,2024,FOB,2024-03-21,https://www.youtube.com/watch?v=fo8uzP3EIvw,fo8uzP3EIvw,44043,,,
OREGANO,HIDING JOHN,ACAPELLA BATTLE,Accapella,2024,FOB,2024-03-18,https://www.youtube.com/watch?v=rAqwIxumi3s,rAqwIxumi3s,138833,,,
Karma,Kiruma,NRWeekend 6,Accapella,2024,DLTLLY,2024-03-17,https://www.youtube.com/watch?v=3PCiOm1e0F8,3PCiOm1e0F8,60645,,,NRWeekend 6
Zeuge,Niza,Kassel,Accapella,2024,DLTLLY,2024-03-17,https://www.youtube.com/watch?v=j6S8n5bSC4k,j6S8n5bSC4k,24280,,Kassel,
Der Sergeant,Diamond,Proving Grounds,Accapella,2024,DLTLLY,2024-03-15,https://www.youtube.com/watch?v=YdQh67kKjA0,YdQh67kKjA0,12970,Panke,Berlin,Proving Grounds
PABLO,YAAMANN,ON BEAT BATTLE,On Beat,2024,FOB,2024-03-14,https://www.youtube.com/watch?v=AWCwWr_DDKI,AWCwWr_DDKI,8941,,,
Vesso,Malik,Proving Grounds,Accapella,2024,DLTLLY,2024-03-10,https://www.youtube.com/watch?v=iK-Oth0jFOo,iK-Oth0jFOo,7178,Panke,Berlin,Proving Grounds
CSN Galactico,Nastic,Proving Grounds,Accapella,2024,DLTLLY,2024-03-10,https://www.youtube.com/watch?v=jKHgj_RAMZA,jKHgj_RAMZA,28655,Panke,Berlin,Proving Grounds
Sizyphos,Hiding John,DISSember #7,Accapella,2024,DLTLLY,2024-03-07,https://www.youtube.com/watch?v=LBbPEElYxGA,LBbPEElYxGA,367343,Festsaal Kreuzberg,Berlin,DISSember 7
Moody,Ikks,Proving Grounds,Accapella,2024,DLTLLY,2024-03-07,https://www.youtube.com/watch?v=oFHFbG4e604,oFHFbG4e604,7274,Panke,Berlin,Proving Grounds
Jepain,Rolling G,Proving Grounds,Accapella,2024,DLTLLY,2024-03-07,https://www.youtube.com/watch?v=1tMIG22ggG0,1tMIG22ggG0,10075,Panke,Berlin,Proving Grounds Vol. 5
ZATO,ZEPTAH,ON BEAT BATTLE,On Beat,2024,FOB,2024-03-01,https://www.youtube.com/watch?v=nMeqvIpjfOE,nMeqvIpjfOE,12138,,,
Belial,Kid Soldier,DISSember #7,Accapella,2024,DLTLLY,2024-02-25,https://www.youtube.com/watch?v=fN0PgIxzhC8,fN0PgIxzhC8,39902,Festsaal Kreuzberg,Berlin,DISSember 7
FREEZY,DADDA,ON BEAT BATTLE,On Beat,2024,FOB,2024-02-23,https://www.youtube.com/watch?v=QBSRI86VMs8,QBSRI86VMs8,19233,,,
The Saurus,Quill,DISSember #7,Accapella,2024,DLTLLY,2024-02-19,https://www.youtube.com/watch?v=9z2aEljjMtQ,9z2aEljjMtQ,11638,Festsaal Kreuzberg,Berlin,DISSember 7
KOOZY,MAN IN BLACK,ON BEAT BATTLE,On Beat,2024,FOB,2024-02-09,https://www.youtube.com/watch?v=6_YUEKAjkng,6_YUEKAjkng,10031,,,
Clockwork,Sachma,Proving Grounds,Accapella,2024,DLTLLY,2024-02-09,https://www.youtube.com/watch?v=bwbDyjtPJCc,bwbDyjtPJCc,8304,Panke,Berlin,Proving Grounds
Ricochet,Riesenlauch,Proving Grounds Berlin,Accapella,2024,DLTLLY,2024-02-04,https://www.youtube.com/watch?v=NjX3eisi5XU,NjX3eisi5XU,12021,Panke,Berlin,Proving Grounds
Kato,Neilz,🏆 TITLE MATCH 🏆,Accapella,2024,DLTLLY,2024-02-04,https://www.youtube.com/watch?v=ykfHhWbi7Jk,ykfHhWbi7Jk,110176,,,
CapcoJones,Cristosaurus Rex,Proving Grounds,Accapella,2024,DLTLLY,2024-02-04,https://www.youtube.com/watch?v=NNUTrbddBwo,NNUTrbddBwo,10168,Panke,Berlin,Proving Grounds
VYRUS,STEEL,ON BEAT TITLEMATCH,On Beat,2024,FOB,2024-02-02,https://www.youtube.com/watch?v=hupa7KpyOm8,hupa7KpyOm8,76074,,,
FAITH MC,ROLLING G,ACAPELLA BATTLE,Accapella,2024,FOB,2024-01-27,https://www.youtube.com/watch?v=AQ61cQjpA4U,AQ61cQjpA4U,7238,,,
ROOL,DAVID ARDOR,NEWCOMER BATTLE,Accapella,2024,FOB,2024-01-21,https://www.youtube.com/watch?v=_TQee46RR5U,_TQee46RR5U,2768,,,
FRAX ONE & DJANGO,NATALI & ALADIN,ACAPELLA BATTLE,Accapella,2024,FOB,2024-01-19,https://www.youtube.com/watch?v=6ZzLdfNphns,6ZzLdfNphns,7185,,,
JOSEPH STEINSCHLEUDER & ROMIK WRONG,ZEPTAH & ORPHXN,ON BEAT BATTLE,On Beat,2024,FOB,2024-01-12,https://www.youtube.com/watch?v=hDQFXey6gXI,hDQFXey6gXI,34631,,,
Celune,Sizyphos,Hamburg,Accapella,2024,DLTLLY,2024-01-11,https://www.youtube.com/watch?v=wwKW8EaM0W4,wwKW8EaM0W4,85652,,,
Yarambo,Karma,Hamburg,Accapella,2024,DLTLLY,2024-01-11,https://www.youtube.com/watch?v=Y523u1xAcmo,Y523u1xAcmo,70020,,,
Heinz87 & Hiding John,Mazzikaner & Cashus K,Hamburg,Accapella,2024,DLTLLY,2024-01-11,https://www.youtube.com/watch?v=Ue5h955l2Ew,Ue5h955l2Ew,26571,,,
Faivel,Bilal,Hamburg,Accapella,2024,DLTLLY,2024-01-07,https://www.youtube.com/watch?v=mHPNeE8Tkbo,mHPNeE8Tkbo,14920,,,
Holu,Moody,Battle,Accapella,2023,DUDL,2024-01-06,https://www.youtube.com/watch?v=ZgVgROhjl5o,ZgVgROhjl5o,6445,,,
Shizu,Morgana,Hamburg,On Beat,2024,DLTLLY,2024-01-05,https://www.youtube.com/watch?v=uZC6ZAOqvss,uZC6ZAOqvss,39854,,,
BURST & T-WAY,LEANDERS & DESPO,ACAPELLA BATTLE,Accapella,2024,FOB,2024-01-05,https://www.youtube.com/watch?v=_RaLw94QJSI,_RaLw94QJSI,9533,,,
KRISO,ILYA FLOYD,NEWCOMER BATTLE,Accapella,2023,FOB,2023-12-31,https://www.youtube.com/watch?v=eSLYneqD0vg,eSLYneqD0vg,3753,,,
Liuz,Herr Kuchen,Dortmund,Accapella,2023,DLTLLY,2023-12-30,https://www.youtube.com/watch?v=vPgMlVOgMYs,vPgMlVOgMYs,78492,Oma Doris,Dortmund,
Neilz,Kiruma,Dortmund,Accapella,2023,DLTLLY,2023-12-30,https://www.youtube.com/watch?v=k5MyH3qffzk,k5MyH3qffzk,97029,Oma Doris,Dortmund,
Barbee & Flow,Fate & Joseph Steinschleuder,2on2  Wien,Accapella,2023,DLTLLY,2023-12-30,https://www.youtube.com/watch?v=o0oMk_6Sj60,o0oMk_6Sj60,40743,,,
Flashus Christus,K9NE,Wien,Accapella,2023,DLTLLY,2023-12-30,https://www.youtube.com/watch?v=chUp4X6Isbo,chUp4X6Isbo,8847,,,
Karkobi,Requiem,Wien,Accapella,2023,DLTLLY,2023-12-30,https://www.youtube.com/watch?v=dpC_mfZVDrc,dpC_mfZVDrc,43398,,,
Mc Geuner,T-Way,Dortmund,Accapella,2023,DLTLLY,2023-12-30,https://www.youtube.com/watch?v=rsMrgC9k9jk,rsMrgC9k9jk,18862,Oma Doris,Dortmund,
Onkel Oktomusch,Jindo109,Dortmund,Accapella,2023,DLTLLY,2023-12-30,https://www.youtube.com/watch?v=NXAh7HMMM-0,NXAh7HMMM-0,139893,Oma Doris,Dortmund,
Bilal,Joseph Steinschleuder,Battle,Accapella,2023,DUDL,2023-12-30,https://www.youtube.com/watch?v=MmgJGhyrfbc,MmgJGhyrfbc,18964,,,
Notyzze,BanDan,Wien,On Beat,2023,DLTLLY,2023-12-30,https://www.youtube.com/watch?v=ryfJjGNbbR8,ryfJjGNbbR8,24492,,,
LUCKYLILY & BAYZE,CRAZE & MOITZ,ACAPELLA BATTLE,Accapella,2023,FOB,2023-12-28,https://www.youtube.com/watch?v=B7Ge3bBMaZ4,B7Ge3bBMaZ4,72357,,,
MORGANA,ZEPTAH,ON BEAT BATTLE,On Beat,2023,FOB,2023-12-26,https://www.youtube.com/watch?v=VSjE_QHcZBU,VSjE_QHcZBU,11443,,,
Kane,David Ardor,Battle,Accapella,2023,DUDL,2023-12-23,https://www.youtube.com/watch?v=5NWHlFDIezw,5NWHlFDIezw,3420,,,
CLOCKWORK,CSN GALACTICO,ACAPELLA BATTLE,Accapella,2023,FOB,2023-12-21,https://www.youtube.com/watch?v=8t_wR5YYayI,8t_wR5YYayI,10459,,,
KIRUMA,HIDING JOHN,ACAPELLA BATTLE,Accapella,2023,FOB,2023-12-17,https://www.youtube.com/watch?v=-z8Kz8svvR4,-z8Kz8svvR4,82392,,,
SNAKEHEADRHYME,A-RON,ACAPELLA BATTLE,Accapella,2023,FOB,2023-12-17,https://www.youtube.com/watch?v=q4fXhfjI2ZU,q4fXhfjI2ZU,10398,,,
KARKOBI,MOODY,ACAPELLA BATTLE,Accapella,2024,FOB,2023-12-17,https://www.youtube.com/watch?v=hvEti6vXuXY,hvEti6vXuXY,18119,,,
SHAOLUM,EZRA,ONE-ROUNDER,Accapella,2023,FOB,2023-12-10,https://www.youtube.com/watch?v=tzwE0B9OquY,tzwE0B9OquY,5242,,,
KahVauWeh,Jilly,Battle,Accapella,2023,DUDL,2023-12-09,https://www.youtube.com/watch?v=0qrxZCr5CMg,0qrxZCr5CMg,4577,,,
FREEKNO,MORGANA,ACAPELLA BATTLE,Accapella,2023,FOB,2023-12-08,https://www.youtube.com/watch?v=WtgPudDeZj8,WtgPudDeZj8,6604,,,
VYRUS,KARANOVA,ON BEAT BATTLE,On Beat,2023,FOB,2023-12-01,https://www.youtube.com/watch?v=_rMFRoKcs6M,_rMFRoKcs6M,59238,,,
MOODY,TECEY,ACAPELLA BATTLE,Accapella,2023,FOB,2023-11-26,https://www.youtube.com/watch?v=rbNeALMPEKo,rbNeALMPEKo,3765,,,
JOE PHARO,LITTLE SEDO,ACAPELLA BATTLE,Accapella,2023,FOB,2023-11-24,https://www.youtube.com/watch?v=5Z35PNEQB_I,5Z35PNEQB_I,10714,,,
Schalle,Shortworth,Wien,Accapella,2023,DLTLLY,2023-11-24,https://www.youtube.com/watch?v=3_aVuejj-KM,3_aVuejj-KM,13509,,,
Duff,Joe Pharo,Dortmund,Accapella,2023,DLTLLY,2023-11-22,https://www.youtube.com/watch?v=m0MkvcPDluI,m0MkvcPDluI,25771,Oma Doris,Dortmund,
NASTIC,STEEL,ON BEAT BATTLE,On Beat,2023,FOB,2023-11-19,https://www.youtube.com/watch?v=w0kK3zXnnK0,w0kK3zXnnK0,180059,,,
Grandmaster Flow,Kalp One,Wien,Accapella,2023,DLTLLY,2023-11-16,https://www.youtube.com/watch?v=Kw40l5aHPI4,Kw40l5aHPI4,8398,,,
JEPAIN,CELUNE,ACAPELLA BATTLE,Accapella,2023,FOB,2023-11-16,https://www.youtube.com/watch?v=01-L9OSECRY,01-L9OSECRY,12706,,,
Wenzel Washington,Davis,Wien,Accapella,2023,DLTLLY,2023-11-16,https://www.youtube.com/watch?v=BNOhkxQXuyM,BNOhkxQXuyM,11730,,,
Belial,Julo,Dortmund,Accapella,2023,DLTLLY,2023-11-16,https://www.youtube.com/watch?v=I9J8qYJCcno,I9J8qYJCcno,30482,Oma Doris,Dortmund,
BAYZE,M.F.L.,ACAPELLA BATTLE,Accapella,2023,FOB,2023-11-12,https://www.youtube.com/watch?v=paqgtJnfItw,paqgtJnfItw,13582,,,
LUCKYLILY,IKKS,ACAPELLA BATTLE,Accapella,2023,FOB,2023-11-10,https://www.youtube.com/watch?v=kgZww6Ailfs,kgZww6Ailfs,20322,,,
KOOZY,ZEPTAH,ON BEAT BATTLE,On Beat,2023,FOB,2023-11-10,https://www.youtube.com/watch?v=GGu6kpSltiw,GGu6kpSltiw,13646,,,
Phasenkind,Vyrus,Battle,On Beat,2023,DLTLLY,2023-11-07,https://www.youtube.com/watch?v=9bTN83Isy_g,9bTN83Isy_g,72143,,,
Mavgic,Notyzze,Splash! Festival,On Beat,2023,DLTLLY,2023-11-07,https://www.youtube.com/watch?v=zfz6RCjGq9Q,zfz6RCjGq9Q,84234,Splash,Ferropolis,splash! 23
Cris Kotzen & Escape,Vyrus & Freezy,2on2   splash! 25,On Beat,2023,DLTLLY,2023-11-07,https://www.youtube.com/watch?v=o63uOeCfr44,o63uOeCfr44,59480,Splash,Ferropolis,splash! 25
Krom,Craze,Splash! Festival,On Beat,2023,DLTLLY,2023-11-07,https://www.youtube.com/watch?v=OFxzZdybSN8,OFxzZdybSN8,41116,Splash,Ferropolis,splash! 25
Tokz,Tisos,Match,On Beat,2023,DLTLLY,2023-11-07,https://www.youtube.com/watch?v=Nx1dG5NYYSM,Nx1dG5NYYSM,12661,,,
Pablo,Mordrake,splash! 25,On Beat,2023,DLTLLY,2023-11-07,https://www.youtube.com/watch?v=eTL6zktMYR4,eTL6zktMYR4,15518,Splash,Ferropolis,splash! 25
Kid Soldier,Krom,splash! 25,On Beat,2023,DLTLLY,2023-11-07,https://www.youtube.com/watch?v=BDxFLIkPoGM,BDxFLIkPoGM,24030,Splash,Ferropolis,splash! 25
Aytee,Phasenkind,München,On Beat,2023,DLTLLY,2023-11-07,https://www.youtube.com/watch?v=E-5qSwv5Z0Q,E-5qSwv5Z0Q,228702,,München,Living HipHop
Joseph Steinschleuder,Steel,Düsseldorf,On Beat,2023,DLTLLY,2023-11-07,https://www.youtube.com/watch?v=o-gu-0j52H4,o-gu-0j52H4,48446,,,
Lyrico,Tobi High,splash! 25,On Beat,2023,DLTLLY,2023-11-07,https://www.youtube.com/watch?v=tR63ErqqK-E,tR63ErqqK-E,55521,Splash,Ferropolis,splash! 25
N'antinein,Bahamakarma,splash! 25,On Beat,2023,DLTLLY,2023-11-07,https://www.youtube.com/watch?v=hxlKFtVRKTw,hxlKFtVRKTw,20217,Splash,Ferropolis,splash! 25
Falki,Davie Jones,München,On Beat,2023,DLTLLY,2023-11-07,https://www.youtube.com/watch?v=PEZM8D30ogU,PEZM8D30ogU,58805,,München,Living HipHop
Shizu,Mave,splash! 25,Accapella,2023,DLTLLY,2023-11-07,https://www.youtube.com/watch?v=0VnFsg9akkE,0VnFsg9akkE,21062,Splash,Ferropolis,splash! 25
Notyzze,Pablo,München,On Beat,2023,DLTLLY,2023-11-07,https://www.youtube.com/watch?v=2oGok3bnO3g,2oGok3bnO3g,32319,,München,Living HipHop
Ssynic,Craze,B-Day #10,Accapella,2023,DLTLLY,2023-11-06,https://www.youtube.com/watch?v=FwsahytRilk,FwsahytRilk,270001,,,
SUZIE SUH,MALIK,ACAPELLA BATTLE,Accapella,2023,FOB,2023-11-05,https://www.youtube.com/watch?v=XdxsQ5ZkBl0,XdxsQ5ZkBl0,6090,,,
Yarambo,JollyJay,B-Day #10,Accapella,2023,DLTLLY,2023-10-29,https://www.youtube.com/watch?v=u6NT4ynzzXY,u6NT4ynzzXY,140797,,,
SIC68,LEOQUENT,ACAPELLA BATTLE,Accapella,2023,FOB,2023-10-29,https://www.youtube.com/watch?v=Aagl3mzXYHE,Aagl3mzXYHE,2595,,,
TEACH,SHORTWORTH,ACAPELLA BATTLE,Accapella,2023,FOB,2023-10-27,https://www.youtube.com/watch?v=v3gjheBRFdw,v3gjheBRFdw,5871,,,
Kato,Bong Teggy,B-Day #10,Accapella,2023,DLTLLY,2023-10-25,https://www.youtube.com/watch?v=9-PHpWXpad8,9-PHpWXpad8,93065,,,
M.F.L.,CLOCKWORK,ACAPELLA BATTLE,Accapella,2023,FOB,2023-10-21,https://www.youtube.com/watch?v=GrwKC49yyCQ,GrwKC49yyCQ,3353,,,
DEELAH,DADDA,ACAPELLA BATTLE,Accapella,2023,FOB,2023-10-20,https://www.youtube.com/watch?v=1hXJvRr5-v0,1hXJvRr5-v0,16094,,,
Karanova,Mc Geuner,B-Day #10,Accapella,2023,DLTLLY,2023-10-15,https://www.youtube.com/watch?v=EuuQTa_BAPs,EuuQTa_BAPs,37902,,,
Jeystone,Karanova,Battle,Accapella,2023,DUDL,2023-10-14,https://www.youtube.com/watch?v=RDIgvgVX2XE,RDIgvgVX2XE,16829,,,
DIAMOND,NATALI,ACAPELLA BATTLE,Accapella,2023,FOB,2023-10-13,https://www.youtube.com/watch?v=p8xbu9v5EZw,p8xbu9v5EZw,43213,,,
Mighty P,Karma,B-Day #10,Accapella,2023,DLTLLY,2023-10-08,https://www.youtube.com/watch?v=9h9mrGmjNkE,9h9mrGmjNkE,24581,,,
Flashus Christus,Béla Garbage,Battle,Accapella,2023,DUDL,2023-10-07,https://www.youtube.com/watch?v=ZYJzYXtGpjk,ZYJzYXtGpjk,6324,,,
ShadyX,David Ardor,Battle,Accapella,2023,DUDL,2023-09-30,https://www.youtube.com/watch?v=yyTA-Qjyo8k,yyTA-Qjyo8k,4095,,,
FAIVEL,MAZZIKANER,ACAPELLA BATTLE,Accapella,2023,FOB,2023-09-24,https://www.youtube.com/watch?v=jjoHn6PxuHo,jjoHn6PxuHo,4421,,,
DEZ,MC Rabiat,Battle,Accapella,2023,DUDL,2023-09-23,https://www.youtube.com/watch?v=7OxvBQs2I9U,7OxvBQs2I9U,5861,,,
JOSEPH STEINSCHLEUDER,ALADIN,ON BEAT BATTLE,On Beat,2023,FOB,2023-09-21,https://www.youtube.com/watch?v=1JJayQ1V2h4,1JJayQ1V2h4,57162,,,
Wolff,Requiem,München,Accapella,2023,DLTLLY,2023-09-15,https://www.youtube.com/watch?v=ET-J69Ip5-E,ET-J69Ip5-E,52348,,München,
Mc Geuner,Snakeheadrhyme,München,Accapella,2023,DLTLLY,2023-09-15,https://www.youtube.com/watch?v=i1B9-AWslJg,i1B9-AWslJg,31751,,München,
Tobi High,Yarambo,München,Accapella,2023,DLTLLY,2023-08-28,https://www.youtube.com/watch?v=DmiECBflC1Y,DmiECBflC1Y,184382,,München,
T-Way,Julo,München,Accapella,2023,DLTLLY,2023-08-21,https://www.youtube.com/watch?v=SsiMPL9Pxvc,SsiMPL9Pxvc,22395,,München,
NASTIC (FINNASTIC),CRIPSTA,ON BEAT BATTLE,On Beat,2023,FOB,2023-08-10,https://www.youtube.com/watch?v=cQD1k_AzQvY,cQD1k_AzQvY,6930,,,
REQUIEM,ALADIN,ON BEAT BATTLE,On Beat,2023,FOB,2023-08-10,https://www.youtube.com/watch?v=pu3AO8kGZhI,pu3AO8kGZhI,6429,,,
TEACH,DJANGO (BATTLE UM PLATZ 3),FREESTYLE BATTLE,Accapella,2023,FOB,2023-08-10,https://www.youtube.com/watch?v=Gw-PKej8GDs,Gw-PKej8GDs,3452,,,
DAVIE JONES,KIRUMA,ACAPELLA BATTLE,Accapella,2023,FOB,2023-08-10,https://www.youtube.com/watch?v=153UC-iaZuY,153UC-iaZuY,53015,,,
NOTYZZE,PATO G (FINALE),FREESTYLE BATTLE,Accapella,2023,FOB,2023-08-10,https://www.youtube.com/watch?v=P-J6-smmJlE,P-J6-smmJlE,10634,,,
VYRUS,KOOZY,ON BEAT BATTLE,On Beat,2023,FOB,2023-08-10,https://www.youtube.com/watch?v=alByBsxKWa4,alByBsxKWa4,18171,,,
FAIVEL,TRIPLE,MIXED MARTIAL BARS,Accapella,2023,FOB,2023-08-10,https://www.youtube.com/watch?v=ruyoC9eeZe0,ruyoC9eeZe0,4939,,,
DER SERGEANT,MUSIO,ACAPELLA BATTLE,Accapella,2023,FOB,2023-08-10,https://www.youtube.com/watch?v=oxWTBgiZXYo,oxWTBgiZXYo,5030,,,
ROLLING G,ATROPATRAP,ACAPELLA BATTLE,Accapella,2023,FOB,2023-08-10,https://www.youtube.com/watch?v=qMDgBCsXSKk,qMDgBCsXSKk,19955,,,
Joseph Steinschleuder,Shizu,München,Accapella,2023,DLTLLY,2023-08-01,https://www.youtube.com/watch?v=Ar11aFXhaH0,Ar11aFXhaH0,48547,,München,
Kato,Meidi,MAYhem #6,Accapella,2023,DLTLLY,2023-07-31,https://www.youtube.com/watch?v=5RNjICLfMiU,5RNjICLfMiU,227260,,,
MALIK,JEPAIN,ACAPELLA BATTLE,Accapella,2023,FOB,2023-07-28,https://www.youtube.com/watch?v=RTYVYzqrrxU,RTYVYzqrrxU,2898,,,
Craze,Karanova,MAYhem #6,Accapella,2023,DLTLLY,2023-07-25,https://www.youtube.com/watch?v=SPWI95_uXlw,SPWI95_uXlw,102238,,,
RIPA,CIZERO,ACAPELLA BATTLE,Accapella,2023,FOB,2023-07-23,https://www.youtube.com/watch?v=Zyqjl-p0XVM,Zyqjl-p0XVM,2029,,,
DER SERGEANT,CLOCKWORK,ACAPELLA BATTLE,Accapella,2023,FOB,2023-07-21,https://www.youtube.com/watch?v=LiwzGIfLQy4,LiwzGIfLQy4,3607,,,
YOUNG KENNEDY,LIUZ,ACAPELLA BATTLE,Accapella,2023,FOB,2023-07-16,https://www.youtube.com/watch?v=SNVsQYlBxIE,SNVsQYlBxIE,4673,,,
Karkobi,Hiding John,MAYhem #6,Accapella,2023,DLTLLY,2023-07-14,https://www.youtube.com/watch?v=MI6qkQeEBXE,MI6qkQeEBXE,114338,,,
BARETTA,OLDBOY,ACAPELLA BATTLE,Accapella,2023,FOB,2023-07-14,https://www.youtube.com/watch?v=GWuP4kXR1Kg,GWuP4kXR1Kg,2999,,,
Kid Soldier,Hansen,MAYhem #6,Accapella,2023,DLTLLY,2023-07-09,https://www.youtube.com/watch?v=dF87SGCIRYU,dF87SGCIRYU,64444,,,
Zeuge,Joseph Steinschleuder,MAYhem #6,Accapella,2023,DLTLLY,2023-07-08,https://www.youtube.com/watch?v=rOr6ZAP9SDU,rOr6ZAP9SDU,53039,,,
FINNASTIC,FAIVEL,ON BEAT BATTLE,On Beat,2023,FOB,2023-07-07,https://www.youtube.com/watch?v=IvW0VwU-bD4,IvW0VwU-bD4,5243,,,
Jindo109,Liuz,Proving Grounds Berlin,Accapella,2023,DLTLLY,2023-07-07,https://www.youtube.com/watch?v=VcwX1YM5mTA,VcwX1YM5mTA,76877,,Berlin,Proving Grounds Vol. 3
Mavgic,Bong Teggy,🏆  Titlematch 🏆,On Beat,2023,DLTLLY,2023-07-02,https://www.youtube.com/watch?v=7cWynBFYZKo,7cWynBFYZKo,196106,,,
MOODY,CSN GALACTICO,ACAPELLA BATTLE,Accapella,2023,FOB,2023-06-30,https://www.youtube.com/watch?v=xsiNjqXkrmU,xsiNjqXkrmU,7194,,,
EZRA,TECEY,ACAPELLA BATTLE,Accapella,2023,FOB,2023-06-30,https://www.youtube.com/watch?v=o6pKCGAZ8jg,o6pKCGAZ8jg,2483,,,
Rolling G,Jeystone,Proving Grounds Berlin,Accapella,2023,DLTLLY,2023-06-25,https://www.youtube.com/watch?v=WTKQAIjN1Vc,WTKQAIjN1Vc,23618,,Berlin,Proving Grounds Vol. 3
Kiruma,Jeystone,Battle,Accapella,2023,DUDL,2023-06-24,https://www.youtube.com/watch?v=ri_S-oeZ_eY,ri_S-oeZ_eY,28439,,,
LARA SOFT,MAT052,ON BEAT BATTLE,On Beat,2023,FOB,2023-06-21,https://www.youtube.com/watch?v=on745CtUTC8,on745CtUTC8,6965,,,
Mars,ZinZity,NRWeekend 6,Accapella,2023,DLTLLY,2023-06-18,https://www.youtube.com/watch?v=GlT7vWzBfgA,GlT7vWzBfgA,70033,,,NRWeekend 6
Julo,SnakeHeadRhyme,Battle,Accapella,2023,DUDL,2023-06-17,https://www.youtube.com/watch?v=-YKMqAAxT8o,-YKMqAAxT8o,13420,,,
Mc Geuner,DeeLah,NRWeekend 6,Accapella,2023,DLTLLY,2023-06-11,https://www.youtube.com/watch?v=OqlGnaMrdxE,OqlGnaMrdxE,35403,,,NRWeekend 6
LUCKYLILY,CRAZYO,ACAPELLA BATTLE,Accapella,2023,FOB,2023-06-11,https://www.youtube.com/watch?v=UvS4sFibdO8,UvS4sFibdO8,10573,,,
FreeKno,LevRudi,Battle,Accapella,2023,DUDL,2023-06-10,https://www.youtube.com/watch?v=9hUmhQs6_Mo,9hUmhQs6_Mo,12051,,,
Swear Boss,Chaarlz,Bars von Chaarlz,On Beat,2023,DLTLLY,2023-06-09,https://www.youtube.com/watch?v=xsppHOOGjuE,xsppHOOGjuE,38053,,,
MC GEUNER,JOSEPH STEINSCHLEUDER,ACAPELLA BATTLE,Accapella,2023,FOB,2023-06-08,https://www.youtube.com/watch?v=PqIW0yKlenc,PqIW0yKlenc,45496,,,
Jack Dragon,Duff,NRWeekend 6,Accapella,2023,DLTLLY,2023-06-04,https://www.youtube.com/watch?v=DaR9eHH76rU,DaR9eHH76rU,26259,,,NRWeekend 6
THORA,NICK SHIT,ACAPELLA BATTLE,Accapella,2023,FOB,2023-06-04,https://www.youtube.com/watch?v=YcZozCm_xbk,YcZozCm_xbk,2922,,,
XtraHerb,Trunkenbold,Battle,Accapella,2023,DUDL,2023-06-03,https://www.youtube.com/watch?v=wmR1ZNP60_s,wmR1ZNP60_s,9509,,,
MC Janosch,Quasi Infamous,Proving Grounds Berlin,Accapella,2023,DLTLLY,2023-05-31,https://www.youtube.com/watch?v=zP_94cQIw4U,zP_94cQIw4U,17725,,Berlin,Proving Grounds Vol. 3
Bronko Banano,Young Kennedy,Proving Grounds Berlin,Accapella,2023,DLTLLY,2023-05-31,https://www.youtube.com/watch?v=djAFYil0UhI,djAFYil0UhI,10340,,Berlin,Proving Grounds Vol. 3
T-WAY & TOLLSCHOCK & BURST & EZRA & HEINZ87,NATIF (& YAAMANN),5 GEGEN NATIF,Accapella,2023,FOB,2023-05-31,https://www.youtube.com/watch?v=s8txdXxnA78,s8txdXxnA78,7000,,,
Yarambo,Craze,NRWeekend 6,Accapella,2023,DLTLLY,2023-05-28,https://www.youtube.com/watch?v=46OYZ6po0Ak,46OYZ6po0Ak,127385,,,NRWeekend 6
Nio,Vesso,Battle,Accapella,2023,DUDL,2023-05-27,https://www.youtube.com/watch?v=GiTmnInso14,GiTmnInso14,6757,,,
Celune,Wenzel Washington,Proving Grounds Berlin,Accapella,2023,DLTLLY,2023-05-26,https://www.youtube.com/watch?v=vrsYi_dzJAM,vrsYi_dzJAM,25668,,Berlin,Proving Grounds Vol. 3
Joseph Steinschleuder,Requiem,NRWeekend 6,Accapella,2023,DLTLLY,2023-05-21,https://www.youtube.com/watch?v=b7Ous_8Wlug,b7Ous_8Wlug,51813,,,NRWeekend 6
S-Staticx,Rebellion,Battle,Accapella,2023,DUDL,2023-05-20,https://www.youtube.com/watch?v=CxLrqhH-DBk,CxLrqhH-DBk,6050,,,
DADDA,P-HAZE,ACAPELLA BATTLE,Accapella,2023,FOB,2023-05-19,https://www.youtube.com/watch?v=AhJOsTxYeUE,AhJOsTxYeUE,5140,,,
Valik,Davis,Proving Grounds Berlin,Accapella,2023,DLTLLY,2023-05-19,https://www.youtube.com/watch?v=LyPTX5qeZD0,LyPTX5qeZD0,13069,,Berlin,Proving Grounds Vol. 3
Neilz,Tobi High,NRWeekend 6,Accapella,2023,DLTLLY,2023-05-14,https://www.youtube.com/watch?v=jhhMGXy1LF8,jhhMGXy1LF8,79850,,,NRWeekend 6
JANAUND,PESC,ACAPELLA BATTLE,Accapella,2023,FOB,2023-05-12,https://www.youtube.com/watch?v=rJEsiba2m2Y,rJEsiba2m2Y,5288,,,
MOODY,NEOS,ACAPELLA BATTLE,Accapella,2023,FOB,2023-05-07,https://www.youtube.com/watch?v=iBL1KeH3-Zg,iBL1KeH3-Zg,3024,,,
CLOUDSURFER,CSN GALACTICO,ACAPELLA BATTLE,Accapella,2023,FOB,2023-05-05,https://www.youtube.com/watch?v=91Ics6zQVbw,91Ics6zQVbw,8437,,,
DER SERGEANT,M.F.L.,ACAPELLA BATTLE,Accapella,2023,FOB,2023-04-28,https://www.youtube.com/watch?v=G2FxBew9Jug,G2FxBew9Jug,6823,,,
MORGANA,STEEL,ON BEAT BATTLE,On Beat,2023,FOB,2023-04-21,https://www.youtube.com/watch?v=WAFnWLi2kQM,WAFnWLi2kQM,46809,,,Unbeatable
PHASENKIND,MC COLOGNE,ON BEAT BATTLE,On Beat,2023,FOB,2023-04-14,https://www.youtube.com/watch?v=zJNkeDhTDJo,zJNkeDhTDJo,20188,,,Unbeatable
Maka,Zeptah,NRWeekend 6,Accapella,2023,DLTLLY,2023-04-09,https://www.youtube.com/watch?v=tE_8ZrKkRL4,tE_8ZrKkRL4,16405,Spektakulum,Düsseldorf,NRWeekend 6
Niza,Heinz87,Proving Grounds Kontext Wiesbaden,Accapella,2023,DLTLLY,2023-04-02,https://www.youtube.com/watch?v=GwIj5C8bPBs,GwIj5C8bPBs,15797,,Wiesbaden,Proving Grounds
S-Staticx,Der Sir (JollyJay),Proving Grounds Kontext Wiesbaden,Accapella,2023,DLTLLY,2023-03-31,https://www.youtube.com/watch?v=Od-__geija4,Od-__geija4,9649,,Wiesbaden,Proving Grounds
LUG SERIOUS,BANDAN,ON BEAT BATTLE,On Beat,2023,FOB,2023-03-29,https://www.youtube.com/watch?v=iCJvT7zXNfY,iCJvT7zXNfY,4183,,,
MEIDI,KATO,MAYhem 6 - PROVOKATION 1/6,Accapella,2023,DLTLLY,2023-03-27,https://www.youtube.com/watch?v=BzgruMrzHLE,BzgruMrzHLE,21781,,,
Aladin,Oregano,Proving Grounds Wiesbaden,Accapella,2023,DLTLLY,2023-03-26,https://www.youtube.com/watch?v=34HlNq1_VfI,34HlNq1_VfI,36300,,Wiesbaden,Proving Grounds
HEYZEN,TECEY,ON BEAT BATTLE,On Beat,2023,FOB,2023-03-23,https://www.youtube.com/watch?v=Fw7e-M3WdOI,Fw7e-M3WdOI,2973,,,
Mordrake,Faivel,Proving Grounds Wiesbaden,Accapella,2023,DLTLLY,2023-03-19,https://www.youtube.com/watch?v=pxKAJ5Ivies,pxKAJ5Ivies,14491,,Wiesbaden,Proving Grounds
Mighty P,Shizu,Freestyle um 3. Platz,Accapella,2023,DLTLLY,2023-03-17,https://www.youtube.com/watch?v=lqYWya5f8gM,lqYWya5f8gM,10789,,,
PRYME,FINNASTIC,ON BEAT BATTLE,On Beat,2023,FOB,2023-03-17,https://www.youtube.com/watch?v=SC4utzuA9ks,SC4utzuA9ks,4966,,,
FINNASTIC,VESSO,ON BEAT BATTLE,On Beat,2023,FOB,2023-03-17,https://www.youtube.com/watch?v=djWWmOoyq4Q,djWWmOoyq4Q,3249,,,
DADDA,MAT052,ON BEAT BATTLE,On Beat,2023,FOB,2023-03-15,https://www.youtube.com/watch?v=VrI_EoQAHb8,VrI_EoQAHb8,6099,,,
FREEZY & DESPO,ZEPTAH & ORPHXN,ON BEAT BATTLE,On Beat,2023,FOB,2023-03-14,https://www.youtube.com/watch?v=bnrYiUeZcmc,bnrYiUeZcmc,17404,,,
PHASENKIND,MC COLOGNE,ON BEAT BATTLE,On Beat,2023,FOB,2023-03-14,https://www.youtube.com/watch?v=wGVt1b9k1-s,wGVt1b9k1-s,1578,,,
Holu & Freekno,Joseph Steinschleuder & Triple Beat,2on2,Accapella,2023,DLTLLY,2023-03-12,https://www.youtube.com/watch?v=wD1OXlkgxuo,wD1OXlkgxuo,42353,,,
Krom,Shizu,Freestyle Halbfinale 2/2  Kassel,Accapella,2023,DLTLLY,2023-03-10,https://www.youtube.com/watch?v=5At2_Fwibvw,5At2_Fwibvw,13296,,Kassel,
Kairuzo,Freezy,Kassel,On Beat,2023,DLTLLY,2023-03-05,https://www.youtube.com/watch?v=TWFbqnebTV8,TWFbqnebTV8,15633,,Kassel,
JOSEPH STEINSCHLEUDER,KAIRUZO,ON BEAT BATTLE,On Beat,2023,FOB,2023-03-05,https://www.youtube.com/watch?v=6dsqwWjEHYs,6dsqwWjEHYs,38161,,,
Papi Schlauch,Mighty P,Freestyle Halbfinale 1/2  Kassel,Accapella,2023,DLTLLY,2023-03-03,https://www.youtube.com/watch?v=GvjjcKT6ht8,GvjjcKT6ht8,22354,,Kassel,
Gerro,Bilal,Kassel,Accapella,2023,DLTLLY,2023-02-26,https://www.youtube.com/watch?v=PtphnbYBD-g,PtphnbYBD-g,21272,,Kassel,
Muro,Mighty P,Freestyle Viertelfinale 4/4 Kassel,Accapella,2023,DLTLLY,2023-02-24,https://www.youtube.com/watch?v=FjKugbIQk7w,FjKugbIQk7w,14501,,Kassel,
Krom,Notyzze,Freestyle Viertelfinale 3/4  Kassel,Accapella,2023,DLTLLY,2023-02-21,https://www.youtube.com/watch?v=98g7Cy_XbxY,98g7Cy_XbxY,30790,,Kassel,
MC Geuner,Shizu,Freestyle Viertelfinale 2/4 Kassel,Accapella,2023,DLTLLY,2023-02-17,https://www.youtube.com/watch?v=AvAcIKtEhwc,AvAcIKtEhwc,13780,,Kassel,
Craze,Papi Schlauch,Freestyle Viertelfinale 1/4 Kassel,Accapella,2023,DLTLLY,2023-02-14,https://www.youtube.com/watch?v=cFxjz1ESlrA,cFxjz1ESlrA,25960,,Kassel,
Vyrus,Bong Teggy,DISSember 6,On Beat,2023,DLTLLY,2023-02-12,https://www.youtube.com/watch?v=0j2whdG-GRI,0j2whdG-GRI,171481,Festsaal Kreuzberg,Berlin,DISSember 4
Julo,Kid Soldier,DISSember 6,Accapella,2023,DLTLLY,2023-02-05,https://www.youtube.com/watch?v=9sm6ohBf5jM,9sm6ohBf5jM,43380,Festsaal Kreuzberg,Berlin,DISSember 4
Kiruma,LevRudi,Battle,Accapella,2022,DUDL,2023-02-04,https://www.youtube.com/watch?v=cy4tB0dKQvQ,cy4tB0dKQvQ,23824,,,
Neilz,Wolff,DISSember 6,Accapella,2023,DLTLLY,2023-02-02,https://www.youtube.com/watch?v=haZz6DTu_-g,haZz6DTu_-g,69492,Festsaal Kreuzberg,Berlin,DISSember 4
Kato,Robscure,🏆 TITLE MATCH 🏆,Accapella,2023,DLTLLY,2023-01-29,https://www.youtube.com/watch?v=N2dkTa_mUcg,N2dkTa_mUcg,69699,,,
MC Rabiat,Morgana,Battle,Accapella,2022,DUDL,2023-01-28,https://www.youtube.com/watch?v=YZjDfu6_Hq4,YZjDfu6_Hq4,6224,,,
Hiding John,MC Geuner,DISSember 6,Accapella,2023,DLTLLY,2023-01-22,https://www.youtube.com/watch?v=grXVswnsBUY,grXVswnsBUY,68028,Festsaal Kreuzberg,Berlin,DISSember 4
Jindo109,Quasi,Battle,Accapella,2022,DUDL,2023-01-21,https://www.youtube.com/watch?v=tBp6PGi6uno,tBp6PGi6uno,105115,,,
Karanova,BanDan,DISSember 6,On Beat,2023,DLTLLY,2023-01-15,https://www.youtube.com/watch?v=4wcUZ0dY-LA,4wcUZ0dY-LA,24527,Festsaal Kreuzberg,Berlin,DISSember 4
Jeystone,Vorstadtflokati,Battle,Accapella,2022,DUDL,2023-01-14,https://www.youtube.com/watch?v=VvxXsgtdpE0,VvxXsgtdpE0,7400,,,
Mars B.,JollyJay,Kassel,Accapella,2023,DLTLLY,2023-01-08,https://www.youtube.com/watch?v=gGQdvDUSOpo,gGQdvDUSOpo,130464,,Kassel,
Flashus Christus,Schlawin0r,Battle,Accapella,2022,DUDL,2023-01-07,https://www.youtube.com/watch?v=NmmCLoAfZ5k,NmmCLoAfZ5k,7597,,,
YAAMANN,TOMMY2LATE (BATTLE UM PLATZ 3),FREESTYLE BATTLE,Accapella,2023,FOB,2023-01-02,https://www.youtube.com/watch?v=01BN8cP4K2s,01BN8cP4K2s,2920,,,
CRAZE,MURO (FINALE),FREESTYLE BATTLE,Accapella,2023,FOB,2023-01-02,https://www.youtube.com/watch?v=38oHMQzefu4,38oHMQzefu4,7431,,,
T-Way,Neilz,Kassel,Accapella,2023,DLTLLY,2023-01-01,https://www.youtube.com/watch?v=RlbPNOCmPdg,RlbPNOCmPdg,56297,,Kassel,
Duff,B-Dad,Kassel,Accapella,2022,DLTLLY,2022-12-25,https://www.youtube.com/watch?v=vs4tNDMiQbE,vs4tNDMiQbE,28817,,Kassel,
Pulsar,Shaolum,Kassel,Accapella,2022,DLTLLY,2022-12-11,https://www.youtube.com/watch?v=xhm1GaoEThA,xhm1GaoEThA,19856,,Kassel,
T-WAY,KOOZY,ON BEAT BATTLE,On Beat,2022,FOB,2022-12-09,https://www.youtube.com/watch?v=pZQtoF-rlXI,pZQtoF-rlXI,10188,,,
ZEPTAH,NOAH263,FREESTYLE BATTLE,Accapella,2022,FOB,2022-12-04,https://www.youtube.com/watch?v=Do5mGT8p3rQ,Do5mGT8p3rQ,2588,,,
TEACH,VESSO,FREESTYLE BATTLE,Accapella,2022,FOB,2022-12-04,https://www.youtube.com/watch?v=FDh0UdIX-3g,FDh0UdIX-3g,2921,,,
Papi Schlauch,Craze,Stellwerk Hamburg,Accapella,2022,DLTLLY,2022-12-04,https://www.youtube.com/watch?v=8MwhxBFd0rk,8MwhxBFd0rk,98841,,,
Shizu,Niza,Kassel,Accapella,2022,DLTLLY,2022-11-30,https://www.youtube.com/watch?v=nB5MCOERYgw,nB5MCOERYgw,25911,,Kassel,
MC COLOGNE,LEOQUENT,ACAPELLA BATTLE,Accapella,2022,FOB,2022-11-28,https://www.youtube.com/watch?v=srliH-T5M4I,srliH-T5M4I,2811,,,
LEONNN,CLOUDSURFER,ACAPELLA BATTLE,Accapella,2022,FOB,2022-11-28,https://www.youtube.com/watch?v=YdcZBjLyUdQ,YdcZBjLyUdQ,3044,,,
MORGANA,DESPO,ACAPELLA BATTLE,Accapella,2022,FOB,2022-11-28,https://www.youtube.com/watch?v=cr7jeZoQa4Y,cr7jeZoQa4Y,5249,,,
Jack Dragon,Tollschock,Stellwerk Hamburg,Accapella,2022,DLTLLY,2022-11-27,https://www.youtube.com/watch?v=BJFMwGvMeqY,BJFMwGvMeqY,17841,,,
Shortworth,Kairuzo,Proving Grounds  Panke Berlin,Accapella,2022,DLTLLY,2022-11-25,https://www.youtube.com/watch?v=moff7jTB0Hk,moff7jTB0Hk,10920,,Berlin,Proving Grounds Vol. 2
Zeuge,D-Kay,Stellwerk Hamburg,Accapella,2022,DLTLLY,2022-11-20,https://www.youtube.com/watch?v=lY1e8yfkpa8,lY1e8yfkpa8,19868,,,
DASCHA,NOTYZZE,FREESTYLE BATTLE,Accapella,2022,FOB,2022-11-20,https://www.youtube.com/watch?v=Rn3E7Ggt1eI,Rn3E7Ggt1eI,17178,,,
Der Sir,Bronko Banano aka Street,Proving Grounds  Panke Berlin,Accapella,2022,DLTLLY,2022-11-18,https://www.youtube.com/watch?v=ZS28WqvU5SM,ZS28WqvU5SM,8505,,Berlin,Proving Grounds Vol. 2
NOTYZZE,DIZZEPTICON,FREESTYLE BATTLE,Accapella,2022,FOB,2022-11-14,https://www.youtube.com/watch?v=bJE9flpMmRE,bJE9flpMmRE,6244,,,
Joseph Steinschleuder,Hiding John,Stellwerk Hamburg,Accapella,2022,DLTLLY,2022-11-13,https://www.youtube.com/watch?v=y6t8jKfD-AE,y6t8jKfD-AE,79878,,,
Mazzikaner,Requiem,Proving Grounds  Panke Berlin,Accapella,2022,DLTLLY,2022-11-06,https://www.youtube.com/watch?v=TAm558704I4,TAm558704I4,16018,,Berlin,Proving Grounds Vol. 2
KIRUMA,ZEPTAH,ACAPELLA BATTLE,Accapella,2022,FOB,2022-11-04,https://www.youtube.com/watch?v=fWJTrdnzJrg,fWJTrdnzJrg,17682,,,
MC GEUNER,ROLLING G,ACAPELLA BATTLE,Accapella,2022,FOB,2022-11-03,https://www.youtube.com/watch?v=uu0PY0v7IFQ,uu0PY0v7IFQ,41369,,,
Krom,Fate,Freestyle Halbfinale 2/2,Accapella,2022,DLTLLY,2022-10-23,https://www.youtube.com/watch?v=Li-qeNs1KpU,Li-qeNs1KpU,16497,,,
Hiding John,Lyrico,Berlin 9th Birthday,Accapella,2022,DLTLLY,2022-10-16,https://www.youtube.com/watch?v=DfqZW-U6Pt8,DfqZW-U6Pt8,103355,Festsaal Kreuzberg,Berlin,
CRAZE & PHILLIE.45,VYRUS & FREEZY,ON BEAT BATTLE,On Beat,2022,FOB,2022-10-14,https://www.youtube.com/watch?v=ldSXHCj1nOM,ldSXHCj1nOM,88472,,,
HOLU,MC RABIAT,ACAPELLA BATTLE,Accapella,2022,FOB,2022-10-14,https://www.youtube.com/watch?v=N9pjDq1PXRU,N9pjDq1PXRU,2339,,,
Kato,Craze,Freestyle Viertelfinale 4/4,Accapella,2022,DLTLLY,2022-10-14,https://www.youtube.com/watch?v=EutFE-eb8sc,EutFE-eb8sc,17683,,,
HEINZ87,OREGANO,ACAPELLA BATTLE,Accapella,2022,FOB,2022-10-14,https://www.youtube.com/watch?v=TRUrdcR5wIw,TRUrdcR5wIw,19813,,,
Aytee,Galv,Berlin 9th Birthday,On Beat,2022,DLTLLY,2022-10-09,https://www.youtube.com/watch?v=jD054e2cdBw,jD054e2cdBw,54845,Festsaal Kreuzberg,Berlin,
Fate,Davie Jones,Freestyle Viertelfinale 3/4,Accapella,2022,DLTLLY,2022-10-07,https://www.youtube.com/watch?v=05TK5EPBr0Y,05TK5EPBr0Y,16990,,,
Tobi High,Wolff,Berlin 9th Birthday,Accapella,2022,DLTLLY,2022-10-03,https://www.youtube.com/watch?v=k3BrRmzQiho,k3BrRmzQiho,72554,Festsaal Kreuzberg,Berlin,
Notyzze,Shizu,Freestyle Viertelfinale 2/4,Accapella,2022,DLTLLY,2022-10-02,https://www.youtube.com/watch?v=ZrSdgJqcZoE,ZrSdgJqcZoE,19043,,,
Julo,Joseph Steinschleuder,Battle,Accapella,2022,DUDL,2022-10-01,https://www.youtube.com/watch?v=OZXeAAAO5J4,OZXeAAAO5J4,46584,Badehaus Berlin,Berlin,
Krom,Mighty P,Freestyle Viertelfinale 1/4,Accapella,2022,DLTLLY,2022-09-30,https://www.youtube.com/watch?v=Jh54jeD5YeU,Jh54jeD5YeU,16657,,,
T-WAY,FREEKNO,ACAPELLA BATTLE,Accapella,2022,FOB,2022-09-28,https://www.youtube.com/watch?v=9l3DT26cxe8,9l3DT26cxe8,4342,,,
JOSEPH STEINSCHLEUDER,FAIVEL,ACAPELLA BATTLE,Accapella,2022,FOB,2022-09-27,https://www.youtube.com/watch?v=aUwkQJY2Rf8,aUwkQJY2Rf8,29828,,,
TOLLSCHOCK,PESC,ACAPELLA BATTLE,Accapella,2022,FOB,2022-09-27,https://www.youtube.com/watch?v=BwRs5JfDleQ,BwRs5JfDleQ,5852,,,
Morgana,Kiruma,Battle,Accapella,2022,DUDL,2022-09-24,https://www.youtube.com/watch?v=sAEdAkJMRdU,sAEdAkJMRdU,20544,,,
MC Rabiat,Pulsar,Battle,Accapella,2022,DUDL,2022-09-17,https://www.youtube.com/watch?v=dkTL_Nv3G8Q,dkTL_Nv3G8Q,6130,,,
MC COLOGNE,.TECEY,ON BEAT BATTLE,On Beat,2022,FOB,2022-09-14,https://www.youtube.com/watch?v=r1F9bbM1oKU,r1F9bbM1oKU,2868,,,
VYRUS,ZEPTAH,ON BEAT BATTLE,On Beat,2022,FOB,2022-09-14,https://www.youtube.com/watch?v=Zm6fOMQaFS0,Zm6fOMQaFS0,62312,,,
Bong Teggy,Davie Jones,Splash! Festival,On Beat,2022,DLTLLY,2022-09-11,https://www.youtube.com/watch?v=pdhbmLWMwyg,pdhbmLWMwyg,233471,Splash,Ferropolis,splash! 23
DEZ,LevRudi,Battle,Accapella,2022,DUDL,2022-09-10,https://www.youtube.com/watch?v=4hkL_gTsuBc,4hkL_gTsuBc,9262,,,
Karanova,Aytee,Splash! Festival,On Beat,2022,DLTLLY,2022-09-04,https://www.youtube.com/watch?v=n6c9Qv8P-C8,n6c9Qv8P-C8,83626,Splash,Ferropolis,splash! 23
Trunkenbold,Flashus Christus,Battle,Accapella,2022,DUDL,2022-09-03,https://www.youtube.com/watch?v=NIohlGTNge8,NIohlGTNge8,8534,,,
MORGANA,LUG SERIOUS,ON BEAT BATTLE,On Beat,2022,FOB,2022-09-02,https://www.youtube.com/watch?v=y4yjYAZK7JE,y4yjYAZK7JE,21027,,,
PHASENKIND,LUG SERIOUS,ON BEAT BATTLE,On Beat,2022,FOB,2022-08-30,https://www.youtube.com/watch?v=FlPpnQ-dKD8,FlPpnQ-dKD8,9850,,,
FROZEN,FREEZY,ON BEAT BATTLE,On Beat,2022,FOB,2022-08-30,https://www.youtube.com/watch?v=Gsl1naOWydI,Gsl1naOWydI,4343,,,
PHILLIE.45,BANDAN,ON BEAT BATTLE,On Beat,2022,FOB,2022-08-30,https://www.youtube.com/watch?v=XXSqvOu2WQs,XXSqvOu2WQs,6546,,,
Khacoby,DirtySanchez,Splash! Festival,On Beat,2022,DLTLLY,2022-08-28,https://www.youtube.com/watch?v=s-zpW3jQqTo,s-zpW3jQqTo,33648,Splash,Ferropolis,splash! 23
Jeystone,Jesazz K,Battle,Accapella,2022,DUDL,2022-08-27,https://www.youtube.com/watch?v=Hz69rjg3Kw8,Hz69rjg3Kw8,9919,,,
BURST,KAIRUZO,ON BEAT BATTLE,On Beat,2022,FOB,2022-08-26,https://www.youtube.com/watch?v=CiPxzTK1pqw,CiPxzTK1pqw,2042,,,
REQUIEM,HEYZEN,ON BEAT BATTLE,On Beat,2022,FOB,2022-08-25,https://www.youtube.com/watch?v=z83Zw2aMjkI,z83Zw2aMjkI,7618,,,
T-Way,Tobi High,Splash! Festival,On Beat,2022,DLTLLY,2022-08-21,https://www.youtube.com/watch?v=tEhjlNLOuFA,tEhjlNLOuFA,22335,Splash,Ferropolis,splash! 23
SnakeHeadRhyme,D-Kay,Battle,Accapella,2022,DUDL,2022-08-20,https://www.youtube.com/watch?v=huG-hq7KSZg,huG-hq7KSZg,11020,,,
NOTYZZE,CRAZE  (BONUS BATTLE),FREESTYLE BATTLE,Accapella,2022,FOB,2022-08-18,https://www.youtube.com/watch?v=KHCHHB0LHHM,KHCHHB0LHHM,11537,,,
VYRUS,JOLLE (BATTLE UM PLATZ 3),FREESTYLE BATTLE,Accapella,2022,FOB,2022-08-18,https://www.youtube.com/watch?v=iOJVqrGOgso,iOJVqrGOgso,4602,,,
CRAZE,PATO G (FINALE),FREESTYLE BATTLE,Accapella,2022,FOB,2022-08-18,https://www.youtube.com/watch?v=hr1SredLhhU,hr1SredLhhU,5788,,,
Vorstadtflokati,Latik,Battle,Accapella,2022,DUDL,2022-08-13,https://www.youtube.com/watch?v=dRDcUTdB7nE,dRDcUTdB7nE,6320,,,
STEEL,MC COLOGNE,ON BEAT BATTLE,On Beat,2022,FOB,2022-08-12,https://www.youtube.com/watch?v=9gdlkHCY6ks,9gdlkHCY6ks,25180,,,
Holu,Mazzikaner,Battle,Accapella,2022,DUDL,2022-08-06,https://www.youtube.com/watch?v=1JCgK26bVhA,1JCgK26bVhA,5690,,,
Julo,Cashus K.,Battle,Accapella,2022,DUDL,2022-07-30,https://www.youtube.com/watch?v=syTuhtmBwRg,syTuhtmBwRg,8733,,,
Alko,Bilal,Battle,Accapella,2022,DUDL,2022-07-23,https://www.youtube.com/watch?v=02mF_h347nk,02mF_h347nk,11359,,,
Shizu,Tao,Backstage München,Accapella,2022,DLTLLY,2022-07-17,https://www.youtube.com/watch?v=pbJaLLca8ec,pbJaLLca8ec,25057,Backstage,München,
LevRudi,Jesazz K,Battle,Accapella,2022,DUDL,2022-07-16,https://www.youtube.com/watch?v=LAUYmanP_6I,LAUYmanP_6I,11987,,,
NOTYZZE,YAAMANN,FREESTYLE BATTLE,Accapella,2022,FOB,2022-07-14,https://www.youtube.com/watch?v=HY-hSTOAFvc,HY-hSTOAFvc,8312,,,
NOTYZZE,PHASENKIND,FREESTYLE BATTLE,Accapella,2022,FOB,2022-07-14,https://www.youtube.com/watch?v=HD98boSKqCM,HD98boSKqCM,5860,,,
DOCMO,BEZEY,FREESTYLE BATTLE,Accapella,2022,FOB,2022-07-14,https://www.youtube.com/watch?v=pVZjfqP3MvU,pVZjfqP3MvU,1209,,,
KOOZY,KAIRUZO,ON BEAT BATTLE,On Beat,2022,FOB,2022-07-14,https://www.youtube.com/watch?v=5TCfzkPBF-o,5TCfzkPBF-o,13190,,,
BARETTA,OREGANO,ACAPELLA BATTLE,Accapella,2022,FOB,2022-07-14,https://www.youtube.com/watch?v=B6RjjHg62QE,B6RjjHg62QE,12679,,,
KALP ONE,FREEKNO,ACAPELLA BATTLE,Accapella,2022,FOB,2022-07-14,https://www.youtube.com/watch?v=yU99ToSTBps,yU99ToSTBps,3750,,,
MIKESH,SSYNIC,MAYhem #5,Accapella,2022,DLTLLY,2022-07-10,https://www.youtube.com/watch?v=ccC4G3Ox27Y,ccC4G3Ox27Y,689109,,,
Mars B.,Neilz,Backstage München,Accapella,2022,DLTLLY,2022-07-10,https://www.youtube.com/watch?v=-iJVkN6FDbs,-iJVkN6FDbs,108128,Backstage,München,
Hiding John,Neilz,Battle,Accapella,2022,DUDL,2022-07-09,https://www.youtube.com/watch?v=O_9B-Ip_kkg,O_9B-Ip_kkg,88674,,,
Robscure,Falki,MAYhem 5 Festsaal Kreuzberg,Accapella,2022,DLTLLY,2022-07-03,https://www.youtube.com/watch?v=f-mF2l3hDjY,f-mF2l3hDjY,57977,,,
McLuvin,GR8,Battle,Accapella,2022,DUDL,2022-07-02,https://www.youtube.com/watch?v=regYrzxAfGs,regYrzxAfGs,9708,,,
ROBEAZY,M.F.L.,ACAPELLA BATTLE,Accapella,2022,FOB,2022-06-30,https://www.youtube.com/watch?v=d0qAuLNmQQc,d0qAuLNmQQc,2000,,,
Tobi High,Aytee,MAYhem 5 Festsaal Kreuzberg,Accapella,2022,DLTLLY,2022-06-26,https://www.youtube.com/watch?v=ZPeaBwUwty4,ZPeaBwUwty4,73722,,,
Béla Garbage,Franz Flaute,Battle,Accapella,2022,DUDL,2022-06-25,https://www.youtube.com/watch?v=e4VyBRJ4Fk4,e4VyBRJ4Fk4,10274,,,
DASCHA,PATO G,FREESTYLE BATTLE,Accapella,2022,FOB,2022-06-24,https://www.youtube.com/watch?v=jaQXn1IHhcU,jaQXn1IHhcU,2622,,,
PESC,LEOQUENT,ACAPELLA BATTLE,Accapella,2022,FOB,2022-06-21,https://www.youtube.com/watch?v=dsD2zPtl9UQ,dsD2zPtl9UQ,1815,,,
MORGANA,TECEY,ACAPELLA BATTLE,Accapella,2022,FOB,2022-06-20,https://www.youtube.com/watch?v=rXsbY1b41N4,rXsbY1b41N4,3522,,,
Pablo2k,Jeystone,Battle,Accapella,2022,DUDL,2022-06-18,https://www.youtube.com/watch?v=tuxr36FJOPs,tuxr36FJOPs,9734,,,
OREGANO,FAIVEL,ACAPELLA BATTLE,Accapella,2022,FOB,2022-06-17,https://www.youtube.com/watch?v=ahNsdBtoNVw,ahNsdBtoNVw,15633,,,
SnakeHeadRhyme,Kid Soldier,MAYhem 5,Accapella,2022,DLTLLY,2022-06-12,https://www.youtube.com/watch?v=3haA6pKjg5I,3haA6pKjg5I,51599,,,
ZinZity,Karanova,Battle,Accapella,2022,DUDL,2022-06-11,https://www.youtube.com/watch?v=jY18iQanWaI,jY18iQanWaI,68244,,,
LATIK,NIKA,ACAPELLA BATTLE,Accapella,2022,FOB,2022-06-04,https://www.youtube.com/watch?v=ughb98BsdD8,ughb98BsdD8,3965,,,
Django,Zeuge,Battle,Accapella,2022,DUDL,2022-06-04,https://www.youtube.com/watch?v=rM3mXY5wEuA,rM3mXY5wEuA,13442,,,
NICK SHIT,EZRA,ACAPELLA BATTLE,Accapella,2022,FOB,2022-05-31,https://www.youtube.com/watch?v=-gNJ3ZjYgj0,-gNJ3ZjYgj0,1567,,,
Kiruma,BunGee,Battle,Accapella,2022,DUDL,2022-05-28,https://www.youtube.com/watch?v=aRMwOCghSCI,aRMwOCghSCI,18882,,,
ALKO,EMBA,ON BEAT BATTLE,On Beat,2022,FOB,2022-05-24,https://www.youtube.com/watch?v=XedbsyzqXvg,XedbsyzqXvg,4981,,,
Bong Teggy & Papi Schlauch,Cris Kotzen & Ano-nym,2on2  Dissember5 Berlin,Accapella,2022,DLTLLY,2022-05-15,https://www.youtube.com/watch?v=kXPVliglFLM,kXPVliglFLM,144783,Festsaal Kreuzberg,Berlin,DISSember 4
Deytona,Maka,Spektakulum Düsseldorf,Accapella,2022,DLTLLY,2022-05-08,https://www.youtube.com/watch?v=nhXxVQrDp3E,nhXxVQrDp3E,18815,,,
Hiding John,Julo,Spektakulum Düsseldorf,Accapella,2022,DLTLLY,2022-05-06,https://www.youtube.com/watch?v=8Rg-OYpHnz8,8Rg-OYpHnz8,50482,,,
Bilal,RNGD,Bonus Battle DISSember 5 Berlin,Accapella,2022,DLTLLY,2022-05-06,https://www.youtube.com/watch?v=A15mdm79cLI,A15mdm79cLI,13282,Festsaal Kreuzberg,Berlin,DISSember 5
Davie Jones,Khacoby,DISSember 5 Berlin,Accapella,2022,DLTLLY,2022-05-01,https://www.youtube.com/watch?v=x-LvLkEzs8k,x-LvLkEzs8k,60769,Festsaal Kreuzberg,Berlin,DISSember 5
LITTLE SEDO,MALIK (NEWCOMER BATTLE),ACAPELLA BATTLE,Accapella,2022,FOB,2022-04-28,https://www.youtube.com/watch?v=qTnU1JNsn1Q,qTnU1JNsn1Q,2177,,,
Hiding John,Karanova,DISSember 5 Berlin,Accapella,2022,DLTLLY,2022-04-24,https://www.youtube.com/watch?v=0AWRxf_O7N0,0AWRxf_O7N0,50247,Festsaal Kreuzberg,Berlin,DISSember 5
OREGANO,BUNNEE (NEWCOMER BATTLE),ACAPELLA BATTLE,Accapella,2022,FOB,2022-04-22,https://www.youtube.com/watch?v=IpAK7JAG9aY,IpAK7JAG9aY,6383,,,
Niza,Despo,DISSember 5 Berlin,Accapella,2022,DLTLLY,2022-04-17,https://www.youtube.com/watch?v=QOkXwlYdbQI,QOkXwlYdbQI,18336,Festsaal Kreuzberg,Berlin,DISSember 5
NICK SHIT,BARETTA (NEWCOMER BATTLE),ACAPELLA BATTLE,Accapella,2022,FOB,2022-04-15,https://www.youtube.com/watch?v=UHTFPhhnook,UHTFPhhnook,1680,,,
T-Way,DeeLah,DISSember 5 Berlin,Accapella,2022,DLTLLY,2022-04-10,https://www.youtube.com/watch?v=pc0see3ZJrM,pc0see3ZJrM,33649,Festsaal Kreuzberg,Berlin,DISSember 5
CRAZYO,M.F.L. (NEWCOMER BATTLE),ACAPELLA BATTLE,Accapella,2022,FOB,2022-04-08,https://www.youtube.com/watch?v=dwxhHY6EU6Y,dwxhHY6EU6Y,1975,,,
Ankündigung MIKESH,SSYNIC,MAYhem 5,Accapella,2022,DLTLLY,2022-03-27,https://www.youtube.com/watch?v=8SdOlGCSiyQ,8SdOlGCSiyQ,51178,,,
PESC,LEOQUENT (NEWCOMER BATTLE),ACAPELLA BATTLE,Accapella,2022,FOB,2022-03-25,https://www.youtube.com/watch?v=1FsbrboRc0c,1FsbrboRc0c,1646,,,
FROZEN,EZRA (NEWCOMER BATTLE),ACAPELLA BATTLE,Accapella,2022,FOB,2022-03-24,https://www.youtube.com/watch?v=6LKmFzyGKjs,6LKmFzyGKjs,1755,,,
BURST,A-RON,ON BEAT BATTLE,On Beat,2022,FOB,2022-02-09,https://www.youtube.com/watch?v=R8lbxhWiq-M,R8lbxhWiq-M,2761,,,
ZEPTAH,PHILLIE.45,ON BEAT BATTLE,On Beat,2022,FOB,2022-02-04,https://www.youtube.com/watch?v=ICuy8oTOBKw,ICuy8oTOBKw,6470,,,
FREEZY,DESPO,ON BEAT BATTLE,On Beat,2022,FOB,2022-02-04,https://www.youtube.com/watch?v=elnma98FBPM,elnma98FBPM,6490,,,
KAIRUZO,FROZEN,ON BEAT BATTLE,On Beat,2022,FOB,2022-02-02,https://www.youtube.com/watch?v=kLzU7By3Z48,kLzU7By3Z48,3831,,,
BANDAN,T-WAY,ON BEAT BATTLE,On Beat,2022,FOB,2022-01-31,https://www.youtube.com/watch?v=yuTFKFCHHRs,yuTFKFCHHRs,4695,,,
LATIK,TEACH,ACAPELLA BATTLE,Accapella,2022,FOB,2022-01-30,https://www.youtube.com/watch?v=m5T71FIBKeE,m5T71FIBKeE,4854,,,
TOLLSCHOCK,BURST,ACAPELLA BATTLE,Accapella,2022,FOB,2022-01-27,https://www.youtube.com/watch?v=0Nu4Vs4yFik,0Nu4Vs4yFik,6344,,,
Joseph Steinschleuder,Tobi High,Battle,Accapella,2021,DUDL,2022-01-08,https://www.youtube.com/watch?v=cblMd5dP52g,cblMd5dP52g,74752,,,
T-Way,Karanova,Battle,Accapella,2021,DUDL,2022-01-01,https://www.youtube.com/watch?v=O1gK-lc2744,O1gK-lc2744,25829,,,
Khacoby,DeeLah,NRWeekend 5,Accapella,2021,DLTLLY,2021-12-26,https://www.youtube.com/watch?v=0TzaYVDPlWs,0TzaYVDPlWs,50179,,,NRWeekend 5
Lug Serious,Zeuge,Battle,Accapella,2021,DUDL,2021-12-25,https://www.youtube.com/watch?v=eZEkBQHj1Zw,eZEkBQHj1Zw,12076,,,
Maka,Heinz87,NRWeekend 5,Accapella,2021,DLTLLY,2021-12-24,https://www.youtube.com/watch?v=M9ljmm81bj8,M9ljmm81bj8,16129,,,NRWeekend 5
MADAME CHAOT,REQUIEM,ACAPELLA BATTLE,Accapella,2021,FOB,2021-12-23,https://www.youtube.com/watch?v=f7Ie40PCgKE,f7Ie40PCgKE,19144,,,
Mc Geuner,Phasenkind,NRWeekend 5,Accapella,2021,DLTLLY,2021-12-19,https://www.youtube.com/watch?v=8XF0GNuX43c,8XF0GNuX43c,33572,,,NRWeekend 5
Craze,ZinZity,NRWeekend 5,Accapella,2021,DLTLLY,2021-12-19,https://www.youtube.com/watch?v=BFpaIJJRZpo,BFpaIJJRZpo,151743,,,NRWeekend 5
Herr Sören,Holu,Battle,Accapella,2021,DUDL,2021-12-18,https://www.youtube.com/watch?v=kSiZzKaRn_M,kSiZzKaRn_M,9253,,,
Hiding John,Mars B.,NRWeekend 5,Accapella,2021,DLTLLY,2021-12-12,https://www.youtube.com/watch?v=waIf0MlTjyA,waIf0MlTjyA,145034,,,NRWeekend 5
Joe Pharo,Kid Soldier,Battle,Accapella,2021,DUDL,2021-12-11,https://www.youtube.com/watch?v=v-UUweDkH68,v-UUweDkH68,36932,,,
Atropatrap,Natif,NRWeekend 5,Accapella,2021,DLTLLY,2021-12-10,https://www.youtube.com/watch?v=mLz-MOsV9eY,mLz-MOsV9eY,45702,,,NRWeekend 5
Niza,Devasberg,NRWeekend 5,Accapella,2021,DLTLLY,2021-12-05,https://www.youtube.com/watch?v=_QVu_4_lKPw,_QVu_4_lKPw,18023,,,NRWeekend 5
Wolff,MC Geuner,Battle,Accapella,2021,DUDL,2021-12-04,https://www.youtube.com/watch?v=b-UoZVuRk8o,b-UoZVuRk8o,30197,,,
Dizzepticon,Koozy,NRWeekend 5,On Beat,2021,DLTLLY,2021-11-28,https://www.youtube.com/watch?v=44GWsXgZyNs,44GWsXgZyNs,20698,,,NRWeekend 5
Phasenkind,SnakeHeadRhyme,Battle,Accapella,2021,DUDL,2021-11-27,https://www.youtube.com/watch?v=rnhrlt8rjHo,rnhrlt8rjHo,15978,,,
Julo,Gerro,NRWeekend 5,Accapella,2021,DLTLLY,2021-11-21,https://www.youtube.com/watch?v=JFRhtS_YE9A,JFRhtS_YE9A,28472,,,NRWeekend 5
Latik,Julo,Battle,Accapella,2021,DUDL,2021-11-20,https://www.youtube.com/watch?v=JsYSZtd2KMg,JsYSZtd2KMg,6541,,,
EKHEAD,PESC,ACAPELLA BATTLE,Accapella,2021,FOB,2021-11-18,https://www.youtube.com/watch?v=0J9DKWtyvQ0,0J9DKWtyvQ0,3864,,,
DEMUTRAS,REQUIEM,ACAPELLA BATTLE,Accapella,2021,FOB,2021-11-18,https://www.youtube.com/watch?v=SGn3uMPhtTk,SGn3uMPhtTk,3243,,,
Davie Jones,Shizu,Viertelfinale - Freestyle Turnier,Accapella,2021,DLTLLY,2021-11-12,https://www.youtube.com/watch?v=00PsDnNc0tE,00PsDnNc0tE,19001,,,
Requiem,Malik,Battle,Accapella,2021,DUDL,2021-11-12,https://www.youtube.com/watch?v=nAOzsb5R0jQ,nAOzsb5R0jQ,8407,,,
Mighty P,Papi Schlauch / Viertelfinale - Freestyle Turnier / ProvingGrounds 2 Rapbattles / DLTLLY DurationPT5M Uploaded2021-11-9 Views19396 ChannelDLTLLY,battlerap culture Thumbnail:https:,Accapella,2021,DLTLLY,2021-11-09,https://www.youtube.com/watch?v=MkO4Kivu-oc,MkO4Kivu-oc,19482,,,
Kato,Craze,B-DAY #8,Accapella,2021,DLTLLY,2021-11-07,https://www.youtube.com/watch?v=tQxf0_g0Qyo,tQxf0_g0Qyo,112837,,,
Schlawin0r,Franciss,Battle,Accapella,2021,DUDL,2021-11-06,https://www.youtube.com/watch?v=UJw2kUbdKRc,UJw2kUbdKRc,6867,,,
Notyzze,Leanders,Viertelfinale - Freestyle Turnier,Accapella,2021,DLTLLY,2021-11-05,https://www.youtube.com/watch?v=P3jJnu84jso,P3jJnu84jso,20978,,,
Karanova,Mars B.,B-DAY #8,Accapella,2021,DLTLLY,2021-10-31,https://www.youtube.com/watch?v=XW5F33vQEBE,XW5F33vQEBE,56857,,,
MC Rabiat,P.S. Jiggy,Battle,Accapella,2021,DUDL,2021-10-29,https://www.youtube.com/watch?v=SAsznYYz40M,SAsznYYz40M,9687,,,
Aura,Desperados,Proving Grounds #2,Accapella,2021,DLTLLY,2021-10-29,https://www.youtube.com/watch?v=L-11Ys1jPbk,L-11Ys1jPbk,21446,,,Proving Grounds Vol. 2
LEANDERS,TEACH,ACAPELLA BATTLE,Accapella,2021,FOB,2021-10-24,https://www.youtube.com/watch?v=YNP98QxWD9A,YNP98QxWD9A,5663,,,
DESPO,MC COLOGNE,ON BEAT BATTLE,On Beat,2021,FOB,2021-10-24,https://www.youtube.com/watch?v=l5WLfkde9bY,l5WLfkde9bY,2923,,,
LATIK,TECEY,ACAPELLA BATTLE,Accapella,2021,FOB,2021-10-24,https://www.youtube.com/watch?v=yOKjgjTx598,yOKjgjTx598,4540,,,
DESPO,DOCMO,ACAPELLA BATTLE,Accapella,2020,FOB,2021-10-24,https://www.youtube.com/watch?v=iOCwuBA9Bm0,iOCwuBA9Bm0,3344,,,
MUSIO,NATIF,ACAPELLA BATTLE,Accapella,2021,FOB,2021-10-24,https://www.youtube.com/watch?v=76GHLjt3_Q4,76GHLjt3_Q4,10868,,,
TRIPLE (TRIPLEBEAT),DASCHA,ACAPELLA BATTLE,Accapella,2021,FOB,2021-10-24,https://www.youtube.com/watch?v=DR_Ah6-tL4A,DR_Ah6-tL4A,9219,,,
RALLE,DASCHA,ACAPELLA BATTLE,Accapella,2020,FOB,2021-10-24,https://www.youtube.com/watch?v=isjvzmQO3MI,isjvzmQO3MI,4186,,,
DESPO & LEANDERS,BANDAN & RINGELNATZ,ACAPELLA BATTLE,Accapella,2021,FOB,2021-10-24,https://www.youtube.com/watch?v=Lmsc-4QD8cU,Lmsc-4QD8cU,7056,,,
Neilz,Deytona,B-DAY #8,Accapella,2021,DLTLLY,2021-10-24,https://www.youtube.com/watch?v=Uo9V26OqyLw,Uo9V26OqyLw,54893,,,
MC GEUNER,JULO,ACAPELLA BATTLE,Accapella,2021,FOB,2021-10-24,https://www.youtube.com/watch?v=EOkj_xbRKyo,EOkj_xbRKyo,17268,,,
Joseph Steinschleuder,A-Ron,B-DAY #8,Accapella,2021,DLTLLY,2021-10-22,https://www.youtube.com/watch?v=11038rqoQr0,11038rqoQr0,31974,,,
Bong Teggy,Koozy,B-Day #8,On Beat,2021,DLTLLY,2021-10-17,https://www.youtube.com/watch?v=ADHXjLh3t58,ADHXjLh3t58,188442,,,
Joseph Steinschleuder (aka Merlin),Tobi High,B-DAY #8 Berlin,Accapella,2021,DLTLLY,2021-10-15,https://www.youtube.com/watch?v=ErS3GzWV5EI,ErS3GzWV5EI,42062,,Berlin,
Proton,Bandan,München,On Beat,2021,DLTLLY,2021-09-24,https://www.youtube.com/watch?v=2ZpsOZntjdQ,2ZpsOZntjdQ,17095,,München,
Tollschock,MC Geuner,Proving Grounds Vol. 1,Accapella,2021,DLTLLY,2021-09-12,https://www.youtube.com/watch?v=EPxRnWn0yFM,EPxRnWn0yFM,27756,Panke Backyard,,Proving Grounds Vol. 1
Vorstadtflokati,Maka,Proving Grounds Vol. 1,Accapella,2021,DLTLLY,2021-09-05,https://www.youtube.com/watch?v=1a8hepLi7tM,1a8hepLi7tM,13680,Panke Backyard,,Proving Grounds Vol. 1
Julo,BDad,Proving Grounds Vol. 1,Accapella,2021,DLTLLY,2021-08-29,https://www.youtube.com/watch?v=tcNaMgkL0ds,tcNaMgkL0ds,25535,Panke Backyard,,Proving Grounds Vol. 1
Moitz,Heinz87,Proving Grounds Vol. 1,Accapella,2021,DLTLLY,2021-08-22,https://www.youtube.com/watch?v=HqgNJu5VcGI,HqgNJu5VcGI,14686,Panke Backyard,,Proving Grounds Vol. 1
Liser,Niza,Proving Grounds Vol. 1,Accapella,2021,DLTLLY,2021-08-15,https://www.youtube.com/watch?v=d50Tv7s_7zY,d50Tv7s_7zY,40462,Panke Backyard,,Proving Grounds Vol. 1
Robscure,Hiding John,Summer Vibes 2021,Accapella,2021,DLTLLY,2021-08-08,https://www.youtube.com/watch?v=S4QLxawNqdA,S4QLxawNqdA,41677,,,
Kato,Indoor Stan (OnBeat),Summer Vibes 2021,On Beat,2021,DLTLLY,2021-08-01,https://www.youtube.com/watch?v=X6kOp_8oxBU,X6kOp_8oxBU,29554,,,
Joseph Steinschleuder,Natif,Summer Vibes 2021,Accapella,2021,DLTLLY,2021-07-25,https://www.youtube.com/watch?v=RPMJJLT995U,RPMJJLT995U,49878,,,
Phasenkind,Ryko-J,Battle,On Beat,2021,DLTLLY,2021-07-18,https://www.youtube.com/watch?v=LVHZ_t-xy48,LVHZ_t-xy48,29835,,,
Karanova,D-Kay,Summer Vibes,Accapella,2021,DLTLLY,2021-07-11,https://www.youtube.com/watch?v=OB3JEUHn9uc,OB3JEUHn9uc,13804,,,
Mars B.,BX,Hidden Gems 2,Accapella,2021,DLTLLY,2021-07-04,https://www.youtube.com/watch?v=_pAlmhNLPgk,_pAlmhNLPgk,23060,,,
SnakeHeadRhyme,Hiding John,Hidden Gems 2,Accapella,2021,DLTLLY,2021-06-27,https://www.youtube.com/watch?v=bDWcsbukE34,bDWcsbukE34,34682,,,
Gerro,Tao,Hidden Gems 2,Accapella,2021,DLTLLY,2021-06-13,https://www.youtube.com/watch?v=OedxSC21Q7c,OedxSC21Q7c,12094,,,
Phasenkind,Ferry,Hidden Gems 2,Accapella,2021,DLTLLY,2021-06-06,https://www.youtube.com/watch?v=W77oeyxkAqU,W77oeyxkAqU,14524,,,
Wolff,Craze,Hidden Gems,Accapella,2021,DLTLLY,2021-05-30,https://www.youtube.com/watch?v=8uoJU-abyag,8uoJU-abyag,40427,,,
Joseph Steinschleuder,Bahamakarma,Hidden Gems,Accapella,2021,DLTLLY,2021-05-23,https://www.youtube.com/watch?v=UnPT7EzAH8I,UnPT7EzAH8I,33160,,,
Indoor Stan,DeeLah,could not identify event,On Beat,2021,DLTLLY,2021-05-16,https://www.youtube.com/watch?v=fPBGqZNJ1ho,fPBGqZNJ1ho,20512,,,
Joe Pharo,SnakeHeadRhyme,Hidden Gems,Accapella,2021,DLTLLY,2021-05-02,https://www.youtube.com/watch?v=otH1IrojW_o,otH1IrojW_o,20053,,,
Neilz,FreeKno,Breakthrough Halbfinale,Accapella,2021,DLTLLY,2021-04-25,https://www.youtube.com/watch?v=wZYLJenaGyg,wZYLJenaGyg,20998,,,
Requiem,Deytona,Breakthrough Halbfinale,Accapella,2021,DLTLLY,2021-04-18,https://www.youtube.com/watch?v=heWtcrlwRbg,heWtcrlwRbg,11355,,,
Mars B.,MC Geuner,STREET BATTLES 2021,Accapella,2021,DLTLLY,2021-03-28,https://www.youtube.com/watch?v=-Drz-WlVUYY,-Drz-WlVUYY,49641,,,
Tollschock,D-Kay,STREET BATTLES 2021,Accapella,2021,DLTLLY,2021-03-21,https://www.youtube.com/watch?v=ERCFAPYNCJI,ERCFAPYNCJI,11688,,,
Henrey,Hiding John,STREET BATTLES 2021,Accapella,2021,DLTLLY,2021-03-14,https://www.youtube.com/watch?v=c8QaTxQRHMs,c8QaTxQRHMs,30180,,,
Karanova,YAMANN,STREET BATTLES 2021,Accapella,2021,DLTLLY,2021-03-07,https://www.youtube.com/watch?v=4T4o-m4wRWQ,4T4o-m4wRWQ,13712,,,
Falki,Phasenkind,Video Battle,On Beat,2021,DLTLLY,2021-02-07,https://www.youtube.com/watch?v=AgQGgjkkwBo,AgQGgjkkwBo,33361,,,
Wandelbarz,YAAMANN,Video Battle,On Beat,2021,DLTLLY,2021-02-07,https://www.youtube.com/watch?v=u_3tUhl9fXM,u_3tUhl9fXM,18067,,,
DOC,Gerro (aka RenetixX),Video Battle,On Beat,2021,DLTLLY,2021-02-07,https://www.youtube.com/watch?v=FYm1CMj1TJQ,FYm1CMj1TJQ,11115,,,
Khacoby,Peat,Video Battle,On Beat,2021,DLTLLY,2021-01-24,https://www.youtube.com/watch?v=tlBRazaZShg,tlBRazaZShg,78238,,,
Holu,Kairuzo,ExtraMatch,Accapella,2020,DLTLLY,2020-11-27,https://www.youtube.com/watch?v=lsb-FSjlsA0,lsb-FSjlsA0,9240,,,
Robscure,Sizyphos,B.Day#7,Accapella,2020,DLTLLY,2020-11-08,https://www.youtube.com/watch?v=2-xOBUKTmkk,2-xOBUKTmkk,92694,,,
Kato,N'antinein,B.Day#7,Accapella,2020,DLTLLY,2020-11-01,https://www.youtube.com/watch?v=R5aGasnH0OM,R5aGasnH0OM,58965,,,
DeeLah,Mars B.,B.Day#7,Accapella,2020,DLTLLY,2020-10-25,https://www.youtube.com/watch?v=Ia6Bsae_kEg,Ia6Bsae_kEg,62990,,,
Joe Pharo,Hiding John,B.Day#7,Accapella,2020,DLTLLY,2020-10-18,https://www.youtube.com/watch?v=cBUqmJ_i5qY,cBUqmJ_i5qY,60797,,,
Karma,Khacoby,B.Day#7,Accapella,2020,DLTLLY,2020-10-11,https://www.youtube.com/watch?v=YS82RpCtbS4,YS82RpCtbS4,48274,,,
Joseph Steinschleuder,Indoor Stan,Panke,Accapella,2020,DLTLLY,2020-10-04,https://www.youtube.com/watch?v=5UjDGUy3PQI,5UjDGUy3PQI,53448,Panke Backyard,Berlin,
Brian Damage,Craze,Panke,Accapella,2020,DLTLLY,2020-09-27,https://www.youtube.com/watch?v=iGUe8Sblwgw,iGUe8Sblwgw,45305,Panke Backyard,Berlin,
DeeLah,SnakeHeadRhyme,Panke,Accapella,2020,DLTLLY,2020-09-20,https://www.youtube.com/watch?v=fi8fsxG1OcE,fi8fsxG1OcE,29132,Panke Backyard,Berlin,
Steel,Karanova,Panke,Accapella,2020,DLTLLY,2020-09-13,https://www.youtube.com/watch?v=yHbnx2fuG5c,yHbnx2fuG5c,20650,Panke Backyard,Berlin,
Bong Teggy,Robscure,Panke,Accapella,2020,DLTLLY,2020-08-16,https://www.youtube.com/watch?v=pZ6pnu5hf0A,pZ6pnu5hf0A,56082,Panke Backyard,Berlin,
Vorstadtflokati,Shizu,Panke,Accapella,2020,DLTLLY,2020-08-14,https://www.youtube.com/watch?v=y9ncsceHW3M,y9ncsceHW3M,9609,Panke Backyard,Berlin,
Kid Soldier,Hiding John,Panke,Accapella,2020,DLTLLY,2020-08-09,https://www.youtube.com/watch?v=Wdgl_Cg9GKU,Wdgl_Cg9GKU,48296,Panke Backyard,Berlin,
Falk,Karanova,Virtual  Battle,On Beat,2020,DLTLLY,2020-08-02,https://www.youtube.com/watch?v=2ruMpOhxrRs,2ruMpOhxrRs,22536,,,
Phasenkind,Peat,Virtual  Battle,On Beat,2020,DLTLLY,2020-07-26,https://www.youtube.com/watch?v=fvaZ9P2KRLE,fvaZ9P2KRLE,33256,,,
Kato,Mr. Whyte,Fussball Battle,Accapella,2020,DLTLLY,2020-07-19,https://www.youtube.com/watch?v=FgFwq0icwso,FgFwq0icwso,28202,,,
Papi Schlauch,Master Marv,could not identify event,Accapella,2020,DLTLLY,2020-07-03,https://www.youtube.com/watch?v=eVQd_FWdloE,eVQd_FWdloE,15374,,,
Khacoby,Notyzze,Corona Battle Package,Accapella,2020,DLTLLY,2020-06-28,https://www.youtube.com/watch?v=Tm9vJh_dk9k,Tm9vJh_dk9k,28168,,,
Mars B.,BX,Corona Battle Package,Accapella,2020,DLTLLY,2020-06-26,https://www.youtube.com/watch?v=LOOhH4_OvNE,LOOhH4_OvNE,11242,,,
Craze,Burst,English 1 Rounder,Accapella,2020,DLTLLY,2020-06-23,https://www.youtube.com/watch?v=bMXRfRmgPTA,bMXRfRmgPTA,6301,,,
Falk,Ano-nym,OnlineBattle,Accapella,2020,DLTLLY,2020-06-21,https://www.youtube.com/watch?v=dYmfj_BzrgY,dYmfj_BzrgY,56800,,,
Zeptah,Gammel,OnlineBattle,Accapella,2020,DLTLLY,2020-06-14,https://www.youtube.com/watch?v=uekZr7zXv-o,uekZr7zXv-o,9512,,,
Sizyphos,Robscure,Online Battle,Accapella,2020,DLTLLY,2020-06-12,https://www.youtube.com/watch?v=Ldc4PM7uECU,Ldc4PM7uECU,18793,,,
Hiding John,A-Ron,Onlie Battle,Accapella,2020,DLTLLY,2020-06-09,https://www.youtube.com/watch?v=a70lYjBMMGc,a70lYjBMMGc,12990,,,
Proton,Craze,+ Accapella,On Beat,2020,DLTLLY,2020-06-07,https://www.youtube.com/watch?v=vb_w46X0rGE,vb_w46X0rGE,21185,,,
Pablo,Jolle,Online Battle,Accapella,2020,DLTLLY,2020-05-31,https://www.youtube.com/watch?v=5HaB0pBqyX0,5HaB0pBqyX0,12889,,,
T-Way,Kid Soldier,Online Battle,Accapella,2020,DLTLLY,2020-05-31,https://www.youtube.com/watch?v=cohcA2h186c,cohcA2h186c,14466,,,
Phasenkind,Karanova,OnlineBattle,Accapella,2020,DLTLLY,2020-05-24,https://www.youtube.com/watch?v=5BgRzwhN2PI,5BgRzwhN2PI,26053,,,
Proton,Notyzze,NRWeekend4,On Beat,2020,DLTLLY,2020-04-26,https://www.youtube.com/watch?v=lKlZmLtrRaw,lKlZmLtrRaw,180871,,,NRWeekend 4
Craze' Parts,Merlin,NRWeekend4,Accapella,2020,DLTLLY,2020-04-24,https://www.youtube.com/watch?v=u21MvmyqRFg,u21MvmyqRFg,29350,,,NRWeekend 4
Falk + Khacoby,DNA + Ringelnatz,NRWeekend4,Accapella,2020,DLTLLY,2020-04-19,https://www.youtube.com/watch?v=WeQISeOD2oI,WeQISeOD2oI,48790,,,NRWeekend 4
Ali Smart,Pulsar,D&DL CoEvent,Accapella,2020,DLTLLY,2020-04-12,https://www.youtube.com/watch?v=xFD__wFE9vU,xFD__wFE9vU,21021,,,
Silence,Franz Flaute D&DL#0156 (Berlin,-CoEvent,Accapella,2020,DUDL,2020-04-08,https://www.youtube.com/watch?v=AkDqmXszYWA,AkDqmXszYWA,9855,,,
DeeLah,Wandelbarz,NRWeekend4,Accapella,2020,DLTLLY,2020-04-05,https://www.youtube.com/watch?v=qW9luXAQXRI,qW9luXAQXRI,30909,,,NRWeekend 4
Davie Jones,Fresh Polakke,Berlin,On Beat,2020,DLTLLY,2020-04-03,https://www.youtube.com/watch?v=UUyqMyjB2bM,UUyqMyjB2bM,130669,,Berlin,
MC Rabiat,Jepain D&DL#0158 (Berlin,-CoEvent,Accapella,2020,DUDL,2020-04-01,https://www.youtube.com/watch?v=S-QZgsCSZd8,S-QZgsCSZd8,10416,,,
Alko,Baretta D&DL#0154 (Berlin,-CoEvent,Accapella,2020,DUDL,2020-03-30,https://www.youtube.com/watch?v=4oV8qkTZtmQ,4oV8qkTZtmQ,13253,,,
Django,Leanders,NRWeekend4,Accapella,2020,DLTLLY,2020-03-29,https://www.youtube.com/watch?v=t0mOqEll75s,t0mOqEll75s,19768,,,NRWeekend 4
Mazzikaner,DNA,Berlin,On Beat,2020,DLTLLY,2020-03-27,https://www.youtube.com/watch?v=Ekk3MCWp-ZU,Ekk3MCWp-ZU,22105,,Berlin,
Corner,Maka D&DL#0155 (Berlin,-CoEvent,Accapella,2020,DUDL,2020-03-25,https://www.youtube.com/watch?v=2Alsg7pneZU,2Alsg7pneZU,13417,,,
Kato,Ano-nym,NRWeekend4,Accapella,2020,DLTLLY,2020-03-22,https://www.youtube.com/watch?v=US8gUcwYuDc,US8gUcwYuDc,119964,,,NRWeekend 4
Phasenkind,Steel,Berlin,On Beat,2020,DLTLLY,2020-03-20,https://www.youtube.com/watch?v=5E8wtuc_gPo,5E8wtuc_gPo,76814,,Berlin,
DOC,Vorstadtflokati,NRWeekend4,Accapella,2020,DLTLLY,2020-03-18,https://www.youtube.com/watch?v=jzFuHDCB_3Q,jzFuHDCB_3Q,21901,,,NRWeekend 4
Tollschock,Kid Soldier,NRWeekend4,Accapella,2020,DLTLLY,2020-03-17,https://www.youtube.com/watch?v=hy0Njy_aODY,hy0Njy_aODY,64053,,,NRWeekend 4
Fate,Sizyphos,Berlin,On Beat,2020,DLTLLY,2020-03-13,https://www.youtube.com/watch?v=LNYeG_rxNyY,LNYeG_rxNyY,46182,,Berlin,
Natif,Ryko-J,NRWeekend4,Accapella,2020,DLTLLY,2020-03-11,https://www.youtube.com/watch?v=2oTsMFm6BZY,2oTsMFm6BZY,50244,,,NRWeekend 4
RenetiXX,A-Ron,NRWeekend4,Accapella,2020,DLTLLY,2020-03-08,https://www.youtube.com/watch?v=3kT6ZzpMmbI,3kT6ZzpMmbI,29177,,,NRWeekend 4
Craze,Pablo,Berlin,On Beat,2020,DLTLLY,2020-03-07,https://www.youtube.com/watch?v=fJNspy5iVA4,fJNspy5iVA4,81308,,Berlin,
Wolff,Mars B.,Kassel,Accapella,2020,DLTLLY,2020-03-01,https://www.youtube.com/watch?v=FFBaDPuErfc,FFBaDPuErfc,144507,,Kassel,
Jolle,Falk,Berlin,On Beat,2020,DLTLLY,2020-02-28,https://www.youtube.com/watch?v=9DEOJ6f0UL8,9DEOJ6f0UL8,49312,,Berlin,
Hiding John,ZinZity,Kassel,Accapella,2020,DLTLLY,2020-02-23,https://www.youtube.com/watch?v=-WkDV5RsdSo,-WkDV5RsdSo,258592,,Kassel,
Papa TR,Karanova,Berlin,On Beat,2020,DLTLLY,2020-02-21,https://www.youtube.com/watch?v=1awgzzB19e0,1awgzzB19e0,28647,,Berlin,
Joe Pharo,Tobi High,Kassel,Accapella,2020,DLTLLY,2020-02-16,https://www.youtube.com/watch?v=l4_E1OTEa4Q,l4_E1OTEa4Q,65440,,Kassel,
Paleiacci,PrettyShittyJiggy,Kassel,Accapella,2020,DLTLLY,2020-02-09,https://www.youtube.com/watch?v=cnzRnRAL2pQ,cnzRnRAL2pQ,29454,,Kassel,
Yarambo,Robscure,DISSember4,Accapella,2019,DLTLLY,2020-02-02,https://www.youtube.com/watch?v=K_jqoyHG2cE,K_jqoyHG2cE,126694,Schräglage,Stuttgart,DISSember 4
Cris Kotzen,Merlin,DISSember4,Accapella,2019,DLTLLY,2020-01-26,https://www.youtube.com/watch?v=M9-nikWIC48,M9-nikWIC48,98750,Schräglage,Stuttgart,DISSember 4
Ano-nym,Davie Jones,DISSember4,Accapella,2019,DLTLLY,2020-01-19,https://www.youtube.com/watch?v=UKr_lNJHApg,UKr_lNJHApg,80338,Schräglage,Stuttgart,DISSember 4
Steel,Tollschock,Finale DISSember4,Accapella,2019,DLTLLY,2020-01-12,https://www.youtube.com/watch?v=QmnDTvpqWao,QmnDTvpqWao,32206,Schräglage,Stuttgart,DISSember 4
Falk + Khacoby,Sizyphos + Joseph Steinschleuder,DltllyBattle DISSember4,Accapella,2019,DLTLLY,2020-01-05,https://www.youtube.com/watch?v=Y3aA4xBE8cQ,Y3aA4xBE8cQ,153619,Schräglage,Stuttgart,DISSember 4
Ryko-J,T-Way,Krefeld,Accapella,2019,DLTLLY,2020-01-03,https://www.youtube.com/watch?v=v7SE0M4nEtM,v7SE0M4nEtM,31442,,,
Julo,Django D&DL#0153 (Krefeld,-CoEvent,Accapella,2019,DUDL,2020-01-01,https://www.youtube.com/watch?v=p-4EgTDFaAg,p-4EgTDFaAg,8999,,,
Stepho,Sejo D&DL#0149 (Krefeld,-CoEvent,Accapella,2019,DUDL,2019-12-30,https://www.youtube.com/watch?v=VN2Jj5wdzf8,VN2Jj5wdzf8,4471,,,
Joseph Steinschleuder,Craze,Köln,Accapella,2019,DLTLLY,2019-12-29,https://www.youtube.com/watch?v=aQsnPZjXxBI,aQsnPZjXxBI,121574,,Köln,
DeeLah,Zeuge,Krefeld,Accapella,2019,DLTLLY,2019-12-27,https://www.youtube.com/watch?v=wauI8sMOOjY,wauI8sMOOjY,44456,,,
SiC68,Lug Serious D&DL#0152 (Krefeld,-CoEvent,Accapella,2019,DUDL,2019-12-25,https://www.youtube.com/watch?v=hiVeDwqBMAU,hiVeDwqBMAU,6210,,,
Trafalgar47,Vorstadtflokati D&DL#0150 (Krefeld,-CoEvent,Accapella,2019,DUDL,2019-12-23,https://www.youtube.com/watch?v=EjBaQPaVBB4,EjBaQPaVBB4,6912,,,
Mr. Whyte,Sizyphos,Köln,Accapella,2019,DLTLLY,2019-12-22,https://www.youtube.com/watch?v=9eyIS57O1X0,9eyIS57O1X0,85740,,Köln,
Kid Soldier,Khacoby,Köln,Accapella,2019,DLTLLY,2019-12-20,https://www.youtube.com/watch?v=hf7bzyZKBLo,hf7bzyZKBLo,85291,,Köln,
Ralle,Herr Sören D&DL#0151 (Krefeld,-CoEvent,Accapella,2019,DUDL,2019-12-18,https://www.youtube.com/watch?v=RgsfS0R9Zw4,RgsfS0R9Zw4,8258,,,
RenetiXX,MC Geuner,Köln,Accapella,2019,DLTLLY,2019-12-15,https://www.youtube.com/watch?v=BUef8obuDf0,BUef8obuDf0,46580,,Köln,
Master Marv,MC Rabiat,Berlin,Accapella,2019,DLTLLY,2019-12-13,https://www.youtube.com/watch?v=JWY0UT09k64,JWY0UT09k64,21387,,Berlin,
Milio,Plural D&DL#0148 (Berlin,-CoEvent,Accapella,2019,DUDL,2019-12-11,https://www.youtube.com/watch?v=Kb1di9tsUg4,Kb1di9tsUg4,5484,,,
Cashus K. + Mac Horn,DNA + Ringelnatz,Köln,Accapella,2019,DLTLLY,2019-12-10,https://www.youtube.com/watch?v=9pjW5JyzG-Q,9pjW5JyzG-Q,32198,,Köln,
A-Ron,Nika,Berlin,Accapella,2019,DLTLLY,2019-12-06,https://www.youtube.com/watch?v=e9mAswMAQGg,e9mAswMAQGg,18834,,Berlin,
Cartoon,Schlawin0r D&DL#0147 (Berlin,-CoEvent,Accapella,2019,DUDL,2019-12-04,https://www.youtube.com/watch?v=uHhCVo5FaXA,uHhCVo5FaXA,7346,,,
Nick Shit,Morgana D&DL#0146 (Berlin,-CoEvent,Accapella,2019,DUDL,2019-12-02,https://www.youtube.com/watch?v=XIGXQ1nDR7s,XIGXQ1nDR7s,6916,,,
SnakeHeadRhyme,Karanova,Berlin,Accapella,2019,DLTLLY,2019-12-01,https://www.youtube.com/watch?v=a2oB09-ACww,a2oB09-ACww,40834,,Berlin,
Phasenkind,PrettyShittyJiggy,Ludwigshafen,Accapella,2019,DLTLLY,2019-11-29,https://www.youtube.com/watch?v=On_47ye4fI0,On_47ye4fI0,23559,,Ludwigshafen,Co-Event Dltlly & D&DL
Ekta,Frozen D&DL#0143 (Ludwigshafen,MusicGourmétz-CoEvent,Accapella,2019,DUDL,2019-11-27,https://www.youtube.com/watch?v=0hphYeZF-7E,0hphYeZF-7E,6684,,,
Papi Schlauch,Proton,Frankfurt,Accapella,2019,DLTLLY,2019-11-24,https://www.youtube.com/watch?v=pdOgI2ZzRFE,pdOgI2ZzRFE,82004,,,
MC Maik,Fate,Frankfurt,Accapella,2019,DLTLLY,2019-11-22,https://www.youtube.com/watch?v=VdSYdtJK1SY,VdSYdtJK1SY,28745,,,
Jepain,Kaliba D&DL#0145 (Ludwigshafen,MusicGourmétz-CoEvent,Accapella,2019,DUDL,2019-11-20,https://www.youtube.com/watch?v=FLpo3lNamXs,FLpo3lNamXs,6276,,,
XtraHerb,Zheka D&DL#0144 (Ludwigshafen,MusicGourmétz-CoEvent,Accapella,2019,DUDL,2019-11-18,https://www.youtube.com/watch?v=rRxKa443nq0,rRxKa443nq0,9729,,,
Steel,Hiding John,Halbfinale Frankfurt,Accapella,2019,DLTLLY,2019-11-17,https://www.youtube.com/watch?v=8jPhByN4nMY,8jPhByN4nMY,53960,,,
Paleiacci,Baretta,Ludwigshafen,Accapella,2019,DLTLLY,2019-11-15,https://www.youtube.com/watch?v=Ty7p2q_B-xA,Ty7p2q_B-xA,17231,,Ludwigshafen,Co-Event Dltlly & D&DL
Joe Pharo,Ryko-J,Frankfurt,Accapella,2019,DLTLLY,2019-11-08,https://www.youtube.com/watch?v=NlgHm8PC2JU,NlgHm8PC2JU,53893,,,
Nimeon,DOC,DUDL+DerNorden CoEvent,Accapella,2019,DLTLLY,2019-11-03,https://www.youtube.com/watch?v=DFz9IJOx7KA,DFz9IJOx7KA,17126,,,
Friedrich Chilla,Tommen D&DL#0137 (Bremen,Der Norden-CoEvent,Accapella,2019,DUDL,2019-11-01,https://www.youtube.com/watch?v=eTJ6O-3pFE4,eTJ6O-3pFE4,7629,,,
Ali Smart,Gin Tomek D&DL#0139 (Bremen,Der Norden-CoEvent,Accapella,2019,DUDL,2019-10-30,https://www.youtube.com/watch?v=Yl14HGtptyM,Yl14HGtptyM,6256,,,
Alko,Maru D&DL#0140 (Bremen,Der Norden-CoEvent,Accapella,2019,DUDL,2019-10-28,https://www.youtube.com/watch?v=7-zmJH0dxho,7-zmJH0dxho,5628,,,
Dizaster,JollyJay,international Battle B.Day#6,Accapella,2019,DLTLLY,2019-10-26,https://www.youtube.com/watch?v=1ap7X5HV54k,1ap7X5HV54k,106909,,,
P-Haze,Torbäng D&DL#0141 (Bremen,Der Norden-CoEvent,Accapella,2019,DUDL,2019-10-25,https://www.youtube.com/watch?v=yJJZjoZqHyU,yJJZjoZqHyU,5575,,,
BrahMC,Moby Deep D&DL#0138 (Bremen,Der Norden-CoEvent,Accapella,2019,DUDL,2019-10-23,https://www.youtube.com/watch?v=43Ko11ZOZTE,43Ko11ZOZTE,5605,,,
Yarambo,Mikesh,🏆 TITLE-MATCH 🏆,Accapella,2019,DLTLLY,2019-10-20,https://www.youtube.com/watch?v=g4vk0dkD2-U,g4vk0dkD2-U,407673,,,
Audienzz,Béla Garbage D&DL#0136 (Halle,Move &#39;n&#39; Culture Festival-CoEvent,Accapella,2019,DUDL,2019-10-18,https://www.youtube.com/watch?v=uLpUUufc6rE,uLpUUufc6rE,4176,,Halle,Move 'n' Culture Festival
Ortcutt,Mazzikaner D&DL#0135 (Halle,Move &#39;n&#39; Culture Festival-CoEvent,Accapella,2019,DUDL,2019-10-16,https://www.youtube.com/watch?v=gNn3O1N0tos,gNn3O1N0tos,5984,,Halle,Move 'n' Culture Festival
Brian Damage,Merlin,B.Day#6,Accapella,2019,DLTLLY,2019-10-13,https://www.youtube.com/watch?v=Td7-cUxlJlI,Td7-cUxlJlI,138014,,,
Franz Flaute,Nika D&DL#0134 (Halle,Move &#39;n&#39; Culture Festival-CoEvent,Accapella,2019,DUDL,2019-10-09,https://www.youtube.com/watch?v=H5cwWICWP9Q,H5cwWICWP9Q,9603,,Halle,Move 'n' Culture Festival
Cris Kotzen,Robscure,B.Day#6,Accapella,2019,DLTLLY,2019-10-06,https://www.youtube.com/watch?v=359kHeVVIy4,359kHeVVIy4,92078,,,
Doga,Malik D&DL#0133 (Halle,Move &#39;n&#39; Culture Festival-CoEvent,Accapella,2019,DUDL,2019-10-02,https://www.youtube.com/watch?v=4mFYhFng1AE,4mFYhFng1AE,5321,,Halle,Move 'n' Culture Festival
Henrey,Craze,B.Day#6,Accapella,2019,DLTLLY,2019-09-29,https://www.youtube.com/watch?v=Nk4nGx2_8dk,Nk4nGx2_8dk,79954,,,
Pulsar,Shker D&DL#0132 (Halle,Move &#39;n&#39; Culture Festival-CoEvent,Accapella,2019,DUDL,2019-09-25,https://www.youtube.com/watch?v=so7-Y7-fv7Y,so7-Y7-fv7Y,6861,,Halle,Move 'n' Culture Festival
DNA + Ringelnatz,Fesas + Krom,Berlin,Accapella,2019,DLTLLY,2019-09-22,https://www.youtube.com/watch?v=rpVKWVj_RWw,rpVKWVj_RWw,42097,,Berlin,
Lucky Number,Ortcutt,Berlin,Accapella,2019,DLTLLY,2019-09-20,https://www.youtube.com/watch?v=FA1DpTyD_dM,FA1DpTyD_dM,16577,,Berlin,
ZinZity,Mazzikaner,Runde2 Berlin,Accapella,2019,DLTLLY,2019-09-15,https://www.youtube.com/watch?v=z-gyAcxHO3Q,z-gyAcxHO3Q,86086,,Berlin,
Ano-nym,Aytee,Splash22,On Beat,2019,DLTLLY,2019-09-13,https://www.youtube.com/watch?v=zdfjO-EkI-I,zdfjO-EkI-I,333943,Splash,Ferropolis,splash! 22
Steel,Driss,Runde2 Berlin,Accapella,2019,DLTLLY,2019-09-08,https://www.youtube.com/watch?v=so7auaBTczQ,so7auaBTczQ,20040,,Berlin,
Mavgic,Davie Jones,Splash22,On Beat,2019,DLTLLY,2019-09-06,https://www.youtube.com/watch?v=R5c3gVn0MTI,R5c3gVn0MTI,244843,Splash,Ferropolis,splash! 22
SnakeHeadRhyme,Lug Serious,HIPinside Berlin,Accapella,2019,DLTLLY,2019-09-04,https://www.youtube.com/watch?v=c33Tdb62OaY,c33Tdb62OaY,24487,,Berlin,
Hiding John,Phasenkind,Runde2 Berlin,Accapella,2019,DLTLLY,2019-09-01,https://www.youtube.com/watch?v=a0VIIAdkQiw,a0VIIAdkQiw,52679,,Berlin,
Cris Kotzen,Pablo,Splash22,On Beat,2019,DLTLLY,2019-08-30,https://www.youtube.com/watch?v=7IG1ogWO5Iw,7IG1ogWO5Iw,96728,Splash,Ferropolis,splash! 22
Silence,K.O. Ray,HIPinside Berlin,Accapella,2019,DLTLLY,2019-08-28,https://www.youtube.com/watch?v=D6dGz3CbY9w,D6dGz3CbY9w,16157,,Berlin,
Tollschock,Paleiacci,Runde2 Berlin,Accapella,2019,DLTLLY,2019-08-25,https://www.youtube.com/watch?v=SroLejedLS8,SroLejedLS8,19694,,Berlin,
Kato,Rino Mandingo,Splash22,On Beat,2019,DLTLLY,2019-08-23,https://www.youtube.com/watch?v=2OPxY-WJQ00,2OPxY-WJQ00,74409,Splash,Ferropolis,splash! 22
Yarambo,Cris Kotzen,Hamburg,Accapella,2019,DLTLLY,2019-08-17,https://www.youtube.com/watch?v=rXtu_yTsNyY,rXtu_yTsNyY,274915,,,
Ano-nym,Joe Pharo,Hamburg,On Beat,2019,DLTLLY,2019-08-14,https://www.youtube.com/watch?v=k_PFZFeAvqo,k_PFZFeAvqo,43704,,,
Mars B.,Tobi High,Hamburg,Accapella,2019,DLTLLY,2019-08-10,https://www.youtube.com/watch?v=08a7zIL-Kq4,08a7zIL-Kq4,278226,,,
Nikiz,Fabiga,Hamburg,On Beat,2019,DLTLLY,2019-08-09,https://www.youtube.com/watch?v=QuVClodstF8,QuVClodstF8,30542,,,
Merlin,Khacoby,Hamburg,Accapella,2019,DLTLLY,2019-08-04,https://www.youtube.com/watch?v=yJyAb9r0ntI,yJyAb9r0ntI,131251,,,
Aris,Julo,Hamburg,Accapella,2019,DLTLLY,2019-08-02,https://www.youtube.com/watch?v=h51TEe9214k,h51TEe9214k,24535,,,
Mighty Mo,Hansen,EOW-Tour,Accapella,2014,DLTLLY,2019-07-29,https://www.youtube.com/watch?v=Y5U4LUK-82o,Y5U4LUK-82o,183763,,,
Joseph Steinschleuder,Falk,Hamburg,Accapella,2019,DLTLLY,2019-07-26,https://www.youtube.com/watch?v=7gndCUN-t1A,7gndCUN-t1A,125312,,,
Cashus K + Mac Horn,MC Geuner + Natif,Hamburg,Accapella,2019,DLTLLY,2019-07-25,https://www.youtube.com/watch?v=2EgAMk2CWIo,2EgAMk2CWIo,41273,,,
RenetiXX,Shizu,Hamburg,Accapella,2019,DLTLLY,2019-07-20,https://www.youtube.com/watch?v=49jN1g_l4sw,49jN1g_l4sw,33912,,,
DXXDSTXCK,TableddnTimmy,Hamburg,Accapella,2019,DLTLLY,2019-07-20,https://www.youtube.com/watch?v=6gf6DGRGPco,6gf6DGRGPco,50195,,,
Bong Teggy,Mikesh,MAYhem #4,Accapella,2019,DLTLLY,2019-07-09,https://www.youtube.com/watch?v=iytAxUC689k,iytAxUC689k,783032,,,
DLTLLY+D&DL   Ortcutt,Steel,Runde1 Berlin,Accapella,2019,DUDL,2019-07-05,https://www.youtube.com/watch?v=CPwOU-cEeE0,CPwOU-cEeE0,16154,,,
JerMC,Robscure,MAYhem4,Accapella,2019,DLTLLY,2019-07-04,https://www.youtube.com/watch?v=jsa8A68JWHc,jsa8A68JWHc,69806,,,
DLTLLY+D&DL   Phasenkind,Klö10,Runde1 Berlin,Accapella,2019,DUDL,2019-07-03,https://www.youtube.com/watch?v=6tEH2aGB7_Y,6tEH2aGB7_Y,17910,,,
Sizyphos,Davie Jones,MAYhem4,Accapella,2019,DLTLLY,2019-06-29,https://www.youtube.com/watch?v=qv_Vf5YwFao,qv_Vf5YwFao,187279,,,
DLTLLY+D&DL   Arbeitstitel,Hiding John,Runde1 Berlin,Accapella,2019,DUDL,2019-06-26,https://www.youtube.com/watch?v=rWZkTI11c8Y,rWZkTI11c8Y,26955,,,
Fate,Craze,MAYhem4,Accapella,2019,DLTLLY,2019-06-23,https://www.youtube.com/watch?v=UiaCJXNCthY,UiaCJXNCthY,46613,,,
DLTLLY+D&DL   Tollschock,Silence,Runde1 Berlin,Accapella,2019,DUDL,2019-06-21,https://www.youtube.com/watch?v=zV3N2PCfxac,zV3N2PCfxac,16750,,,
DLTLLY+D&DL   Mazzikaner,K.O. Ray,Runde1 Berlin,Accapella,2019,DUDL,2019-06-19,https://www.youtube.com/watch?v=sS6-j7wbm6o,sS6-j7wbm6o,14735,,,
Yarambo + Kato,Wolff + Joe Pharo,NRWeekend3,Accapella,2019,DLTLLY,2019-06-16,https://www.youtube.com/watch?v=a4WsKK9UKeU,a4WsKK9UKeU,131829,,,NRWeekend 3
DLTLLY+D&DL   Lucky Number,ZinZity,Runde1 Berlin,Accapella,2019,DUDL,2019-06-14,https://www.youtube.com/watch?v=c0j-SjApuO0,c0j-SjApuO0,98082,,,
DLTLLY+D&DL   Paleiacci,Sikk Whalee,Runde1 Berlin,Accapella,2019,DUDL,2019-06-12,https://www.youtube.com/watch?v=8mePOEi9G-4,8mePOEi9G-4,15342,,,
Duff,Lyrico,NRWeekend3,Accapella,2019,DLTLLY,2019-06-08,https://www.youtube.com/watch?v=4x-ouPt32k0,4x-ouPt32k0,149025,,,NRWeekend 3
N'antinein,Joseph Steinschleuder,NRWeekend3,Accapella,2019,DLTLLY,2019-06-02,https://www.youtube.com/watch?v=fK-LjuDqkGo,fK-LjuDqkGo,81181,,,NRWeekend 3
Ryko-J,Highdemann,NRWeekend3,Accapella,2019,DLTLLY,2019-05-31,https://www.youtube.com/watch?v=qUe3WkuFvUI,qUe3WkuFvUI,53621,,,NRWeekend 3
Indoor Stan,Kid Soldier,NRWeekend3,Accapella,2019,DLTLLY,2019-05-26,https://www.youtube.com/watch?v=bDd23OyQj8U,bDd23OyQj8U,76879,,,NRWeekend 3
Alice,Karma,NRWeekend3,Accapella,2019,DLTLLY,2019-05-19,https://www.youtube.com/watch?v=w-brgVQJxjo,w-brgVQJxjo,75723,,,NRWeekend 3
MC Geuner,Mave,NRWeekend3,Accapella,2019,DLTLLY,2019-05-17,https://www.youtube.com/watch?v=UDctKKtso3U,UDctKKtso3U,55352,,,NRWeekend 3
Pablo,Khacoby,NRWeekend3,Accapella,2019,DLTLLY,2019-05-12,https://www.youtube.com/watch?v=iJ5-bv361rw,iJ5-bv361rw,50442,,,NRWeekend 3
Proton,Vinci,NRWeekend3,Accapella,2019,DLTLLY,2019-05-05,https://www.youtube.com/watch?v=YtSL7gzo2x4,YtSL7gzo2x4,50434,,,NRWeekend 3
T-Jey,Papa TR,NRWeekend3,Accapella,2019,DLTLLY,2019-05-03,https://www.youtube.com/watch?v=c7keDhs479s,c7keDhs479s,23946,,,NRWeekend 3
T-Way + Burst,Cashus K + Mac Horn,NRWeekend3,Accapella,2019,DLTLLY,2019-04-28,https://www.youtube.com/watch?v=LlgDB0N8P7k,LlgDB0N8P7k,33911,,,NRWeekend 3
Herr Kuchen,Tao,Wiesbaden,Accapella,2019,DLTLLY,2019-04-21,https://www.youtube.com/watch?v=e0KjoxB51EI,e0KjoxB51EI,94914,,,
Julo,PrettyShittyJiggy,Wiesbaden,Accapella,2019,DLTLLY,2019-04-14,https://www.youtube.com/watch?v=q2QSW6dxCxI,q2QSW6dxCxI,17655,,,
Nais,Ano-nym,Tapefabrik,On Beat,2019,DLTLLY,2019-04-12,https://www.youtube.com/watch?v=Gt0tcF5aBhw,Gt0tcF5aBhw,76976,,,
Shortworth,Craze,Wiesbaden,Accapella,2019,DLTLLY,2019-04-07,https://www.youtube.com/watch?v=_iIiMTUBDuo,_iIiMTUBDuo,39684,,,
Vyrus,Pablo,Tapefabrik,On Beat,2019,DLTLLY,2019-04-05,https://www.youtube.com/watch?v=JRAeJtv2KAI,JRAeJtv2KAI,75484,,,
A-Ron,Mr. Whyte,Wiesbaden,Accapella,2019,DLTLLY,2019-03-31,https://www.youtube.com/watch?v=KZC0Boi1V1A,KZC0Boi1V1A,20248,,,
Robscure,VT,Kassel,Accapella,2019,DLTLLY,2019-03-24,https://www.youtube.com/watch?v=suRzrcwwp10,suRzrcwwp10,52480,,Kassel,
Aris,Fate,Kassel,Accapella,2019,DLTLLY,2019-03-17,https://www.youtube.com/watch?v=_hlEJQGceVI,_hlEJQGceVI,25139,,Kassel,
Papi Schlauch,Joe Pharo,Kassel,Accapella,2019,DLTLLY,2019-03-10,https://www.youtube.com/watch?v=jlAGipbHY3o,jlAGipbHY3o,100922,,Kassel,
Mars B.,Joseph Steinschleuder,Kassel,Accapella,2019,DLTLLY,2019-03-03,https://www.youtube.com/watch?v=52TG99ZhujQ,52TG99ZhujQ,106292,,Kassel,
Julo,Senad,CoEvent4,Accapella,2019,DLTLLY,2019-03-01,https://www.youtube.com/watch?v=fzChU9ifmpM,fzChU9ifmpM,16374,,,
Béla Garbage,Eddie Tude D&DL#0131 (Berlin,-CoEvent,Accapella,2019,DUDL,2019-02-27,https://www.youtube.com/watch?v=QKTtGKUnz-Q,QKTtGKUnz-Q,7507,,,
Kid Soldier,Karma,Kassel,Accapella,2019,DLTLLY,2019-02-24,https://www.youtube.com/watch?v=FiNK7Ip2G7M,FiNK7Ip2G7M,55016,,Kassel,
Lug Serious,Audienzz,CoEvent4,Accapella,2019,DLTLLY,2019-02-22,https://www.youtube.com/watch?v=Rj9OPzOXGEo,Rj9OPzOXGEo,11456,,,
OstrichO,MC Rabiat D&DL#0130 (Berlin,-CoEvent,Accapella,2019,DUDL,2019-02-20,https://www.youtube.com/watch?v=riW57gZu4wA,riW57gZu4wA,6518,,,
Django,Craze,CoEvent4,Accapella,2019,DLTLLY,2019-02-17,https://www.youtube.com/watch?v=MbEatFFA6Ws,MbEatFFA6Ws,24206,,,
SnakeHeadRhyme,Shizu,CoEvent4,Accapella,2019,DLTLLY,2019-02-10,https://www.youtube.com/watch?v=DRGeTbZNyVM,DRGeTbZNyVM,24090,,,
Robscure,Mikesh,DISSember #3,Accapella,2019,DLTLLY,2019-02-03,https://www.youtube.com/watch?v=ZIt1ck2SkpY,ZIt1ck2SkpY,422215,Festsaal Kreuzberg,Berlin,DISSember 3
Onkel Oktomusch + Die Zwetschke,Cris Kotzen + Ano-nym,DISSember #3,Accapella,2019,DLTLLY,2019-01-27,https://www.youtube.com/watch?v=oBCM0_x5BTw,oBCM0_x5BTw,376683,Festsaal Kreuzberg,Berlin,DISSember 3
Yarambo,Nedal Nib,🏆 TITLE-MATCH 🏆,Accapella,2019,DLTLLY,2019-01-18,https://www.youtube.com/watch?v=b9WiPNutmcs,b9WiPNutmcs,455918,,,
Brian Damage,Wolff,DISSember #3,Accapella,2019,DLTLLY,2019-01-13,https://www.youtube.com/watch?v=l1A7Frzc6Yc,l1A7Frzc6Yc,443954,Festsaal Kreuzberg,Berlin,DISSember 3
JollyJay,Buddi,Dortmund,Accapella,2018,DLTLLY,2018-12-30,https://www.youtube.com/watch?v=g7CZ_KeNQBg,g7CZ_KeNQBg,73246,Oma Doris,Dortmund,
Akanoo,MC Geuner,Dortmund,Accapella,2018,DLTLLY,2018-12-28,https://www.youtube.com/watch?v=9caXz-M8C-w,9caXz-M8C-w,30671,Oma Doris,Dortmund,
Craze,Lug Serious,Dortmund,Accapella,2018,DLTLLY,2018-12-26,https://www.youtube.com/watch?v=d35ARcB-cRI,d35ARcB-cRI,18346,Oma Doris,Dortmund,
Mr. Whyte,Bruda Tuck,Dortmund,Accapella,2018,DLTLLY,2018-12-23,https://www.youtube.com/watch?v=dB_h2U7U56Y,dB_h2U7U56Y,10972,Oma Doris,Dortmund,
Joseph Steinschleuder,Vinci,Dortmund,Accapella,2018,DLTLLY,2018-12-23,https://www.youtube.com/watch?v=M36xibQ16Pw,M36xibQ16Pw,131352,Oma Doris,Dortmund,
Django,Ryko-J,Dortmund,Accapella,2018,DLTLLY,2018-12-21,https://www.youtube.com/watch?v=L4-rMBVV-zE,L4-rMBVV-zE,23064,Oma Doris,Dortmund,
T-Way,N'antinein,Dortmund,Accapella,2018,DLTLLY,2018-12-16,https://www.youtube.com/watch?v=Gu-rZ_etxcA,Gu-rZ_etxcA,30420,Oma Doris,Dortmund,
Wandelbarz,Tao,Dortmund,Accapella,2018,DLTLLY,2018-12-14,https://www.youtube.com/watch?v=_cnUi80QTEA,_cnUi80QTEA,20400,Oma Doris,Dortmund,
Henker,Highdemann,Dortmund,Accapella,2018,DLTLLY,2018-12-12,https://www.youtube.com/watch?v=KjXgHLwZ2Pg,KjXgHLwZ2Pg,21523,Oma Doris,Dortmund,
Lyrico,Henrey,Dortmund,Accapella,2018,DLTLLY,2018-12-09,https://www.youtube.com/watch?v=DYsdE49UH84,DYsdE49UH84,50368,Oma Doris,Dortmund,
Olio,Indoor Stan,Leipzig,On Beat,2018,DLTLLY,2018-12-07,https://www.youtube.com/watch?v=KJBUkAShgN0,KJBUkAShgN0,19298,Naumanns,Leipzig,
A-Ron,Chinooka,Dortmund,Accapella,2018,DLTLLY,2018-12-05,https://www.youtube.com/watch?v=nzLpekudhsA,nzLpekudhsA,12364,Alter Weinkeller,Dortmund,
Cris Kotzen,Mighty Mo,München BDAY # 5,Accapella,2018,DLTLLY,2018-12-02,https://www.youtube.com/watch?v=WoRse1CULWQ,WoRse1CULWQ,419700,,München,
SnakeHeadRhyme,RenetiXX,Leipzig,Accapella,2018,DLTLLY,2018-11-30,https://www.youtube.com/watch?v=b-nM1nsvYGo,b-nM1nsvYGo,22656,Naumanns,Leipzig,
Leonidas,Zeuge,Dortmund,Accapella,2018,DLTLLY,2018-11-28,https://www.youtube.com/watch?v=doMfLOBrGH0,doMfLOBrGH0,17350,Alter Weinkeller,Dortmund,
Yarambo,Bong Teggy,B.Day#5,Accapella,2018,DLTLLY,2018-11-25,https://www.youtube.com/watch?v=X41Ie96tRCQ,X41Ie96tRCQ,266484,,,
Der Stockinger,Skilla199,Leipzig,On Beat,2018,DLTLLY,2018-11-23,https://www.youtube.com/watch?v=yun-riliTHU,yun-riliTHU,29416,Naumanns,Leipzig,
Pilz,Davie Jones,B.Day#5,Accapella,2018,DLTLLY,2018-11-18,https://www.youtube.com/watch?v=lk2jv_AamfU,lk2jv_AamfU,169663,,,
Ringelnatz + DNA,Verz + Andi B. D&DL#0125 (Halle,Move &#39;n&#39; Culture Festival-CoEvent,Accapella,2018,DUDL,2018-11-14,https://www.youtube.com/watch?v=wTM1FhA1mww,wTM1FhA1mww,9917,,Halle,Move 'n' Culture Festival
Kid Soldier,DXXDSTXCK,Leipzig,Accapella,2018,DLTLLY,2018-11-12,https://www.youtube.com/watch?v=oIxlJcgrYdw,oIxlJcgrYdw,55480,Naumanns,Leipzig,
Ano-nym,Pueblo Escobar,Leipzig,On Beat,2018,DLTLLY,2018-11-09,https://www.youtube.com/watch?v=1w7pZ_Bbd9k,1w7pZ_Bbd9k,80345,Naumanns,Leipzig,
Mikesh,Papi Schlauch,BDay #5,Accapella,2018,DLTLLY,2018-11-04,https://www.youtube.com/watch?v=YkKG0MkHNXs,YkKG0MkHNXs,342907,,,
Plural,T-Jey,Leipzig,Accapella,2018,DLTLLY,2018-11-02,https://www.youtube.com/watch?v=SnFk4SUScd4,SnFk4SUScd4,16836,Naumanns,Leipzig,
Gregg,Audienzz D&DL#0126 (Halle,Move &#39;n&#39; Culture Festival-CoEvent,Accapella,2018,DUDL,2018-10-31,https://www.youtube.com/watch?v=USUTGcYZFdk,USUTGcYZFdk,3599,,Halle,Move 'n' Culture Festival
Robscure,Vyrus,B.Day#5,Accapella,2018,DLTLLY,2018-10-28,https://www.youtube.com/watch?v=Zn-y-VSA3u0,Zn-y-VSA3u0,96276,,,
Mave,Kato,Freestyle- HipHopKemp,Accapella,2018,DLTLLY,2018-10-26,https://www.youtube.com/watch?v=FJNKKo_PoJ0,FJNKKo_PoJ0,27780,,,
Josen,Dexta D&DL#0123 (Halle,Move &#39;n&#39; Culture Festival-CoEvent,Accapella,2018,DUDL,2018-10-24,https://www.youtube.com/watch?v=gmWKQ2I8wpU,gmWKQ2I8wpU,3076,,Halle,Move 'n' Culture Festival
Kato,Mars B.,FFM,Accapella,2018,DLTLLY,2018-10-21,https://www.youtube.com/watch?v=7wCrQqYeOqQ,7wCrQqYeOqQ,200925,,Frankfurt am Main,
Fabelouis,RenetiXX,FFM,Accapella,2018,DLTLLY,2018-10-19,https://www.youtube.com/watch?v=GD7sRHxZKB8,GD7sRHxZKB8,18802,,Frankfurt am Main,
Virus,IZL D&DL#0128 (Halle,Move &#39;n&#39; Culture Festival-CoEvent,Accapella,2018,DUDL,2018-10-18,https://www.youtube.com/watch?v=Vr9WJVfLnwU,Vr9WJVfLnwU,3078,,Halle,Move 'n' Culture Festival
Ano-nym,Wolff,NextGeneration Finale FFM,Accapella,2018,DLTLLY,2018-10-14,https://www.youtube.com/watch?v=ShO3UZLEDc0,ShO3UZLEDc0,149856,,,
Pueblo Escobar,Mave,HipHopKemp,On Beat,2018,DLTLLY,2018-10-12,https://www.youtube.com/watch?v=fJe8hxIVt70,fJe8hxIVt70,15637,,,
SnakeHeadRhyme,Chinooka D&DL#0129 (Halle,Move &#39;n&#39; Culture Festival-CoEvent,Accapella,2018,DUDL,2018-10-10,https://www.youtube.com/watch?v=BuzP2YHdC4w,BuzP2YHdC4w,6071,,Halle,Move 'n' Culture Festival
Joe Pharo,Joseph Steinschleuder,FFM,Accapella,2018,DLTLLY,2018-10-07,https://www.youtube.com/watch?v=rSqxELamrxc,rSqxELamrxc,68389,,Frankfurt am Main,
Cashus K,Barracuda,FFM,Accapella,2018,DLTLLY,2018-10-05,https://www.youtube.com/watch?v=Jgma5I9y1VY,Jgma5I9y1VY,20274,,Frankfurt am Main,
Béla Garbage,Lug Serious D&DL#0124 (Halle,Move &#39;n&#39; Culture Festival-CoEvent,Accapella,2018,DUDL,2018-10-03,https://www.youtube.com/watch?v=Aaiz_iVu6_Q,Aaiz_iVu6_Q,5092,,Halle,Move 'n' Culture Festival
Brian Damage + Karma,Lyrico + Bauda,HipHopKemp,On Beat,2018,DLTLLY,2018-09-28,https://www.youtube.com/watch?v=FWgPT8F6Ano,FWgPT8F6Ano,56619,,,
Tao,Shortworth,FFM,Accapella,2018,DLTLLY,2018-09-23,https://www.youtube.com/watch?v=A-iuNHPKkDw,A-iuNHPKkDw,20304,,Frankfurt am Main,
Pretty Shitty Jiggy,Zeuge D&DL#0122 (Berlin,-CoEvent,Accapella,2018,DUDL,2018-09-21,https://www.youtube.com/watch?v=Ptf2GjS1Heg,Ptf2GjS1Heg,6038,,,
DXXDSTXCK,Bruda Tuck,NewcomerBattle  D&DL-Co-Event3,Accapella,2018,DLTLLY,2018-09-16,https://www.youtube.com/watch?v=eItAIkth52U,eItAIkth52U,22178,,,
Nedal Nib,CLEP,Studio Version + Extra 4. Runde,Accapella,2018,DLTLLY,2018-09-15,https://www.youtube.com/watch?v=iVLMjsx6cuw,iVLMjsx6cuw,114520,,,
Farmer,Splopf,NewcomerBattle  D&DL-Co-Event3,Accapella,2018,DLTLLY,2018-09-14,https://www.youtube.com/watch?v=PoLsM528T2Q,PoLsM528T2Q,9847,,,
Craze,Eddie Tude D&DL#0121 (Berlin,-CoEvent,Accapella,2018,DUDL,2018-09-12,https://www.youtube.com/watch?v=pPKq1J_fk5g,pPKq1J_fk5g,8728,,,
MC Rabiat,Private Max D&DL#0120 (Berlin,-CoEvent,Accapella,2018,DUDL,2018-09-05,https://www.youtube.com/watch?v=3_DeFI2Jst0,3_DeFI2Jst0,4718,,,
Tecey,Kid Soldier,NewcomerBattle  D&DL-Co-Event3,Accapella,2018,DLTLLY,2018-09-02,https://www.youtube.com/watch?v=cgjF2l3C_88,cgjF2l3C_88,25360,,,
A-Ron,Shizu,NewcomerBattle  D&DL-Co-Event3,Accapella,2018,DLTLLY,2018-08-31,https://www.youtube.com/watch?v=Mj-ae6wrEnU,Mj-ae6wrEnU,13215,,,
Clep,Nedal Nib,Splash21,On Beat,2018,DLTLLY,2018-08-26,https://www.youtube.com/watch?v=IYOzBAtlps8,IYOzBAtlps8,110295,Splash,Ferropolis,splash! 21
Yarambo,Clep,REMATCH!,Accapella,2018,DLTLLY,2018-08-19,https://www.youtube.com/watch?v=34-uHYmnIr8,34-uHYmnIr8,230249,,,
N'antinein,Bong Teggy,Splash21,On Beat,2018,DLTLLY,2018-08-11,https://www.youtube.com/watch?v=ZPy3zoBFfqg,ZPy3zoBFfqg,58196,Splash,Ferropolis,splash! 21
Robscure + Karma,Wolff + Joe Pharo,Hamburg,Accapella,2018,DLTLLY,2018-08-05,https://www.youtube.com/watch?v=16dUvQ0Obak,16dUvQ0Obak,67183,,,
J.W. Goethe,DFVK D&DL#0119 (Hamburg,2018,Accapella,2018,DUDL,2018-08-01,https://www.youtube.com/watch?v=XiEaDXbgTOc,XiEaDXbgTOc,4732,,,
MC Geuner,Vinci,Hamburg,Accapella,2018,DLTLLY,2018-07-29,https://www.youtube.com/watch?v=UP1fTaup1-c,UP1fTaup1-c,44706,,,
RenetiXX,Karanova,Hamburg,Accapella,2018,DLTLLY,2018-07-27,https://www.youtube.com/watch?v=XzbKLReHfls,XzbKLReHfls,21176,,,
Indoor Stan,Mikesh,Hamburg,Accapella,2018,DLTLLY,2018-07-22,https://www.youtube.com/watch?v=FuavftTf3sw,FuavftTf3sw,114440,,,
Josen,Kid Soldier D&DL#0118 (Hamburg,2018,Accapella,2018,DUDL,2018-07-18,https://www.youtube.com/watch?v=zO_sCdE_GC4,zO_sCdE_GC4,11859,,,
Cashus K,Aris,Hamburg,Accapella,2018,DLTLLY,2018-07-15,https://www.youtube.com/watch?v=SipsDmDHBOs,SipsDmDHBOs,18402,,,
VT,Bong Teggy,MAYhem3,Accapella,2018,DLTLLY,2018-07-08,https://www.youtube.com/watch?v=O4Y60KkxIK0,O4Y60KkxIK0,122225,,,
Tao,A-Ron D&DL#0117 (Berlin,-CoEvent,Accapella,2018,DUDL,2018-07-04,https://www.youtube.com/watch?v=kVXQiE09o5Q,kVXQiE09o5Q,6333,,,
Davie Jones,Karma,MAYhem3,Accapella,2018,DLTLLY,2018-07-01,https://www.youtube.com/watch?v=WjdC1A9Hke0,WjdC1A9Hke0,33422,,,
O&#39;spella,Rupert69 D&DL#0115 (Berlin,-CoEvent,Accapella,2018,DUDL,2018-06-30,https://www.youtube.com/watch?v=thvwa2GA4TY,thvwa2GA4TY,4078,,,
LBB,Ssynic,Kato vs Brian Damage,Accapella,2018,DLTLLY,2018-06-24,https://www.youtube.com/watch?v=6_bXVyjHLF4,6_bXVyjHLF4,166188,,,
Highdemann,Julo D&DL#0113 (Essen,2018,Accapella,2018,DUDL,2018-06-13,https://www.youtube.com/watch?v=SGZT5qPenuM,SGZT5qPenuM,8009,,,
Sizyphos,Henrey,MAYhem3,Accapella,2018,DLTLLY,2018-06-10,https://www.youtube.com/watch?v=ACCMjHqPhYE,ACCMjHqPhYE,60210,,,
Henker,SeBa D&DL#0112 (Essen,2018,Accapella,2018,DUDL,2018-06-06,https://www.youtube.com/watch?v=EaBkot2Iumk,EaBkot2Iumk,6047,,,
Merlin,BX,Stuttgart,Accapella,2018,DLTLLY,2018-06-03,https://www.youtube.com/watch?v=oT4k9OlTdTM,oT4k9OlTdTM,31734,,,
LBB,MC GEUNER,BMCL,Accapella,2018,RAM,2018-06-03,https://www.youtube.com/watch?v=9r-_GoSvDAw,9r-_GoSvDAw,1891724,,,
MC Lauch,Herr Sören D&DL#0114 (Essen,2018,Accapella,2018,DUDL,2018-06-02,https://www.youtube.com/watch?v=Cyxilq52yW8,Cyxilq52yW8,8340,,,
Pueblo Escobar + Morizz Fizzl,Schalle + Alcantara,Stuttgart,On Beat,2018,DLTLLY,2018-06-01,https://www.youtube.com/watch?v=8jwJwsdYaoM,8jwJwsdYaoM,25284,,,
Paze,Zeuge D&DL#0111 (Essen,2018,Accapella,2018,DUDL,2018-05-30,https://www.youtube.com/watch?v=cMme7MVfzlk,cMme7MVfzlk,5269,,,
Mikesh,Akanoo,Stuttgart,Accapella,2018,DLTLLY,2018-05-27,https://www.youtube.com/watch?v=fADGoxfLmoU,fADGoxfLmoU,106909,,,
Bdad,Nikiz,Stuttgart,On Beat,2018,DLTLLY,2018-05-25,https://www.youtube.com/watch?v=X9NqPZCIV64,X9NqPZCIV64,32677,,,
Vyrus,Mavgic,NRWeekend #2,On Beat,2018,DLTLLY,2018-05-20,https://www.youtube.com/watch?v=izMlExusQww,izMlExusQww,546303,,,NRWeekend 2
Fabelouis,Farmer,Stuttgart,Accapella,2018,DLTLLY,2018-05-18,https://www.youtube.com/watch?v=D_bw-AJEGpE,D_bw-AJEGpE,21951,,,
Malik N.,Hillston D&DL#0108 (Berlin,2018,Accapella,2018,DUDL,2018-05-16,https://www.youtube.com/watch?v=XQVJrBoiwPk,XQVJrBoiwPk,3465,,,
Change,Tommy2Late,Stuttgart,On Beat,2018,DLTLLY,2018-05-13,https://www.youtube.com/watch?v=n-8IV_68dVs,n-8IV_68dVs,23343,,,
Proton,Robscure,NRWeekend2,Accapella,2018,DLTLLY,2018-05-13,https://www.youtube.com/watch?v=zp-NPxt-Y0w,zp-NPxt-Y0w,48557,,,NRWeekend 2
Kyu,Tommen D&DL#0110 (Berlin,2018,Accapella,2018,DUDL,2018-05-12,https://www.youtube.com/watch?v=vcdMwQZNFIA,vcdMwQZNFIA,4016,,,
Kato,Mave,NRWeekend2,Accapella,2018,DLTLLY,2018-05-06,https://www.youtube.com/watch?v=ISMH_t00yWU,ISMH_t00yWU,82281,,,NRWeekend 2
Dyas,SnakeHeadRhyme D&DL#0109 (Berlin,2018,Accapella,2018,DUDL,2018-05-05,https://www.youtube.com/watch?v=DrGC8vf46YE,DrGC8vf46YE,6267,,,
Buddi,VT,NRWeekend2,On Beat,2018,DLTLLY,2018-05-04,https://www.youtube.com/watch?v=MYBbVI9103A,MYBbVI9103A,24731,,,NRWeekend 2
Gusy,Micky Haze D&DL#0107 (Stuttgart,2018,Accapella,2018,DUDL,2018-05-02,https://www.youtube.com/watch?v=04_j-wKwruQ,04_j-wKwruQ,4705,,,
Yarambo,Davie Jones,NRWeekend #2,Accapella,2018,DLTLLY,2018-04-29,https://www.youtube.com/watch?v=eBbEez8gLpY,eBbEez8gLpY,336022,,,NRWeekend 2
RV,CASHISCLAY,BMCL,Accapella,2018,RAM,2018-04-29,https://www.youtube.com/watch?v=mNFeSKs8-Zw,mNFeSKs8-Zw,91717,,,
FARE,Dizzepticon D&DL#0106 (Stuttgart,2018,Accapella,2018,DUDL,2018-04-28,https://www.youtube.com/watch?v=VvM1Iz5Zo6o,VvM1Iz5Zo6o,5523,,,
Tuncmann,Wandelbarz,NRWeekend2,Accapella,2018,DLTLLY,2018-04-27,https://www.youtube.com/watch?v=YvVuLQ-ntwo,YvVuLQ-ntwo,33975,,,NRWeekend 2
Slappy,Tao D&DL#0105 (Stuttgart,2018,Accapella,2018,DUDL,2018-04-25,https://www.youtube.com/watch?v=Y0UEpKbuN04,Y0UEpKbuN04,3764,,,
Wolff,NichtDeinTyp,NextGeneration VR 4/4 Stuttgart,Accapella,2018,DLTLLY,2018-04-22,https://www.youtube.com/watch?v=DtPnL171Y1U,DtPnL171Y1U,50531,,,
ChinookA,Michael Dope D&DL#0104 (Stuttgart,2018,Accapella,2018,DUDL,2018-04-21,https://www.youtube.com/watch?v=H9QpMaRaOuw,H9QpMaRaOuw,4130,,,
Karanova,OE,NRWeekend2,Accapella,2018,DLTLLY,2018-04-20,https://www.youtube.com/watch?v=u8rydX8Eo7A,u8rydX8Eo7A,17381,,,NRWeekend 2
A-Ron,PrettyShittyJiggy D&DL#0103 (Stuttgart,2018,Accapella,2018,DUDL,2018-04-18,https://www.youtube.com/watch?v=k6DLGl60vUE,k6DLGl60vUE,6377,,,
Ano-Nym,RenetiXX,NextGeneration VR 3/4 NRWeekend2,Accapella,2018,DLTLLY,2018-04-15,https://www.youtube.com/watch?v=9rVRBR8i80o,9rVRBR8i80o,67198,,,NRWeekend 2
Jolle,Joseph Steinschleuder,NextGeneration VR 2/4 NRWeekend2,Accapella,2018,DLTLLY,2018-04-13,https://www.youtube.com/watch?v=wKdWtqAf10A,wKdWtqAf10A,76469,,,NRWeekend 2
Duff,T-Way,NRWeekend2,Accapella,2018,DLTLLY,2018-04-08,https://www.youtube.com/watch?v=QA2y20az1C4,QA2y20az1C4,25918,,,NRWeekend 2
Falk,Khacoby,ComplimentBattle NRWeekend2,Accapella,2018,DLTLLY,2018-04-06,https://www.youtube.com/watch?v=Rt_1IAP9zQc,Rt_1IAP9zQc,102453,,,NRWeekend 2
Schleswig-Prollstein,Opti + Rö D&DL#0101 (Berlin,-CoEvent,Accapella,2018,DUDL,2018-04-04,https://www.youtube.com/watch?v=s04C_8fOsJA,s04C_8fOsJA,10367,,,
ViruS + KingPin,Eczo + Heynsch D&DL#0100 (Berlin,-CoEvent,Accapella,2018,DUDL,2018-04-02,https://www.youtube.com/watch?v=wImLFbzyPBs,wImLFbzyPBs,8261,,,
BDAD,VYRUS,BMCL,Accapella,2018,RAM,2018-04-01,https://www.youtube.com/watch?v=edSol4qguUE,edSol4qguUE,56724,,,
Wolff + Joe Pharo,Ilhan + TableddnTimmy,D&DL CoEvent 1,Accapella,2018,DLTLLY,2018-04-01,https://www.youtube.com/watch?v=PfLQiBTvd-4,PfLQiBTvd-4,56750,,,
Wolle der Grobe,Jakzta,NextGeneration VR 1/4 D&DL CoEvent 1,Accapella,2018,DLTLLY,2018-03-30,https://www.youtube.com/watch?v=yZOihBj5VYk,yZOihBj5VYk,14560,,,
Galv,Schote,Tapefabrik,On Beat,2018,DLTLLY,2018-03-25,https://www.youtube.com/watch?v=WDxHLb71RF0,WDxHLb71RF0,151027,,,
CPE,AKANOO,BMCL,Accapella,2018,RAM,2018-03-25,https://www.youtube.com/watch?v=bGSiQtKl7zc,bGSiQtKl7zc,35443,,,
Notyzze,LUX,Tapefabrik,On Beat,2018,DLTLLY,2018-03-21,https://www.youtube.com/watch?v=869cf3bg49k,869cf3bg49k,57090,,,
Davie Jones,Vyrus,Kassel,Accapella,2018,DLTLLY,2018-03-19,https://www.youtube.com/watch?v=Absp5IK_V9k,Absp5IK_V9k,121844,,Kassel,
VT,Mars B.,Kassel,Accapella,2018,DLTLLY,2018-03-18,https://www.youtube.com/watch?v=pkrXAzvIRl0,pkrXAzvIRl0,67390,,Kassel,
Olio,Kato,Kassel,Accapella,2018,DLTLLY,2018-03-03,https://www.youtube.com/watch?v=pwzr2W-YntY,pwzr2W-YntY,85614,,Kassel,
Bauda,Seby Tone,Kassel,Accapella,2018,DLTLLY,2018-02-25,https://www.youtube.com/watch?v=fAou_OoLduY,fAou_OoLduY,24857,,Kassel,
TOMMY2LATE,CASHUS K,BMCL,Accapella,2018,RAM,2018-02-25,https://www.youtube.com/watch?v=5jIGrJnIlrs,5jIGrJnIlrs,35343,,,
TRIPLEBEAT,FOURSEVEN,BMCL,Accapella,2018,RAM,2018-02-25,https://www.youtube.com/watch?v=ViFTDD0HHEk,ViFTDD0HHEk,490145,,,
Krom,Wolff,Kassel,Accapella,2018,DLTLLY,2018-02-18,https://www.youtube.com/watch?v=fE0SEINZpDg,fE0SEINZpDg,73906,,Kassel,
Schalle,Joe Pharo,Kassel,Accapella,2018,DLTLLY,2018-02-11,https://www.youtube.com/watch?v=OU423DQtcD4,OU423DQtcD4,30512,,Kassel,
JollyJay,Brian Damage,Bilingual Battle DISSember2,Accapella,2017,DLTLLY,2018-02-04,https://www.youtube.com/watch?v=jK6Kcpse9o0,jK6Kcpse9o0,227884,Backstage,München,DISSember 2
TableddnTimmy,Joseph Steinschleuder D&DL#0099 (Berlin,2017,Accapella,2017,DUDL,2018-01-31,https://www.youtube.com/watch?v=7XEQc4Uixvg,7XEQc4Uixvg,45374,,,
KROM,SEVA,BMCL,Accapella,2018,RAM,2018-01-29,https://www.youtube.com/watch?v=FwNISDJyry4,FwNISDJyry4,59537,,,
CLEP,Robscure,DISSember2,Accapella,2017,DLTLLY,2018-01-28,https://www.youtube.com/watch?v=0lS6QaFGybw,0lS6QaFGybw,139429,Backstage,München,DISSember 2
DEZ,Noone D&DL#0098 (Berlin,2017,Accapella,2017,DUDL,2018-01-24,https://www.youtube.com/watch?v=0tkSP6s8_uM,0tkSP6s8_uM,4762,,,
Karma,Mars B.,DISSember2,Accapella,2017,DLTLLY,2018-01-21,https://www.youtube.com/watch?v=2d1RlPosOF0,2d1RlPosOF0,60139,Backstage,München,DISSember 2
Splopf,Shizu D&DL#0097 (Berlin,2017,Accapella,2017,DUDL,2018-01-17,https://www.youtube.com/watch?v=C4xri1oyMvQ,C4xri1oyMvQ,4646,,,
T-Way,VT,DISSember2,Accapella,2017,DLTLLY,2018-01-14,https://www.youtube.com/watch?v=NKFsOpcgMpo,NKFsOpcgMpo,28570,Backstage,München,DISSember 2
Julo,SinTony D&DL#0096 (Berlin,2017,Accapella,2017,DUDL,2018-01-10,https://www.youtube.com/watch?v=9TPjSYw4jbI,9TPjSYw4jbI,5088,,,
Jack Dragon,Hansen,DISSember2,Accapella,2017,DLTLLY,2018-01-07,https://www.youtube.com/watch?v=lJ6whp-ADwU,lJ6whp-ADwU,39093,Backstage,München,DISSember 2
Louis Beton,Hörsturz,Leipzig,Accapella,2017,DLTLLY,2018-01-04,https://www.youtube.com/watch?v=0_CFEJmm4i8,0_CFEJmm4i8,13881,,Leipzig,
ShaoLum,Joe-L (Sport-Bars),could not identify event,Accapella,2018,SPOX,2018-01-02,https://www.youtube.com/watch?v=y7s-nFdjpQg,y7s-nFdjpQg,35487,,,
DAVIE JONES,TOBI NICE,BMCL,Accapella,2018,RAM,2018-01-01,https://www.youtube.com/watch?v=C6G6zvJ-6ho,C6G6zvJ-6ho,76336,,,
Cris Kotzen,Schote,Leipzig,On Beat,2017,DLTLLY,2017-12-31,https://www.youtube.com/watch?v=xxMx2BO8sww,xxMx2BO8sww,152443,,Leipzig,
Wandelbarz,Mikesh,Leipzig,Accapella,2017,DLTLLY,2017-12-24,https://www.youtube.com/watch?v=BVIWJYptGjk,BVIWJYptGjk,81727,,Leipzig,
Sizyphos,Ilhan,Leipzig,Accapella,2017,DLTLLY,2017-12-17,https://www.youtube.com/watch?v=LqO0Og4pNHQ,LqO0Og4pNHQ,60755,,Leipzig,
Wolff,IZL D&DL#0095 (Erfurt,2017,Accapella,2017,DUDL,2017-12-16,https://www.youtube.com/watch?v=Q92uBy-sybk,Q92uBy-sybk,16308,,,
FU!,Terra Pete,Leipzig,On Beat,2017,DLTLLY,2017-12-14,https://www.youtube.com/watch?v=xeyQgA45-nQ,xeyQgA45-nQ,21460,,Leipzig,
MC Maik,Akanoo,Leipzig,Accapella,2017,DLTLLY,2017-12-10,https://www.youtube.com/watch?v=dofZoRLuze0,dofZoRLuze0,18444,,Leipzig,
Leonidas,MC Geuner D&DL#0093 (Erfurt,2017,Accapella,2017,DUDL,2017-12-09,https://www.youtube.com/watch?v=i0cry-GK_n4,i0cry-GK_n4,10114,,,
Jotti (Schalke 04),Mave (Chemnitzer FC),could not identify event,Accapella,2017,SPOX,2017-12-08,https://www.youtube.com/watch?v=AFityNagM_k,AFityNagM_k,70995,,,
Papi Schlauch,JerMC,Wien,Accapella,2017,DLTLLY,2017-12-03,https://www.youtube.com/watch?v=vdpnmXQ8IwQ,vdpnmXQ8IwQ,119255,,,
SnakeHeadRhyme,KingPin D&DL#0092 (Erfurt,2017,Accapella,2017,DUDL,2017-12-02,https://www.youtube.com/watch?v=8Zlalomq-GE,8Zlalomq-GE,7625,,,
Bong Teggy (Fußball),Lyrico (Eishockey),could not identify event,Accapella,2017,SPOX,2017-12-01,https://www.youtube.com/watch?v=3ndLIgcKMk8,3ndLIgcKMk8,144070,,,
DEZ,Eczo D&DL#0094 (Erfurt,2017,Accapella,2017,DUDL,2017-11-29,https://www.youtube.com/watch?v=Qgqkd6Tz7fA,Qgqkd6Tz7fA,3906,,,
YARAMBO + T-WAY,CASHISCLAY + TWIZZY,BMCL,Accapella,2017,RAM,2017-11-26,https://www.youtube.com/watch?v=WDjqjWRXKEc,WDjqjWRXKEc,115800,,,
Noone,Teach D&DL#0090 (Berlin,2017,Accapella,2017,DUDL,2017-11-25,https://www.youtube.com/watch?v=_91WwhMuHRY,_91WwhMuHRY,5298,,,
Demo MC,Hopeless MC D&DL#0091 (Berlin,2017,Accapella,2017,DUDL,2017-11-22,https://www.youtube.com/watch?v=XtcGuHUZ6TQ,XtcGuHUZ6TQ,2940,,,
DemoLux,Krom,Wien,Accapella,2017,DLTLLY,2017-11-19,https://www.youtube.com/watch?v=zfb4pehw3J8,zfb4pehw3J8,23647,,,
Joe Pharo,Part-Tron D&DL#0084 (Hannover,2017,Accapella,2017,DUDL,2017-11-18,https://www.youtube.com/watch?v=n0cCt2WhEZA,n0cCt2WhEZA,8157,,,
Borussia Dortmund,FC Bayern München,could not identify event,Accapella,2017,SPOX,2017-11-18,https://www.youtube.com/watch?v=Z-7dBXCQysI,Z-7dBXCQysI,261318,,,
Sirius Crack,Fate1,Wien,Accapella,2017,DLTLLY,2017-11-16,https://www.youtube.com/watch?v=_7Dryn55kTw,_7Dryn55kTw,15236,,,
MC Lauch,Gusy D&DL#0089 (Berlin,2017,Accapella,2017,DUDL,2017-11-15,https://www.youtube.com/watch?v=FLkRkegMFuI,FLkRkegMFuI,4114,,,
ADHS-Andy,Shadow D&DL#0082 (Hannover,2017,Accapella,2017,DUDL,2017-11-13,https://www.youtube.com/watch?v=iH078cExL8k,iH078cExL8k,16700,,,
Proton,Tobi Nice,s B.Day#4,On Beat,2017,DLTLLY,2017-11-12,https://www.youtube.com/watch?v=EFgSOM4IYPU,EFgSOM4IYPU,51898,,,
Rupert69,Pueblo Escobar D&DL#0088 (Berlin,2017,Accapella,2017,DUDL,2017-11-11,https://www.youtube.com/watch?v=Bj_YDfyUkUI,Bj_YDfyUkUI,4720,,,
Ano-nym,Wolle der Grobe D&DL#0086 (Hannover,2017,Accapella,2017,DUDL,2017-11-08,https://www.youtube.com/watch?v=5UF2c4lBEF4,5UF2c4lBEF4,17519,,,
Lyrico,Nedal Nib,2nd TITLE-MATCH B.Day#4,Accapella,2017,DLTLLY,2017-11-05,https://www.youtube.com/watch?v=zfEr6wUONDs,zfEr6wUONDs,221454,,,
RenetiXX,Aris D&DL#0085 (Hannover,2017,Accapella,2017,DUDL,2017-11-04,https://www.youtube.com/watch?v=ESbgxv4rwsU,ESbgxv4rwsU,7916,,,
Spike,Akanoo,s Wien,Accapella,2017,DLTLLY,2017-11-02,https://www.youtube.com/watch?v=BYnvhhpJQgU,BYnvhhpJQgU,15632,,,
Splopf,Mango D&DL#0083 ( Hannover,2017,Accapella,2017,DUDL,2017-11-01,https://www.youtube.com/watch?v=3GL_5yyuvdU,3GL_5yyuvdU,3722,,,
Der Zigeunerbaron,Niemand D&DL#0079 (Berlin,2017,Accapella,2017,DUDL,2017-10-30,https://www.youtube.com/watch?v=fCrWefuufkg,fCrWefuufkg,2840,,,
CASHUS K,TISOS,BMCL,Accapella,2017,RAM,2017-10-29,https://www.youtube.com/watch?v=7JiS06qKZ64,7JiS06qKZ64,53060,,,
Unanymous,JollyJay,B.Day#4,Accapella,2017,DLTLLY,2017-10-29,https://www.youtube.com/watch?v=E4_2vzM1SCE,E4_2vzM1SCE,29293,,,
Bubba T,DEZ D&DL#0081 (Berlin,2017,Accapella,2017,DUDL,2017-10-27,https://www.youtube.com/watch?v=X0xRGjcxL8w,X0xRGjcxL8w,5113,,,
MAST,SnakeHeadRhyme D&DL#0078 (Berlin,2017,Accapella,2017,DUDL,2017-10-25,https://www.youtube.com/watch?v=qaR-Ut82el8,qaR-Ut82el8,4617,,,
Wandelbarz,Nicht Dein Typ D&DL#0077 (Bonn,2017,Accapella,2017,DUDL,2017-10-21,https://www.youtube.com/watch?v=Yg02RTzal2E,Yg02RTzal2E,8140,,,
Merlin,Yarambo,B.Day#4,Accapella,2017,DLTLLY,2017-10-21,https://www.youtube.com/watch?v=uGiKtuP4siw,uGiKtuP4siw,202276,,,
Vyrus,Tommy2Late,s B.Day#4,On Beat,2017,DLTLLY,2017-10-20,https://www.youtube.com/watch?v=OOI5QKfWSVU,OOI5QKfWSVU,46472,,,
Shizu,Jozef104 D&DL#0080 (Berlin,2017,Accapella,2017,DUDL,2017-10-18,https://www.youtube.com/watch?v=XVS8XZzvtBQ,XVS8XZzvtBQ,5280,,,
BX,Ilhan,B.Day #4,Accapella,2017,DLTLLY,2017-10-15,https://www.youtube.com/watch?v=BuBDtfDtIFo,BuBDtfDtIFo,42487,,,
Wolff,Mr. Whyte D&DL#0075 (Bonn,2017,Accapella,2017,DUDL,2017-10-13,https://www.youtube.com/watch?v=5l9zBAdVOMc,5l9zBAdVOMc,23822,,,
VT,Karma,FFM,Accapella,2017,DLTLLY,2017-10-09,https://www.youtube.com/watch?v=PAjBrklU_t8,PAjBrklU_t8,35832,,Frankfurt am Main,
Gregpipe,Davie Jones,FFM,Accapella,2017,DLTLLY,2017-10-08,https://www.youtube.com/watch?v=zlunUmUwmX8,zlunUmUwmX8,343902,,Frankfurt am Main,
Kato,FlaKiT D&DL#0076 (Bonn,2017,Accapella,2017,DUDL,2017-10-07,https://www.youtube.com/watch?v=LGpYsR1Db-k,LGpYsR1Db-k,43245,,,
Joe Pharo,Herrn Sören D&DL#0072 (Bonn,2017,Accapella,2017,DUDL,2017-10-04,https://www.youtube.com/watch?v=HoQ5icymcgk,HoQ5icymcgk,8907,,,
FOUR SEVEN,INDOOR STAN,BMCL,Accapella,2017,RAM,2017-10-01,https://www.youtube.com/watch?v=52Atd4tpwJM,52Atd4tpwJM,139844,,,
Saking,Akanoo,FFM,Accapella,2017,DLTLLY,2017-10-01,https://www.youtube.com/watch?v=lE8Fk77n_iM,lE8Fk77n_iM,15719,,Frankfurt am Main,
Ralle,Phillie D&DL#0074 (Bonn,2017,Accapella,2017,DUDL,2017-09-30,https://www.youtube.com/watch?v=9WY-jqLTF2Y,9WY-jqLTF2Y,3223,,,
EkHead,CPE,FFM,Accapella,2017,DLTLLY,2017-09-28,https://www.youtube.com/watch?v=5bOiatzTGbk,5bOiatzTGbk,17503,,Frankfurt am Main,
Shortworth,RenetiXX D&DL#0071 (Berlin,2017,Accapella,2017,DUDL,2017-09-23,https://www.youtube.com/watch?v=_SbPwHKWPCw,_SbPwHKWPCw,4631,,,
Part-Tron,Paze D&DL#0069 (Berlin,2017,Accapella,2017,DUDL,2017-09-20,https://www.youtube.com/watch?v=apTMCWrtJx0,apTMCWrtJx0,3608,,,
Clep,Bong Teggy,Splash 20,Accapella,2017,DLTLLY,2017-09-17,https://www.youtube.com/watch?v=d3IC3OUGlGA,d3IC3OUGlGA,130543,Splash,Ferropolis,splash! 20
Eczo,Jozef104 D&DL#0070(Berlin,2017,Accapella,2017,DUDL,2017-09-16,https://www.youtube.com/watch?v=a4XDYKUDuAg,a4XDYKUDuAg,4368,,,
Harry,Adam D&DL#0068 (Mannheim,2017,Accapella,2017,DUDL,2017-09-13,https://www.youtube.com/watch?v=ggzh6IzcEHQ,ggzh6IzcEHQ,3169,,,
Ars,Wux Brofer D&DL#0065 (Ludwigshafen,2017,Accapella,2017,DUDL,2017-09-11,https://www.youtube.com/watch?v=sq-_SOiyZoA,sq-_SOiyZoA,4058,,,
MC Maik,N'antinein,Splash 20,Accapella,2017,DLTLLY,2017-09-10,https://www.youtube.com/watch?v=cMmNpNs82GA,cMmNpNs82GA,18891,Splash,Ferropolis,splash! 20
Lyrico + Buddi,Falk + Khacoby,Splash 20,Accapella,2017,DLTLLY,2017-09-10,https://www.youtube.com/watch?v=5Bb7YQjNO8k,5Bb7YQjNO8k,65757,Splash,Ferropolis,splash! 20
Brian Damage + Robscure,Yarambo + T-Way,Splash 20,Accapella,2017,DLTLLY,2017-09-10,https://www.youtube.com/watch?v=F5V3pnpODhw,F5V3pnpODhw,56584,Splash,Ferropolis,splash! 20
Hörsturz,Nicht Dein Typ D&DL#0067 (Ludwigshafen,2017,Accapella,2017,DUDL,2017-09-09,https://www.youtube.com/watch?v=TpQrcZRl7rE,TpQrcZRl7rE,4520,,,
Bubba T,MC Lauch D&DL#0063 (Ludwigshafen,2017,Accapella,2017,DUDL,2017-09-06,https://www.youtube.com/watch?v=seh2mg2LFV8,seh2mg2LFV8,4165,,,
Scamp,Paperbite D&DL#0066 (Ludwigshafen,2017,Accapella,2017,DUDL,2017-09-01,https://www.youtube.com/watch?v=-mapSli5wm8,-mapSli5wm8,3978,,,
Wolff,FlaKiT D&DL#0061 (Berlin,2017,Accapella,2017,DUDL,2017-08-25,https://www.youtube.com/watch?v=LxqqUUX-HkI,LxqqUUX-HkI,14975,,,
MIGHTY MO,CASHISCLAY,BMCL,Accapella,2017,RAM,2017-08-24,https://www.youtube.com/watch?v=N8iKapmZv5A,N8iKapmZv5A,215259,,,
Hopeless MC,D.E.Z. D&DL#0062 (Berlin,2017,Accapella,2017,DUDL,2017-08-23,https://www.youtube.com/watch?v=8jdukosjugQ,8jdukosjugQ,3973,,,
MC Schub,O&#39;Spella D&DL#0059 (Berlin,2017,Accapella,2017,DUDL,2017-08-21,https://www.youtube.com/watch?v=9rRmgC6mvyk,9rRmgC6mvyk,3094,,,
Merlin,Peter Pogen,Hamburg,Accapella,2017,DLTLLY,2017-08-20,https://www.youtube.com/watch?v=cBhojNDM-cY,cBhojNDM-cY,46736,,,
Demo MC,Cemo Dafuq D&DL#0060 (Berlin,2017,Accapella,2017,DUDL,2017-08-19,https://www.youtube.com/watch?v=Qmsi3Hlj1Vc,Qmsi3Hlj1Vc,3192,,,
JI-ZI,SSYNIC,BMCL,Accapella,2017,RAM,2017-08-18,https://www.youtube.com/watch?v=nWum8Xdxh9w,nWum8Xdxh9w,827171,,,
Mave,Hörsturz D&DL#0058 (Halle,2017,Accapella,2017,DUDL,2017-08-16,https://www.youtube.com/watch?v=CkFi6pao01E,CkFi6pao01E,17193,,,
Papi Schlauch,Fabiga,Hamburg,Accapella,2017,DLTLLY,2017-08-13,https://www.youtube.com/watch?v=uwohgd5dtuI,uwohgd5dtuI,58756,,,
RenetiXX,Fesas D&DL#0057 (Halle,2017,Accapella,2017,DUDL,2017-08-12,https://www.youtube.com/watch?v=dihDC74TLD0,dihDC74TLD0,9273,,,
VYRUS,FINCH,BMCL,Accapella,2017,RAM,2017-08-11,https://www.youtube.com/watch?v=ZWQ6wtTiKUc,ZWQ6wtTiKUc,211185,,,
Reinecken,IZL D&DL#0056 (Halle,2017,Accapella,2017,DUDL,2017-08-09,https://www.youtube.com/watch?v=VnUHcRdCdhI,VnUHcRdCdhI,3290,,,
Noone,Fab D&DL#0055 (Berlin,2017,Accapella,2017,DUDL,2017-08-07,https://www.youtube.com/watch?v=cS6ANNMsBvw,cS6ANNMsBvw,7460,,,
Davie Jones,Schote,Hamburg,On Beat,2017,DLTLLY,2017-08-06,https://www.youtube.com/watch?v=BH092XAZWGc,BH092XAZWGc,116144,,,
Ilhan,Balavababa D&DL#0054 (Berlin,2017,Accapella,2017,DUDL,2017-08-05,https://www.youtube.com/watch?v=PRd0MOIgHkI,PRd0MOIgHkI,10339,,,
TOBI NICE,FRESH POLAKKE,BMCL,Accapella,2017,RAM,2017-08-04,https://www.youtube.com/watch?v=lbL2I40Il9w,lbL2I40Il9w,104372,,,
Abrupt,Gusy D&DL#0052 (Berlin,2017,Accapella,2017,DUDL,2017-08-03,https://www.youtube.com/watch?v=HmfqmTGGWG0,HmfqmTGGWG0,3353,,,
Nedal Nib,JerMc,Mayhem2,Accapella,2017,DLTLLY,2017-07-30,https://www.youtube.com/watch?v=Oh2i1ulWHoM,Oh2i1ulWHoM,116755,,,
Andy Amnesia,Shortworth D&DL#0053 (Berlin,2017,Accapella,2017,DUDL,2017-07-29,https://www.youtube.com/watch?v=2HK4NQdp9DY,2HK4NQdp9DY,9510,,,
Butchbruda,Joseph Steinschleuder D&DL#0051 (Berlin,2017,Accapella,2017,DUDL,2017-07-26,https://www.youtube.com/watch?v=tHEzlDKDqEg,tHEzlDKDqEg,11551,,,
Nikiz,Stockinger,Mayhem2,Accapella,2017,DLTLLY,2017-07-23,https://www.youtube.com/watch?v=NX5YOcBtTM8,NX5YOcBtTM8,22626,,,
Mikesh,Tuncmann,Hamburg,Accapella,2017,DLTLLY,2017-07-20,https://www.youtube.com/watch?v=GzsFKgMwwIo,GzsFKgMwwIo,78048,,,
Johnny Camo,Lang&Sympathisch D&DL#0050 (Neubrandenburg,ReimWerkNord-CoEvent,Accapella,2017,DUDL,2017-07-19,https://www.youtube.com/watch?v=HJ90C8nBaio,HJ90C8nBaio,6138,,,
Henrey,Vyrus,Hamburg,Accapella,2017,DLTLLY,2017-07-16,https://www.youtube.com/watch?v=LkkkwAmTjRk,LkkkwAmTjRk,42808,,,
Doktor Dave,Jack Dragon - REMATCH!,could not identify event,Accapella,2017,DLTLLY,2017-07-16,https://www.youtube.com/watch?v=LSylroi2Toc,LSylroi2Toc,35643,,,
Triple Beat,Mr. Whyte D&DL#0049 (Neubrandenburg,ReimWerkNord-CoEvent,Accapella,2017,DUDL,2017-07-15,https://www.youtube.com/watch?v=l7Y_objhRcA,l7Y_objhRcA,7075,,,
Tableddn Timmy,Hopeless MC D&DL#0048 (Berlin,2017,Accapella,2017,DUDL,2017-07-01,https://www.youtube.com/watch?v=eSZab6qlU6M,eSZab6qlU6M,8221,,,
Lyrico,Robscure,Mayhem2,Accapella,2017,DLTLLY,2017-07-01,https://www.youtube.com/watch?v=aLe_BInOof0,aLe_BInOof0,130523,,,
BMCL TITELMATCH: SSYNIC,MIGHTY MO,BMCL,Accapella,2017,RAM,2017-06-30,https://www.youtube.com/watch?v=FbeBGeRf4F0,FbeBGeRf4F0,703524,,,
Promme,Rhyme Inspector D&DL#0046 (Berlin,2017,Accapella,2017,DUDL,2017-06-26,https://www.youtube.com/watch?v=5L3MZyCpoMU,5L3MZyCpoMU,2802,,,
N'antinein,Cris Kotzen,Mayhem2,Accapella,2017,DLTLLY,2017-06-25,https://www.youtube.com/watch?v=vr4dnObsxAE,vr4dnObsxAE,107247,,,
FlaKiT,ViruS D&DL#0047 (Berlin,2017,Accapella,2017,DUDL,2017-06-24,https://www.youtube.com/watch?v=q3uVXbV8kU4,q3uVXbV8kU4,5718,,,
Porno Pete,Eczo D&DL#0044 (Berlin,2017,Accapella,2017,DUDL,2017-06-21,https://www.youtube.com/watch?v=1mz3_aRDkPg,1mz3_aRDkPg,2819,,,
MC Maik,Sizyphos,Mayhem2,Accapella,2017,DLTLLY,2017-06-18,https://www.youtube.com/watch?v=ByizH6xxKlk,ByizH6xxKlk,31312,,,
T-Way,Merlin,München,Accapella,2017,DLTLLY,2017-06-11,https://www.youtube.com/watch?v=gLZJhvfjtE4,gLZJhvfjtE4,111665,,München,
WandelBarZ,Ano-nym D&DL#0043 (Dortmund,Kupplyn-CoEvent,Accapella,2017,DUDL,2017-06-10,https://www.youtube.com/watch?v=rFIvRmCe9FM,rFIvRmCe9FM,28798,,,
Mosaik,OE D&DL#0042 (Dortmund,Kupplyn-CoEvent,Accapella,2017,DUDL,2017-06-07,https://www.youtube.com/watch?v=ZrZKeWYQr1U,ZrZKeWYQr1U,4402,,,
Phillie,BunGee D&DL#0040 (Dortmund,Kupplyn-CoEvent,Accapella,2017,DUDL,2017-06-05,https://www.youtube.com/watch?v=cv9ES-KJk_8,cv9ES-KJk_8,5047,,,
Schote,Jack Dragon,München,Accapella,2017,DLTLLY,2017-06-04,https://www.youtube.com/watch?v=ci-DKAMvD-k,ci-DKAMvD-k,25462,,München,
Demo MC,Kato D&DL#0041 (Dortmund,Kupplyn-CoEvent,Accapella,2017,DUDL,2017-06-03,https://www.youtube.com/watch?v=AhKQn8nD-9o,AhKQn8nD-9o,33521,,,
MERLIN,FRESH POLAKKE,BMCL,Accapella,2017,RAM,2017-06-02,https://www.youtube.com/watch?v=wGfjTJPiTDY,wGfjTJPiTDY,212452,,,
Karma,BDad,München,Accapella,2017,DLTLLY,2017-06-01,https://www.youtube.com/watch?v=ez72X6TNExA,ez72X6TNExA,25103,,München,
RenetiXX,Dryno D&DL#0039 (Dortmund,Kupplyn-CoEvent,Accapella,2017,DUDL,2017-05-31,https://www.youtube.com/watch?v=HI_dcCSnL14,HI_dcCSnL14,6837,,,
Change19,Schalle,München,Accapella,2017,DLTLLY,2017-05-28,https://www.youtube.com/watch?v=m5NhYx3GfFs,m5NhYx3GfFs,18908,,München,
Ilhan,Hörsturz D&DL#0038 (Berlin,2017,Accapella,2017,DUDL,2017-05-27,https://www.youtube.com/watch?v=WNfwTsmOCyY,WNfwTsmOCyY,7968,,,
Wolff,Aris D&DL#0037 (Berlin,2017,Accapella,2017,DUDL,2017-05-24,https://www.youtube.com/watch?v=_c1nHOFVu9Y,_c1nHOFVu9Y,12707,,,
Onkel Oktomusch & Die Zwetschke,Falk & Khacoby,NRWeekend,Accapella,2017,DLTLLY,2017-05-21,https://www.youtube.com/watch?v=1g89uVaen_4,1g89uVaen_4,598705,,,NRWeekend 1
Wolle Der Grobe,Balavababa,NewcomerBattle München,Accapella,2017,DLTLLY,2017-05-18,https://www.youtube.com/watch?v=tZTLE8iBL4I,tZTLE8iBL4I,20477,,München,
Mars B.,Yarambo,NRWeekend,Accapella,2017,DLTLLY,2017-05-14,https://www.youtube.com/watch?v=hx_YK4LaoJM,hx_YK4LaoJM,136848,,,NRWeekend 1
Andres,Mikesh D&DL#0036 (Berlin,2017,Accapella,2017,DUDL,2017-05-13,https://www.youtube.com/watch?v=mGJhMHg6B6k,mGJhMHg6B6k,19981,,,
YARAMBO,NOTYZZE,BMCL,Accapella,2017,RAM,2017-05-12,https://www.youtube.com/watch?v=D2L-FyXYNCE,D2L-FyXYNCE,124789,,,
Leonidas,IZL D&DL#0035 (Berlin,2017,Accapella,2017,DUDL,2017-05-10,https://www.youtube.com/watch?v=6DksgfKA-rU,6DksgfKA-rU,3930,,,
Wux Brofer,Eli D&DL#0033 (Berlin,2017,Accapella,2017,DUDL,2017-05-08,https://www.youtube.com/watch?v=VflpvPsTY0s,VflpvPsTY0s,3278,,,
DuFF,Doktor Dave,NRWeekend,Accapella,2017,DLTLLY,2017-05-07,https://www.youtube.com/watch?v=I9eODi7SoTw,I9eODi7SoTw,53321,,,NRWeekend 1
Vinci,Shizu D&DL#0034 (Berlin,2017,Accapella,2017,DUDL,2017-05-06,https://www.youtube.com/watch?v=vqAF6VxRldE,vqAF6VxRldE,11179,,,
VT,Vyrus,NRWeekend,Accapella,2017,DLTLLY,2017-04-30,https://www.youtube.com/watch?v=B9rLr9Rus-Q,B9rLr9Rus-Q,39516,,,NRWeekend 1
Ars,LNB D&DL#0030 (Berlin,2017,Accapella,2017,DUDL,2017-04-29,https://www.youtube.com/watch?v=ZE-tNe-oCYY,ZE-tNe-oCYY,6014,,,
Eczo,TableddnTimmy D&DL#0031 (Berlin,2017,Accapella,2017,DUDL,2017-04-26,https://www.youtube.com/watch?v=3PzPdRfuiFc,3PzPdRfuiFc,6806,,,
T-Rick,Red D&DL#0029 (Berlin,2017,Accapella,2017,DUDL,2017-04-24,https://www.youtube.com/watch?v=g6kzkhNC4Do,g6kzkhNC4Do,11093,,,
Tobi Nice,Notyzze,NRWeekend,Accapella,2017,DLTLLY,2017-04-23,https://www.youtube.com/watch?v=mSKRQjb-ZMk,mSKRQjb-ZMk,34170,,,NRWeekend 1
D.E.Z.,Nicht dein Typ D&DL#0032 (Berlin,2017,Accapella,2017,DUDL,2017-04-22,https://www.youtube.com/watch?v=I3LdGKVJ5dQ,I3LdGKVJ5dQ,9176,,,
Barracuda,Mavgic,NRWeekend,Accapella,2017,DLTLLY,2017-04-20,https://www.youtube.com/watch?v=rQB3nOExFoM,rQB3nOExFoM,139950,,,NRWeekend 1
Fabiga,Four Seven,NRWeekend,Accapella,2017,DLTLLY,2017-04-16,https://www.youtube.com/watch?v=Qkjxygmrf2w,Qkjxygmrf2w,107736,,,NRWeekend 1
KROM,TOBI NICE,BMCL,Accapella,2017,RAM,2017-04-14,https://www.youtube.com/watch?v=wQngllMH3KM,wQngllMH3KM,86986,,,
Pilz,Nedal Nib,Tapefabrik,Accapella,2017,DLTLLY,2017-04-09,https://www.youtube.com/watch?v=8aBn-vWKhHk,8aBn-vWKhHk,302900,,,
Madame Chaot,Yori D&DL#0027 (Berlin,2017,Accapella,2017,DUDL,2017-04-08,https://www.youtube.com/watch?v=XZTmT_gLq8U,XZTmT_gLq8U,71263,,,
Noone,Hopeless MC D&DL#0028 (Berlin,2017,Accapella,2017,DUDL,2017-04-05,https://www.youtube.com/watch?v=eGQLfZpCMHw,eGQLfZpCMHw,4533,,,
Cryptax,JOSHKA106 D&DL#0025 (Berlin,2017,Accapella,2017,DUDL,2017-04-03,https://www.youtube.com/watch?v=rLwKdc4ZZRI,rLwKdc4ZZRI,15989,,,
Henrey,N'antinein,Tapefabrik,Accapella,2017,DLTLLY,2017-04-02,https://www.youtube.com/watch?v=NVjXIXIWAfw,NVjXIXIWAfw,27531,,,
Bruf,Cemo Dafuq D&DL#0026 (Berlin,2017,Accapella,2017,DUDL,2017-04-01,https://www.youtube.com/watch?v=0A7QZXW_lk8,0A7QZXW_lk8,4383,,,
Robscure,Merlin,Berlin,Accapella,2017,DLTLLY,2017-03-26,https://www.youtube.com/watch?v=KCrOGMu5w1s,KCrOGMu5w1s,75204,,Berlin,
Saking,TripleBeat D&DL#0022 (FFM,-CoSession,Accapella,2017,DUDL,2017-03-25,https://www.youtube.com/watch?v=HnBA4UuuA0c,HnBA4UuuA0c,6513,,,
Tommy2Late,Hörsturz,Berlin,Accapella,2017,DLTLLY,2017-03-23,https://www.youtube.com/watch?v=zg1Qx-YlyWg,zg1Qx-YlyWg,19136,,Berlin,
Porno Pete,Schenck OH D&DL#0024 (FFM,-CoSession,Accapella,2017,DUDL,2017-03-22,https://www.youtube.com/watch?v=GWNnMIu8hOM,GWNnMIu8hOM,2580,,,
Ciro,MC Geuner D&DL#0023 (FFM,-CoSession,Accapella,2017,DUDL,2017-03-20,https://www.youtube.com/watch?v=TxNJSk9ZCu8,TxNJSk9ZCu8,18185,,,
Rino Mandingo,Cris Kotzen,Berlin,Accapella,2017,DLTLLY,2017-03-19,https://www.youtube.com/watch?v=glYXcKNGuiM,glYXcKNGuiM,178994,,Berlin,
Sizyphos,Akanoo,Berlin,Accapella,2017,DLTLLY,2017-03-16,https://www.youtube.com/watch?v=1WexX61mYaM,1WexX61mYaM,27528,,Berlin,
Robscure,Mars B.,Kassel,Accapella,2017,DLTLLY,2017-03-12,https://www.youtube.com/watch?v=trVhEKQgMQg,trVhEKQgMQg,98337,,Kassel,
FINCH,DAVIE JONES,BMCL,Accapella,2017,RAM,2017-03-10,https://www.youtube.com/watch?v=lGiH2B3GMAg,lGiH2B3GMAg,1232081,,,
Lamin,Papa TR,Kassel,Accapella,2017,DLTLLY,2017-03-09,https://www.youtube.com/watch?v=UIWWhFIao_M,UIWWhFIao_M,19370,,Kassel,
IZL,Ilhan D&DL#0021 (Berlin,2017,Accapella,2017,DUDL,2017-03-08,https://www.youtube.com/watch?v=_v8Zq2cLFpM,_v8Zq2cLFpM,4514,,,
Shizu,T-Tekk D&DL#0019 (Berlin,2017,Accapella,2017,DUDL,2017-03-06,https://www.youtube.com/watch?v=tHM2qQC7Fnw,tHM2qQC7Fnw,3738,,,
MC Maik,Bauda,Kassel,Accapella,2017,DLTLLY,2017-03-05,https://www.youtube.com/watch?v=6kVFEwuJuxQ,6kVFEwuJuxQ,28732,,Kassel,
MSK,Mikesh D&DL#0020 (Berlin,2017,Accapella,2017,DUDL,2017-03-04,https://www.youtube.com/watch?v=7MW5bobkjyc,7MW5bobkjyc,22160,,,
Olio,CPE,Kassel,Accapella,2017,DLTLLY,2017-03-02,https://www.youtube.com/watch?v=m0tjUv3Hzr8,m0tjUv3Hzr8,25635,,Kassel,
Shadow,OE D&DL#0018 (Berlin,2017,Accapella,2017,DUDL,2017-03-01,https://www.youtube.com/watch?v=Rvbod2n6hPA,Rvbod2n6hPA,4915,,,
VT,ShaoLum,Kassel,Accapella,2017,DLTLLY,2017-02-26,https://www.youtube.com/watch?v=3wnRMQSaho4,3wnRMQSaho4,53806,,Kassel,
Crocodile Andi,Teach,Kassel,Accapella,2017,DLTLLY,2017-02-23,https://www.youtube.com/watch?v=Win4Mw0ryao,Win4Mw0ryao,14738,,Kassel,
Davie Jones,Clepto,Leipzig,Accapella,2016,DLTLLY,2017-02-19,https://www.youtube.com/watch?v=-bkqaYNfedw,-bkqaYNfedw,119227,,Leipzig,
Paperbite,D-OS,NewcomerBattle Kassel,Accapella,2017,DLTLLY,2017-02-16,https://www.youtube.com/watch?v=ruz4CLYrGJo,ruz4CLYrGJo,14035,,Kassel,
Nedal Nib,Brian Damage,🏆 TITLE-MATCH 🏆,Accapella,2017,DLTLLY,2017-02-12,https://www.youtube.com/watch?v=oBtWEmAeVio,oBtWEmAeVio,256744,,,
Natif,King Lil&#39;C D&DL#0017 (Berlin,2017,Accapella,2017,DUDL,2017-02-11,https://www.youtube.com/watch?v=YSqxRl0Hu5E,YSqxRl0Hu5E,4305,,,
BUDDI,VYRUS,BMCL,Accapella,2017,RAM,2017-02-10,https://www.youtube.com/watch?v=XyOCDNYrtDw,XyOCDNYrtDw,72973,,,
BalavaBaba,Noone D&DL#0016 (Berlin,2017,Accapella,2017,DUDL,2017-02-08,https://www.youtube.com/watch?v=kWANHYPCLcg,kWANHYPCLcg,6012,,,
Andres,Hopeless MC D&DL#0015 (Berlin,2017,Accapella,2017,DUDL,2017-02-06,https://www.youtube.com/watch?v=fB08F5-eki4,fB08F5-eki4,4839,,,
Doktor Dave,Mave,Leipzig,Accapella,2016,DLTLLY,2017-02-05,https://www.youtube.com/watch?v=tdAsouzcgpU,tdAsouzcgpU,53141,,Leipzig,
Papi Schlauch,Lyrico,Dissember,Accapella,2016,DLTLLY,2017-01-29,https://www.youtube.com/watch?v=QUo9YKuQu4c,QUo9YKuQu4c,166896,,Berlin,DISSember 1
Louis Beton,Sizyphos,Leipzig,Accapella,2016,DLTLLY,2017-01-22,https://www.youtube.com/watch?v=54zZPo3m_Nc,54zZPo3m_Nc,22175,,Leipzig,
Stock,Reinicken + Bossom,Leipzig,Accapella,2016,DLTLLY,2017-01-19,https://www.youtube.com/watch?v=7RBrghmeR9w,7RBrghmeR9w,15460,,Leipzig,
Raptor Warhurst,Unanymous,Dissember,Accapella,2016,DLTLLY,2017-01-15,https://www.youtube.com/watch?v=_mMlNI6W100,_mMlNI6W100,32057,,Berlin,DISSember 1
GUGO,INDOOR STAN,BMCL,Accapella,2017,RAM,2017-01-13,https://www.youtube.com/watch?v=PCZVblvzB8Q,PCZVblvzB8Q,65254,,,
T-Way,JerMc,Dissember,Accapella,2016,DLTLLY,2017-01-08,https://www.youtube.com/watch?v=blKeiA-2lTU,blKeiA-2lTU,57418,,Berlin,DISSember 1
Karma,Henrey,Dissember,Accapella,2016,DLTLLY,2017-01-01,https://www.youtube.com/watch?v=2tK6qwRvHxQ,2tK6qwRvHxQ,27039,,Berlin,DISSember 1
Mäneken,D.E.Z D&DL#0014 (Berlin,IDNR-CoEvent,Accapella,2016,DUDL,2016-12-31,https://www.youtube.com/watch?v=mxkdhn9Gdow,mxkdhn9Gdow,3395,,,
Halk Hoden,Ka-Oz D&DL#0013 (Berlin,IDNR-CoEvent,Accapella,2016,DUDL,2016-12-28,https://www.youtube.com/watch?v=-c4Mtrcz4Sk,-c4Mtrcz4Sk,4283,,,
Blvck Light,Kol&#39;ja D&DL#0012 (Berlin,IDNR-CoEvent,Accapella,2016,DUDL,2016-12-26,https://www.youtube.com/watch?v=D5CrbkP-Sh0,D5CrbkP-Sh0,3565,,,
Tobi High & Max Stoned,CPE & Ekhead,Stuttgart,Accapella,2016,DLTLLY,2016-12-25,https://www.youtube.com/watch?v=cgqFWTRRsW8,cgqFWTRRsW8,41670,,,
Yarambo,N'antinein,Stuttgart,Accapella,2016,DLTLLY,2016-12-18,https://www.youtube.com/watch?v=64Jp732JVUQ,64Jp732JVUQ,107106,,,
4TUNE,FRESH POLAKKE,BMCL,Accapella,2016,RAM,2016-12-16,https://www.youtube.com/watch?v=VpmYqFARLMg,VpmYqFARLMg,277516,,,
Akanoo,Mr. Whyte,3x in die Fresse,Accapella,2016,DLTLLY,2016-12-16,https://www.youtube.com/watch?v=8OFDEaCCRgk,8OFDEaCCRgk,13019,,,
Change19,BX,Stuttgart,Accapella,2016,DLTLLY,2016-12-11,https://www.youtube.com/watch?v=ws5uTV9os-U,ws5uTV9os-U,22449,,,
Gixtah,Street,NewcomerBattle 3x in die Fresse,Accapella,2016,DLTLLY,2016-12-09,https://www.youtube.com/watch?v=wQUrPiTwWLo,wQUrPiTwWLo,13406,,,
Barracuda,Schalle,Stuttgart,Accapella,2016,DLTLLY,2016-12-08,https://www.youtube.com/watch?v=MvgtRJiCETQ,MvgtRJiCETQ,17609,,,
Lyrico,Gregpipe,BDay #3,Accapella,2016,DLTLLY,2016-12-04,https://www.youtube.com/watch?v=gNJ_BBj6YYY,gNJ_BBj6YYY,345676,,,
Nicht Dein Typ,Tommy2Late,Stuttgart,Accapella,2016,DLTLLY,2016-12-01,https://www.youtube.com/watch?v=8VzakpMLEx4,8VzakpMLEx4,16864,,,
Vyrus,Four Seven,Stuttgart,Accapella,2016,DLTLLY,2016-11-27,https://www.youtube.com/watch?v=GzZApeO4vT4,GzZApeO4vT4,130481,,,
Dawson,Solay,NewcomerBattle Day 2/2,Accapella,2016,DLTLLY,2016-11-24,https://www.youtube.com/watch?v=mcCYKAhN4fg,mcCYKAhN4fg,9654,,,
Mosaik,Sizyphos D&DL#0011 (Berlin,2016,Accapella,2016,DUDL,2016-11-23,https://www.youtube.com/watch?v=zLkiwYiGf9k,zLkiwYiGf9k,7234,,,
Brian Damage & Harry Crotch,Robscure & Karma,B.Day#3,Accapella,2016,DLTLLY,2016-11-20,https://www.youtube.com/watch?v=KR9itjM-1sI,KR9itjM-1sI,65087,,,
ANO-NYM,Dirty GommoraH,Day 2/2,Accapella,2016,DLTLLY,2016-11-17,https://www.youtube.com/watch?v=eSAUwWXl6Jc,eSAUwWXl6Jc,22054,,,
Cris Kotzen,MC Maik,Day 1/2,Accapella,2016,DLTLLY,2016-11-13,https://www.youtube.com/watch?v=sQOlZJYDIkY,sQOlZJYDIkY,193441,,,
Natif,Hörsturz D&DL#0009 (Berlin,2016,Accapella,2016,DUDL,2016-11-11,https://www.youtube.com/watch?v=ZDP0LlcDDb4,ZDP0LlcDDb4,11612,,,
JI-ZI,JEY JEY GLÜNDERLING,BMCL,Accapella,2016,RAM,2016-11-11,https://www.youtube.com/watch?v=dTmyLW9tEE0,dTmyLW9tEE0,417197,,,
Mr. Whyte,Four Seven,NewcomerBattle Day 2/2,Accapella,2016,DLTLLY,2016-11-10,https://www.youtube.com/watch?v=LWaz2xpCbQM,LWaz2xpCbQM,19804,,,
Sanja Alexis,Triple Beat D&DL#0007 (Berlin,2016,Accapella,2016,DUDL,2016-11-09,https://www.youtube.com/watch?v=r_dMQ3e7tFE,r_dMQ3e7tFE,4685,,,
Ilhan,Jay Pie D&DL#0008 (Berlin,2016,Accapella,2016,DUDL,2016-11-07,https://www.youtube.com/watch?v=MFjaftO_xyM,MFjaftO_xyM,7533,,,
Davie Jones,Mars B.,B.Day#3,Accapella,2016,DLTLLY,2016-11-06,https://www.youtube.com/watch?v=vwH6czsMTv4,vwH6czsMTv4,83985,,,
Hansen,T-Way,Day 1/2,Accapella,2016,DLTLLY,2016-10-30,https://www.youtube.com/watch?v=tIPnTbtv-V4,tIPnTbtv-V4,38698,,,
King Lil&#39; C,Drago51 D&DL#0006 (Berlin,2016,Accapella,2016,DUDL,2016-10-29,https://www.youtube.com/watch?v=-FngR7m7_08,-FngR7m7_08,5722,,,
Joe-L,Schalle,Day 1/2,Accapella,2016,DLTLLY,2016-10-27,https://www.youtube.com/watch?v=ApT0XhylFoA,ApT0XhylFoA,19411,,,
Apriori,Paperbite,DUDL#0003 Berlin,Accapella,2016,DUDL,2016-10-26,https://www.youtube.com/watch?v=5U2RQhxGZGI,5U2RQhxGZGI,3982,,,
TK,T-Tekk,DUDL#0001 Berlin,Accapella,2016,DUDL,2016-10-24,https://www.youtube.com/watch?v=F05bbI13KsA,F05bbI13KsA,5505,,,
Tobi High,Max Stoned,B.Day#3,Accapella,2016,DLTLLY,2016-10-23,https://www.youtube.com/watch?v=IJteo2N_UHs,IJteo2N_UHs,31884,,,
Jack Dragon,Henrey,B.Day#3,Accapella,2016,DLTLLY,2016-10-20,https://www.youtube.com/watch?v=MvOwv1ioueY,MvOwv1ioueY,24588,,,
ShaoLum,WandelBarZ,Day 2/2,Accapella,2016,DLTLLY,2016-10-20,https://www.youtube.com/watch?v=cXjp1UgVCWk,cXjp1UgVCWk,24677,,,
S.B.G,Wolle Der Grobe,DUDL#0002 Berlin,Accapella,2016,DUDL,2016-10-15,https://www.youtube.com/watch?v=6jvuB2i2mCs,6jvuB2i2mCs,9741,,,
FINCH,YARAMBO,BMCL,Accapella,2016,RAM,2016-10-14,https://www.youtube.com/watch?v=oJTk-fglZhA,oJTk-fglZhA,1294783,,,
Bruf,Dirrdy D,NewcomerBattle Day 2/2,Accapella,2016,DLTLLY,2016-10-13,https://www.youtube.com/watch?v=Frg6QAYVgPA,Frg6QAYVgPA,15855,,,
Aris,Popeye D&DL#0005 (Berlin,2016,Accapella,2016,DUDL,2016-10-12,https://www.youtube.com/watch?v=Pz-PARaHi8I,Pz-PARaHi8I,5473,,,
OstrichO,Sizyphos D&DL#0004 (Berlin,2016,Accapella,2016,DUDL,2016-10-10,https://www.youtube.com/watch?v=J1aUQuxfL-Q,J1aUQuxfL-Q,17714,,,
VT & Tobi Nice,Ekhead & CPE,Day 1/2,Accapella,2016,DLTLLY,2016-10-09,https://www.youtube.com/watch?v=X5D8-os0hXE,X5D8-os0hXE,31049,,,
Falk & Khacoby,O.G.OhneGummi & Eric Ventura,Day 1/2,Accapella,2016,DLTLLY,2016-10-02,https://www.youtube.com/watch?v=IyDDNFH8COI,IyDDNFH8COI,127652,,,
Barracuda,Olio,Day 1/2,Accapella,2016,DLTLLY,2016-09-25,https://www.youtube.com/watch?v=KgCdiNu_dIs,KgCdiNu_dIs,24388,,,
Davie Jones,Doktor Dave,The Base,Accapella,2016,DLTLLY,2016-09-18,https://www.youtube.com/watch?v=sF2wljyB_LE,sF2wljyB_LE,24826,,,
N'antinein,Besser,The Base,Accapella,2016,DLTLLY,2016-09-11,https://www.youtube.com/watch?v=P7S-Blx2qKM,P7S-Blx2qKM,22557,,,
Atzenkalle,Main Moe,Splash19,Accapella,2016,DLTLLY,2016-09-04,https://www.youtube.com/watch?v=gu_G_N8TD4Y,gu_G_N8TD4Y,86783,Splash,Ferropolis,splash! 19
Tobi Nice & Duff,Yarambo & Indoor Stan,Splash19,Accapella,2016,DLTLLY,2016-08-28,https://www.youtube.com/watch?v=Uv2oUfu6jhQ,Uv2oUfu6jhQ,35040,Splash,Ferropolis,splash! 19
LYRICO,MIGHTY MO,BMCL,Accapella,2016,RAM,2016-08-26,https://www.youtube.com/watch?v=BHIV5gY0aLs,BHIV5gY0aLs,142403,,,
SSYNIC,BUY SOME,BMCL,Accapella,2016,RAM,2016-08-26,https://www.youtube.com/watch?v=1CAK0B4s_r0,1CAK0B4s_r0,275010,,,
Gregpipe + Mars B.,Bong Teggy + Brian Damage,SPLASH #19,Accapella,2016,DLTLLY,2016-08-25,https://www.youtube.com/watch?v=0usuNF2yMJw,0usuNF2yMJw,319394,Splash,Ferropolis,splash! 19
FRESH POLAKKE,NOTYZZE,BMCL,Accapella,2016,RAM,2016-08-14,https://www.youtube.com/watch?v=wZfY-YVAcjI,wZfY-YVAcjI,175056,,,
Schote & BDad,Buddi & Fabiga,Splash19,Accapella,2016,DLTLLY,2016-08-14,https://www.youtube.com/watch?v=AP4x9u89IPI,AP4x9u89IPI,24532,Splash,Ferropolis,splash! 19
Cris Kotzen,Fab,Fete de la HipHop,Accapella,2016,DLTLLY,2016-08-07,https://www.youtube.com/watch?v=eU-1x_dFcz4,eU-1x_dFcz4,70573,,,
NEDAL NIB,RV,BMCL,Accapella,2016,RAM,2016-08-05,https://www.youtube.com/watch?v=ymdiTG9zsNg,ymdiTG9zsNg,83028,,,
Robscure,Davie Jones,Wien,Accapella,2016,DLTLLY,2016-08-01,https://www.youtube.com/watch?v=aTSfJUKP2jk,aTSfJUKP2jk,112541,,,
Seby Tone,Karma,Wien,Accapella,2016,DLTLLY,2016-07-24,https://www.youtube.com/watch?v=wUz34i4vAdQ,wUz34i4vAdQ,24492,,,
Battleboi Basti,Doktor Dave,MAYhem,Accapella,2016,DLTLLY,2016-07-17,https://www.youtube.com/watch?v=jbIyI7bq-3w,jbIyI7bq-3w,230667,,,
Lyrico,Hansen,MAYhem,Accapella,2016,DLTLLY,2016-07-10,https://www.youtube.com/watch?v=wxPLJE83D6A,wxPLJE83D6A,107646,,,
Jack Dragon,JerMc,Wien,Accapella,2016,DLTLLY,2016-07-07,https://www.youtube.com/watch?v=Tb6dmZPRnSA,Tb6dmZPRnSA,42940,,,
Bong Teggy & Papi Schlauch,Onkel Oktomusch & Die Zwetschke,MAYhem,Accapella,2016,DLTLLY,2016-07-03,https://www.youtube.com/watch?v=4xfAs26Cee4,4xfAs26Cee4,423371,,,
FellowSoph,Ekhead,Wien,Accapella,2016,DLTLLY,2016-06-30,https://www.youtube.com/watch?v=9poWpKcnfyY,9poWpKcnfyY,14191,,,
Barbee n' Flow,Spello & Al Pone,Wien,Accapella,2016,DLTLLY,2016-06-26,https://www.youtube.com/watch?v=sqvPg3sEN0I,sqvPg3sEN0I,18431,,,
Mave & MC Maik,Tobi Nice & Duff,MAYhem,Accapella,2016,DLTLLY,2016-06-19,https://www.youtube.com/watch?v=NoR7sZLr9MA,NoR7sZLr9MA,21985,,,
Cleptomatic,Yarambo,MAYhem,Accapella,2016,DLTLLY,2016-06-12,https://www.youtube.com/watch?v=ZH_LmIdBhAE,ZH_LmIdBhAE,164717,,,
GUGO,FINCH,BMCL,Accapella,2016,RAM,2016-06-10,https://www.youtube.com/watch?v=Vy8WHxOAHfQ,Vy8WHxOAHfQ,677881,,,
Indoor Stan & Nikiz,N'antinein & BX,MAYhem,Accapella,2016,DLTLLY,2016-06-05,https://www.youtube.com/watch?v=lQFIXdpBY5g,lQFIXdpBY5g,27889,,,
BDad,N'antinein,DailyRapJam,Accapella,2016,DLTLLY,2016-05-29,https://www.youtube.com/watch?v=A6JXhwYcMQ8,A6JXhwYcMQ8,29663,,,
YARAMBO,BARRACUDA,BMCL,Accapella,2016,RAM,2016-05-27,https://www.youtube.com/watch?v=o8IWqT1Y95A,o8IWqT1Y95A,83784,,,
Change19,Akanoo,DailyRapJam,Accapella,2016,DLTLLY,2016-05-26,https://www.youtube.com/watch?v=Kg4y3iJBiGE,Kg4y3iJBiGE,11058,,,
T-Way,Mars B.,Kassel,Accapella,2016,DLTLLY,2016-05-22,https://www.youtube.com/watch?v=HhEXUrhCaok,HhEXUrhCaok,46438,,Kassel,
Mavgic,Joe-L,NewcomerBattle Kassel,Accapella,2016,DLTLLY,2016-05-19,https://www.youtube.com/watch?v=4KvkXpIrMIA,4KvkXpIrMIA,80666,,Kassel,
Eric Ventura & O.G. Ohne Gummi,Tobi High & Max Stoned,Kassel,Accapella,2016,DLTLLY,2016-05-15,https://www.youtube.com/watch?v=BwTd5Bwn7NE,BwTd5Bwn7NE,23644,,Kassel,
Aladin,Khan G.,Kassel,Accapella,2016,DLTLLY,2016-05-12,https://www.youtube.com/watch?v=8BKS4n-WTlQ,8BKS4n-WTlQ,14041,,Kassel,
Olio,VT,Kassel,Accapella,2016,DLTLLY,2016-05-12,https://www.youtube.com/watch?v=qIrNbzKyR6k,qIrNbzKyR6k,16990,,Kassel,
Yarambo,Fabiga,Düsseldorf,Accapella,2016,DLTLLY,2016-05-08,https://www.youtube.com/watch?v=hl3iYzTbStQ,hl3iYzTbStQ,92222,,Düsseldorf,
Akzent,Peat Pandora,Düsseldorf,Accapella,2016,DLTLLY,2016-05-03,https://www.youtube.com/watch?v=Dri82KcuNI4,Dri82KcuNI4,11244,,Düsseldorf,
Proton,Notyzze,Düsseldorf,Accapella,2016,DLTLLY,2016-05-01,https://www.youtube.com/watch?v=1nEKKoj1xXU,1nEKKoj1xXU,65652,,Düsseldorf,
Wandelbarz,Cris Kotzen,Dortmund,Accapella,2016,DLTLLY,2016-05-01,https://www.youtube.com/watch?v=le6XdSmVEIY,le6XdSmVEIY,81007,Alter Weinkeller,Dortmund,
NOTYZZE,BUY SOME,BMCL,Accapella,2016,RAM,2016-04-29,https://www.youtube.com/watch?v=QrftoDX65MQ,QrftoDX65MQ,120041,,,
Zeptah,Neit,Dortmund,Accapella,2016,DLTLLY,2016-04-26,https://www.youtube.com/watch?v=m3vfESZ8AKQ,m3vfESZ8AKQ,13250,Alter Weinkeller,Dortmund,
Robscure,BX,Kassel,Accapella,2016,DLTLLY,2016-04-24,https://www.youtube.com/watch?v=0frBoMjSUZU,0frBoMjSUZU,28265,,Kassel,
Falk & Khacoby,Ekhead & CPE,Düsseldorf,Accapella,2016,DLTLLY,2016-04-21,https://www.youtube.com/watch?v=0s7gLvY71tQ,0s7gLvY71tQ,68093,,Düsseldorf,
Nedal Nib,Bong Teggy,Berlin,Accapella,2016,DLTLLY,2016-04-17,https://www.youtube.com/watch?v=nMI2m-Miyts,nMI2m-Miyts,271581,,Berlin,
VYRUS,ALI AFFRONT,BMCL,Accapella,2016,RAM,2016-04-15,https://www.youtube.com/watch?v=qr9ModA-fjA,qr9ModA-fjA,75314,,,
Bauda,Henrey,Düsseldorf,Accapella,2016,DLTLLY,2016-04-14,https://www.youtube.com/watch?v=R8HbJGoyhqw,R8HbJGoyhqw,22808,,Düsseldorf,
Harlem T,MC Intifada,FreestyleBattle Dortmund,Accapella,2016,DLTLLY,2016-04-12,https://www.youtube.com/watch?v=qoPBN9EsKBk,qoPBN9EsKBk,12740,Alter Weinkeller,Dortmund,
Indoor Stan,Robscure,Berlin,Accapella,2016,DLTLLY,2016-04-12,https://www.youtube.com/watch?v=b1DojOrzF4M,b1DojOrzF4M,44686,,Berlin,
DirtySanchez,Karma,Berlin,Accapella,2016,DLTLLY,2016-04-07,https://www.youtube.com/watch?v=OYTYcxTXJok,OYTYcxTXJok,22813,,Berlin,
Scumgod,Der Schwede,Berlin,Accapella,2016,DLTLLY,2016-04-05,https://www.youtube.com/watch?v=kOj2TLK1mPM,kOj2TLK1mPM,16258,,Berlin,
Muro,Marc Zufall,Düsseldorf,Accapella,2016,DLTLLY,2016-04-03,https://www.youtube.com/watch?v=dW94881DddE,dW94881DddE,24965,,Düsseldorf,
Saking,Black Snowman,NewcomerBattle FFM,Accapella,2016,DLTLLY,2016-03-29,https://www.youtube.com/watch?v=9T7a78JZM5A,9T7a78JZM5A,18515,,,
Nikiz,Cleptomatic,Berlin,Accapella,2016,DLTLLY,2016-03-27,https://www.youtube.com/watch?v=74tp1mwwcf0,74tp1mwwcf0,64347,,Berlin,
LYRICO,TOBI NICE,BMCL,Accapella,2016,RAM,2016-03-25,https://www.youtube.com/watch?v=hI4-2PPQRWo,hI4-2PPQRWo,77044,,,
Mars B.,Jack Dragon,Privat,Accapella,2016,DLTLLY,2016-03-20,https://www.youtube.com/watch?v=tNYcKfDpacg,tNYcKfDpacg,25019,,,
Schalle,Aladin,FFM,Accapella,2016,DLTLLY,2016-03-17,https://www.youtube.com/watch?v=PQKWPvQXOwE,PQKWPvQXOwE,12418,,Frankfurt am Main,
MfGen,Ciro,NewcomerBattle FFM,Accapella,2016,DLTLLY,2016-03-15,https://www.youtube.com/watch?v=XNHOH7JhBxQ,XNHOH7JhBxQ,10733,,,
DUFF,LE NERD,BMCL,Accapella,2016,RAM,2016-03-13,https://www.youtube.com/watch?v=ILHRGfFmwEU,ILHRGfFmwEU,50349,,,
GUGO,YARAMBO,BMCL,Accapella,2016,RAM,2016-03-11,https://www.youtube.com/watch?v=F6kCIK5lQG0,F6kCIK5lQG0,114555,,,
D-OS,Banal,NewcomerBattle FFM,Accapella,2016,DLTLLY,2016-03-10,https://www.youtube.com/watch?v=kIrzaRvdVC4,kIrzaRvdVC4,8337,,,
BX,Patrick Enemy,FFM,Accapella,2016,DLTLLY,2016-03-08,https://www.youtube.com/watch?v=aTefZYUtprA,aTefZYUtprA,46314,,Frankfurt am Main,
Tobi High & Max Stoned,Lockenkopf & Tschappy,FFM,Accapella,2016,DLTLLY,2016-03-06,https://www.youtube.com/watch?v=3gLHKfqk6yo,3gLHKfqk6yo,18752,,Frankfurt am Main,
N'antinein,Dopex,FFM,Accapella,2016,DLTLLY,2016-03-06,https://www.youtube.com/watch?v=TvtQj3KDygg,TvtQj3KDygg,15385,,Frankfurt am Main,
Johnny Rakete,Kex Kuhl,ComplimentsBattle,Accapella,2016,DLTLLY,2016-02-28,https://www.youtube.com/watch?v=6mK2r5H3KxU,6mK2r5H3KxU,88238,,,
Karma,Akanoo,could not identify event,Accapella,2016,DLTLLY,2016-02-21,https://www.youtube.com/watch?v=JazaORAoQrk,JazaORAoQrk,14559,,,
Indoor Stan,Yarambo,Bochum,Accapella,2015,DLTLLY,2016-02-14,https://www.youtube.com/watch?v=jagzt8m2Hf8,jagzt8m2Hf8,121403,,,
MC MAIK,FRESH POLAKKE,BMCL,Accapella,2016,RAM,2016-02-12,https://www.youtube.com/watch?v=aPd7CtuL-m0,aPd7CtuL-m0,262047,,,
FALK,FraX One,Bochum,Accapella,2015,DLTLLY,2016-02-04,https://www.youtube.com/watch?v=osXtwVnSD7E,osXtwVnSD7E,25713,,,
BUY SOME,GEORGE MIDAS,BMCL,Accapella,2016,RAM,2016-02-01,https://www.youtube.com/watch?v=HBKjc7iMiu8,HBKjc7iMiu8,68892,,,
Notyzze,Buddi,Bochum,Accapella,2015,DLTLLY,2016-01-31,https://www.youtube.com/watch?v=etdezVWG0_Y,etdezVWG0_Y,30883,,,
Collapz & CPE,Aresst & D.ZUM.A,NewcomerBattle Bochum,Accapella,2015,DLTLLY,2016-01-28,https://www.youtube.com/watch?v=RdRLoOQj0gE,RdRLoOQj0gE,22157,,,
Fabiga,Bauda,Bochum,Accapella,2015,DLTLLY,2016-01-24,https://www.youtube.com/watch?v=DfxmpTNvkyg,DfxmpTNvkyg,18392,,,
Jack Dragon,Smoke Tüü,Stuttgart,Accapella,2015,DLTLLY,2016-01-17,https://www.youtube.com/watch?v=aUdGRgaSejE,aUdGRgaSejE,17714,,,
SSYNIC,BONG TEGGY - REMATCH,BMCL,Accapella,2016,RAM,2016-01-15,https://www.youtube.com/watch?v=z0FlpflmILU,z0FlpflmILU,2469049,,,
Dezzad,N'Antinein,Stuttgart,Accapella,2015,DLTLLY,2016-01-14,https://www.youtube.com/watch?v=0R6CgGZz5Ek,0R6CgGZz5Ek,13086,,,
Bong Teggy,Brian Damage,Bad Bars  München,Accapella,2016,DLTLLY,2016-01-10,https://www.youtube.com/watch?v=MGNDNQIOwwA,MGNDNQIOwwA,860125,,München,
Battleboi Basti & Dee Ho,Onkel Oktomusch & Die Zwetschke,BDAY #3,Accapella,2016,DLTLLY,2016-01-03,https://www.youtube.com/watch?v=I_lk5irw2Jc,I_lk5irw2Jc,421213,,,
Nedal Nib,Mars B.,B.day #2,Accapella,2015,DLTLLY,2015-12-27,https://www.youtube.com/watch?v=cCMR6HUQqUU,cCMR6HUQqUU,136236,,,
LYRICO,DAVIE JONES,BMCL,Accapella,2015,RAM,2015-12-25,https://www.youtube.com/watch?v=EepN4HuvLlA,EepN4HuvLlA,98586,,,
Ali Affront,Seby Tone,B.Day#2,Accapella,2015,DLTLLY,2015-12-20,https://www.youtube.com/watch?v=us8MU7ZmmKI,us8MU7ZmmKI,26993,,,
Change19 & Henrey,Tobi High & Max Stoned,B.Day#2,Accapella,2015,DLTLLY,2015-12-13,https://www.youtube.com/watch?v=hU7Q5aWUWuU,hU7Q5aWUWuU,28186,,,
RV,TOBI NICE,BMCL,Accapella,2015,RAM,2015-12-11,https://www.youtube.com/watch?v=yqwOk88aRsI,yqwOk88aRsI,50579,,,
Karma,Robscure,B.Day#2,Accapella,2015,DLTLLY,2015-12-06,https://www.youtube.com/watch?v=4yqAT8hW_-g,4yqAT8hW_-g,26378,,,
AMAH,MCTWIST,BMCL,Accapella,2015,RAM,2015-11-28,https://www.youtube.com/watch?v=8gUddeSaqLU,8gUddeSaqLU,70550,,,
Hansen,George Midas,Berlin,Accapella,2015,DLTLLY,2015-11-15,https://www.youtube.com/watch?v=G-T1yEG9Wc4,G-T1yEG9Wc4,36703,,Berlin,
MIKZ,MC MAIK,BMCL,Accapella,2015,RAM,2015-11-13,https://www.youtube.com/watch?v=P1kYQfUxr4o,P1kYQfUxr4o,58109,,,
Fab,Cemo,NewcomerBattle DAYtime Event,Accapella,2015,DLTLLY,2015-11-12,https://www.youtube.com/watch?v=nVeWgyMQjtE,nVeWgyMQjtE,19423,,,
Dezzad,Schnaxler,DAYtime Event,Accapella,2015,DLTLLY,2015-11-05,https://www.youtube.com/watch?v=Qmz-Tfcex_U,Qmz-Tfcex_U,13001,,,
Le Nerd,Tobi Nice,Berlin,Accapella,2015,DLTLLY,2015-11-01,https://www.youtube.com/watch?v=LA7Z4-6d83s,LA7Z4-6d83s,49166,,Berlin,
BDAD,MERLIN,BMCL,Accapella,2015,RAM,2015-10-30,https://www.youtube.com/watch?v=t6Xp0bvI0og,t6Xp0bvI0og,58369,,,
Pedro,Jean-Gough Frais,Berlin,Accapella,2015,DLTLLY,2015-10-25,https://www.youtube.com/watch?v=G5tqGvFuKpg,G5tqGvFuKpg,17007,,Berlin,
T Way,Nikiz,Berlin,Accapella,2015,DLTLLY,2015-10-18,https://www.youtube.com/watch?v=wBS3BPDO3Js,wBS3BPDO3Js,18342,,Berlin,
MIGHTY P.,NEDAL NIB,BMCL,Accapella,2015,RAM,2015-10-16,https://www.youtube.com/watch?v=XofXZxOln1E,XofXZxOln1E,111442,,,
Mio Mao,Buddi,Tapefabrik,Accapella,2015,DLTLLY,2015-10-11,https://www.youtube.com/watch?v=DZycRn9Ll10,DZycRn9Ll10,49735,,,
Lyrico,Mars B.,Tapefabrik,Accapella,2015,DLTLLY,2015-10-04,https://www.youtube.com/watch?v=edwqNrm-dAA,edwqNrm-dAA,73413,,,
Karma,Limstar,NewcomerBattle München,Accapella,2015,DLTLLY,2015-09-27,https://www.youtube.com/watch?v=o-hSpdTPM1U,o-hSpdTPM1U,14056,,München,
NOTYZZE,ALI AFFRONT,BMCL,Accapella,2015,RAM,2015-09-25,https://www.youtube.com/watch?v=ZBmqvUsdnyg,ZBmqvUsdnyg,86212,,,
Henrey,Change19,NewcomerBattle München,Accapella,2015,DLTLLY,2015-09-20,https://www.youtube.com/watch?v=2uZd-H6oiYM,2uZd-H6oiYM,29964,,München,
Z,DAVIE JONES,BMCL,Accapella,2015,RAM,2015-09-11,https://www.youtube.com/watch?v=ok6N3xcfNZg,ok6N3xcfNZg,482208,,,
Le Nerd,Davie Jones,Berlin,Accapella,2015,DLTLLY,2015-08-09,https://www.youtube.com/watch?v=dTGwez2RVGs,dTGwez2RVGs,140185,,Berlin,
Lyrico,Der Fischer,Berlin,Accapella,2015,DLTLLY,2015-08-06,https://www.youtube.com/watch?v=e2Udzmm8L8w,e2Udzmm8L8w,94180,,Berlin,
JOLLYJAY,MR TONGUE TWISTER,Dont Flop,Accapella,2015,DON'T FLOP,2015-08-05,https://www.youtube.com/watch?v=u0sKIr74qNM,u0sKIr74qNM,31167,,,
Mighty Mo & Nedal Nib,Duff,Splash 18,Accapella,2015,DLTLLY,2015-08-02,https://www.youtube.com/watch?v=8f534bjTdPQ,8f534bjTdPQ,53473,Splash,Ferropolis,splash! 18
Gregpipe + Basic,Battleboi Basti + Besser,Berlin,Accapella,2015,DLTLLY,2015-07-26,https://www.youtube.com/watch?v=1hxM1bSTeBQ,1hxM1bSTeBQ,318100,,Berlin,
Mars B.,Mirror,Berlin,Accapella,2015,DLTLLY,2015-07-19,https://www.youtube.com/watch?v=gR8kjMySBP4,gR8kjMySBP4,26583,,Berlin,
Tis L,T-Way,Berlin,Accapella,2015,DLTLLY,2015-07-16,https://www.youtube.com/watch?v=F44bnk1YOCU,F44bnk1YOCU,28302,,Berlin,
MC Maik + Mave,Scumgod + DirtySanchez,Berlin,Accapella,2015,DLTLLY,2015-07-12,https://www.youtube.com/watch?v=UH4PdAMGnQY,UH4PdAMGnQY,32061,,Berlin,
BMCL MEETS DLTLLY RAP BATTLE: BESSER,PROTON,BMCL,Accapella,2015,RAM,2015-07-10,https://www.youtube.com/watch?v=G0k2SM7LB6Q,G0k2SM7LB6Q,70268,,,
Merlin,Bong Teggy,München,Accapella,2015,DLTLLY,2015-07-05,https://www.youtube.com/watch?v=3f92lfia1Iw,3f92lfia1Iw,224876,,München,
P-ZAK,BONG TEGGY,BMCL,Accapella,2015,RAM,2015-06-28,https://www.youtube.com/watch?v=uxnJ2v9nfhw,uxnJ2v9nfhw,487341,,,
Jack Dragon,Demolux,München,Accapella,2015,DLTLLY,2015-06-28,https://www.youtube.com/watch?v=3M5hkitrUQY,3M5hkitrUQY,14543,,München,
Brian Damage,Harry Crotch,ComplimentsBattle München,Accapella,2015,DLTLLY,2015-06-21,https://www.youtube.com/watch?v=6LevyA-T6JM,6LevyA-T6JM,150415,,München,
GOZPEL,BATTLEBOI BASTI,BMCL,Accapella,2015,RAM,2015-06-12,https://www.youtube.com/watch?v=JpNxEeszyA8,JpNxEeszyA8,937130,,,
Ali Affront,Fellowsoph,München,Accapella,2015,DLTLLY,2015-06-07,https://www.youtube.com/watch?v=fMLkNIgjsro,fMLkNIgjsro,25563,,München,
PETSCHINO,MIGHTY MO,BMCL,Accapella,2015,RAM,2015-05-29,https://www.youtube.com/watch?v=Z56RuCO7frg,Z56RuCO7frg,252791,,,
Brian Damage,Davie Jones,Livin' HipHop Jam,Accapella,2015,DLTLLY,2015-05-24,https://www.youtube.com/watch?v=ac1sR229bak,ac1sR229bak,98292,,,
TIERSTAR,DIZASTER,powered by audio-technica,Accapella,2015,RAM,2015-05-15,https://www.youtube.com/watch?v=NEFFMcjJ3SQ,NEFFMcjJ3SQ,383326,,,
Lyrico,Harry Crotch,Livin' HipHop Jam,Accapella,2015,DLTLLY,2015-05-10,https://www.youtube.com/watch?v=e5huTSczyf4,e5huTSczyf4,29677,,,
Doktor Dave,George Midas (HipHop Convention),Berlin,Accapella,2015,DLTLLY,2015-05-07,https://www.youtube.com/watch?v=w6zCM9KpVBQ,w6zCM9KpVBQ,15157,,Berlin,
Tis L,Bauda,Berlin,Accapella,2015,DLTLLY,2015-04-29,https://www.youtube.com/watch?v=tWUiuZc5p3Y,tWUiuZc5p3Y,18604,,Berlin,
Nikiz,Le Nerd,Berlin,Accapella,2015,DLTLLY,2015-04-26,https://www.youtube.com/watch?v=-w9IPyHjXZo,-w9IPyHjXZo,47606,,Berlin,
SSYNIC,CASHISCLAY,BMCL,Accapella,2015,RAM,2015-04-24,https://www.youtube.com/watch?v=PgFKjYcDtLs,PgFKjYcDtLs,1464484,,,
Scumgod + DirtySanchez,Tschappy + Doktor Dave,Berlin,Accapella,2015,DLTLLY,2015-04-23,https://www.youtube.com/watch?v=a3YBKYlenFI,a3YBKYlenFI,19157,,Berlin,
Mighty Mo,Hansen - REMATCH!,Hamburg,Accapella,2015,DLTLLY,2015-04-19,https://www.youtube.com/watch?v=TADdGDpKWPs,TADdGDpKWPs,150605,,,
DeeLah,D.O.C.,Hamburg,Accapella,2015,DLTLLY,2015-04-18,https://www.youtube.com/watch?v=a48W9qfgEr4,a48W9qfgEr4,25039,,,
Kenny Kansas,Core One,Hamburg,Accapella,2015,DLTLLY,2015-04-18,https://www.youtube.com/watch?v=W1btY9KbOIo,W1btY9KbOIo,15350,,,
DOKTOR DAVE,DROB DYNAMIC,BMCL,Accapella,2015,RAM,2015-04-10,https://www.youtube.com/watch?v=3mIpymc2NhE,3mIpymc2NhE,115182,,,
Onkel Oktomusch + Die Zwetschke,Mave + MC Maik,Hamburg,Accapella,2015,DLTLLY,2015-04-05,https://www.youtube.com/watch?v=40MavNkdI0k,40MavNkdI0k,118701,,,
Nedal Nib,Der Fischer,Hamburg,Accapella,2015,DLTLLY,2015-03-31,https://www.youtube.com/watch?v=neSX-I5XmyE,neSX-I5XmyE,101355,,,
Mac Horn + Cashus K.,PadaLash + SZD,Hamburg,Accapella,2015,DLTLLY,2015-03-31,https://www.youtube.com/watch?v=1FO62qmqIc4,1FO62qmqIc4,19451,,,
MERLIN,DAVIE JONES,BMCL,Accapella,2015,RAM,2015-03-27,https://www.youtube.com/watch?v=6Gnzk5hivPU,6Gnzk5hivPU,98327,,,
Aytee,Fabiga,DAYtime Event,Accapella,2015,DLTLLY,2015-03-15,https://www.youtube.com/watch?v=9N2tKrPsVss,9N2tKrPsVss,60955,,,
P-ZAK,FRESH POLAKKE,BMCL,Accapella,2015,RAM,2015-03-13,https://www.youtube.com/watch?v=Q9zTtHXf8_Q,Q9zTtHXf8_Q,329251,,,
Buddi,Duff,DAYtime Event,Accapella,2015,DLTLLY,2015-03-08,https://www.youtube.com/watch?v=RQdqtBa7hUw,RQdqtBa7hUw,29966,,,
Proton,Heideck,DAYtime Event,Accapella,2015,DLTLLY,2015-03-01,https://www.youtube.com/watch?v=E7biTSHPeBg,E7biTSHPeBg,17510,,,
BESSER,MARS B.,BMCL,Accapella,2015,RAM,2015-02-27,https://www.youtube.com/watch?v=Q1qDVN5ufWw,Q1qDVN5ufWw,71462,,,
Buy Some,T-Way,DAYtime Event,Accapella,2015,DLTLLY,2015-02-22,https://www.youtube.com/watch?v=nV3WY_BWZjw,nV3WY_BWZjw,37400,,,
BDAD,TOBI NICE,BMCL,Accapella,2015,RAM,2015-02-13,https://www.youtube.com/watch?v=I70pYTHXrH8,I70pYTHXrH8,67651,,,
RAPSTA,FRESH POLAKKE,BMCL,Accapella,2015,RAM,2015-01-30,https://www.youtube.com/watch?v=NtjahY1x55w,NtjahY1x55w,716768,,,
Juskah,BDad,B.Day#1,Accapella,2014,DLTLLY,2015-01-25,https://www.youtube.com/watch?v=gxa7WsZIoSM,gxa7WsZIoSM,22892,,,
Merlin,Schote,B.Day#1,Accapella,2014,DLTLLY,2015-01-18,https://www.youtube.com/watch?v=-NpzvlH-ge4,-NpzvlH-ge4,41690,,,
MC MAIK,RONI 87,BMCL,Accapella,2015,RAM,2015-01-16,https://www.youtube.com/watch?v=a8hVM0mGq_E,a8hVM0mGq_E,46718,,,
George Midas,RV,B.Day#1,Accapella,2014,DLTLLY,2015-01-11,https://www.youtube.com/watch?v=6MQjesM1jh0,6MQjesM1jh0,23173,,,
Bong Teggy,Papi Schlauch,B.Day#1,Accapella,2014,DLTLLY,2015-01-04,https://www.youtube.com/watch?v=U70JIQSZkNw,U70JIQSZkNw,181381,,,
BONG TEGGY,MIGHTY MO,BMCL,Accapella,2014,RAM,2014-12-26,https://www.youtube.com/watch?v=XuuI1Uzmt3A,XuuI1Uzmt3A,547052,,,
Buddi,Jack Dragon,B.Day#1,Accapella,2014,DLTLLY,2014-12-21,https://www.youtube.com/watch?v=a7BPokhefac,a7BPokhefac,16612,,,
Rino Mandingo + Johnny Rakete,Onkel Oktomusch + Die Zwetschke,B.Day,Accapella,2014,DLTLLY,2014-12-14,https://www.youtube.com/watch?v=F7STdjMpxjI,F7STdjMpxjI,97180,,,
MERLIN,SSYNIC,BMCL,Accapella,2014,RAM,2014-12-12,https://www.youtube.com/watch?v=cfvDlQ4_Tgo,cfvDlQ4_Tgo,563314,,,
Doktor Dave,Nedal Nib,B.Day#1,Accapella,2014,DLTLLY,2014-12-07,https://www.youtube.com/watch?v=2C-98kSAnvA,2C-98kSAnvA,90308,,,
PILLE,TOBI NICE,SPECIAL GUEST EKO FRESH,Accapella,2014,RAM,2014-11-28,https://www.youtube.com/watch?v=dvHDvXMW0gs,dvHDvXMW0gs,65726,,,
BESSER,MC MAIK,BMCL,Accapella,2014,RAM,2014-11-14,https://www.youtube.com/watch?v=cxBjXzzu8UE,cxBjXzzu8UE,67920,,,
Der Fischer,Harry Crotch,Stuttgart,Accapella,2014,DLTLLY,2014-11-09,https://www.youtube.com/watch?v=Y7aVsjvskZg,Y7aVsjvskZg,27627,,,
BX,Crash Bundy,Stuttgart,Accapella,2014,DLTLLY,2014-11-02,https://www.youtube.com/watch?v=P7pIjWwY_GM,P7pIjWwY_GM,13854,,,
Peter Pogen,Mars B.,Stuttgart,Accapella,2014,DLTLLY,2014-11-01,https://www.youtube.com/watch?v=nuB576G-0b4,nuB576G-0b4,43682,,,
RV,JACK DRAGON,BMCL,Accapella,2014,RAM,2014-10-24,https://www.youtube.com/watch?v=1t4jYneSlMU,1t4jYneSlMU,49704,,,
BDad,Smoke Tüü,Stuttgart,Accapella,2014,DLTLLY,2014-10-19,https://www.youtube.com/watch?v=RjFEs3w4x9k,RjFEs3w4x9k,45646,,,
4TUNE,MERLIN,BMCL,Accapella,2014,RAM,2014-10-10,https://www.youtube.com/watch?v=FntcHYJRbJ8,FntcHYJRbJ8,271949,,,
GREGPIPE,DAMION DAVIS,FEAT. DIZASTER,Accapella,2014,RAM,2014-09-26,https://www.youtube.com/watch?v=aPZMBf0ZarU,aPZMBf0ZarU,434505,,,
JEAN GOUGH FRAIS,OGMIOS,could not identify event,Accapella,2014,DON'T FLOP,2014-09-24,https://www.youtube.com/watch?v=xJh2enV5w5s,xJh2enV5w5s,32958,,,
IMPACT,MANIAC,could not identify event,Accapella,2014,DON'T FLOP,2014-09-17,https://www.youtube.com/watch?v=vZU5vczCf3U,vZU5vczCf3U,20581,,,
Jack Dragon,Suza,CoEvent,Accapella,2014,DLTLLY,2014-09-14,https://www.youtube.com/watch?v=bDEJXvF-nUI,bDEJXvF-nUI,15475,,,
SSYNIC,BONG TEGGY,BMCL,Accapella,2014,RAM,2014-09-12,https://www.youtube.com/watch?v=6iVykrPFKfg,6iVykrPFKfg,1309054,,,
INNUENDO,JOLLYJAY,could not identify event,Accapella,2014,DON'T FLOP,2014-09-10,https://www.youtube.com/watch?v=IHAEQ3v_qXg,IHAEQ3v_qXg,29205,,,
Nikiz,Luie-Die-Nadel,CoEvent,Accapella,2014,DLTLLY,2014-09-07,https://www.youtube.com/watch?v=2_s20UfvW9E,2_s20UfvW9E,14911,,,
MR TONGUE TWISTER,BRIAN DAMAGE,could not identify event,Accapella,2014,DON'T FLOP,2014-09-03,https://www.youtube.com/watch?v=LCVkClBmSK0,LCVkClBmSK0,68918,,,
Fatcap,Doktor Dave,CoEvent,Accapella,2014,DLTLLY,2014-08-31,https://www.youtube.com/watch?v=5btIHEDh3Zg,5btIHEDh3Zg,41961,,,
MERLIN,RONI 87,BMCL,Accapella,2014,RAM,2014-08-29,https://www.youtube.com/watch?v=9YMIMdfVXII,9YMIMdfVXII,84352,,,
Happy Beckmann & 4tune,Petschino & Juskah,Splash #17,Accapella,2014,DLTLLY,2014-08-17,https://www.youtube.com/watch?v=gcvYmaoKYBs,gcvYmaoKYBs,330215,Splash,Ferropolis,splash! 17
Merlin,Gozpel,Splash 17,Accapella,2014,DLTLLY,2014-08-10,https://www.youtube.com/watch?v=X6Etme4mfyY,X6Etme4mfyY,140328,Splash,Ferropolis,splash! 17
Mighty P,MC Maik,EOW-Tour,Accapella,2014,DLTLLY,2014-08-07,https://www.youtube.com/watch?v=gGPgGMkU0vE,gGPgGMkU0vE,16695,,,
DuFF,Fresh Polakke,Splash 17,Accapella,2014,DLTLLY,2014-08-02,https://www.youtube.com/watch?v=KVL-ldGpFlw,KVL-ldGpFlw,208745,Splash,Ferropolis,splash! 17
Duzoe & Dollar John,Der Fischer & Johnny Medez,EOW-Tour,Accapella,2014,DLTLLY,2014-07-31,https://www.youtube.com/watch?v=0Dys8GpvON8,0Dys8GpvON8,95391,,,
Brian Damage + Philipp Quh,Mighty Mo + Nedal Nib,Splash 17,Accapella,2014,DLTLLY,2014-07-26,https://www.youtube.com/watch?v=0uyM6aRubkg,0uyM6aRubkg,123294,Splash,Ferropolis,splash! 17
Pille,MisterOneTake,EOW-Tour,Accapella,2014,DLTLLY,2014-07-24,https://www.youtube.com/watch?v=PK50fr4tGLE,PK50fr4tGLE,22335,,,
BDad,TWO,EOW-Tour,Accapella,2014,DLTLLY,2014-07-17,https://www.youtube.com/watch?v=NjZpYHJ97HQ,NjZpYHJ97HQ,18106,,,
Proton,Koozy,EOW-Tour,Accapella,2014,DLTLLY,2014-07-11,https://www.youtube.com/watch?v=4XKC8Ps7BgI,4XKC8Ps7BgI,26863,,,
Onkel Oktomusch & Die Zwetschke,DeeLah & MOH,EOW-Tour,Accapella,2014,DLTLLY,2014-07-10,https://www.youtube.com/watch?v=L5Euo3LtaoI,L5Euo3LtaoI,70819,,,
Buddi,Veedel Kaztro,EOW-Tour,Accapella,2014,DLTLLY,2014-06-29,https://www.youtube.com/watch?v=FJ_w_sSBM-4,FJ_w_sSBM-4,28592,,,
Mirko Fon,Kiddom,EOW-Tour,Accapella,2014,DLTLLY,2014-06-26,https://www.youtube.com/watch?v=UDoGf75NbeY,UDoGf75NbeY,9885,,,
Salo,Tanguy,München,Accapella,2014,DLTLLY,2014-06-19,https://www.youtube.com/watch?v=xCGvPBzwfHk,xCGvPBzwfHk,15060,,München,
Seby Tone,Manny Blanco,München,Accapella,2014,DLTLLY,2014-06-15,https://www.youtube.com/watch?v=a5cH4acRj8I,a5cH4acRj8I,22983,,München,
MIGHTY MO,FRESH POLAKKE,BMCL,Accapella,2014,RAM,2014-06-13,https://www.youtube.com/watch?v=1G5Vmet6MPE,1G5Vmet6MPE,849271,,,
Merlin,Trump,München,Accapella,2014,DLTLLY,2014-06-08,https://www.youtube.com/watch?v=cx87Qv4ZpMA,cx87Qv4ZpMA,50011,,München,
Jack Dragon,Davie Jones,München,Accapella,2014,DLTLLY,2014-06-05,https://www.youtube.com/watch?v=cOl4rAK_Otc,cOl4rAK_Otc,32030,,München,
Johnny Rakete,Philipp Quh,München,Accapella,2014,DLTLLY,2014-06-01,https://www.youtube.com/watch?v=rSc36pXcf1A,rSc36pXcf1A,86017,,München,
P-ZAK,DEKZTER FRO,BMCL,Accapella,2014,RAM,2014-05-30,https://www.youtube.com/watch?v=2s8hiKZcZCM,2s8hiKZcZCM,92019,,,
SSYNIC,JACK DRAGON,BMCL,Accapella,2014,RAM,2014-05-21,https://www.youtube.com/watch?v=qz915i6DQ2Q,qz915i6DQ2Q,552095,,,
Nestor,Pirate,Berlin,Accapella,2014,DLTLLY,2014-05-11,https://www.youtube.com/watch?v=yqORBcs5UYY,yqORBcs5UYY,11629,,Berlin,
Nikiz,Doktor Dave,Berlin,Accapella,2014,DLTLLY,2014-04-27,https://www.youtube.com/watch?v=u5z_5j3cXK8,u5z_5j3cXK8,38873,,Berlin,
PILLE,GOZPEL,BMCL,Accapella,2014,RAM,2014-04-25,https://www.youtube.com/watch?v=lHq-Fzsr8Ac,lHq-Fzsr8Ac,243862,,,
Micky Worthless,Jean-Gough Frais,international,Accapella,2014,DLTLLY,2014-04-20,https://www.youtube.com/watch?v=OPLr7GGptLY,OPLr7GGptLY,13898,,,
George Midas,Der Fischer,Berlin,Accapella,2014,DLTLLY,2014-04-13,https://www.youtube.com/watch?v=YbkN0_nETaA,YbkN0_nETaA,52050,,Berlin,
RONI 87,KEX KUHL,BMCL,Accapella,2014,RAM,2014-04-11,https://www.youtube.com/watch?v=x482UpQJG4Y,x482UpQJG4Y,62792,,,
Brian Damage & Harry Crotch,Proton & Roni 87,Berlin,Accapella,2014,DLTLLY,2014-04-06,https://www.youtube.com/watch?v=yn7FJYKQC2Q,yn7FJYKQC2Q,98300,,Berlin,
MERLIN,MC MIRROR,BMCL,Accapella,2014,RAM,2014-03-28,https://www.youtube.com/watch?v=BKIfTyJF1lI,BKIfTyJF1lI,73997,,,
RV,MIGHTY P.,BMCL,Accapella,2014,RAM,2014-03-14,https://www.youtube.com/watch?v=9NjDEMuuDpU,9NjDEMuuDpU,75886,,,
Amah,Koozy,München,Accapella,2014,DLTLLY,2014-03-09,https://www.youtube.com/watch?v=HUKdpTiE85w,HUKdpTiE85w,35053,,München,
LeeWun,Trump,München,Accapella,2014,DLTLLY,2014-03-02,https://www.youtube.com/watch?v=q0awwVA6XtE,q0awwVA6XtE,27491,,München,
BRIAN DAMAGE,DROB DYNAMIC,BMCL,Accapella,2014,RAM,2014-02-28,https://www.youtube.com/watch?v=RjwrnfiUHOg,RjwrnfiUHOg,206193,,,
Harry Crotch,Jack Dragon,München,Accapella,2014,DLTLLY,2014-02-23,https://www.youtube.com/watch?v=vAwL9nL2Tws,vAwL9nL2Tws,24586,,München,
Merlin,Mighty P,München,Accapella,2014,DLTLLY,2014-02-16,https://www.youtube.com/watch?v=pKPqvqAzf4Q,pKPqvqAzf4Q,103788,,München,
KOOZY,MIGHTY MO,BMCL,Accapella,2014,RAM,2014-02-14,https://www.youtube.com/watch?v=D_aQnYfvCRA,D_aQnYfvCRA,150829,,,
Johnny Rakete,Duff,München,Accapella,2014,DLTLLY,2014-02-09,https://www.youtube.com/watch?v=fUvelVlxcPo,fUvelVlxcPo,104492,,München,
Hansen,Presto,Berlin,Accapella,2013,DLTLLY,2014-01-26,https://www.youtube.com/watch?v=YFaEYJxVZ2E,YFaEYJxVZ2E,31207,,Berlin,
LE NERD,FRESH POLAKKE,BMCL,Accapella,2014,RAM,2014-01-24,https://www.youtube.com/watch?v=fJArtxDNhT4,fJArtxDNhT4,878773,,,
Zero2012,Der Fischer,Berlin,Accapella,2013,DLTLLY,2014-01-19,https://www.youtube.com/watch?v=01tb9snEcZY,01tb9snEcZY,19759,,Berlin,
Rino Mandingo,Breeze,Berlin,Accapella,2013,DLTLLY,2014-01-12,https://www.youtube.com/watch?v=WyB8pGBM6A8,WyB8pGBM6A8,52284,,Berlin,
MC Mirror,Proton,Berlin,Accapella,2013,DLTLLY,2014-01-05,https://www.youtube.com/watch?v=jQEEjiaNiiE,jQEEjiaNiiE,23650,,Berlin,
Mos Prob,Maniac,Berlin,Accapella,2013,DLTLLY,2013-12-29,https://www.youtube.com/watch?v=hY0tBCILguU,hY0tBCILguU,15251,,Berlin,
P-ZAK,IRON BASIC,BMCL,Accapella,2013,RAM,2013-12-27,https://www.youtube.com/watch?v=0qAUK-MG2eg,0qAUK-MG2eg,257403,,,
Brian Damage,Doktor Dave,Berlin,Accapella,2013,DLTLLY,2013-12-22,https://www.youtube.com/watch?v=XRyY1EePVF0,XRyY1EePVF0,91354,,Berlin,
TIERSTAR,GREGPIPE,BMCL,Accapella,2013,RAM,2013-12-14,https://www.youtube.com/watch?v=qSQBrHXWTOY,qSQBrHXWTOY,651399,,,
AMAH,MIGHTY P.,BMCL,Accapella,2013,RAM,2013-12-07,https://www.youtube.com/watch?v=pH9E5d8YsGk,pH9E5d8YsGk,73527,,,
SEPARATE,TAKT32,BMCL,Accapella,2013,RAM,2013-11-15,https://www.youtube.com/watch?v=qbbibKd189w,qbbibKd189w,246082,,,
LAAS UNLTD.,DROB DYNAMIC,BMCL,Accapella,2013,RAM,2013-10-25,https://www.youtube.com/watch?v=gVzPXJa4eTI,gVzPXJa4eTI,3116643,,,
Kizu,Trump,Berlin,Accapella,2013,DLTLLY,2013-10-20,https://www.youtube.com/watch?v=THhMAgBOcN8,THhMAgBOcN8,19421,,Berlin,
Doktor Dave,Jack Dragon,Berlin,Accapella,2013,DLTLLY,2013-10-13,https://www.youtube.com/watch?v=QB0ZXYSkZcw,QB0ZXYSkZcw,38019,,Berlin,
KOOZY,FATCAP,BMCL,Accapella,2013,RAM,2013-10-10,https://www.youtube.com/watch?v=_cSsd58nwnk,_cSsd58nwnk,96891,,,
Rob Really,Manekin Peace,Berlin,Accapella,2013,DLTLLY,2013-10-07,https://www.youtube.com/watch?v=7lUMhXH2ZgE,7lUMhXH2ZgE,10804,,Berlin,
Brian Damage,Mighty P,Berlin,Accapella,2013,DLTLLY,2013-09-29,https://www.youtube.com/watch?v=Z3a9iIjuFmc,Z3a9iIjuFmc,62500,,Berlin,
P-ZAK,BATTLEBOI BASTI,BMCL,Accapella,2013,RAM,2013-09-27,https://www.youtube.com/watch?v=6fAOSCXdMKM,6fAOSCXdMKM,1245792,,,
Hansen,Kurzer Prozess,Berlin,Accapella,2013,DLTLLY,2013-09-24,https://www.youtube.com/watch?v=8Ui9Bl4LCBg,8Ui9Bl4LCBg,89521,,Berlin,
TightamMic,Drob Dynamic,BMCL,Accapella,2013,RAM,2013-06-27,https://www.youtube.com/watch?v=HUIIteZgOEo,HUIIteZgOEo,137849,,,
P-Zak,Drob Dynamic,BMCL,Accapella,2013,RAM,2013-06-13,https://www.youtube.com/watch?v=V_c4iLEr7VI,V_c4iLEr7VI,107359,,,
Tierstar,Drob Dynamic,BMCL,Accapella,2013,RAM,2013-05-23,https://www.youtube.com/watch?v=3xIGQWw0yBc,3xIGQWw0yBc,76427,,,
Tierstar,P-Zak,BMCL,Accapella,2013,RAM,2013-05-09,https://www.youtube.com/watch?v=W3ARbDcTOgA,W3ARbDcTOgA,214952,,,
Le Nerd,P-Zak,BMCL,Accapella,2013,RAM,2013-04-26,https://www.youtube.com/watch?v=YR_hbQrJFBU,YR_hbQrJFBU,69094,,,
Percee,Le Nerd,BMCL,Accapella,2013,RAM,2013-04-11,https://www.youtube.com/watch?v=7s6PZzdv0wg,7s6PZzdv0wg,207537,,,
Karate Andi,Percee,BMCL,Accapella,2013,RAM,2013-03-29,https://www.youtube.com/watch?v=anmpoR_npR4,anmpoR_npR4,218684,,,
Karate Andi,Main Moe,BMCL,Accapella,2013,RAM,2013-03-14,https://www.youtube.com/watch?v=i-oMO81YD5E,i-oMO81YD5E,347556,,,
Mave,Karate Andi,BMCL,Accapella,2013,RAM,2013-02-28,https://www.youtube.com/watch?v=TxL9xYZoikE,TxL9xYZoikE,296355,,,
Karate Andi,Gier,BMCL,Accapella,2013,RAM,2013-01-25,https://www.youtube.com/watch?v=6J_YbVMq6Tc,6J_YbVMq6Tc,760906,,,
GIER,P-ZAK -,BMCL,Accapella,2012,RAM,2012-12-25,https://www.youtube.com/watch?v=VDxMffxIK9w,VDxMffxIK9w,112123,,,
RV,P-ZAK -,BMCL,Accapella,2012,RAM,2012-12-12,https://www.youtube.com/watch?v=ZMAmrXDKC2k,ZMAmrXDKC2k,57344,,,
P-ZAK,PAPI SCHLAUCH -,BMCL,Accapella,2012,RAM,2012-11-27,https://www.youtube.com/watch?v=JOE65_7ANE4,JOE65_7ANE4,30543,,,
FATCAP,PAPI SCHLAUCH -,BMCL,Accapella,2012,RAM,2012-11-13,https://www.youtube.com/watch?v=0HL7X1MoDC8,0HL7X1MoDC8,27469,,,
PAPI SCHLAUCH,MAIN MOE -,BMCL,Accapella,2012,RAM,2012-10-23,https://www.youtube.com/watch?v=jCugjz2O7XA,jCugjz2O7XA,43155,,,
MAIN MOE,DER FISCHER -,BMCL,Accapella,2012,RAM,2012-10-09,https://www.youtube.com/watch?v=szcQuWucbf8,szcQuWucbf8,43170,,,
ATZENKALLE,P-ZAK -,BMCL,Accapella,2012,RAM,2010-10-14,https://www.youtube.com/watch?v=1RlrFmJgUb0,1RlrFmJgUb0,384290,,,
P-ZAK,TIERSTAR -,BMCL,Accapella,2011,RAM,2010-10-14,https://www.youtube.com/watch?v=ZVXJ36hbgRs,ZVXJ36hbgRs,45489,,,
GIER,JUSE JU -,BMCL,Accapella,2011,RAM,2010-10-14,https://www.youtube.com/watch?v=1DyxMMREZ_s,1DyxMMREZ_s,66973,,,
Tierstar,Gier,BMCL,Accapella,2010,RAM,2010-10-14,https://www.youtube.com/watch?v=wOsC6Irs9EY,wOsC6Irs9EY,33239,,,
PRESTO,TIGHTAMMIC -,BMCL,Accapella,2011,RAM,2010-10-14,https://www.youtube.com/watch?v=_zciyRJMT4I,_zciyRJMT4I,48373,,,
P-ZAK,FATCAP -,BMCL,Accapella,2012,RAM,2010-10-14,https://www.youtube.com/watch?v=TXgYqbhPZbw,TXgYqbhPZbw,41202,,,
FURIOUS,TIERSTAR -,BMCL,Accapella,2011,RAM,2010-10-14,https://www.youtube.com/watch?v=V7xmt7en-NU,V7xmt7en-NU,28043,,,
KING FINALE VOM 04.05.2011 GIER,PIRATE,could not identify event,Accapella,2011,RAM AGGRO,2010-10-14,https://www.youtube.com/watch?v=rLsM528iCvI,rLsM528iCvI,40782,,,
P-ZAK,TIERSTAR -,BMCL,Accapella,2011,RAM,2010-10-14,https://www.youtube.com/watch?v=tNLkPJU_3Hc,tNLkPJU_3Hc,70460,,,
ATZENKALLE,FATCAP -,BMCL OFFICIAL HD VERSION AGGROTV,Accapella,2012,RAM,2010-10-14,https://www.youtube.com/watch?v=3_WNGbYAEGM,3_WNGbYAEGM,169663,,,
P-ZAK,FATCAP -,BMCL,Accapella,2011,RAM,2010-10-14,https://www.youtube.com/watch?v=NpQ5PfavOr4,NpQ5PfavOr4,38379,,,
FATCAP,MAIN MOE -,BMCL,Accapella,2011,RAM,2010-10-14,https://www.youtube.com/watch?v=6ygV5kXXpOY,6ygV5kXXpOY,47724,,,
FATCAP,MAIN MOE -,BMCL,Accapella,2012,RAM,2010-10-14,https://www.youtube.com/watch?v=gGuK4lK76oU,gGuK4lK76oU,68182,,,
NESTOR,PRESTO -,BMCL,Accapella,2011,RAM,2010-10-14,https://www.youtube.com/watch?v=7Id8LsNORpA,7Id8LsNORpA,18358,,,
Noize,Gier,BMCL,Accapella,2010,RAM,2010-10-14,https://www.youtube.com/watch?v=g65YfSomyZg,g65YfSomyZg,42001,,,
MAIN MOE,ATZENKALLE -,BMCL,Accapella,2012,RAM,2010-10-14,https://www.youtube.com/watch?v=xHaX18xKgAg,xHaX18xKgAg,275684,,,
PAPI SCHLAUCH,ATZENKALLE -,BMCL,Accapella,2012,RAM,2010-10-14,https://www.youtube.com/watch?v=3P2OojCc83A,3P2OojCc83A,275196,,,
MAIN MOE,TIGHTAMMIC -,BMCL,Accapella,2012,RAM,2010-10-14,https://www.youtube.com/watch?v=WgyEvY6d55g,WgyEvY6d55g,56547,,,
GIER,MAIN MOE -,BMCL,Accapella,2012,RAM,2010-10-14,https://www.youtube.com/watch?v=0IoJTI3ijBw,0IoJTI3ijBw,149843,,,
GIER,TIERSTAR -,BMCL,Accapella,2011,RAM,2010-10-14,https://www.youtube.com/watch?v=2XkODGxWvfE,2XkODGxWvfE,147243,,,
TIERSTAR,MAIN MOE -,BMCL,Accapella,2012,RAM,2010-10-14,https://www.youtube.com/watch?v=7vV91Bdl96U,7vV91Bdl96U,83408,,,
MAIN MOE,GIER -,BMCL,Accapella,2011,RAM,2010-10-14,https://www.youtube.com/watch?v=j851KMaKDyA,j851KMaKDyA,95707,,,
Tierstar,Gier,BMCL,Accapella,2010,RAM,2010-10-14,https://www.youtube.com/watch?v=Jx2HyJUI7UQ,Jx2HyJUI7UQ,58991,,,
TIGHTAMMIC,FATCAP -,BMCL,Accapella,2011,RAM,2010-10-14,https://www.youtube.com/watch?v=LTgCb1EIASk,LTgCb1EIASk,42792,,,
Noize,Gier,BMCL,Accapella,2010,RAM,2010-10-14,https://www.youtube.com/watch?v=ibeHNtp8Qi4,ibeHNtp8Qi4,25721,,,
