Name #1,Name #2,Event,Location,Stadt,Type,Year,Channel,Uploaded,URL,Views,ID,hidden,Processed
CALLI,KIRUMA,,,,Accapella,2026,FOB,2026-10-09,https://www.youtube.com/watch?v=Cs-uQ2uLbd8,6792,Cs-uQ2uLbd8,could not identify event,skipped historical backfill
MORGANA,TICC,,,,On Beat,2026,FOB,2026-10-08,https://www.youtube.com/watch?v=gxhc7dJDfXY,14488,gxhc7dJDfXY,KAMPFANSAGE,2026-10-09T04:11:34.059-04:00
TICC,MORGANA,,,,On Beat,2026,FOB,2026-10-08,https://www.youtube.com/watch?v=P628J1-KhYk,35560,P628J1-KhYk,KAMPFANSAGE PINKY PROMISE,2026-10-09T04:11:36.213-04:00
Calli,TAHA,,,,On Beat,2026,DLTLLY,2026-10-08,https://www.youtube.com/watch?v=3ag6xhLecYE,9989,3ag6xhLecYE,Splash ´26,2026-10-09T04:11:39.065-04:00
YUAH,NASTIC,,,,Accapella,2026,FOB,2026-10-06,https://www.youtube.com/watch?v=qvRk6YZIIac,15457,qvRk6YZIIac,GAMESCOM,Skipped historical notification backlog during repair 2026-10-08T21:01:31.473249+00:00
DESPO,YUMI,,,,Accapella,2026,FOB,2026-10-04,https://www.youtube.com/watch?v=PfjVgJUet-I,7214,PfjVgJUet-I,RAP BATTLE,Skipped historical notification backlog during repair 2026-10-08T21:01:31.473249+00:00
Ssynic,PA Sports,,,,Accapella,2026,DLTLLY,2026-10-04,https://www.youtube.com/watch?v=DhYYYeVJ8RU,26912,DhYYYeVJ8RU,Out Now #,Skipped historical notification backlog during repair 2026-10-08T21:01:31.473249+00:00
PA SPORTS,SSYNIC,,,,Accapella,2026,DLTLLY,2026-10-04,https://www.youtube.com/watch?v=K92Gh3gC5M8,268931,K92Gh3gC5M8,Das Interview zum Battle BDay 13,Skipped historical notification backlog during repair 2026-10-08T21:01:31.473249+00:00
PA SPORTS,SSYNIC,,,,Accapella,2026,DLTLLY,2026-10-04,https://www.youtube.com/watch?v=5XeO9CDpv8s,1213700,5XeO9CDpv8s,BDay 13,Skipped historical notification backlog during repair 2026-10-08T21:01:31.473249+00:00
SIZYPHOS,MIKESH,,,,Accapella,2026,FOB,2026-10-02,https://www.youtube.com/watch?v=Z0M-8X6wyeU,33015,Z0M-8X6wyeU,INTERVIEW,Skipped historical notification backlog during repair 2026-10-08T21:01:31.473249+00:00
MIKESH,SIZYPHOS,,,,Accapella,2026,FOB,2026-10-02,https://www.youtube.com/watch?v=-DTi_KButbQ,171294,-DTi_KButbQ,RAP BATTLE,Skipped historical notification backlog during repair 2026-10-08T21:01:31.473249+00:00
Morgana & Shizu,Cashus K & Mazzikaner,,,,On Beat,2026,DLTLLY,2026-10-01,https://www.youtube.com/watch?v=Z427fU4jRgA,14092,Z427fU4jRgA,2on2 Splash ´26,Skipped historical notification backlog during repair 2026-10-08T21:01:31.473249+00:00
PHASENKIND,YUAH,,,,Accapella,2026,FOB,2026-09-29,https://www.youtube.com/watch?v=1cj6VstWk08,4530,1cj6VstWk08,INTERVIEW,Skipped historical notification backlog during repair 2026-10-08T21:01:31.473249+00:00
PHASENKIND,YUAH,,,,Accapella,2026,FOB,2026-09-29,https://www.youtube.com/watch?v=Nmt67cqH7YM,31536,Nmt67cqH7YM,RAP BATTLE,Skipped historical notification backlog during repair 2026-10-08T21:01:31.473249+00:00
Haszcara,Faivel,,,,On Beat,2026,DLTLLY,2026-09-29,https://www.youtube.com/watch?v=epza8e0NCw0,15294,epza8e0NCw0,Splash ´26,Skipped historical notification backlog during repair 2026-10-08T21:01:31.473249+00:00
Yarambo,Bdad,,,,Accapella,2026,DLTLLY,2026-09-27,https://www.youtube.com/watch?v=XcwDDCughrk,14914,XcwDDCughrk,Das Interview zum Battle München,Skipped historical notification backlog during repair 2026-10-08T21:01:31.473249+00:00
Yarambo,Bdad,,,,Accapella,2026,DLTLLY,2026-09-27,https://www.youtube.com/watch?v=dnRNrxgxNWM,97622,dnRNrxgxNWM,München,Skipped historical notification backlog during repair 2026-10-08T21:01:31.473249+00:00
ZEPTAH,DJIBY,,,,Accapella,2026,FOB,2026-09-27,https://www.youtube.com/watch?v=3GsM6N3FcUM,9579,3GsM6N3FcUM,RAP BATTLE,Skipped historical notification backlog during repair 2026-10-08T21:01:31.473249+00:00
KITANA,WOLFF,,,,Accapella,2026,FOB,2026-09-25,https://www.youtube.com/watch?v=ZKq782PlY6s,25666,ZKq782PlY6s,INTERVIEW,Skipped historical notification backlog during repair 2026-10-08T21:01:31.473249+00:00
WOLFF,KITANA,,,,Accapella,2026,FOB,2026-09-25,https://www.youtube.com/watch?v=LAiHiEcKpic,84959,LAiHiEcKpic,RAP BATTLE,Skipped historical notification backlog during repair 2026-10-08T21:01:31.473249+00:00
KAZRAEL,H1,,,,Accapella,2026,FOB,2026-09-24,https://www.youtube.com/watch?v=pDeZgX14aLU,4804,pDeZgX14aLU,FACE-OFF,Skipped historical notification backlog during repair 2026-10-08T21:01:31.473249+00:00
Joseph Steinschleuder,Niza,,,,Accapella,2026,DLTLLY,2026-09-20,https://www.youtube.com/watch?v=L1P2iNzFgk8,53614,L1P2iNzFgk8,München,Skipped historical notification backlog during repair 2026-10-08T21:01:31.473249+00:00
Joseph Steinschleuder,Niza,,,,Accapella,2026,DLTLLY,2026-09-20,https://www.youtube.com/watch?v=uynqumUoKWs,11777,uynqumUoKWs,Das Interview zum Battle München,Skipped historical notification backlog during repair 2026-10-08T21:01:31.473249+00:00
BATTLERAP GERTI,F!O,,,,Accapella,2026,FOB,2026-09-20,https://www.youtube.com/watch?v=gf0fM4bPxrk,14020,gf0fM4bPxrk,RAP BATTLE,Skipped historical notification backlog during repair 2026-10-08T21:01:31.473249+00:00
HERR SÖREN,FLIMMER,,,,Accapella,2026,FOB,2026-09-18,https://www.youtube.com/watch?v=Whqrd-VxEOw,13152,Whqrd-VxEOw,RAP BATTLE,Skipped historical notification backlog during repair 2026-10-08T21:01:31.473249+00:00
Mighty P,Pusha,,,,On Beat,2026,DLTLLY,2026-09-17,https://www.youtube.com/watch?v=LTW6bwfUSJ4,21058,LTW6bwfUSJ4,Splash ´26,Skipped historical notification backlog during repair 2026-10-08T21:01:31.473249+00:00
LEROU,VETO,,,,Accapella,2026,FOB,2026-09-15,https://www.youtube.com/watch?v=TPKcgVGSf2Y,N/A,TPKcgVGSf2Y,RAP BATTLE,Skipped historical notification backlog during repair 2026-10-08T21:01:31.473249+00:00
H1,KAZRAEL,,,,Accapella,2026,FOB,2026-09-15,https://www.youtube.com/watch?v=ivpY6cy2A9k,N/A,ivpY6cy2A9k,RAP BATTLE,Skipped historical notification backlog during repair 2026-10-08T21:01:31.473249+00:00
ENYO,TAREK,,,,Accapella,2026,FOB,2026-09-15,https://www.youtube.com/watch?v=HLlDSLiflR4,N/A,HLlDSLiflR4,RAP BATTLE,Skipped historical notification backlog during repair 2026-10-08T21:01:31.473249+00:00
GERRO,MUSIO,,,,Accapella,2026,FOB,2026-09-15,https://www.youtube.com/watch?v=N0jberfOjcc,N/A,N0jberfOjcc,RAP BATTLE,Skipped historical notification backlog during repair 2026-10-08T21:01:31.473249+00:00
CALLI,FAIVEL,,,,Accapella,2026,FOB,2026-09-15,https://www.youtube.com/watch?v=oeNCc4KUSPM,N/A,oeNCc4KUSPM,RAP BATTLE,Skipped historical notification backlog during repair 2026-10-08T21:01:31.473249+00:00
CAPTAIN SÄGE,ZOLA,,,,Accapella,2026,FOB,2026-09-15,https://www.youtube.com/watch?v=2AOHE79_6Og,N/A,2AOHE79_6Og,RAP BATTLE,Skipped historical notification backlog during repair 2026-10-08T21:01:31.473249+00:00
HARDRADA,APATUAL,,,,Accapella,2026,FOB,2026-09-15,https://www.youtube.com/watch?v=JPuXijwxHSo,N/A,JPuXijwxHSo,RAP BATTLE,Skipped historical notification backlog during repair 2026-10-08T21:01:31.473249+00:00
WALTER DER G,RIESENLAUCH,,,,Accapella,2026,FOB,2026-09-15,https://www.youtube.com/watch?v=enJ2ErrrlT0,N/A,enJ2ErrrlT0,RAP BATTLE,Skipped historical notification backlog during repair 2026-10-08T21:01:31.473249+00:00
FYNN,FATE,,,,Accapella,2026,FOB,2026-09-15,https://www.youtube.com/watch?v=ZG6bLe52I4M,N/A,ZG6bLe52I4M,RAP BATTLE,Skipped historical notification backlog during repair 2026-10-08T21:01:31.473249+00:00
CASHUS K,VON FELIX,,,,Accapella,2026,FOB,2026-09-15,https://www.youtube.com/watch?v=OlTbg-M33F4,N/A,OlTbg-M33F4,RAP BATTLE,Skipped historical notification backlog during repair 2026-10-08T21:01:31.473249+00:00
LYLYTH,LONZO,,,,Accapella,2026,FOB,2026-09-15,https://www.youtube.com/watch?v=fI-tfwo8Q3A,N/A,fI-tfwo8Q3A,RAP BATTLE,Skipped historical notification backlog during repair 2026-10-08T21:01:31.473249+00:00
DER SANDMANN,WANDELBARZ,,,,Accapella,2026,FOB,2026-09-15,https://www.youtube.com/watch?v=LVMQdEgyG2A,N/A,LVMQdEgyG2A,RAP BATTLE,Skipped historical notification backlog during repair 2026-10-08T21:01:31.473249+00:00
Zeuge,Riesenlauch,,,,Accapella,2026,DLTLLY,2026-09-13,https://www.youtube.com/watch?v=FbxfJFvinzY,32659,FbxfJFvinzY,München,Skipped historical notification backlog during repair 2026-10-08T21:01:31.473249+00:00
BONG TEGGY,NATIF,,,,Accapella,2026,FOB,2026-09-12,https://www.youtube.com/watch?v=sp0neWkCrjM,34087,sp0neWkCrjM,FACE-OFF,Skipped historical notification backlog during repair 2026-10-08T21:01:31.473249+00:00
BAULT,RIESENLAUCH,,,,Accapella,2026,FOB,2026-09-11,https://www.youtube.com/watch?v=Hf_t30pOxIE,41179,Hf_t30pOxIE,RAP BATTLE,Skipped historical notification backlog during repair 2026-10-08T21:01:31.473249+00:00
BAULT,RIESENLAUCH,,,,Accapella,2026,FOB,2026-09-11,https://www.youtube.com/watch?v=A56HSbCY_mI,5292,A56HSbCY_mI,INTERVIEW,skipped historical backfill
L-SUPREMA,ZATO,,,,Accapella,2026,FOB,2026-09-07,https://www.youtube.com/watch?v=qPugGiQc2q8,N/A,qPugGiQc2q8,RAP BATTLE,Skipped historical notification backlog during repair 2026-10-08T21:01:31.473249+00:00
SAM SOULJAH,PAROSE,,,,Accapella,2026,FOB,2026-09-07,https://www.youtube.com/watch?v=K_-_Q-eCNTk,N/A,K_-_Q-eCNTk,RAP BATTLE,Skipped historical notification backlog during repair 2026-10-08T21:01:31.473249+00:00
Gerro,Enyo,,,,Accapella,2026,DLTLLY,2026-09-06,https://www.youtube.com/watch?v=G9dK5hjg_yY,42164,G9dK5hjg_yY,München,Skipped historical notification backlog during repair 2026-10-08T21:01:31.473249+00:00
TICC,VYRUS,,,,Accapella,2026,FOB,2026-09-04,https://www.youtube.com/watch?v=MqZWgbXxUXM,182364,MqZWgbXxUXM,RAP BATTLE,Skipped historical notification backlog during repair 2026-10-08T21:01:31.473249+00:00
VYRUS,TICC,,,,Accapella,2026,FOB,2026-09-04,https://www.youtube.com/watch?v=vgmgdw-C548,15016,vgmgdw-C548,INTERVIEW,skipped historical backfill
PA SPORTS,SSYNIC,,,,Accapella,2026,DLTLLY,2026-09-01,https://www.youtube.com/watch?v=V9CpAMI6rG4,213699,V9CpAMI6rG4,Die Pressekonferenz vor dem Battle,Skipped historical notification backlog during repair 2026-10-08T21:01:31.473249+00:00
Tamarillo,Mordrake,,,,On Beat,2026,DLTLLY,2026-09-01,https://www.youtube.com/watch?v=P9e9rqq-MZ8,25094,P9e9rqq-MZ8,Overload,Skipped historical notification backlog during repair 2026-10-08T21:01:31.473249+00:00
N'antinein,Shizu,,,,Accapella,2026,DLTLLY,2026-08-30,https://www.youtube.com/watch?v=UX-ougxtVA4,28345,UX-ougxtVA4,München,skipped historical backfill
PA SPORTS,SSYNIC,,,,Accapella,2026,DLTLLY,2026-08-29,https://www.youtube.com/watch?v=WDa_44Ex1d4,222048,WDa_44Ex1d4,EXTENDED TRAILER,Skipped historical notification backlog during repair 2026-10-08T21:01:31.473249+00:00
JOSEPH STEINSCHLEUDER,JIZI,,,,Accapella,2026,FOB,2026-08-28,https://www.youtube.com/watch?v=GCbBPX6U8Uw,15727,GCbBPX6U8Uw,INTERVIEW,Skipped historical notification backlog during repair 2026-10-08T21:01:31.473249+00:00
JOSEPH STEINSCHLEUDER,JIZI,,,,Accapella,2026,FOB,2026-08-28,https://www.youtube.com/watch?v=OWjZ1rKUdY4,151600,OWjZ1rKUdY4,RAP BATTLE,Skipped historical notification backlog during repair 2026-10-08T21:01:31.473249+00:00
Lex177,AMS,,,,On Beat,2026,DLTLLY,2026-08-27,https://www.youtube.com/watch?v=KinnuU4vtyg,17853,KinnuU4vtyg,Overload,Skipped historical notification backlog during repair 2026-10-08T21:01:31.473249+00:00
Neilz & Veto,Fynn & Faivel,,,,Accapella,2026,DLTLLY,2026-08-23,https://www.youtube.com/watch?v=w6cctGAqO_U,41517,w6cctGAqO_U,2on2 München,Skipped historical notification backlog during repair 2026-10-08T21:01:31.473249+00:00
FYNN,TICC,,,,Accapella,2026,FOB,2026-08-23,https://www.youtube.com/watch?v=g-6YPMNcbfM,5137,g-6YPMNcbfM,BATTLERAP QUIZ,Skipped historical notification backlog during repair 2026-10-08T21:01:31.473249+00:00
JÄL,MZUDEMK,,,,Accapella,2026,FOB,2026-08-21,https://www.youtube.com/watch?v=FGEuFL7pC9s,87456,FGEuFL7pC9s,RAP BATTLE,Skipped historical notification backlog during repair 2026-10-08T21:01:31.473249+00:00
JÄL,MZUDEMK,,,,Accapella,2026,FOB,2026-08-21,https://www.youtube.com/watch?v=dc94LS1h-WY,19858,dc94LS1h-WY,INTERVIEW,Skipped historical notification backlog during repair 2026-10-08T21:01:31.473249+00:00
Fate,Zato,,,,On Beat,2026,DLTLLY,2026-08-20,https://www.youtube.com/watch?v=rNW-pKZctes,12692,rNW-pKZctes,Overload,Skipped historical notification backlog during repair 2026-10-08T21:01:31.473249+00:00
Yuah,MzudemK,,,,On Beat,2026,DLTLLY,2026-08-16,https://www.youtube.com/watch?v=qrrxkFWXwtU,282166,qrrxkFWXwtU,AufTakt Turnier Halbfinale,Skipped historical notification backlog during repair 2026-10-08T21:01:31.473249+00:00
Yuah,MzudemK,,,,Accapella,2026,DLTLLY,2026-08-16,https://www.youtube.com/watch?v=1TryIt4Ifp8,39252,1TryIt4Ifp8,Das Interview zum Battle,Skipped historical notification backlog during repair 2026-10-08T21:01:31.473249+00:00
BUNGEE,SA7VA,,,,Accapella,2026,FOB,2026-08-14,https://www.youtube.com/watch?v=YTYh1Rv79mA,4109,YTYh1Rv79mA,RAP BATTLE,Skipped historical notification backlog during repair 2026-10-08T21:01:31.473249+00:00
Clockwork,Nema,,,,On Beat,2026,DLTLLY,2026-08-13,https://www.youtube.com/watch?v=Fk3ydkKihFQ,5214,Fk3ydkKihFQ,Overload,Skipped historical notification backlog during repair 2026-10-08T21:01:31.473249+00:00
Requiem,Kitana,,,,Accapella,2026,DLTLLY,2026-08-09,https://www.youtube.com/watch?v=GZSS71EMh58,16413,GZSS71EMh58,Das Interview zum Battle,Skipped historical notification backlog during repair 2026-10-08T21:01:31.473249+00:00
Requiem,Kitana,,,,On Beat,2026,DLTLLY,2026-08-09,https://www.youtube.com/watch?v=pk96wkqBBuE,88141,pk96wkqBBuE,AufTakt Turnier Halbfinale,Skipped historical notification backlog during repair 2026-10-08T21:01:31.473249+00:00
SIRG,CAPTAIN SÄGE,,,,Accapella,2026,FOB,2026-08-07,https://www.youtube.com/watch?v=XR9HTuOpnKI,5832,XR9HTuOpnKI,RAP BATTLE,Skipped historical notification backlog during repair 2026-10-08T21:01:31.473249+00:00
Stylz,Dr. Docs,,,,On Beat,2026,DLTLLY,2026-08-06,https://www.youtube.com/watch?v=JatKpzj7LbY,5908,JatKpzj7LbY,Overload,Skipped historical notification backlog during repair 2026-10-08T21:01:31.473249+00:00
ALEX STOLDT,YORICK THIEDE,,,,Accapella,2026,FOB,2026-08-04,https://www.youtube.com/watch?v=K4wIut76wLw,16675,K4wIut76wLw,BATTLERAP QUIZ,Skipped historical notification backlog during repair 2026-10-08T21:01:31.473249+00:00
Nasty,Shate,,,,On Beat,2026,DLTLLY,2026-08-04,https://www.youtube.com/watch?v=THPglEVRglU,6033,THPglEVRglU,Overload,Skipped historical notification backlog during repair 2026-10-08T21:01:31.473249+00:00
MC Geuner,Fynn,,,,Accapella,2026,DLTLLY,2026-08-02,https://www.youtube.com/watch?v=FxgfvgO9ILU,29479,FxgfvgO9ILU,One Night Stand Hannover,Skipped historical notification backlog during repair 2026-10-08T21:01:31.473249+00:00
REQUIEM,KIRUMA,,,,Accapella,2026,FOB,2026-07-31,https://www.youtube.com/watch?v=4sh65wui_Co,48508,4sh65wui_Co,RAP BATTLE,Skipped historical notification backlog during repair 2026-10-08T21:01:31.473249+00:00
KIRUMA,REQUIEM,,,,Accapella,2026,FOB,2026-07-31,https://www.youtube.com/watch?v=aPWbAJYxabw,5070,aPWbAJYxabw,INTERVIEW,Skipped historical notification backlog during repair 2026-10-08T21:01:31.473249+00:00
2ocke,L-Suprema,,,,On Beat,2026,DLTLLY,2026-07-30,https://www.youtube.com/watch?v=5fKmuXggZpM,25928,5fKmuXggZpM,Overload,Skipped historical notification backlog during repair 2026-10-08T21:01:31.473249+00:00
NEILZ,CRAZE,,,,Accapella,2026,FOB,2026-07-29,https://www.youtube.com/watch?v=MrcnKD4pPII,8610,MrcnKD4pPII,BATTLERAP QUIZ,Skipped historical notification backlog during repair 2026-10-08T21:01:31.473249+00:00
Neilz,Joseph Steinschleuder,,,,Accapella,2026,DLTLLY,2026-07-26,https://www.youtube.com/watch?v=8OAbSNVmNlI,99169,8OAbSNVmNlI,MAYhem 9,Skipped historical notification backlog during repair 2026-10-08T21:01:31.473249+00:00
ŌKAMI,CAPTAIN SÄGE,,,,Accapella,2026,FOB,2026-07-24,https://www.youtube.com/watch?v=ZAx7kqWMKjM,4120,ZAx7kqWMKjM,BEATBOX BATTLE,Skipped historical notification backlog during repair 2026-10-08T21:01:31.473249+00:00
BertlB,Filo,,,,On Beat,2026,DLTLLY,2026-07-21,https://www.youtube.com/watch?v=GhJs4ayqtlY,6680,GhJs4ayqtlY,Overload,Skipped historical notification backlog during repair 2026-10-08T21:01:31.473249+00:00
Real Deal,Marlo,,,,Accapella,2026,DLTLLY,2026-07-19,https://www.youtube.com/watch?v=dFowzI8VJl8,8662,dFowzI8VJl8,MAYhem 9,skipped historical backfill
NASTIC,VETO,,,,Accapella,2026,FOB,2026-07-17,https://www.youtube.com/watch?v=t6TA-2CstgY,6219,t6TA-2CstgY,RAP BATTLE,skipped historical backfill
Shortworth,Kid Soldier,,,,Accapella,2026,DLTLLY,2026-07-12,https://www.youtube.com/watch?v=B5s6Oqz0VQM,42855,B5s6Oqz0VQM,MAYhem 9,Skipped historical notification backlog during repair 2026-10-08T21:01:31.473249+00:00
SA7VA,TOBO,,,,Accapella,2026,FOB,2026-07-10,https://www.youtube.com/watch?v=gmnLJAOAZgk,3723,gmnLJAOAZgk,RAP BATTLE,skipped historical backfill
Hiding John,Kato,,,,Accapella,2026,DLTLLY,2026-07-05,https://www.youtube.com/watch?v=Zk-tZ5JkFac,28280,Zk-tZ5JkFac,Das Interview zum Battle,Skipped historical notification backlog during repair 2026-10-08T21:01:31.473249+00:00
HIDING JOHN,KATO,,,,Accapella,2026,DLTLLY,2026-07-05,https://www.youtube.com/watch?v=FbnEx-taxzE,137116,FbnEx-taxzE,🏆 Titlematch 🏆 2026 MAYhem 9,Skipped historical notification backlog during repair 2026-10-08T21:01:31.473249+00:00
FAIVEL,MILO,,,,Accapella,2026,FOB,2026-07-03,https://www.youtube.com/watch?v=7HnahEogrrU,4025,7HnahEogrrU,RAP BATTLE,Skipped historical notification backlog during repair 2026-10-08T21:01:31.473249+00:00
PA SPORTS,???,,,,Accapella,2026,DLTLLY,2026-06-30,https://www.youtube.com/watch?v=GacefTqdX9Q,84094,GacefTqdX9Q,Matchup Reveal,Skipped historical notification backlog during repair 2026-10-08T21:01:31.473249+00:00
Bdad,Bong Teggy,,,,Accapella,2026,DLTLLY,2026-06-28,https://www.youtube.com/watch?v=_WUzp_nt6SI,19395,_WUzp_nt6SI,Das Interview zum Battle One Night Stand Hannover,Skipped historical notification backlog during repair 2026-10-08T21:01:31.473249+00:00
Bdad,Bong Teggy,,,,Accapella,2026,DLTLLY,2026-06-28,https://www.youtube.com/watch?v=6iPV29ICcvY,127465,6iPV29ICcvY,One Night Stand Hannover,Skipped historical notification backlog during repair 2026-10-08T21:01:31.473249+00:00
YOUNG KENNEDY,DER SANDMANN,,,,Accapella,2026,FOB,2026-06-26,https://www.youtube.com/watch?v=m4-hFITahgM,8330,m4-hFITahgM,RAP BATTLE,Skipped historical notification backlog during repair 2026-10-08T21:01:31.473249+00:00
MIKESH,SIZYPHOS,,,,Accapella,2026,FOB,2026-06-26,https://www.youtube.com/watch?v=hu0oYcTUOVY,,hu0oYcTUOVY,RAP BATTLE,skipped historical backfill
BAULT,RIESENLAUCH,,,,Accapella,2026,FOB,2026-06-26,https://www.youtube.com/watch?v=KzRrewkoXjI,,KzRrewkoXjI,RAP BATTLE,skipped historical backfill
Onkel Oktomusch,Jizi,,,,Accapella,2026,DLTLLY,2026-06-21,https://www.youtube.com/watch?v=K8Cz4FHQYE0,50910,K8Cz4FHQYE0,One Night Stand Hannover,Skipped historical notification backlog during repair 2026-10-08T21:01:31.473249+00:00
FYNN,WANDELBARZ,,,,Accapella,2026,FOB,2026-06-19,https://www.youtube.com/watch?v=__M8b36irRg,18037,__M8b36irRg,RAP BATTLE,Skipped historical notification backlog during repair 2026-10-08T21:01:31.473249+00:00
Bault,Kriso,,,,Accapella,2026,DLTLLY,2026-06-18,https://www.youtube.com/watch?v=wgpHn5IV4Ok,14865,wgpHn5IV4Ok,One Night Stand Hannover,Skipped historical notification backlog during repair 2026-10-08T21:01:31.473249+00:00
Schote,Lucs,,,,On Beat,2026,DLTLLY,2026-06-16,https://www.youtube.com/watch?v=ejqd2c-fPuc,13706,ejqd2c-fPuc,Stuttgart,Skipped historical notification backlog during repair 2026-10-08T21:01:31.473249+00:00
Vyrus,Davie Jones,,,,Accapella,2026,DLTLLY,2026-06-14,https://www.youtube.com/watch?v=qcgfwnvNCb4,5116,qcgfwnvNCb4,Das Interview zum Battle One Night Stand Hannover,Skipped historical notification backlog during repair 2026-10-08T21:01:31.473249+00:00
Vyrus,Davie Jones,,,,Accapella,2026,DLTLLY,2026-06-14,https://www.youtube.com/watch?v=sL8zsLGBnpg,62778,sL8zsLGBnpg,One Night Stand Hannover,Skipped historical notification backlog during repair 2026-10-08T21:01:31.473249+00:00
MC GEUNER,BAULT,,,,Accapella,2026,FOB,2026-06-12,https://www.youtube.com/watch?v=TsKszFVq5rQ,17008,TsKszFVq5rQ,RAP BATTLE,Skipped historical notification backlog during repair 2026-10-08T21:01:31.473249+00:00
RIESENLAUCH,BAULT,,,,Accapella,2026,FOB,2026-06-07,https://www.youtube.com/watch?v=oeoN1BPA2jc,3497,oeoN1BPA2jc,FACE-OFF,Skipped historical notification backlog during repair 2026-10-08T21:01:31.473249+00:00
Wolff,Karkobi,,,,Accapella,2026,DLTLLY,2026-06-07,https://www.youtube.com/watch?v=LWug3_KKfq8,43738,LWug3_KKfq8,Stuttgart,Skipped historical notification backlog during repair 2026-10-08T21:01:31.473249+00:00
Wolff,Karkobi,,,,Accapella,2026,DLTLLY,2026-06-07,https://www.youtube.com/watch?v=KSOeIX1ebvA,5507,KSOeIX1ebvA,Das Interview zum Battle Stuttgart,Skipped historical notification backlog during repair 2026-10-08T21:01:31.473249+00:00
BDAD,NEILZ,,,,Accapella,2026,FOB,2026-06-05,https://www.youtube.com/watch?v=B17aVZQSv0s,45031,B17aVZQSv0s,RAP BATTLE,Skipped historical notification backlog during repair 2026-10-08T21:01:31.473249+00:00
Phasenkind,Requiem,,,,On Beat,2026,DLTLLY,2026-06-04,https://www.youtube.com/watch?v=UJ8mDq0AL2g,42524,UJ8mDq0AL2g,AufTakt Turnier Viertelfinale,Skipped historical notification backlog during repair 2026-10-08T21:01:31.473249+00:00
BX,Jäl,,,,Accapella,2026,DLTLLY,2026-05-31,https://www.youtube.com/watch?v=xEvCsDglOzY,13915,xEvCsDglOzY,Stuttgart,Skipped historical notification backlog during repair 2026-10-08T21:01:31.473249+00:00
KITANA,WOLFF,,,,Accapella,2026,FOB,2026-05-31,https://www.youtube.com/watch?v=aLwVHJV0fbU,18441,aLwVHJV0fbU,FACE-OFF,Skipped historical notification backlog during repair 2026-10-08T21:01:31.473249+00:00
OREGANO,DANNY DEADWEIGHT,,,,Accapella,2026,FOB,2026-05-29,https://www.youtube.com/watch?v=pKNO2GcnXLY,37418,pKNO2GcnXLY,RAP BATTLE,Skipped historical notification backlog during repair 2026-10-08T21:01:31.473249+00:00
Kitana,Liuz,,,,On Beat,2026,DLTLLY,2026-05-28,https://www.youtube.com/watch?v=2SWOJoAL_eo,54419,2SWOJoAL_eo,AufTakt Turnier Viertelfinale,Skipped historical notification backlog during repair 2026-10-08T21:01:31.473249+00:00
Burst + T-Way,Baretta + Valik,,,,Accapella,2026,DLTLLY,2026-05-24,https://www.youtube.com/watch?v=r_VnKhLvPLE,9166,r_VnKhLvPLE,2on2 Stuttgart,Skipped historical notification backlog during repair 2026-10-08T21:01:31.473249+00:00
MZUDEMK,JÄL,,,,Accapella,2026,FOB,2026-05-24,https://www.youtube.com/watch?v=RVKuk3aPKtk,17732,RVKuk3aPKtk,FACE-OFF,Skipped historical notification backlog during repair 2026-10-08T21:01:31.473249+00:00
AMS,KARKOBI,,,,Accapella,2026,FOB,2026-05-22,https://www.youtube.com/watch?v=ZKuC5GjmQgE,18143,ZKuC5GjmQgE,RAP BATTLE,Skipped historical notification backlog during repair 2026-10-08T21:01:31.473249+00:00
Shortworth,Kid Soldier,,,,Accapella,2026,DLTLLY,2026-05-22,https://www.youtube.com/watch?v=HwwG26qxNVE,10033,HwwG26qxNVE,Battlerap.de,Skipped historical notification backlog during repair 2026-10-08T21:01:31.473249+00:00
Real Deal,Marlo,,,,Accapella,2026,DLTLLY,2026-05-22,https://www.youtube.com/watch?v=SWGILQ1S7kM,14431,SWGILQ1S7kM,Battlerap.de,Skipped historical notification backlog during repair 2026-10-08T21:01:31.473249+00:00
Hiding John,Kato,,,,Accapella,2026,DLTLLY,2026-05-22,https://www.youtube.com/watch?v=XFWQxZKp2Js,36194,XFWQxZKp2Js,Battlerap.de,Skipped historical notification backlog during repair 2026-10-08T21:01:31.473249+00:00
Neilz,Joseph Steinschleuder,,,,Accapella,2026,DLTLLY,2026-05-22,https://www.youtube.com/watch?v=HoBsRdYeJrk,26824,HoBsRdYeJrk,Battlerap.de,Skipped historical notification backlog during repair 2026-10-08T21:01:31.473249+00:00
Yuah,Aladin,,,,On Beat,2026,DLTLLY,2026-05-21,https://www.youtube.com/watch?v=lW-orRYSMn4,29829,lW-orRYSMn4,AufTakt Turnier Viertelfinale,Skipped historical notification backlog during repair 2026-10-08T21:01:31.473249+00:00
MECHTHILD,GENEROUSISI,,,,Accapella,2026,FOB,2026-05-20,https://www.youtube.com/watch?v=8dCkX2KFzHg,2959,8dCkX2KFzHg,RAP BATTLE,Skipped historical notification backlog during repair 2026-10-08T21:01:31.473249+00:00
Niza + Karma,Ryko + LuckyLily,,,,Accapella,2026,DLTLLY,2026-05-17,https://www.youtube.com/watch?v=okfrjaroqdY,17289,okfrjaroqdY,Das Interview zum Battle,Skipped historical notification backlog during repair 2026-10-08T21:01:31.473249+00:00
Niza + Karma,Ryko + LuckyLily,,,,Accapella,2026,DLTLLY,2026-05-17,https://www.youtube.com/watch?v=-72s30AKbkY,101176,-72s30AKbkY,2on2 Frankfurt,Skipped historical notification backlog during repair 2026-10-08T21:01:31.473249+00:00
Andres Kaliba,MzudemK,,,,On Beat,2026,DLTLLY,2026-05-14,https://www.youtube.com/watch?v=aNn9ez8LvT8,140517,aNn9ez8LvT8,AufTakt Turnier Viertelfinale,Skipped historical notification backlog during repair 2026-10-08T21:01:31.473249+00:00
STYLZ,LAVANDIA,,,,Accapella,2026,FOB,2026-05-12,https://www.youtube.com/watch?v=udRBn6CgHPM,2161,udRBn6CgHPM,RAP BATTLE,Skipped historical notification backlog during repair 2026-10-08T21:01:31.473249+00:00
Mikesh,Kato,,,,Accapella,2026,DLTLLY,2026-05-10,https://www.youtube.com/watch?v=piqxjN77la8,145542,piqxjN77la8,Frankfurt,Skipped historical notification backlog during repair 2026-10-08T21:01:31.473249+00:00
Mikesh,Kato,,,,Accapella,2026,DLTLLY,2026-05-10,https://www.youtube.com/watch?v=52EI0IaValk,25945,52EI0IaValk,Das Interview zum Battle,Skipped historical notification backlog during repair 2026-10-08T21:01:31.473249+00:00
FYNN,HARLEM T,,,,Accapella,2026,FOB,2026-05-08,https://www.youtube.com/watch?v=CyB2-D2_7JQ,11536,CyB2-D2_7JQ,RAP BATTLE,Skipped historical notification backlog during repair 2026-10-08T21:01:31.473249+00:00
Tao,Lavas,,,,On Beat,2025,DLTLLY,2026-05-05,https://www.youtube.com/watch?v=3Bl_imkNaS4,12197,3Bl_imkNaS4,Proving Grounds Only 2025,Skipped historical notification backlog during repair 2026-10-08T21:01:31.473249+00:00
Gregpipe + Patrick Enemy,Ano-nym + Karkobi,,,,Accapella,2026,DLTLLY,2026-05-03,https://www.youtube.com/watch?v=31wUPlvyB50,14089,31wUPlvyB50,Das Interview zum Battle,Skipped historical notification backlog during repair 2026-10-08T21:01:31.473249+00:00
Gregpipe + Patrick Enemy,Ano-nym + Karkobi,,,,Accapella,2026,DLTLLY,2026-05-03,https://www.youtube.com/watch?v=2n-m5WBeBcg,93233,2n-m5WBeBcg,2on2 Frankfurt,Skipped historical notification backlog during repair 2026-10-08T21:01:31.473249+00:00
TEACH,JEPAIN,,,,Accapella,2026,FOB,2026-05-01,https://www.youtube.com/watch?v=xcwMwQtWUIU,3745,xcwMwQtWUIU,RAP BATTLE,Skipped historical notification backlog during repair 2026-10-08T21:01:31.473249+00:00
Yumi,Lyt,,,,On Beat,2025,DLTLLY,2026-04-30,https://www.youtube.com/watch?v=ciHXMFAoN-o,7312,ciHXMFAoN-o,Proving Grounds Only 2025,Skipped historical notification backlog during repair 2026-10-08T21:01:31.473249+00:00
Rool,Malik,,,,Accapella,2026,DLTLLY,2026-04-28,https://www.youtube.com/watch?v=4JL8V9Pt50A,5716,4JL8V9Pt50A,Proving Grounds,Skipped historical notification backlog during repair 2026-10-08T21:01:31.473249+00:00
Karanova,Meidi,,,,Accapella,2026,DLTLLY,2026-04-26,https://www.youtube.com/watch?v=jaONe5sI0HE,101878,jaONe5sI0HE,Frankfurt,Skipped historical notification backlog during repair 2026-10-08T21:01:31.473249+00:00
Karanova,Meidi,,,,Accapella,2026,DLTLLY,2026-04-26,https://www.youtube.com/watch?v=pO_MEo9fCwA,15338,pO_MEo9fCwA,Das Interview zum Battle,Skipped historical notification backlog during repair 2026-10-08T21:01:31.473249+00:00
MUSIO,DER SANDMANN,,,,Accapella,2026,FOB,2026-04-24,https://www.youtube.com/watch?v=SAXHRzyTTSY,6010,SAXHRzyTTSY,RAP BATTLE,Skipped historical notification backlog during repair 2026-10-08T21:01:31.473249+00:00
Maxman,Pusha,,,,On Beat,2025,DLTLLY,2026-04-23,https://www.youtube.com/watch?v=nqRPp2OhT5E,4969,nqRPp2OhT5E,Proving Grounds Only 2025,Skipped historical notification backlog during repair 2026-10-08T21:01:31.473249+00:00
Big Lion,Nour,,,,Accapella,2026,DLTLLY,2026-04-21,https://www.youtube.com/watch?v=8NaMnrNKzVo,7122,8NaMnrNKzVo,Proving Grounds,Skipped historical notification backlog during repair 2026-10-08T21:01:31.473249+00:00
Fate,Young Kennedy,,,,Accapella,2026,DLTLLY,2026-04-19,https://www.youtube.com/watch?v=9yw56D1lhcY,15753,9yw56D1lhcY,Frankfurt,Skipped historical notification backlog during repair 2026-10-08T21:01:31.473249+00:00
TEACH,RIESENLAUCH,,,,Accapella,2026,FOB,2026-04-17,https://www.youtube.com/watch?v=lDF9dH1LFXw,6639,lDF9dH1LFXw,RAP BATTLE,Skipped historical notification backlog during repair 2026-10-08T21:01:31.473249+00:00
Stormy,FEEL.ikx,,,,On Beat,2025,DLTLLY,2026-04-16,https://www.youtube.com/watch?v=6lUlDGvcq8U,4416,6lUlDGvcq8U,Proving Grounds Only 2025,Skipped historical notification backlog during repair 2026-10-08T21:01:31.473249+00:00
Der Sergeant,Mazzikaner,,,,On Beat,2025,DLTLLY,2026-04-14,https://www.youtube.com/watch?v=oNawmdGv6_c,7451,oNawmdGv6_c,Proving Grounds Only 2025,Skipped historical notification backlog during repair 2026-10-08T21:01:31.473249+00:00
Vyrus,Aytee,,,,Accapella,2026,DLTLLY,2026-04-12,https://www.youtube.com/watch?v=2hvdEHwSlfI,24193,2hvdEHwSlfI,Interview zum Battle Berlin '26,Skipped historical notification backlog during repair 2026-10-08T21:01:31.473249+00:00
VYRUS,AYTEE,,,,On Beat,2026,DLTLLY,2026-04-12,https://www.youtube.com/watch?v=vizVXmWnlRM,202555,vizVXmWnlRM,🏆 TITLE MATCH 2026 🏆,Skipped historical notification backlog during repair 2026-10-08T21:01:31.473249+00:00
TAREK,LYT,,,,Accapella,2026,FOB,2026-04-10,https://www.youtube.com/watch?v=fIaTUgqGShM,3415,fIaTUgqGShM,TEXT-TAUSCH,Skipped historical notification backlog during repair 2026-10-08T21:01:31.473249+00:00
Broody,Ottik,,,,Accapella,2026,DLTLLY,2026-04-09,https://www.youtube.com/watch?v=pMpOA6WncXk,7406,pMpOA6WncXk,Proving Grounds,Skipped historical notification backlog during repair 2026-10-08T21:01:31.473249+00:00
Jepain,Capco Jones,,,,Accapella,2026,DLTLLY,2026-04-05,https://www.youtube.com/watch?v=xTFdaGQmQQI,8488,xTFdaGQmQQI,Kassel 2026,Skipped historical notification backlog during repair 2026-10-08T21:01:31.473249+00:00
DARKI,DOPA MANOR,,,,Accapella,2026,FOB,2026-04-03,https://www.youtube.com/watch?v=mYu6hRlxOqo,3660,mYu6hRlxOqo,RAP BATTLE,Skipped historical notification backlog during repair 2026-10-08T21:01:31.473249+00:00
Jilly,Tao,,,,Accapella,2026,DLTLLY,2026-04-02,https://www.youtube.com/watch?v=EdO7RtrbH0g,8110,EdO7RtrbH0g,Proving Grounds,Skipped historical notification backlog during repair 2026-10-08T21:01:31.473249+00:00
MC Gefühle,Roger Rapperer,,,,Accapella,2026,DLTLLY,2026-03-31,https://www.youtube.com/watch?v=s_mAiyK4VC4,6510,s_mAiyK4VC4,Zürich,Skipped historical notification backlog during repair 2026-10-08T21:01:31.473249+00:00
Neilz,Indoor Stan,,,,Accapella,2026,DLTLLY,2026-03-29,https://www.youtube.com/watch?v=jfV8k2d7IKs,52449,jfV8k2d7IKs,Kassel 2026,Skipped historical notification backlog during repair 2026-10-08T21:01:31.473249+00:00
GERRO,FYNN,,,,Accapella,2026,FOB,2026-03-27,https://www.youtube.com/watch?v=ByKkUYVQTUg,8385,ByKkUYVQTUg,RAP BATTLE,Skipped historical notification backlog during repair 2026-10-08T21:01:31.473249+00:00
LAB,24Dias,,,,Accapella,2026,DLTLLY,2026-03-26,https://www.youtube.com/watch?v=2qfsQ-xhVeo,4990,2qfsQ-xhVeo,Zürich,Skipped historical notification backlog during repair 2026-10-08T21:01:31.473249+00:00
Yuah,Ticc,,,,On Beat,2026,DLTLLY,2026-03-22,https://www.youtube.com/watch?v=qbtd7vypKFs,74141,qbtd7vypKFs,AufTakt Turnier Achtelfinale,Skipped historical notification backlog during repair 2026-10-08T21:01:31.473249+00:00
PHASENKIND,CALLI,,,,Accapella,2026,FOB,2026-03-20,https://www.youtube.com/watch?v=jP7NNrIsUok,25866,jP7NNrIsUok,RAP BATTLE,Skipped historical notification backlog during repair 2026-10-08T21:01:31.473249+00:00
Shorteh Taunton,Phasenkind,,,,On Beat,2026,DLTLLY,2026-03-19,https://www.youtube.com/watch?v=1GTBGIhTlnM,36923,1GTBGIhTlnM,AufTakt Turnier Achtelfinale,Skipped historical notification backlog during repair 2026-10-08T21:01:31.473249+00:00
Rager,Liuz,,,,On Beat,2026,DLTLLY,2026-03-17,https://www.youtube.com/watch?v=-1qXIraxtxg,19285,-1qXIraxtxg,AufTakt Turnier Achtelfinale,Skipped historical notification backlog during repair 2026-10-08T21:01:31.473249+00:00
SA7VA,PURP DIVISION,,,,Accapella,2026,FOB,2026-03-15,https://www.youtube.com/watch?v=Rwuy2cTGVAk,2083,Rwuy2cTGVAk,RAP BATTLE,Skipped historical notification backlog during repair 2026-10-08T21:01:31.473249+00:00
Kitana,Lex177,,,,On Beat,2026,DLTLLY,2026-03-15,https://www.youtube.com/watch?v=N2oySb3MHQM,72194,N2oySb3MHQM,🎤,Skipped historical notification backlog during repair 2026-10-08T21:01:31.473249+00:00
MORGANA,"ALLE (AMS, T-WAY, BARETTA, GENEROUSISI)",,,,Accapella,2026,FOB,2026-03-13,https://www.youtube.com/watch?v=-joYyO0kdc4,15513,-joYyO0kdc4,RAP BATTLE,Skipped historical notification backlog during repair 2026-10-08T21:01:31.473249+00:00
Aladin,Emenes,,,,On Beat,2026,DLTLLY,2026-03-13,https://www.youtube.com/watch?v=Z4Hsh4zO-ZM,28913,Z4Hsh4zO-ZM,AufTakt Turnier Achtelfinale,Skipped historical notification backlog during repair 2026-10-08T21:01:31.473249+00:00
Requiem,Jioni,,,,On Beat,2026,DLTLLY,2026-03-11,https://www.youtube.com/watch?v=w8F4A98RGS8,23352,w8F4A98RGS8,AufTakt Turnier Achtelfinale,Skipped historical notification backlog during repair 2026-10-08T21:01:31.473249+00:00
David Ardor,Der Sandmann,,,,Accapella,2026,DLTLLY,2026-03-09,https://www.youtube.com/watch?v=fHaEDXoca-o,5491,fHaEDXoca-o,Proving Grounds,Skipped historical notification backlog during repair 2026-10-08T21:01:31.473249+00:00
Papi Schlauch,Kiruma,,,,Accapella,2026,DLTLLY,2026-03-09,https://www.youtube.com/watch?v=RfzJa_Z8iyQ,5183,RfzJa_Z8iyQ,Das Interview zum Battle Kassel 2026,Skipped historical notification backlog during repair 2026-10-08T21:01:31.473249+00:00
JÄL,VON FELIX,,,,Accapella,2026,FOB,2026-03-08,https://www.youtube.com/watch?v=uKR88ylR1Vc,24851,uKR88ylR1Vc,RAP BATTLE,Skipped historical notification backlog during repair 2026-10-08T21:01:31.473249+00:00
Papi Schlauch,Kiruma,,,,Accapella,2026,DLTLLY,2026-03-08,https://www.youtube.com/watch?v=E8cP9xoVsCU,58479,E8cP9xoVsCU,Kassel 2026,Skipped historical notification backlog during repair 2026-10-08T21:01:31.473249+00:00
Morgana,Yuah,,,,On Beat,2025,DLTLLY,2026-03-07,https://www.youtube.com/watch?v=NxlVkP2VFLU,19067,NxlVkP2VFLU,Battlerap Taxi BDay Bash 2025,Skipped historical notification backlog during repair 2026-10-08T21:01:31.473249+00:00
VYRUS,MZUDEMK,,,,Accapella,2026,FOB,2026-03-06,https://www.youtube.com/watch?v=JKbzDt5CgH0,183683,JKbzDt5CgH0,RAP BATTLE,Skipped historical notification backlog during repair 2026-10-08T21:01:31.473249+00:00
Yuah,Zeptah,,,,On Beat,2025,DLTLLY,2026-03-06,https://www.youtube.com/watch?v=O7XAXsCXZj0,24329,O7XAXsCXZj0,Feel Festival 2025,Skipped historical notification backlog during repair 2026-10-08T21:01:31.473249+00:00
Neilz,Notyzze,,,,Accapella,2026,DLTLLY,2026-03-05,https://www.youtube.com/watch?v=lKlvY2CP-Fw,26228,lKlvY2CP-Fw,Hamburg,Skipped historical notification backlog during repair 2026-10-08T21:01:31.473249+00:00
JAVAS,LUI,,,,Accapella,2026,FOB,2026-03-04,https://www.youtube.com/watch?v=8-w81NCjNCw,1823,8-w81NCjNCw,RAP BATTLE,Skipped historical notification backlog during repair 2026-10-08T21:01:31.473249+00:00
CALLI,ANDRES KALIBA,,,,Accapella,2026,DLTLLY,2026-03-03,https://www.youtube.com/watch?v=Xby5r0dfMg4,16527,Xby5r0dfMg4,AufTakt Turnier Achtelfinale,skipped historical backfill
Nastic,MzudemK,,,,On Beat,2026,DLTLLY,2026-03-01,https://www.youtube.com/watch?v=ofXnIpxuD5Q,107368,ofXnIpxuD5Q,AufTakt - Das Battlerap-Turnier,Skipped historical notification backlog during repair 2026-10-08T21:01:31.473249+00:00
ZEPTAH,TICC,,,,Accapella,2026,FOB,2026-02-27,https://www.youtube.com/watch?v=ZPPU1i7ktus,62773,ZPPU1i7ktus,RAP BATTLE,Skipped historical notification backlog during repair 2026-10-08T21:01:31.473249+00:00
Young Kennedy,Aladin,,,,On Beat,2025,DLTLLY,2026-02-26,https://www.youtube.com/watch?v=nnRbVliegmw,8815,nnRbVliegmw,Proving Grounds Only 2025,Skipped historical notification backlog during repair 2026-10-08T21:01:31.473249+00:00
Rager,Yuah,,,,On Beat,2026,DLTLLY,2026-02-24,https://www.youtube.com/watch?v=fODwwlJUTnM,12996,fODwwlJUTnM,Proving Grounds Only ´25,Skipped historical notification backlog during repair 2026-10-08T21:01:31.473249+00:00
Notyzze,Robscure,,,,Accapella,2026,DLTLLY,2026-02-22,https://www.youtube.com/watch?v=FoRNSLmihwk,35427,FoRNSLmihwk,Kassel 2026,Skipped historical notification backlog during repair 2026-10-08T21:01:31.473249+00:00
Aladin,Mighty P,,,,On Beat,2025,DLTLLY,2026-02-21,https://www.youtube.com/watch?v=1LNFby1VNu0,7866,1LNFby1VNu0,Battlerap Taxi BDay Bash 2025,Skipped historical notification backlog during repair 2026-10-08T21:01:31.473249+00:00
CIPHER,MOKO,,,,Accapella,2026,FOB,2026-02-20,https://www.youtube.com/watch?v=dJ8CEOmL608,2833,dJ8CEOmL608,RAP BATTLE,Skipped historical notification backlog during repair 2026-10-08T21:01:31.473249+00:00
Jäl,Mellow,,,,Accapella,2026,DLTLLY,2026-02-15,https://www.youtube.com/watch?v=WXIuer5Oml4,16576,WXIuer5Oml4,🗣,Skipped historical notification backlog during repair 2026-10-08T21:01:31.473249+00:00
ZATO,H1,,,,Accapella,2026,FOB,2026-02-13,https://www.youtube.com/watch?v=MuUfSc36_6U,12925,MuUfSc36_6U,RAP BATTLE,Skipped historical notification backlog during repair 2026-10-08T21:01:31.473249+00:00
Riesenlauch,MC Geuner,,,,Accapella,2026,DLTLLY,2026-02-08,https://www.youtube.com/watch?v=5sxyiKeEYNs,40453,5sxyiKeEYNs,Dissember 9,Skipped historical notification backlog during repair 2026-10-08T21:01:31.473249+00:00
MAVERICK MILES,L-SUPREMA,,,,Accapella,2026,FOB,2026-02-06,https://www.youtube.com/watch?v=rfY5kj8srUY,6680,rfY5kj8srUY,RAP BATTLE,Skipped historical notification backlog during repair 2026-10-08T21:01:31.473249+00:00
Fate,Shortworth,,,,Accapella,2026,DLTLLY,2026-02-01,https://www.youtube.com/watch?v=aCCscEorf2w,29406,aCCscEorf2w,Dissember 9,Skipped historical notification backlog during repair 2026-10-08T21:01:31.473249+00:00
RICOCHET,SILVER,,,,Accapella,2026,FOB,2026-02-01,https://www.youtube.com/watch?v=ekmefY3pxG0,4073,ekmefY3pxG0,RAP BATTLE,Skipped historical notification backlog during repair 2026-10-08T21:01:31.473249+00:00
GEMIN1,JOSEPH STEINSCHLEUDER,,,,Accapella,2026,FOB,2026-01-30,https://www.youtube.com/watch?v=ka-zuxLIE_A,27595,ka-zuxLIE_A,ENGLISH,Skipped historical notification backlog during repair 2026-10-08T21:01:31.473249+00:00
Meidi,Robscure,,,,Accapella,2025,DLTLLY,2026-01-25,https://www.youtube.com/watch?v=wmnWMO8RvBQ,61692,wmnWMO8RvBQ,München 2025,Skipped historical notification backlog during repair 2026-10-08T21:01:31.473249+00:00
Meidi,Robscure,,,,Accapella,2026,DLTLLY,2026-01-25,https://www.youtube.com/watch?v=YMvNjnH6hbQ,10509,YMvNjnH6hbQ,Das Interview zum Battle,Skipped historical notification backlog during repair 2026-10-08T21:01:31.473249+00:00
BURST & T-WAY,HIDING JOHN & HEINZ87,,,,Accapella,2026,FOB,2026-01-23,https://www.youtube.com/watch?v=zjRJDG0Xn_Q,18047,zjRJDG0Xn_Q,RAP BATTLE,Skipped historical notification backlog during repair 2026-10-08T21:01:31.473249+00:00
Ripa,Hoodoo,,,,Accapella,2026,DLTLLY,2026-01-22,https://www.youtube.com/watch?v=4nEjyUsmMvg,4203,4nEjyUsmMvg,Proving Grounds,Skipped historical notification backlog during repair 2026-10-08T21:01:31.473249+00:00
Dyas,Baretta,,,,On Beat,2025,DLTLLY,2026-01-20,https://www.youtube.com/watch?v=LkTHgzc4mwg,6717,LkTHgzc4mwg,Battlerap Taxi BDay Bash 2025,Skipped historical notification backlog during repair 2026-10-08T21:01:31.473249+00:00
Jäl,Frozen,,,,Accapella,2026,DLTLLY,2026-01-18,https://www.youtube.com/watch?v=Z9mdqmXnDnM,12298,Z9mdqmXnDnM,could not identify event,Skipped historical notification backlog during repair 2026-10-08T21:01:31.473249+00:00
KATER99,SA7VA,,,,Accapella,2026,FOB,2026-01-16,https://www.youtube.com/watch?v=6ExQMS0Po20,3753,6ExQMS0Po20,RAP BATTLE,Skipped historical notification backlog during repair 2026-10-08T21:01:31.473249+00:00
Dascha,Mave,,,,Accapella,2026,DLTLLY,2026-01-13,https://www.youtube.com/watch?v=P8bFGQP2P4k,28496,P8bFGQP2P4k,Hamburg,Skipped historical notification backlog during repair 2026-10-08T21:01:31.473249+00:00
Davie Jones,Kitana,,,,Accapella,2025,DLTLLY,2026-01-11,https://www.youtube.com/watch?v=lg04k4t6rmQ,94660,lg04k4t6rmQ,München 2025,Skipped historical notification backlog during repair 2026-10-08T21:01:31.473249+00:00
MÄST,TESSTIMONY,,,,Accapella,2026,FOB,2026-01-11,https://www.youtube.com/watch?v=roEE44_9vT4,3927,roEE44_9vT4,RAP BATTLE,Skipped historical notification backlog during repair 2026-10-08T21:01:31.473249+00:00
Davie Jones,Kitana,,,,Accapella,2026,DLTLLY,2026-01-11,https://www.youtube.com/watch?v=cmdMkO1KqVI,13982,cmdMkO1KqVI,Das Interview zum Battle,Skipped historical notification backlog during repair 2026-10-08T21:01:31.473249+00:00
TAREK,MAMO,,,,Accapella,2026,FOB,2026-01-09,https://www.youtube.com/watch?v=7u4sLILDFkg,4126,7u4sLILDFkg,RAP BATTLE,Skipped historical notification backlog during repair 2026-10-08T21:01:31.473249+00:00
Notyzze,Yuah,,,,Accapella,2026,DLTLLY,2026-01-09,https://www.youtube.com/watch?v=MxPNjKWA7vM,20890,MxPNjKWA7vM,Das Finale Battlerap-Taxi Bday Bash 🔥,skipped historical backfill
Shizu,Requiem,,,,Accapella,2025,DLTLLY,2026-01-04,https://www.youtube.com/watch?v=G58OamfHFF4,31868,G58OamfHFF4,München 2025,Skipped historical notification backlog during repair 2026-10-08T21:01:31.473249+00:00
MOODY,WANDELBARZ,,,,Accapella,2026,FOB,2026-01-02,https://www.youtube.com/watch?v=3PKu2m4H8vc,10331,3PKu2m4H8vc,RAP BATTLE,Skipped historical notification backlog during repair 2026-10-08T21:01:31.473249+00:00
SSYNIC,BEASTBOY #dltlly Duration:PT1M45S Uploaded:2025-12-31 Views:32184 Channel:DLTLLY,,,,Accapella,2025,DLTLLY,2025-12-31,https://www.youtube.com/watch?v=5Dh1E_ojpus,1782150,5Dh1E_ojpus,battlerap culture Thumbnail:https:,Skipped historical notification backlog during repair 2026-10-08T21:01:31.473249+00:00
BEASTBOY,SSYNIC,,,,Accapella,2025,DLTLLY,2025-12-28,https://www.youtube.com/watch?v=q6vZn31er_8,1310081,q6vZn31er_8,could not identify event,Skipped historical notification backlog during repair 2026-10-08T21:01:31.473249+00:00
Ssynic,Beastboy,,,,Accapella,2025,DLTLLY,2025-12-28,https://www.youtube.com/watch?v=9u3vcQdMjeU,271995,9u3vcQdMjeU,Das Interview zum Battle,Skipped historical notification backlog during repair 2026-10-08T21:01:31.473249+00:00
FAIVEL,CAPCO JONES,,,,Accapella,2025,FOB,2025-12-26,https://www.youtube.com/watch?v=qQDPoPyCtw0,7750,qQDPoPyCtw0,RAP BATTLE,Skipped historical notification backlog during repair 2026-10-08T21:01:31.473249+00:00
Young Kennedy,Gerro,,,,Accapella,2025,DLTLLY,2025-12-24,https://www.youtube.com/watch?v=w1eGiZ53t3o,15174,w1eGiZ53t3o,  München 2025,Skipped historical notification backlog during repair 2026-10-08T21:01:31.473249+00:00
F!O,DANDROID,,,,Accapella,2025,FOB,2025-12-24,https://www.youtube.com/watch?v=D1OHI0iDq4U,14507,D1OHI0iDq4U,RAP BATTLE,Skipped historical notification backlog during repair 2026-10-08T21:01:31.473249+00:00
Musio,Schlawin0r,,,,Accapella,2025,DLTLLY,2025-12-21,https://www.youtube.com/watch?v=yTmz0h0MajE,11327,yTmz0h0MajE,München 2025,Skipped historical notification backlog during repair 2026-10-08T21:01:31.473249+00:00
Allmani,Oudhini,,,,Accapella,2025,DLTLLY,2025-12-20,https://www.youtube.com/watch?v=WEm3ENIce48,6936,WEm3ENIce48,Zürich,Skipped historical notification backlog during repair 2026-10-08T21:01:31.473249+00:00
MERLIN,BONG TEGGY,,,,Accapella,2025,FOB,2025-12-19,https://www.youtube.com/watch?v=M15yikG8_wg,68024,M15yikG8_wg,RAP BATTLE,Skipped historical notification backlog during repair 2026-10-08T21:01:31.473249+00:00
Cashus K & Mazzikaner,Pennakind & Tyler Bourbon,,,,Accapella,2025,DLTLLY,2025-12-14,https://www.youtube.com/watch?v=xlg81_gzpa0,9302,xlg81_gzpa0,2on2 München,Skipped historical notification backlog during repair 2026-10-08T21:01:31.473249+00:00
ZATO,TRIPLE,,,,Accapella,2025,FOB,2025-12-14,https://www.youtube.com/watch?v=xkK9n7Et5mA,2835,xkK9n7Et5mA,FREESTYLE BATTLE,Skipped historical notification backlog during repair 2026-10-08T21:01:31.473249+00:00
DAVIE JONES,FATE,,,,Accapella,2025,FOB,2025-12-12,https://www.youtube.com/watch?v=7tsHTdjf1vo,21999,7tsHTdjf1vo,RAP BATTLE,Skipped historical notification backlog during repair 2026-10-08T21:01:31.473249+00:00
JÄL,VON FELIX,,,,Accapella,2025,FOB,2025-12-11,https://www.youtube.com/watch?v=1sloAOBJ7X0,4737,1sloAOBJ7X0,TRAILER,Skipped historical notification backlog during repair 2026-10-08T21:01:31.473249+00:00
JAMAIKA KLAUS,BARETTA,,,,Accapella,2025,FOB,2025-12-09,https://www.youtube.com/watch?v=lQLcEUQHcYs,4939,lQLcEUQHcYs,could not identify event,Skipped historical notification backlog during repair 2026-10-08T21:01:31.473249+00:00
JOSEPH STEINSCHLEUDER,CASHISCLAY,,,,Accapella,2025,FOB,2025-12-08,https://www.youtube.com/watch?v=nLAIi1shXNs,20160,nLAIi1shXNs,FREESTYLE,Skipped historical notification backlog during repair 2026-10-08T21:01:31.473249+00:00
Notyzze,Triple,,,,Accapella,2025,DLTLLY,2025-12-07,https://www.youtube.com/watch?v=l9g0AAt7q0E,23269,l9g0AAt7q0E,  München 2025,Skipped historical notification backlog during repair 2026-10-08T21:01:31.473249+00:00
CASHUS K,HERR SÖREN,,,,Accapella,2025,FOB,2025-12-06,https://www.youtube.com/watch?v=-cBzvbMHBzY,2202,-cBzvbMHBzY,RAP BATTLE,Skipped historical notification backlog during repair 2026-10-08T21:01:31.473249+00:00
BAULT,FYNN,,,,Accapella,2025,FOB,2025-12-05,https://www.youtube.com/watch?v=YuOlOphdUDk,27789,YuOlOphdUDk,RAP BATTLE,Skipped historical notification backlog during repair 2026-10-08T21:01:31.473249+00:00
ZATO,BARETTA,,,,Accapella,2025,FOB,2025-12-02,https://www.youtube.com/watch?v=LkbaM1tUn7w,7902,LkbaM1tUn7w,RAP BATTLE,Skipped historical notification backlog during repair 2026-10-08T21:01:31.473249+00:00
Riesenlauch,Frax One,,,,Accapella,2025,DLTLLY,2025-11-30,https://www.youtube.com/watch?v=UIn4teZtMTU,10481,UIn4teZtMTU,Zürich,Skipped historical notification backlog during repair 2026-10-08T21:01:31.473249+00:00
Saimon Disko,Lerou,,,,Accapella,2025,DLTLLY,2025-11-29,https://www.youtube.com/watch?v=HiTF8Df5bk0,5993,HiTF8Df5bk0,Zürich,Skipped historical notification backlog during repair 2026-10-08T21:01:31.473249+00:00
ENYO,JÄL,,,,Accapella,2025,FOB,2025-11-28,https://www.youtube.com/watch?v=ImLeWMYysh8,11334,ImLeWMYysh8,RAP BATTLE,Skipped historical notification backlog during repair 2026-10-08T21:01:31.473249+00:00
Morgana & Shizu,Mighty P & Lamin,,,,On Beat,2025,DLTLLY,2025-11-25,https://www.youtube.com/watch?v=32n-EysbDX4,10451,32n-EysbDX4,Splash Festival 2025,Skipped historical notification backlog during repair 2026-10-08T21:01:31.473249+00:00
Gregpipe,Meidi,,,,Accapella,2025,DLTLLY,2025-11-23,https://www.youtube.com/watch?v=jcY3FFWtCTs,153501,jcY3FFWtCTs,Bday 12,Skipped historical notification backlog during repair 2026-10-08T21:01:31.473249+00:00
Gregpipe,Meidi,,,,Accapella,2025,DLTLLY,2025-11-23,https://www.youtube.com/watch?v=Mlrf7lvO0Oo,14931,Mlrf7lvO0Oo,Das Interview zum Battle,Skipped historical notification backlog during repair 2026-10-08T21:01:31.473249+00:00
Nastic & Valik,Requiem & Frozen,,,,On Beat,2025,DLTLLY,2025-11-22,https://www.youtube.com/watch?v=xjEyfYb_hVA,6911,xjEyfYb_hVA,Feel '25,Skipped historical notification backlog during repair 2026-10-08T21:01:31.473249+00:00
VON FELIX,MZUDEMK,,,,Accapella,2025,FOB,2025-11-21,https://www.youtube.com/watch?v=khE4zsuxInQ,54272,khE4zsuxInQ,RAP BATTLE,Skipped historical notification backlog during repair 2026-10-08T21:01:31.473249+00:00
Calli,Quame65,,,,On Beat,2025,DLTLLY,2025-11-18,https://www.youtube.com/watch?v=Q61s3Q-OkLc,6747,Q61s3Q-OkLc,  Splash Festival 2025,Skipped historical notification backlog during repair 2026-10-08T21:01:31.473249+00:00
Joseph Steinschleuder,Duff,,,,Accapella,2025,DLTLLY,2025-11-16,https://www.youtube.com/watch?v=1J3FJJPZ4fc,53766,1J3FJJPZ4fc,  Bday 12,Skipped historical notification backlog during repair 2026-10-08T21:01:31.473249+00:00
VYRUS,KRISO,,,,Accapella,2025,FOB,2025-11-14,https://www.youtube.com/watch?v=qERNJ3ZjU08,15102,qERNJ3ZjU08,RAP BATTLE,Skipped historical notification backlog during repair 2026-10-08T21:01:31.473249+00:00
Faivel & Young Kennedy,Andres Kaliba & A.GE,,,,On Beat,2025,DLTLLY,2025-11-14,https://www.youtube.com/watch?v=rs_J2p-5Nxk,7175,rs_J2p-5Nxk,  Splash Festival 2025,Skipped historical notification backlog during repair 2026-10-08T21:01:31.473249+00:00
Aytee,Pablo,,,,On Beat,2025,DLTLLY,2025-11-09,https://www.youtube.com/watch?v=JGZ6QQPKibE,89274,JGZ6QQPKibE,  Bday 12,Skipped historical notification backlog during repair 2026-10-08T21:01:31.473249+00:00
BUNGEE,ADAM RIESE,,,,Accapella,2025,FOB,2025-11-07,https://www.youtube.com/watch?v=gWvK_yWD0Hk,2472,gWvK_yWD0Hk,RAP BATTLE,Skipped historical notification backlog during repair 2026-10-08T21:01:31.473249+00:00
SSYNIC,???,,,,Accapella,2025,DLTLLY,2025-11-03,https://www.youtube.com/watch?v=mHV0ECZZEz8,218724,mHV0ECZZEz8,06.12.2025 Berlin - DISSember 9,Skipped historical notification backlog during repair 2026-10-08T21:01:31.473249+00:00
El Cambio,Purp Division,,,,Accapella,2025,DLTLLY,2025-11-02,https://www.youtube.com/watch?v=TUTpf3Z3o9Q,6832,TUTpf3Z3o9Q,Zürich,Skipped historical notification backlog during repair 2026-10-08T21:01:31.473249+00:00
DER KATER,LUI,,,,Accapella,2025,FOB,2025-10-31,https://www.youtube.com/watch?v=hSQ1gJ0Oi2Y,2376,hSQ1gJ0Oi2Y,RAP BATTLE,Skipped historical notification backlog during repair 2026-10-08T21:01:31.473249+00:00
Bdad,Shizu,,,,Accapella,2025,DLTLLY,2025-10-26,https://www.youtube.com/watch?v=J0qDMBdgcGM,45944,J0qDMBdgcGM,  Bday 12,Skipped historical notification backlog during repair 2026-10-08T21:01:31.473249+00:00
KITANA,BDAD,,,,Accapella,2025,DLTLLY,2025-10-25,https://www.youtube.com/watch?v=TgW6YAp_izg,9417,TgW6YAp_izg,#,Skipped historical notification backlog during repair 2026-10-08T21:01:31.473249+00:00
MECHTHILD,TRIPLE,,,,Accapella,2025,FOB,2025-10-24,https://www.youtube.com/watch?v=5XXhcodxypE,4065,5XXhcodxypE,RAP BATTLE,Skipped historical notification backlog during repair 2026-10-08T21:01:31.473249+00:00
Leyla Lamour & Liuz,Ano-Nym & Grave40,,,,On Beat,2025,DLTLLY,2025-10-21,https://www.youtube.com/watch?v=B2Lew8ozYmY,17710,B2Lew8ozYmY,Splash Festival 2025,Skipped historical notification backlog during repair 2026-10-08T21:01:31.473249+00:00
Yuah & LuckyLily,Gerro & Tokz,,,,On Beat,2025,DLTLLY,2025-10-19,https://www.youtube.com/watch?v=RwBm7UZ77zI,26488,RwBm7UZ77zI,Splash! Festival,Skipped historical notification backlog during repair 2026-10-08T21:01:31.473249+00:00
ADY ASADICT,EMSTACC,,,,Accapella,2025,FOB,2025-10-17,https://www.youtube.com/watch?v=P4rUdIq44Go,2525,P4rUdIq44Go,RAP BATTLE,Skipped historical notification backlog during repair 2026-10-08T21:01:31.473249+00:00
Mordrake,Despo,,,,On Beat,2025,DLTLLY,2025-10-16,https://www.youtube.com/watch?v=SsMrGSWEH3k,8191,SsMrGSWEH3k,Taped!,Skipped historical notification backlog during repair 2026-10-08T21:01:31.473249+00:00
Ano-Nym,Vyrus,,,,Accapella,2025,DLTLLY,2025-10-12,https://www.youtube.com/watch?v=9TFVhqPyL68,14169,9TFVhqPyL68,INTERVIEW 12th Bday,Skipped historical notification backlog during repair 2026-10-08T21:01:31.473249+00:00
Ano-Nym,Vyrus,,,,On Beat,2025,DLTLLY,2025-10-12,https://www.youtube.com/watch?v=-z0hxHuJbOc,100656,-z0hxHuJbOc,TITLE CONTENDERMATCH 12th Bday,Skipped historical notification backlog during repair 2026-10-08T21:01:31.473249+00:00
FYNN,DYAS,,,,Accapella,2025,FOB,2025-10-10,https://www.youtube.com/watch?v=N7Esy4XcFy0,5301,N7Esy4XcFy0,RAP BATTLE,Skipped historical notification backlog during repair 2026-10-08T21:01:31.473249+00:00
Dizaster,Gemin1,,,,Accapella,2025,DLTLLY,2025-10-05,https://www.youtube.com/watch?v=ENLOY68s_Uc,81573,ENLOY68s_Uc,Berlin,Skipped historical notification backlog during repair 2026-10-08T21:01:31.473249+00:00
Dizaster,Gemin1,,,,Accapella,2025,DLTLLY,2025-10-05,https://www.youtube.com/watch?v=rg4vAZ-6uzs,5081,rg4vAZ-6uzs,"INTERVIEW Berlin, 12th Birthday Event",Skipped historical notification backlog during repair 2026-10-08T21:01:31.473249+00:00
MAC,FÄNNO,,,,Accapella,2025,FOB,2025-10-05,https://www.youtube.com/watch?v=wJEEjaUDmU0,2871,wJEEjaUDmU0,RAP BATTLE,Skipped historical notification backlog during repair 2026-10-08T21:01:31.473249+00:00
BAULT,SA7VA,,,,Accapella,2025,FOB,2025-10-03,https://www.youtube.com/watch?v=4986AsKH2yY,4882,4986AsKH2yY,RAP BATTLE,Skipped historical notification backlog during repair 2026-10-08T21:01:31.473249+00:00
BlaDesa,Calli,,,,Accapella,2025,DLTLLY,2025-09-30,https://www.youtube.com/watch?v=rUTpW0OuRUQ,21204,rUTpW0OuRUQ,Tapefabrik,Skipped historical notification backlog during repair 2026-10-08T21:01:31.473249+00:00
BlaDesa,Calli,,,,Accapella,2025,DLTLLY,2025-09-30,https://www.youtube.com/watch?v=oWDx4eWUlvI,2418,oWDx4eWUlvI,INTERVIEW Tapefabrik,Skipped historical notification backlog during repair 2026-10-08T21:01:31.473249+00:00
Kato & Ryko J,CashisClay & 4Tune,,,,Accapella,2025,DLTLLY,2025-09-28,https://www.youtube.com/watch?v=rRlHL7A6GsY,22136,rRlHL7A6GsY,  Splash 2025!,Skipped historical notification backlog during repair 2026-10-08T21:01:31.473249+00:00
TOBO,JAVAS,,,,Accapella,2025,FOB,2025-09-26,https://www.youtube.com/watch?v=aS2dhmR_Q9U,3664,aS2dhmR_Q9U,RAP BATTLE,Skipped historical notification backlog during repair 2026-10-08T21:01:31.473249+00:00
Lara Soft,Freezy,,,,Accapella,2025,DLTLLY,2025-09-23,https://www.youtube.com/watch?v=_luCDi3t-3w,17648,_luCDi3t-3w,Taped!,Skipped historical notification backlog during repair 2026-10-08T21:01:31.473249+00:00
Fate & Sh@wdy Sh@f,Cashus K & Mazzikaner,,,,Accapella,2025,DLTLLY,2025-09-21,https://www.youtube.com/watch?v=r794ZPxMINc,43420,r794ZPxMINc,Feel,Skipped historical notification backlog during repair 2026-10-08T21:01:31.473249+00:00
TOMMY GUN,T-WAY,,,,Accapella,2025,FOB,2025-09-19,https://www.youtube.com/watch?v=w61w1samU4k,4622,w61w1samU4k,RAP BATTLE,Skipped historical notification backlog during repair 2026-10-08T21:01:31.473249+00:00
Jepain,Papa TR,,,,Accapella,2025,DLTLLY,2025-09-14,https://www.youtube.com/watch?v=Q8hyICBnNQI,12309,Q8hyICBnNQI,Freiburg,Skipped historical notification backlog during repair 2026-10-08T21:01:31.473249+00:00
MUSIO,TOLLSCHOCK,,,,Accapella,2025,FOB,2025-09-12,https://www.youtube.com/watch?v=XjPwbYieUQs,8451,XjPwbYieUQs,RAP BATTLE,Skipped historical notification backlog during repair 2026-10-08T21:01:31.473249+00:00
Capco Jonnes,Riesenlauch,,,,Accapella,2025,DLTLLY,2025-09-07,https://www.youtube.com/watch?v=nKZSBk5adnI,15204,nKZSBk5adnI,Freiburg,Skipped historical notification backlog during repair 2026-10-08T21:01:31.473249+00:00
RIMA,MANEK,,,,Accapella,2025,FOB,2025-09-07,https://www.youtube.com/watch?v=Wn_Tm08TPlo,4519,Wn_Tm08TPlo,RAP BATTLE,Skipped historical notification backlog during repair 2026-10-08T21:01:31.473249+00:00
FAIVEL,YUNA L,,,,Accapella,2025,FOB,2025-09-05,https://www.youtube.com/watch?v=J0nUHgX5410,10697,J0nUHgX5410,RAP BATTLE,Skipped historical notification backlog during repair 2026-10-08T21:01:31.473249+00:00
Bdad,Kato,,,,Accapella,2025,DLTLLY,2025-08-31,https://www.youtube.com/watch?v=BaWlVU_CqR0,9793,BaWlVU_CqR0,Das Interview,Skipped historical notification backlog during repair 2026-10-08T21:01:31.473249+00:00
BAULT,SILVER,,,,Accapella,2025,FOB,2025-08-31,https://www.youtube.com/watch?v=SzXSJYcHl80,6272,SzXSJYcHl80,RAP BATTLE,Skipped historical notification backlog during repair 2026-10-08T21:01:31.473249+00:00
Bdad,Kato,,,,Accapella,2025,DLTLLY,2025-08-30,https://www.youtube.com/watch?v=GpW1688ARg0,86191,GpW1688ARg0,Freiburg,Skipped historical notification backlog during repair 2026-10-08T21:01:31.473249+00:00
JIZI,KEULE257,,,,Accapella,2025,FOB,2025-08-29,https://www.youtube.com/watch?v=PlRe0-7MdtE,39511,PlRe0-7MdtE,RAP BATTLE,Skipped historical notification backlog during repair 2026-10-08T21:01:31.473249+00:00
BanDan,Aladin,,,,Accapella,2025,DLTLLY,2025-08-28,https://www.youtube.com/watch?v=MmlbdfDGL_M,8304,MmlbdfDGL_M,Wien,Skipped historical notification backlog during repair 2026-10-08T21:01:31.473249+00:00
L-SUPREMA,LYT,,,,Accapella,2025,FOB,2025-08-24,https://www.youtube.com/watch?v=f4lsqfYo37M,6533,f4lsqfYo37M,RAP BATTLE,Skipped historical notification backlog during repair 2026-10-08T21:01:31.473249+00:00
Shortworth,Ryko-J,,,,Accapella,2025,DLTLLY,2025-08-24,https://www.youtube.com/watch?v=smdHGVGCCF0,56983,smdHGVGCCF0,Freiburg,Skipped historical notification backlog during repair 2026-10-08T21:01:31.473249+00:00
LIUZ,DESPO,,,,Accapella,2025,FOB,2025-08-22,https://www.youtube.com/watch?v=22XkM2AtGc4,6691,22XkM2AtGc4,RAP BATTLE,Skipped historical notification backlog during repair 2026-10-08T21:01:31.473249+00:00
Frax One,Danny Deadweight,,,,Accapella,2025,DLTLLY,2025-08-21,https://www.youtube.com/watch?v=8DkFnov9Fow,5983,8DkFnov9Fow,Proving Grounds,Skipped historical notification backlog during repair 2026-10-08T21:01:31.473249+00:00
Notyzze,Yuah,,,,Accapella,2025,DLTLLY,2025-08-20,https://www.youtube.com/watch?v=rPs1RarY43I,20289,rPs1RarY43I,Freestyle Battle NRWeekend 8,Skipped historical notification backlog during repair 2026-10-08T21:01:31.473249+00:00
Duff,MC Geuner,,,,Accapella,2025,DLTLLY,2025-08-19,https://www.youtube.com/watch?v=A8B7NIVqUlg,21973,A8B7NIVqUlg,Freiburg,Skipped historical notification backlog during repair 2026-10-08T21:01:31.473249+00:00
TRIPLE,RALLE,,,,Accapella,2025,FOB,2025-08-17,https://www.youtube.com/watch?v=VlMReN-CMX0,3243,VlMReN-CMX0,RAP BATTLE,Skipped historical notification backlog during repair 2026-10-08T21:01:31.473249+00:00
Wolff,Hiding John,,,,Accapella,2025,DLTLLY,2025-08-17,https://www.youtube.com/watch?v=p46mDmjoHfg,96762,p46mDmjoHfg,Title Contender Match Freiburg,Skipped historical notification backlog during repair 2026-10-08T21:01:31.473249+00:00
Wolff,Hiding John,,,,Accapella,2025,DLTLLY,2025-08-17,https://www.youtube.com/watch?v=Jzkhb3vMSbQ,22153,Jzkhb3vMSbQ,INTERVIEW Contender Match Freiburg,skipped historical backfill
TICC,ROOL,,,,Accapella,2025,FOB,2025-08-15,https://www.youtube.com/watch?v=NyoxA5ATQ3w,23966,NyoxA5ATQ3w,RAP BATTLE,Skipped historical notification backlog during repair 2026-10-08T21:01:31.473249+00:00
Fate,Mordrake,,,,Accapella,2025,DLTLLY,2025-08-14,https://www.youtube.com/watch?v=qfTXrdF_80I,12991,qfTXrdF_80I,Wien,skipped historical backfill
TRACY,MZUDEMK,,,,Accapella,2025,FOB,2025-08-10,https://www.youtube.com/watch?v=QyQ2poDBDYM,33147,QyQ2poDBDYM,GAME CHANGER VIERTELFINALE,Skipped historical notification backlog during repair 2026-10-08T21:01:31.473249+00:00
FATE & SH@WDY SH@F,BAYZE & DIRTYSANCHEZ,,,,Accapella,2025,DLTLLY,2025-08-10,https://www.youtube.com/watch?v=wlonJvDRKGU,10409,wlonJvDRKGU,Interview Tapefabrik,skipped historical backfill
FATE & SH@WDY SH@F,BAYZE & DIRTYSANCHEZ,,,,Accapella,2025,DLTLLY,2025-08-10,https://www.youtube.com/watch?v=u2iGVMK4CsI,102677,u2iGVMK4CsI,Tapefabrik,skipped historical backfill
AMS,JÄL,,,,Accapella,2025,FOB,2025-08-09,https://www.youtube.com/watch?v=eZLTR2OLG7M,11601,eZLTR2OLG7M,GAME CHANGER VIERTELFINALE,Skipped historical notification backlog during repair 2026-10-08T21:01:31.473249+00:00
ENYO,DER SANDMANN,,,,Accapella,2025,FOB,2025-08-08,https://www.youtube.com/watch?v=IWWtO2HfY8g,10304,IWWtO2HfY8g,GAME CHANGER VIERTELFINALE,Skipped historical notification backlog during repair 2026-10-08T21:01:31.473249+00:00
Indoor Stan,Lev Rudi,,,,Accapella,2025,DLTLLY,2025-08-07,https://www.youtube.com/watch?v=RCK3TgqE-bw,16609,RCK3TgqE-bw,NRWeekend8,skipped historical backfill
H1,VON FELIX,,,,Accapella,2025,FOB,2025-08-05,https://www.youtube.com/watch?v=r5JmVhtUvho,18680,r5JmVhtUvho,GAME CHANGER VIERTELFINALE,Skipped historical notification backlog during repair 2026-10-08T21:01:31.473249+00:00
Musio,DerNikolai,,,,Accapella,2025,DLTLLY,2025-08-05,https://www.youtube.com/watch?v=00roePs4VqY,6936,00roePs4VqY,Proving Grounds,skipped historical backfill
Meidi,Onkel Oktomusch,,,,Accapella,2025,DLTLLY,2025-08-03,https://www.youtube.com/watch?v=jK35e3YVtm4,7313,jK35e3YVtm4,INTERVIEW Mayhem 8,skipped historical backfill
Meidi,Onkel Oktomusch,,,,Accapella,2025,DLTLLY,2025-08-03,https://www.youtube.com/watch?v=O2f9mPvpMc8,79466,O2f9mPvpMc8,Mayhem 8,skipped historical backfill
MC COLOGNE,KOOZY,,,,Accapella,2025,FOB,2025-08-03,https://www.youtube.com/watch?v=95honUL3sy0,4605,95honUL3sy0,could not identify event,skipped historical backfill
REQUIEM,VYRUS,,,,Accapella,2025,FOB,2025-08-01,https://www.youtube.com/watch?v=1RahrZ7_-48,30143,1RahrZ7_-48,RAP BATTLE,Skipped historical notification backlog during repair 2026-10-08T21:01:31.473249+00:00
Kitana,Bdad,,,,Accapella,2025,DLTLLY,2025-07-29,https://www.youtube.com/watch?v=0oKUK6ZDGRg,5505,0oKUK6ZDGRg,INTERVIEW Wien,skipped historical backfill
Cashus K,Der Sergeant,,,,Accapella,2025,DLTLLY,2025-07-27,https://www.youtube.com/watch?v=VgcFzs_RtmM,10595,VgcFzs_RtmM,NRWeekend '25,skipped historical backfill
YUAH,ILHAN,,,,Accapella,2025,FOB,2025-07-25,https://www.youtube.com/watch?v=_CDt4MYPi9w,26287,_CDt4MYPi9w,RAP BATTLE,Skipped historical notification backlog during repair 2026-10-08T21:01:31.473249+00:00
4Tune,Notyzze,,,,Accapella,2025,DLTLLY,2025-07-24,https://www.youtube.com/watch?v=XIh_AUB0qvA,67394,XIh_AUB0qvA,NRWeekend,skipped historical backfill
Georgie,Geerah,,,,Accapella,2025,DLTLLY,2025-07-22,https://www.youtube.com/watch?v=MYV5Mucst3k,5344,MYV5Mucst3k,Proving Grounds,skipped historical backfill
Lyrico,Kiruma,,,,Accapella,2025,DLTLLY,2025-07-20,https://www.youtube.com/watch?v=i5asR8-1u5Y,58407,i5asR8-1u5Y,Mayhem 8,skipped historical backfill
Lyrico,Kiruma,,,,Accapella,2025,DLTLLY,2025-07-20,https://www.youtube.com/watch?v=1VkoOfAmiR8,7635,1VkoOfAmiR8,INTERVIEW Mayhem 8,skipped historical backfill
STEEL,MORGANA,,,,On Beat,2025,FOB,2025-07-18,https://www.youtube.com/watch?v=nFIMoUOATCw,31169,nFIMoUOATCw,TITLE MATCH,Skipped historical notification backlog during repair 2026-10-08T21:01:31.473249+00:00
Andres Kaliba,Grave40,,,,Accapella,2025,DLTLLY,2025-07-16,https://www.youtube.com/watch?v=hC4rzQSLgC0,22619,hC4rzQSLgC0,NRWeekend 8,skipped historical backfill
Schlawin0r,Cubsaoui,,,,Accapella,2025,DLTLLY,2025-07-15,https://www.youtube.com/watch?v=x-vCS05SbIU,8596,x-vCS05SbIU,Proving Grounds,skipped historical backfill
Tobi High,JerMC,,,,Accapella,2025,DLTLLY,2025-07-14,https://www.youtube.com/watch?v=a4QCKcZZZ2Q,4728,a4QCKcZZZ2Q,INTERVIEW Wien,skipped historical backfill
Notyzze,Vyrus,,,,Accapella,2025,DLTLLY,2025-07-13,https://www.youtube.com/watch?v=q5OSl7022_c,118373,q5OSl7022_c,Mayhem 8,skipped historical backfill
KIRUMA,WOLFF,,,,Accapella,2025,FOB,2025-07-11,https://www.youtube.com/watch?v=cpaSwgCqRaU,70579,cpaSwgCqRaU,RAP BATTLE,Skipped historical notification backlog during repair 2026-10-08T21:01:31.473249+00:00
RIESENLAUCH,PALEIACCI,,,,Accapella,2025,FOB,2025-07-06,https://www.youtube.com/watch?v=PFt4LwqBAsU,8450,PFt4LwqBAsU,RAP BATTLE,Skipped historical notification backlog during repair 2026-10-08T21:01:31.473249+00:00
JerMC,Tobi High,,,,Accapella,2025,DLTLLY,2025-07-06,https://www.youtube.com/watch?v=BojmOU1BTI0,39979,BojmOU1BTI0,Wien,skipped historical backfill
NATALI,SNAKEHEADRHYME,,,,Accapella,2025,FOB,2025-07-04,https://www.youtube.com/watch?v=-8W4n_PWzAA,13871,-8W4n_PWzAA,RAP BATTLE,Skipped historical notification backlog during repair 2026-10-08T21:01:31.473249+00:00
Kitana,Bdad,,,,Accapella,2025,DLTLLY,2025-06-29,https://www.youtube.com/watch?v=mNPl_gtJN9A,38218,mNPl_gtJN9A,Wien,skipped historical backfill
JOSEPH STEINSCHLEUDER,HARLEM T,,,,Accapella,2025,FOB,2025-06-27,https://www.youtube.com/watch?v=j6NgJDz5Pac,47571,j6NgJDz5Pac,RAP BATTLE,Skipped historical notification backlog during repair 2026-10-08T21:01:31.473249+00:00
Jilly,SIC68,,,,Accapella,2025,DLTLLY,2025-06-24,https://www.youtube.com/watch?v=uE5ThbpbSck,6135,uE5ThbpbSck,Proving Grounds,Skipped historical notification backlog during repair 2026-10-08T21:01:31.473249+00:00
Despo,Shorteh Taunton,,,,On Beat,2025,DLTLLY,2025-06-23,https://www.youtube.com/watch?v=9btj3F3T-oo,8546,9btj3F3T-oo,Only,Skipped historical notification backlog during repair 2026-10-08T21:01:31.473249+00:00
Faivel,Mellow,,,,Accapella,2025,DLTLLY,2025-06-22,https://www.youtube.com/watch?v=tCdymUD7qjk,9826,tCdymUD7qjk,WIEN,Skipped historical notification backlog during repair 2026-10-08T21:01:31.473249+00:00
MC GEUNER,KRISO,,,,Accapella,2025,FOB,2025-06-20,https://www.youtube.com/watch?v=PJJZYHWUjUg,10661,PJJZYHWUjUg,RAP BATTLE,Skipped historical notification backlog during repair 2026-10-08T21:01:31.473249+00:00
Lazlo Mxrphine,Mighty P.,,,,On Beat,2025,DLTLLY,2025-06-19,https://www.youtube.com/watch?v=5O4q1loFp_Q,28974,5O4q1loFp_Q,Only,Skipped historical notification backlog during repair 2026-10-08T21:01:31.473249+00:00
Gundalf,Purp Division,,,,Accapella,2025,DLTLLY,2025-06-17,https://www.youtube.com/watch?v=si8gDwlPxEo,9153,si8gDwlPxEo,Proving Grounds,Skipped historical notification backlog during repair 2026-10-08T21:01:31.473249+00:00
Riesenlauch,Tyler Bourbon,,,,Accapella,2025,DLTLLY,2025-06-15,https://www.youtube.com/watch?v=ohUZmNFrR3g,13216,ohUZmNFrR3g,Wien,Skipped historical notification backlog during repair 2026-10-08T21:01:31.473249+00:00
MOODY,YOUNG KENNEDY,,,,Accapella,2025,FOB,2025-06-13,https://www.youtube.com/watch?v=BqM7oeYeegs,6964,BqM7oeYeegs,RAP BATTLE,Skipped historical notification backlog during repair 2026-10-08T21:01:31.473249+00:00
Joseph Steinschleuder,Pamflit,,,,Accapella,2025,DLTLLY,2025-06-07,https://www.youtube.com/watch?v=uXTSyzP-XI0,35229,uXTSyzP-XI0,International NRWeekend 8,Skipped historical notification backlog during repair 2026-10-08T21:01:31.473249+00:00
EYNAK,WANDELBARZ,,,,Accapella,2025,FOB,2025-06-06,https://www.youtube.com/watch?v=R81FPAW0Cy8,9899,R81FPAW0Cy8,RAP BATTLE,Skipped historical notification backlog during repair 2026-10-08T21:01:31.473249+00:00
Ticc,Mordrake,,,,On Beat,2025,DLTLLY,2025-06-05,https://www.youtube.com/watch?v=KCDHP8wl1RM,42514,KCDHP8wl1RM,Only! Panke Berlin,Skipped historical notification backlog during repair 2026-10-08T21:01:31.473249+00:00
RYKO-J,LUCKYLILY,,,,Accapella,2025,DLTLLY,2025-06-01,https://www.youtube.com/watch?v=QApiZWI3i6U,130814,QApiZWI3i6U,NRWeekend 8,Skipped historical notification backlog during repair 2026-10-08T21:01:31.473249+00:00
YUMI,DER SANDMANN,,,,Accapella,2025,FOB,2025-06-01,https://www.youtube.com/watch?v=NCYKUvpxs-s,5452,NCYKUvpxs-s,RAP BATTLE,Skipped historical notification backlog during repair 2026-10-08T21:01:31.473249+00:00
Ryko-J,LuckyLily,,,,Accapella,2025,DLTLLY,2025-06-01,https://www.youtube.com/watch?v=9gVR1RPK4cY,23924,9gVR1RPK4cY,INTERVIEW NRWeekend 8,Skipped historical notification backlog during repair 2026-10-08T21:01:31.473249+00:00
H1,MÄST,,,,Accapella,2025,FOB,2025-05-30,https://www.youtube.com/watch?v=KiFGlNKnLw8,8045,KiFGlNKnLw8,RAP BATTLE,Skipped historical notification backlog during repair 2026-10-08T21:01:31.473249+00:00
Gerro,TOKZ,,,,On Beat,2025,DLTLLY,2025-05-29,https://www.youtube.com/watch?v=qO64q_vBrqU,15052,qO64q_vBrqU,Berlin,Skipped historical notification backlog during repair 2026-10-08T21:01:31.473249+00:00
Vyrus,Snakeheadrhyme,,,,Accapella,2025,DLTLLY,2025-05-25,https://www.youtube.com/watch?v=TaYG3fYqX6c,27552,TaYG3fYqX6c,NRWeekend 8,Skipped historical notification backlog during repair 2026-10-08T21:01:31.473249+00:00
Vyrus,Snakeheadrhyme,,,,Accapella,2025,DLTLLY,2025-05-25,https://www.youtube.com/watch?v=HzaSD52w0qw,2020,HzaSD52w0qw,INTERVIEW NRWeekend 8,Skipped historical notification backlog during repair 2026-10-08T21:01:31.473249+00:00
VON FELIX,TESSTIMONY,,,,Accapella,2025,FOB,2025-05-25,https://www.youtube.com/watch?v=L51lZHRiuYc,8703,L51lZHRiuYc,RAP BATTLE,Skipped historical notification backlog during repair 2026-10-08T21:01:31.473249+00:00
AMS,KAZRAEL,,,,Accapella,2025,FOB,2025-05-23,https://www.youtube.com/watch?v=Ioq_13OB1Vg,7239,Ioq_13OB1Vg,RAP BATTLE,Skipped historical notification backlog during repair 2026-10-08T21:01:31.473249+00:00
Herr Sören,Johnny Schewski,,,,On Beat,2025,DLTLLY,2025-05-22,https://www.youtube.com/watch?v=5QWp-ZmPxFw,7701,5QWp-ZmPxFw,Panke Berlin,Skipped historical notification backlog during repair 2026-10-08T21:01:31.473249+00:00
Unanymous,Jeevz,,,,Accapella,2025,DLTLLY,2025-05-18,https://www.youtube.com/watch?v=f3JE-AzU-0c,8443,f3JE-AzU-0c,International NRWeekend 8,Skipped historical notification backlog during repair 2026-10-08T21:01:31.473249+00:00
JERRY VSAN,MZUDEMK,,,,Accapella,2025,FOB,2025-05-16,https://www.youtube.com/watch?v=9T_8MnL4888,91984,9T_8MnL4888,RAP BATTLE,Skipped historical notification backlog during repair 2026-10-08T21:01:31.473249+00:00
Capco Jones,Heinz87,,,,Accapella,2025,DLTLLY,2025-05-15,https://www.youtube.com/watch?v=qG0_r9p6Muc,9158,qG0_r9p6Muc,Kassel,Skipped historical notification backlog during repair 2026-10-08T21:01:31.473249+00:00
🏆 PPV OUT NOW - MIT TITLE MATCH STEEL,MORGANA VYRUS YUAH REQUIEM UVM.,,,,Accapella,2025,FOB,2025-05-15,https://www.youtube.com/watch?v=8SKi-c2pj1c,6965,8SKi-c2pj1c,could not identify event,Skipped historical notification backlog during repair 2026-10-08T21:01:31.473249+00:00
Zeuge,Moody,,,,Accapella,2025,DLTLLY,2025-05-11,https://www.youtube.com/watch?v=TXyS6b-GDFE,21040,TXyS6b-GDFE,NRWeekend 8,Skipped historical notification backlog during repair 2026-10-08T21:01:31.473249+00:00
JÄL,SHAWN MORENO,,,,Accapella,2025,FOB,2025-05-09,https://www.youtube.com/watch?v=HotnxCt_Y98,9365,HotnxCt_Y98,RAP BATTLE,Skipped historical notification backlog during repair 2026-10-08T21:01:31.473249+00:00
Ano-Nym,Morgana,,,,On Beat,2025,DLTLLY,2025-05-04,https://www.youtube.com/watch?v=4GcjUISJthk,132280,4GcjUISJthk,Only '25,Skipped historical notification backlog during repair 2026-10-08T21:01:31.473249+00:00
Morgana,Ano-Nym,,,,On Beat,2025,DLTLLY,2025-05-04,https://www.youtube.com/watch?v=3Bc_tXH0MQM,8272,3Bc_tXH0MQM,Interview Only '25,Skipped historical notification backlog during repair 2026-10-08T21:01:31.473249+00:00
RIMA,TRACY,,,,Accapella,2025,FOB,2025-05-04,https://www.youtube.com/watch?v=BGPIQFIZTa8,8882,BGPIQFIZTa8,RAP BATTLE,Skipped historical notification backlog during repair 2026-10-08T21:01:31.473249+00:00
THUNDER HUSTLE,ENYO,,,,Accapella,2025,FOB,2025-05-02,https://www.youtube.com/watch?v=EFQVEjRMQBc,15918,EFQVEjRMQBc,RAP BATTLE,Skipped historical notification backlog during repair 2026-10-08T21:01:31.473249+00:00
Bdad,Kato,,,,Accapella,2025,DLTLLY,2025-05-02,https://www.youtube.com/watch?v=A4YmPpLy6SQ,9405,A4YmPpLy6SQ,Teaser Mayhem 8,Skipped historical notification backlog during repair 2026-10-08T21:01:31.473249+00:00
Cashus K,Mazzikaner,,,,Accapella,2025,DLTLLY,2025-05-01,https://www.youtube.com/watch?v=8-4oBnK0qvw,9235,8-4oBnK0qvw,One Rounder Kassel,Skipped historical notification backlog during repair 2026-10-08T21:01:31.473249+00:00
MAURITS,DARIO,,,,Accapella,2025,FOB,2025-04-29,https://www.youtube.com/watch?v=yY5T08XY69M,3276,yY5T08XY69M,RAP BATTLE,Skipped historical notification backlog during repair 2026-10-08T21:01:31.473249+00:00
Lyrico,Kiruma,,,,Accapella,2025,DLTLLY,2025-04-28,https://www.youtube.com/watch?v=Mc2aXEyvTCU,8663,Mc2aXEyvTCU,Match-Teaser für MAYhem 8 - 03.05.25 - Berlin,Skipped historical notification backlog during repair 2026-10-08T21:01:31.473249+00:00
Emenes,Joseph Steinschleuder,,,,Accapella,2025,DLTLLY,2025-04-27,https://www.youtube.com/watch?v=dmih32mOqvI,172237,dmih32mOqvI,Berlin,Skipped historical notification backlog during repair 2026-10-08T21:01:31.473249+00:00
MOKO,HARLEM T,,,,Accapella,2025,FOB,2025-04-27,https://www.youtube.com/watch?v=Z7zbdw0lQE0,4522,Z7zbdw0lQE0,RAP BATTLE,Skipped historical notification backlog during repair 2026-10-08T21:01:31.473249+00:00
FAIVEL,KRISO,,,,Accapella,2025,FOB,2025-04-25,https://www.youtube.com/watch?v=FfSCHXhfYMw,7992,FfSCHXhfYMw,RAP BATTLE,Skipped historical notification backlog during repair 2026-10-08T21:01:31.473249+00:00
Sizyphos,Wolff,,,,Accapella,2025,DLTLLY,2025-04-20,https://www.youtube.com/watch?v=LvFNAUPx3bo,125496,LvFNAUPx3bo,Kassel,Skipped historical notification backlog during repair 2026-10-08T21:01:31.473249+00:00
Sizyphos,Wolff,,,,Accapella,2025,DLTLLY,2025-04-20,https://www.youtube.com/watch?v=XBXwa0j6NAY,13318,XBXwa0j6NAY,Interview Kassel,Skipped historical notification backlog during repair 2026-10-08T21:01:31.473249+00:00
BARETTA,LYT,,,,Accapella,2025,FOB,2025-04-20,https://www.youtube.com/watch?v=gDMtxVnkhjM,5736,gDMtxVnkhjM,RAP BATTLE,Skipped historical notification backlog during repair 2026-10-08T21:01:31.473249+00:00
LAVAS,FYNN,,,,Accapella,2025,FOB,2025-04-18,https://www.youtube.com/watch?v=VjmsWn79FUw,11247,VjmsWn79FUw,RAP BATTLE,Skipped historical notification backlog during repair 2026-10-08T21:01:31.473249+00:00
Ferry,Shizu,,,,Accapella,2025,DLTLLY,2025-04-13,https://www.youtube.com/watch?v=g2pFv1bIBXE,32204,g2pFv1bIBXE,Kassel,Skipped historical notification backlog during repair 2026-10-08T21:01:31.473249+00:00
CELUNE,BDAD,,,,Accapella,2025,FOB,2025-04-11,https://www.youtube.com/watch?v=q7sXw-FC4YY,38967,q7sXw-FC4YY,RAP BATTLE,Skipped historical notification backlog during repair 2026-10-08T21:01:31.473249+00:00
Ryko J,Fate,,,,Accapella,2025,DLTLLY,2025-04-10,https://www.youtube.com/watch?v=lKGDAMNjHLE,40117,lKGDAMNjHLE,DISSember 8,Skipped historical notification backlog during repair 2026-10-08T21:01:31.473249+00:00
Bdad,Kitana,,,,Accapella,2025,DLTLLY,2025-04-09,https://www.youtube.com/watch?v=__C8BljtrHc,11542,__C8BljtrHc,Teaser Wien 12.04.,Skipped historical notification backlog during repair 2026-10-08T21:01:31.473249+00:00
Yarambo,Meidi,,,,Accapella,2025,DLTLLY,2025-04-06,https://www.youtube.com/watch?v=kxIw0Z2ZA6k,12802,kxIw0Z2ZA6k,Interview DISSember8,Skipped historical notification backlog during repair 2026-10-08T21:01:31.473249+00:00
Yarambo,Meidi,,,,Accapella,2025,DLTLLY,2025-04-06,https://www.youtube.com/watch?v=UxQTqBKXUfI,149662,UxQTqBKXUfI,DISSember 8,Skipped historical notification backlog during repair 2026-10-08T21:01:31.473249+00:00
HIDING JOHN,JIZI,,,,Accapella,2025,FOB,2025-04-04,https://www.youtube.com/watch?v=GFEPBGtw94I,90036,GFEPBGtw94I,RAP BATTLE,Skipped historical notification backlog during repair 2026-10-08T21:01:31.473249+00:00
Craze,Neilz,,,,Accapella,2025,DLTLLY,2025-03-30,https://www.youtube.com/watch?v=lVopiPk8pfE,28161,lVopiPk8pfE,Interview Dissember8,Skipped historical notification backlog during repair 2026-10-08T21:01:31.473249+00:00
Craze,Neilz,,,,Accapella,2025,DLTLLY,2025-03-30,https://www.youtube.com/watch?v=3p2GdJMQ6GA,168919,3p2GdJMQ6GA,Dissember 8,Skipped historical notification backlog during repair 2026-10-08T21:01:31.473249+00:00
OREGANO,DAVIE JONES,,,,Accapella,2025,FOB,2025-03-28,https://www.youtube.com/watch?v=vJvkxeKeC3w,96682,vJvkxeKeC3w,RAP BATTLE,Skipped historical notification backlog during repair 2026-10-08T21:01:31.473249+00:00
DAVIE JONES,BEASTBOY,,,,Accapella,2025,DLTLLY,2025-03-23,https://www.youtube.com/watch?v=E2s4ZnUUzWo,312134,E2s4ZnUUzWo,Interview NRWeekend 8,Skipped historical notification backlog during repair 2026-10-08T21:01:31.473249+00:00
Davie Jones,BEASTBOY,,,,Accapella,2025,DLTLLY,2025-03-23,https://www.youtube.com/watch?v=2gujsLjMnU0,3372299,2gujsLjMnU0,NRWeekend 8,Skipped historical notification backlog during repair 2026-10-08T21:01:31.473249+00:00
JOSEPH STEINSCHLEUDER,VYRUS,,,,Accapella,2025,FOB,2025-03-21,https://www.youtube.com/watch?v=VW9JWWYWTAc,86455,VW9JWWYWTAc,RAP BATTLE,Skipped historical notification backlog during repair 2026-10-08T21:01:31.473249+00:00
Aytee,Karanova,,,,Accapella,2025,DLTLLY,2025-03-16,https://www.youtube.com/watch?v=s501ewLwo1w,10018,s501ewLwo1w,Interview Berlin '25,Skipped historical notification backlog during repair 2026-10-08T21:01:31.473249+00:00
Aytee,Karanova,,,,On Beat,2025,DLTLLY,2025-03-16,https://www.youtube.com/watch?v=SYo3zBQzwtQ,291779,SYo3zBQzwtQ,🏆 TITLE MATCH 2025 🏆,Skipped historical notification backlog during repair 2026-10-08T21:01:31.473249+00:00
KALP ONE,VALIK,,,,Accapella,2024,FOB,2025-03-14,https://www.youtube.com/watch?v=pJA2VSeUyrw,7771,pJA2VSeUyrw,RAP BATTLE,Skipped historical notification backlog during repair 2026-10-08T21:01:31.473249+00:00
Kato,Tobi High,DISSember 8,Festsaal Kreuzberg,Berlin,Accapella,2024,DLTLLY,2025-03-09,https://www.youtube.com/watch?v=KYE2dCsI8oU,123905,KYE2dCsI8oU,🏆 Title Match 2024 DISSember 8 🏆 ,Skipped historical notification backlog during repair 2026-10-08T21:01:31.473249+00:00
Kato,Tobi High,DISSember 8,Festsaal Kreuzberg,Berlin,Accapella,2025,DLTLLY,2025-03-09,https://www.youtube.com/watch?v=Se4aQd0xzL4,25648,Se4aQd0xzL4,Interview zum Title Match Dissember 8,Skipped historical notification backlog during repair 2026-10-08T21:01:31.473249+00:00
LUCKYLILY,T-WAY,Unbeatable,,,Accapella,2025,FOB,2025-03-07,https://www.youtube.com/watch?v=jogDDg8UrT0,16109,jogDDg8UrT0,RAP BATTLE,Skipped historical notification backlog during repair 2026-10-08T21:01:31.473249+00:00
Hiding John,Requiem,DISSember 8,Festsaal Kreuzberg,Berlin,Accapella,2025,DLTLLY,2025-03-02,https://www.youtube.com/watch?v=sVftXy-84ME,64669,sVftXy-84ME,DISSember 8,Skipped historical notification backlog during repair 2026-10-08T21:01:31.473249+00:00
TICC,FEEL.IKX,Unbeatable,,,Accapella,2025,FOB,2025-02-28,https://www.youtube.com/watch?v=AFaZPkRlbVQ,18137,AFaZPkRlbVQ,RAP BATTLE,Skipped historical notification backlog during repair 2026-10-08T21:01:31.473249+00:00
Robscure,Karkobi,,,Kassel,Accapella,2025,DLTLLY,2025-02-23,https://www.youtube.com/watch?v=cPiNUjyXRv4,59029,cPiNUjyXRv4,Kassel,Skipped historical notification backlog during repair 2026-10-08T21:01:31.473249+00:00
ALADIN,KOOZY,,,,Accapella,2025,FOB,2025-02-21,https://www.youtube.com/watch?v=90w3P4aaCew,5747,90w3P4aaCew,RAP BATTLE,Skipped historical notification backlog during repair 2026-10-08T21:01:31.473249+00:00
Robscure,Karkobi,,,,Accapella,2025,DLTLLY,2025-02-21,https://www.youtube.com/watch?v=moX9dyFWjOo,7163,moX9dyFWjOo,Interview Kassel,skipped historical backfill
Requiem,Sizyphos,,,,Accapella,2025,DLTLLY,2025-02-16,https://www.youtube.com/watch?v=nkkgsZG1RTI,85407,nkkgsZG1RTI,Freiburg '24,Skipped historical notification backlog during repair 2026-10-08T21:01:31.473249+00:00
Requiem,Sizyphos,,,,Accapella,2025,DLTLLY,2025-02-16,https://www.youtube.com/watch?v=J0tMmTZQYlo,6034,J0tMmTZQYlo,Interview Freiburg,Skipped historical notification backlog during repair 2026-10-08T21:01:31.473249+00:00
MAZZIKANER & CASHUS K,LAZLO MXRPHINE & DOKTOR LUKAS FRANK,,,,Accapella,2025,FOB,2025-02-14,https://www.youtube.com/watch?v=3_KX2HILsCU,7208,3_KX2HILsCU,RAP BATTLE,Skipped historical notification backlog during repair 2026-10-08T21:01:31.473249+00:00
Davie Jones,Craze,,,,Accapella,2025,DLTLLY,2025-02-09,https://www.youtube.com/watch?v=cTXwSOqrZXY,75785,cTXwSOqrZXY,Freiburg '24,Skipped historical notification backlog during repair 2026-10-08T21:01:31.473249+00:00
Craze,Davie Jones,,,,Accapella,2025,DLTLLY,2025-02-09,https://www.youtube.com/watch?v=7Viv4hq0jEo,9651,7Viv4hq0jEo,Interview Freiburg &#39;24,Skipped historical notification backlog during repair 2026-10-08T21:01:31.473249+00:00
NOTYZZE,YUAH,,,,Accapella,2025,FOB,2025-02-07,https://www.youtube.com/watch?v=BvO2sdUm1q4,52504,BvO2sdUm1q4,RAP BATTLE,Skipped historical notification backlog during repair 2026-10-08T21:01:31.473249+00:00
Moody,Celune,,,,Accapella,2025,DLTLLY,2025-02-06,https://www.youtube.com/watch?v=wytgWL8RCEA,28890,wytgWL8RCEA,Freiburg '24,Skipped historical notification backlog during repair 2026-10-08T21:01:31.473249+00:00
Moody,Celune,,,,Accapella,2025,DLTLLY,2025-02-06,https://www.youtube.com/watch?v=e_BdozUEAf8,4518,e_BdozUEAf8,Interview Freiburg &#39;24,Skipped historical notification backlog during repair 2026-10-08T21:01:31.473249+00:00
Aytee,Karanova,,,,On Beat,2025,DLTLLY,2025-02-04,https://www.youtube.com/watch?v=Zp6mL0C23YM,11490,Zp6mL0C23YM,Title Match - Provokation Only Berlin,Skipped historical notification backlog during repair 2026-10-08T21:01:31.473249+00:00
Shortworth,Young Kennedy,,,,Accapella,2025,DLTLLY,2025-02-02,https://www.youtube.com/watch?v=Jb7nLnvt9xk,1024,Jb7nLnvt9xk,Interview Freiburg &#39;24,Skipped historical notification backlog during repair 2026-10-08T21:01:31.473249+00:00
Young Kennedy,Shortworth,,,,Accapella,2025,DLTLLY,2025-02-02,https://www.youtube.com/watch?v=AtYLF4rn1R8,16406,AtYLF4rn1R8,Freiburg '24,Skipped historical notification backlog during repair 2026-10-08T21:01:31.473249+00:00
HEINZ87,LATIK,,,,Accapella,2025,FOB,2025-01-31,https://www.youtube.com/watch?v=NDHVCiqnl1c,5358,NDHVCiqnl1c,RAP BATTLE,Skipped historical notification backlog during repair 2026-10-08T21:01:31.473249+00:00
Faivel,Riesenlauch,,,Freiburg,Accapella,2025,DLTLLY,2025-01-26,https://www.youtube.com/watch?v=5WnR6TDxAhg,16490,5WnR6TDxAhg,Freiburg 24,Skipped historical notification backlog during repair 2026-10-08T21:01:31.473249+00:00
Faivel,Riesenlauch,,,,Accapella,2025,DLTLLY,2025-01-26,https://www.youtube.com/watch?v=ECj6jzGhp2Q,1387,ECj6jzGhp2Q,Interview Freiburg 24,Skipped historical notification backlog during repair 2026-10-08T21:01:31.473249+00:00
NRG,FROZEN,,,,Accapella,2025,FOB,2025-01-24,https://www.youtube.com/watch?v=lr-V4CfntNI,4515,lr-V4CfntNI,RAP BATTLE,Skipped historical notification backlog during repair 2026-10-08T21:01:31.473249+00:00
Bdad,Indoor Stan,,,Freiburg,Accapella,2025,DLTLLY,2025-01-19,https://www.youtube.com/watch?v=PEXAziy1EDo,54092,PEXAziy1EDo,Freiburg 24,Skipped historical notification backlog during repair 2026-10-08T21:01:31.473249+00:00
Bdad,Indoor Stan,,,,Accapella,2025,DLTLLY,2025-01-19,https://www.youtube.com/watch?v=kb2BDEOUYwA,4179,kb2BDEOUYwA,Interview Freiburg,Skipped historical notification backlog during repair 2026-10-08T21:01:31.473249+00:00
MOODY,ROOL,,,,Accapella,2025,FOB,2025-01-17,https://www.youtube.com/watch?v=14zNL0MQ9XQ,5724,14zNL0MQ9XQ,RAP BATTLE,Skipped historical notification backlog during repair 2026-10-08T21:01:31.473249+00:00
Kiruma,Notyzze,,,,Accapella,2025,DLTLLY,2025-01-12,https://www.youtube.com/watch?v=KUwb8QdHF0w,38998,KUwb8QdHF0w,"BORA, Duisburg",Skipped historical notification backlog during repair 2026-10-08T21:01:31.473249+00:00
Notyzze,Kiruma,,,,Accapella,2025,DLTLLY,2025-01-12,https://www.youtube.com/watch?v=IIUieRMUmxo,7050,IIUieRMUmxo,Interview BORA Duisburg,Skipped historical notification backlog during repair 2026-10-08T21:01:31.473249+00:00
CUBSAOUI,WATNKERL,,,,Accapella,2025,FOB,2025-01-10,https://www.youtube.com/watch?v=qpFKueKM-Bs,4959,qpFKueKM-Bs,RAP BATTLE,Skipped historical notification backlog during repair 2026-10-08T21:01:31.473249+00:00
Sizyphos,Wolff,,,,Accapella,2025,DLTLLY,2025-01-10,https://www.youtube.com/watch?v=BbjXBi7dKw8,15254,BbjXBi7dKw8,Battlerap-Match-Provokation Kassel 25 Sold out,skipped historical backfill
Despo,LAZLO MXRPHINE,,,,On Beat,2025,DLTLLY,2025-01-09,https://www.youtube.com/watch?v=w9fzWlAcwio,30041,w9fzWlAcwio,Full Duisburg,Skipped historical notification backlog during repair 2026-10-08T21:01:31.473249+00:00
LAZLO MXRPHINE,Despo,,,,Accapella,2025,DLTLLY,2025-01-09,https://www.youtube.com/watch?v=vKMm_mg5Zuo,1801,vKMm_mg5Zuo,Interview Duisburg,skipped historical backfill
Mighty P,Duff,,,,Accapella,2024,DLTLLY,2025-01-05,https://www.youtube.com/watch?v=iP82Tmhs7QA,20969,iP82Tmhs7QA,Duisburg 2024,Skipped historical notification backlog during repair 2026-10-08T21:01:31.473249+00:00
YUNA L,LUG,,,,Accapella,2025,FOB,2025-01-03,https://www.youtube.com/watch?v=kmIj06LSgh8,12373,kmIj06LSgh8,RAP BATTLE,Skipped historical notification backlog during repair 2026-10-08T21:01:31.473249+00:00
Duff,Mighty P,,,,Accapella,2024,DLTLLY,2025-01-03,https://www.youtube.com/watch?v=NbhXrt3dE38,1822,NbhXrt3dE38,Interview Duisburg 2024,skipped historical backfill
Zeptah,Shorteh Taunton,,,,On Beat,2025,DLTLLY,2025-01-02,https://www.youtube.com/watch?v=p36W5ErNVMs,17910,p36W5ErNVMs,Full Live Feel Festival,Skipped historical notification backlog during repair 2026-10-08T21:01:31.473249+00:00
Ryko J,Nastic,,,,Accapella,2024,DLTLLY,2024-12-29,https://www.youtube.com/watch?v=r1gs-4umHNM,30715,r1gs-4umHNM,Duisburg,Skipped historical notification backlog during repair 2026-10-08T21:01:31.473249+00:00
Ryko J,Nastic,,,,Accapella,2024,DLTLLY,2024-12-29,https://www.youtube.com/watch?v=2rSyimY9Tn8,3011,2rSyimY9Tn8,Interview Duisburg,skipped historical backfill
MUSIO,TAO,,,,Accapella,2024,FOB,2024-12-27,https://www.youtube.com/watch?v=H7fxAgomU4g,10125,H7fxAgomU4g,RAP BATTLE,Skipped historical notification backlog during repair 2026-10-08T21:01:31.473249+00:00
CSN Galactico & Nastic,Shizu & Morgana,,,,On Beat,2024,DLTLLY,2024-12-26,https://www.youtube.com/watch?v=jv29TjM8rpI,21458,jv29TjM8rpI,Live Splash Festival 2024,Skipped historical notification backlog during repair 2026-10-08T21:01:31.473249+00:00
OREGANO,NATALI,,,,Accapella,2024,FOB,2024-12-24,https://www.youtube.com/watch?v=Hv3vSoclkiU,55329,Hv3vSoclkiU,RAP BATTLE,Skipped historical notification backlog during repair 2026-10-08T21:01:31.473249+00:00
Aytee,Davie Jones,,,,Accapella,2024,DLTLLY,2024-12-22,https://www.youtube.com/watch?v=Cte96RAY8Eg,184339,Cte96RAY8Eg,Duisburg 2024,Skipped historical notification backlog during repair 2026-10-08T21:01:31.473249+00:00
KATO,EZRA,,,,Accapella,2024,FOB,2024-12-22,https://www.youtube.com/watch?v=tzoyIe03xrY,21744,tzoyIe03xrY,RAP BATTLE,Skipped historical notification backlog during repair 2026-10-08T21:01:31.473249+00:00
Aytee,Davie Jones,,,,Accapella,2024,DLTLLY,2024-12-22,https://www.youtube.com/watch?v=T85sc_MOnqA,4816,T85sc_MOnqA,Interview Duisburg 2024,skipped historical backfill
CLOCKWORK,PALEIACCI,,,,Accapella,2024,FOB,2024-12-21,https://www.youtube.com/watch?v=iVFXKkpYfIs,5793,iVFXKkpYfIs,LEVEL UP FINALE,Skipped historical notification backlog during repair 2026-10-08T21:01:31.473249+00:00
JOSEPH STEINSCHLEUDER,CSN GALACTICO,,,,Accapella,2024,FOB,2024-12-20,https://www.youtube.com/watch?v=bJ8227BsnDk,107698,bJ8227BsnDk,RAP BATTLE,Skipped historical notification backlog during repair 2026-10-08T21:01:31.473249+00:00
MATTIS,CRAZYO,,,,Accapella,2024,FOB,2024-12-19,https://www.youtube.com/watch?v=h7mOdHjhmKY,7665,h7mOdHjhmKY,RAP BATTLE,Skipped historical notification backlog during repair 2026-10-08T21:01:31.473249+00:00
Karanova,Ano-Nym,,,,On Beat,2024,DLTLLY,2024-12-19,https://www.youtube.com/watch?v=DHK_5lqwzJY,45864,DHK_5lqwzJY,splashfest 2024,Skipped historical notification backlog during repair 2026-10-08T21:01:31.473249+00:00
FYNN,SACHMA,,,,Accapella,2024,FOB,2024-12-18,https://www.youtube.com/watch?v=_djYJf_aEMc,6415,_djYJf_aEMc,RAP BATTLE,Skipped historical notification backlog during repair 2026-10-08T21:01:31.473249+00:00
BDAD,STEEL,,,,Accapella,2024,FOB,2024-12-16,https://www.youtube.com/watch?v=P3N0ynzvueM,17613,P3N0ynzvueM,RAP BATTLE,Skipped historical notification backlog during repair 2026-10-08T21:01:31.473249+00:00
Freekno,Gerro,,,,Accapella,2024,DLTLLY,2024-12-15,https://www.youtube.com/watch?v=9gqaV2Oygk8,13379,9gqaV2Oygk8,Duisburg,Skipped historical notification backlog during repair 2026-10-08T21:01:31.473249+00:00
DANNY DEADWEIGHT,HERR SÖREN,,,,Accapella,2024,FOB,2024-12-15,https://www.youtube.com/watch?v=LH8Jm328qJ8,7667,LH8Jm328qJ8,RAP BATTLE,Skipped historical notification backlog during repair 2026-10-08T21:01:31.473249+00:00
Freekno,Gerro,,,,Accapella,2024,DLTLLY,2024-12-15,https://www.youtube.com/watch?v=G_WXB_qsS8I,1168,G_WXB_qsS8I,Interview Duisburg,skipped historical backfill
PAPI SCHLAUCH,SIZYPHOS,,,,Accapella,2024,FOB,2024-12-13,https://www.youtube.com/watch?v=yTCdd3uhIFw,112016,yTCdd3uhIFw,RAP BATTLE,Skipped historical notification backlog during repair 2026-10-08T21:01:31.473249+00:00
P-HAZE,SID,,,,Accapella,2024,FOB,2024-12-09,https://www.youtube.com/watch?v=qDRNB1U0k0Y,2429,qDRNB1U0k0Y,RAP BATTLE,Skipped historical notification backlog during repair 2026-10-08T21:01:31.473249+00:00
Tobi High,Karma,,,,Accapella,2024,DLTLLY,2024-12-08,https://www.youtube.com/watch?v=Qfi3sqsUs-Y,16972,Qfi3sqsUs-Y,&amp; Interview Splash Festival 2024,Skipped historical notification backlog during repair 2026-10-08T21:01:31.473249+00:00
CRAZE,HIDING JOHN,,,,Accapella,2024,FOB,2024-12-06,https://www.youtube.com/watch?v=XwzQlYQviOY,131571,XwzQlYQviOY,RAP BATTLE,Skipped historical notification backlog during repair 2026-10-08T21:01:31.473249+00:00
EIN LETZTES MAL: Yarambo,Meidi,,,,Accapella,2024,DLTLLY,2024-12-04,https://www.youtube.com/watch?v=-dUVckiODDg,26930,-dUVckiODDg,07. Dezember Festsaal Kreuzberg SOLD OUT,Skipped historical notification backlog during repair 2026-10-08T21:01:31.473249+00:00
Bong Teggy,Fate,,,,On Beat,2024,DLTLLY,2024-12-01,https://www.youtube.com/watch?v=uwVdRxPLKtk,74387,uwVdRxPLKtk,Feel Festival,Skipped historical notification backlog during repair 2026-10-08T21:01:31.473249+00:00
Kato,Tobi High,,,,Accapella,2024,DLTLLY,2024-11-30,https://www.youtube.com/watch?v=QkIPLLze3ic,11921,QkIPLLze3ic,Titelmatch Teaser,skipped historical backfill
VYRUS,MORGANA,,,,Accapella,2024,FOB,2024-11-29,https://www.youtube.com/watch?v=9YCHMLzIcus,47687,9YCHMLzIcus,RAP BATTLE,Skipped historical notification backlog during repair 2026-10-08T21:01:31.473249+00:00
Joseph Steinschleuder,BanDan,,,,On Beat,2024,DLTLLY,2024-11-28,https://www.youtube.com/watch?v=GV0mRT9rTv0,29046,GV0mRT9rTv0,Feel Festival,Skipped historical notification backlog during repair 2026-10-08T21:01:31.473249+00:00
Ferry & Duzoe,Sizyphos & Fate,,,,On Beat,2024,DLTLLY,2024-11-24,https://www.youtube.com/watch?v=fZyWsFSPtxE,120992,fZyWsFSPtxE,2on2 Splash,Skipped historical notification backlog during repair 2026-10-08T21:01:31.473249+00:00
"3 ""ZINZITYS""",NATALI,,,,Accapella,2024,FOB,2024-11-24,https://www.youtube.com/watch?v=AnW-N-13mEk,11548,AnW-N-13mEk,RAP BATTLE,Skipped historical notification backlog during repair 2026-10-08T21:01:31.473249+00:00
KARANOVA,STEEL,,,,Accapella,2024,FOB,2024-11-22,https://www.youtube.com/watch?v=hCjCg8iUEiM,24410,hCjCg8iUEiM,RAP BATTLE,Skipped historical notification backlog during repair 2026-10-08T21:01:31.473249+00:00
Kid Soldier,Lyrico,,,,Accapella,2024,DLTLLY,2024-11-21,https://www.youtube.com/watch?v=rh_32fJVF_Y,21774,rh_32fJVF_Y,&amp; Interview Splash Festival,Skipped historical notification backlog during repair 2026-10-08T21:01:31.473249+00:00
Fate,Shizu,,,,Accapella,2024,DLTLLY,2024-11-19,https://www.youtube.com/watch?v=9W-6Wv-_xC0,9666,9W-6Wv-_xC0,Vorrunde B-DAY 11,Skipped historical notification backlog during repair 2026-10-08T21:01:31.473249+00:00
DER KATER,JAMAIKA KLAUS,,,,Accapella,2024,FOB,2024-11-17,https://www.youtube.com/watch?v=znyQsdCEmYA,4091,znyQsdCEmYA,RAP BATTLE,Skipped historical notification backlog during repair 2026-10-08T21:01:31.473249+00:00
Bong Teggy,Hiding John,,,,Accapella,2024,DLTLLY,2024-11-17,https://www.youtube.com/watch?v=-XMBtTEwHcc,275041,-XMBtTEwHcc,  Bday 11,Skipped historical notification backlog during repair 2026-10-08T21:01:31.473249+00:00
Bong Teggy,Hiding John,,,,Accapella,2024,DLTLLY,2024-11-17,https://www.youtube.com/watch?v=B4qGn4U-Ju4,16636,B4qGn4U-Ju4,Interview Event Name oder Stadt,Skipped historical notification backlog during repair 2026-10-08T21:01:31.473249+00:00
FABS,YOUNG KENNEDY,,,,Accapella,2024,FOB,2024-11-15,https://www.youtube.com/watch?v=jyYNsrDR9BQ,9667,jyYNsrDR9BQ,RAP BATTLE,Skipped historical notification backlog during repair 2026-10-08T21:01:31.473249+00:00
TICC,GEORGIE,,,,Accapella,2024,FOB,2024-11-10,https://www.youtube.com/watch?v=mxTayKYnmQk,15972,mxTayKYnmQk,RAP BATTLE,Skipped historical notification backlog during repair 2026-10-08T21:01:31.473249+00:00
LuckyLily & Sh@wdy Sh@f,Shizu & Morgana,,,,On Beat,2024,DLTLLY,2024-11-10,https://www.youtube.com/watch?v=YeUReNWt9ho,218002,YeUReNWt9ho,+ Interview Feel Festival,Skipped historical notification backlog during repair 2026-10-08T21:01:31.473249+00:00
KIRUMA,TOKZ,,,,Accapella,2024,FOB,2024-11-08,https://www.youtube.com/watch?v=hRe2Ze0d9oY,8705,hRe2Ze0d9oY,RAP BATTLE,Skipped historical notification backlog during repair 2026-10-08T21:01:31.473249+00:00
Moonshadow,Riesenlauch,,,,Accapella,2024,DLTLLY,2024-11-07,https://www.youtube.com/watch?v=4TPCafzSUg4,8223,4TPCafzSUg4,Proving Grounds,Skipped historical notification backlog during repair 2026-10-08T21:01:31.473249+00:00
Papi Schlauch,Yuah,,,,Accapella,2024,DLTLLY,2024-11-05,https://www.youtube.com/watch?v=HMzkYuFqc-Q,15579,HMzkYuFqc-Q,Vorrunde BDAY 11,Skipped historical notification backlog during repair 2026-10-08T21:01:31.473249+00:00
Cashisclay & 4Tune,Freezy & Vyrus,,,,Accapella,2024,DLTLLY,2024-11-03,https://www.youtube.com/watch?v=mmcJqPP9m8c,51912,mmcJqPP9m8c,#ERROR!,Skipped historical notification backlog during repair 2026-10-08T21:01:31.473249+00:00
LAVAŞ,CUBSAOUI,,,,Accapella,2024,FOB,2024-11-03,https://www.youtube.com/watch?v=DiDEe5uvyaU,5141,DiDEe5uvyaU,RAP BATTLE,Skipped historical notification backlog during repair 2026-10-08T21:01:31.473249+00:00
ZATO,HEYZEN,,,,Accapella,2024,FOB,2024-11-01,https://www.youtube.com/watch?v=Eu2QW0x-9A0,4949,Eu2QW0x-9A0,RAP BATTLE,Skipped historical notification backlog during repair 2026-10-08T21:01:31.473249+00:00
Mattis & Sid,Aladin & Natali,,,,Accapella,2024,DLTLLY,2024-10-31,https://www.youtube.com/watch?v=c05Xip_nkxM,7699,c05Xip_nkxM,2on2 Proving Grounds,Skipped historical notification backlog during repair 2026-10-08T21:01:31.473249+00:00
Nastic,Mighty P,,,,Accapella,2024,DLTLLY,2024-10-29,https://www.youtube.com/watch?v=KYCo-Z656io,10911,KYCo-Z656io,BDAY 11,2024-10-31T00:40:22.269-04:00
Oregano,Karanova,,,,Accapella,2024,DLTLLY,2024-10-27,https://www.youtube.com/watch?v=OQVvKIQSGAc,84601,OQVvKIQSGAc,BDAY 11,2024-10-28T00:47:37.561-04:00
Oregano,Karanova,,,,Accapella,2024,DLTLLY,2024-10-27,https://www.youtube.com/watch?v=IYFcf4pRKCM,10555,IYFcf4pRKCM,Interview Bday 11,2024-10-28T00:47:37.564-04:00
SHADYX,HOODOO,,,,Accapella,2024,FOB,2024-10-27,https://www.youtube.com/watch?v=BKtyaBhlrKk,2711,BKtyaBhlrKk,RAP BATTLE,2024-10-28T12:47:37.070-04:00
BURST & T-WAY,DER SERGEANT & EZRA,,,,Accapella,2024,FOB,2024-10-25,https://www.youtube.com/watch?v=8kr6kd2gUkI,4273,8kr6kd2gUkI,RAP BATTLE,2024-10-26T13:13:45.896-04:00
Der Sergeant,Capco Jones,,,,Accapella,2024,DLTLLY,2024-10-24,https://www.youtube.com/watch?v=VxEGTR28vXE,9733,VxEGTR28vXE,Proving Grounds,2024-10-25T13:13:45.438-04:00
Joseph Steinschleuder,N'Antinein,,,,Accapella,2024,DLTLLY,2024-10-22,https://www.youtube.com/watch?v=awJH7gu-mXo,18933,awJH7gu-mXo,Vorrunde BDAY 11,2024-10-23T13:13:45.762-04:00
JILLY,LUG,,,,Accapella,2024,FOB,2024-10-20,https://www.youtube.com/watch?v=H33I5G3bHdo,3232,H33I5G3bHdo,RAP BATTLE,2024-10-21T13:13:44.937-04:00
Kid Soldier,Requiem,BDAY 11,Festsaal Kreuzberg,Berlin,Accapella,2024,DLTLLY,2024-10-20,https://www.youtube.com/watch?v=0Ps66ihY4P4,3852,0Ps66ihY4P4,Interview BDay 11,2024-10-21T13:13:44.937-04:00
Kid Soldier,Requiem,,,,Accapella,2024,DLTLLY,2024-10-20,https://www.youtube.com/watch?v=6Ef4eIXn3iI,32525,6Ef4eIXn3iI,BDAY 11,2024-10-22T13:13:45.186-04:00
PALEIACCI,FAIVEL,,,,Accapella,2024,FOB,2024-10-18,https://www.youtube.com/watch?v=LCS1uMgU5no,7435,LCS1uMgU5no,RAP BATTLE,2024-10-19T13:13:44.452-04:00
CLOCKWORK,PALEIACCI,,,,Accapella,2024,FOB,2024-10-16,https://www.youtube.com/watch?v=JCWqh80-yYQ,1859,JCWqh80-yYQ,TEASER LEVEL UP FINALE,2024-10-17T13:13:44.416-04:00
CLOCKWORK,KRISO,,,,Accapella,2024,FOB,2024-10-13,https://www.youtube.com/watch?v=XPg7-YRYs-0,5456,XPg7-YRYs-0,RAP BATTLE,2024-10-14T13:13:45.727-04:00
Fate,Bayze,,,,Accapella,2024,DLTLLY,2024-10-13,https://www.youtube.com/watch?v=PO9Fv7MYRx4,34926,PO9Fv7MYRx4,#ERROR!,2024-10-14T13:13:45.729-04:00
FREEKNO,CELUNE,,,,Accapella,2024,FOB,2024-10-11,https://www.youtube.com/watch?v=XTbwRNMD4f8,20883,XTbwRNMD4f8,RAP BATTLE,2024-10-12T13:13:44.677-04:00
S-Staticx,Dascha,,,,Accapella,2024,DLTLLY,2024-10-10,https://www.youtube.com/watch?v=bw0R9iSxx30,12435,bw0R9iSxx30,#ERROR!,2024-10-12T13:13:44.678-04:00
Yarambo,Mc Geuner,,,,Accapella,2024,DLTLLY,2024-10-06,https://www.youtube.com/watch?v=VUm9SSe15rA,66293,VUm9SSe15rA,München,2024-10-06T13:13:45.104-04:00
Yarambo,Mc Geuner,,,,Accapella,2024,DLTLLY,2024-10-06,https://www.youtube.com/watch?v=dG-NXwKzz0I,6363,dG-NXwKzz0I,Interview München,2024-10-06T13:13:45.108-04:00
SCHLAWINOR,PESC,,,,Accapella,2024,FOB,2024-10-06,https://www.youtube.com/watch?v=pt4vLRUCPp4,4526,pt4vLRUCPp4,RAP BATTLE,2024-10-07T13:13:44.839-04:00
LAVAŞ,WINK,,,,Accapella,2024,FOB,2024-10-04,https://www.youtube.com/watch?v=avYJLB-3MB0,3937,avYJLB-3MB0,RAP BATTLE,2024-10-05T15:41:07.857-04:00
Karanova,N&#39;Antinein,,,,Accapella,2024,DLTLLY,2024-09-29,https://www.youtube.com/watch?v=jshtk1lHnSw,3563,jshtk1lHnSw,Interview München,2024-09-29T04:27:37.915-04:00
N&#39;Antinein,Karanova,,,,Accapella,2024,DLTLLY,2024-09-29,https://www.youtube.com/watch?v=IKwLwUyWO6A,30152,IKwLwUyWO6A,München,2024-09-29T04:27:37.916-04:00
MALIK,SIC68,,,,Accapella,2024,FOB,2024-09-29,https://www.youtube.com/watch?v=zOx16rImWoA,2932,zOx16rImWoA,RAP BATTLE,2024-09-30T04:11:25.874-04:00
DAVID ARDOR,BARETTA,,,,Accapella,2024,FOB,2024-09-27,https://www.youtube.com/watch?v=lcLaJCLDByE,4995,lcLaJCLDByE,RAP BATTLE,2024-09-29T04:27:37.916-04:00
Onkel Fränk,Drunk,,,,Accapella,2024,DLTLLY,2024-09-24,https://www.youtube.com/watch?v=Po2-Ba8ug9I,8569,Po2-Ba8ug9I,#ERROR!,2024-09-25T04:11:27.253-04:00
Neilz,Davie Jones,,,,Accapella,2024,DUDL,2024-09-22,https://www.youtube.com/watch?v=fB5JK8nZ4pw,38722,fB5JK8nZ4pw,D&DL,2024-09-23T04:11:34.582-04:00
DADDA,MAZZIKANER,,,,Accapella,2024,FOB,2024-09-22,https://www.youtube.com/watch?v=xuMwrAwxjuM,8005,xuMwrAwxjuM,RAP BATTLE,2024-09-23T04:11:34.582-04:00
Hiding John,Kid Soldier,,,,Accapella,2024,DLTLLY,2024-09-22,https://www.youtube.com/watch?v=GQcwz2t0yJA,80946,GQcwz2t0yJA,Bad Bars München,2024-09-23T04:11:34.582-04:00
Hiding John,Kid Soldier,,,,Accapella,2024,DLTLLY,2024-09-22,https://www.youtube.com/watch?v=BHgMmZaslMM,8903,BHgMmZaslMM,Interview München,2024-09-23T04:11:34.582-04:00
KIRUMA,MOODY,,,,Accapella,2024,FOB,2024-09-20,https://www.youtube.com/watch?v=D5UKLm3tSj4,17386,D5UKLm3tSj4,FSK 0 BATTLE,2024-09-21T04:11:32.429-04:00
DANNY DEADWEIGHT,ROOL,,,,Accapella,2024,FOB,2024-09-15,https://www.youtube.com/watch?v=eJic21oJAKo,4367,eJic21oJAKo,RAP BATTLE,2024-09-16T04:11:35.894-04:00
Craze,Liuz,,,,On Beat,2024,DLTLLY,2024-09-15,https://www.youtube.com/watch?v=5JMXVlNWVdI,29823,5JMXVlNWVdI,#ERROR!,2024-09-16T04:11:35.895-04:00
PATO G,YUAH,,,,Accapella,2024,FOB,2024-09-13,https://www.youtube.com/watch?v=Ht2ioZWrWJw,5291,Ht2ioZWrWJw,FINALE,2024-09-14T04:11:31.813-04:00
Punjizz,Shizu aka. DeeLah,,,,Accapella,2024,DLTLLY,2024-09-12,https://www.youtube.com/watch?v=LLmwMQb1CQI,17057,LLmwMQb1CQI,#ERROR!,2024-09-13T04:11:29.678-04:00
NOTYZZE,YAAMANN,,,,Accapella,2024,FOB,2024-09-10,https://www.youtube.com/watch?v=2Z3LaxE89EI,3717,2Z3LaxE89EI,Battle um Platz 3,2024-09-11T04:11:27.943-04:00
Morgana,Jeystone,,,,Accapella,2024,DUDL,2024-09-08,https://www.youtube.com/watch?v=3wGCnFTZFzs,9360,3wGCnFTZFzs,D&DL,2024-09-09T09:53:18.733-04:00
Joseph Steinschleuder,Davie Jones,,,,Accapella,2024,DLTLLY,2024-09-08,https://www.youtube.com/watch?v=6ommjEnW9vI,64196,6ommjEnW9vI,#ERROR!,2024-09-09T09:53:18.733-04:00
Rool,Dyas,,,,Accapella,2024,DLTLLY,2024-09-05,https://www.youtube.com/watch?v=jagpHG4EWME,6727,jagpHG4EWME,#ERROR!,2024-09-06T09:53:19.133-04:00
T-Way,Gerro,,,,Accapella,2024,DUDL,2024-09-01,https://www.youtube.com/watch?v=z-q8BX6Mxrs,8261,z-q8BX6Mxrs,D&DL,2024-09-03T09:53:19.066-04:00
Kato,SnakeHeadRhyme,,,,Accapella,2024,DLTLLY,2024-09-01,https://www.youtube.com/watch?v=68QK0Kf8Lck,43954,68QK0Kf8Lck,München,2024-09-03T09:53:19.069-04:00
Kato,SnakeHeadRhyme,,,,Accapella,2024,DLTLLY,2024-09-01,https://www.youtube.com/watch?v=topFWR2QQZo,4429,topFWR2QQZo,Interview München,2024-09-03T09:53:19.069-04:00
Baretta,Herr Sören,,,,Accapella,2024,DLTLLY,2024-08-29,https://www.youtube.com/watch?v=kcm0rdCOar4,9184,kcm0rdCOar4,#ERROR!,2024-09-03T09:53:19.070-04:00
InzaneMane,Leon Vinyard,,,,Accapella,2024,DUDL,2024-08-25,https://www.youtube.com/watch?v=115Cl3vTrPM,7384,115Cl3vTrPM,D&DL,2024-08-25T16:43:44.733-04:00
Ilhan,Kitana,,,,On Beat,2024,DLTLLY,2024-08-25,https://www.youtube.com/watch?v=AtqetyTbheI,84152,AtqetyTbheI,#ERROR!,2024-08-25T16:43:44.735-04:00
JEPAIN,A-RON,,,,Accapella,2024,FOB,2024-08-23,https://www.youtube.com/watch?v=XrEZxw8z5bM,6076,XrEZxw8z5bM,RAP BATTLE,2024-08-25T16:43:44.735-04:00
Notyzze,Lyrico,,,,On Beat,2024,DLTLLY,2024-08-22,https://www.youtube.com/watch?v=Tgmq3_4RhjE,32828,Tgmq3_4RhjE,#ERROR!,2024-08-23T13:43:21.152-04:00
Ezra,Jilly,,,,Accapella,2024,DUDL,2024-08-18,https://www.youtube.com/watch?v=q8bh5WVlnew,4072,q8bh5WVlnew,D&DL,2024-08-19T10:11:42.006-04:00
DANNY DEADWEIGHT,ONKEL FRÄNK,,,,Accapella,2024,FOB,2024-08-18,https://www.youtube.com/watch?v=Mkz8nufAVUo,5572,Mkz8nufAVUo,RAP BATTLE,2024-08-25T16:43:44.735-04:00
Meidi,Craze,,,,Accapella,2024,DLTLLY,2024-08-17,https://www.youtube.com/watch?v=-iUQflbZjj4,176899,-iUQflbZjj4,MAYhem #7,2024-08-19T10:11:42.007-04:00
Meidi,Craze,,,,Accapella,2024,DLTLLY,2024-08-17,https://www.youtube.com/watch?v=vnq0PZiNHpM,23221,vnq0PZiNHpM,Interview MAYhem #7,2024-08-19T10:11:42.007-04:00
MC COLOGNE & PATO G,REQUIEM & FROZEN,,,,Accapella,2024,FOB,2024-08-16,https://www.youtube.com/watch?v=TWJGch9t_tk,9683,TWJGch9t_tk,RAP BATTLE,2024-08-25T16:43:44.735-04:00
FraxOne,Georgie,,,,Accapella,2024,DUDL,2024-08-11,https://www.youtube.com/watch?v=WQKX9rMwfPs,3748,WQKX9rMwfPs,D&DL,2024-08-12T10:11:41.543-04:00
Ssynic,Tobi High,,,,Accapella,2024,DLTLLY,2024-08-11,https://www.youtube.com/watch?v=_2mNNkIfRww,395623,_2mNNkIfRww,MAYhem #7,2024-08-12T10:11:41.546-04:00
Ssynic,Tobi High,,,,Accapella,2024,DLTLLY,2024-08-11,https://www.youtube.com/watch?v=uq5t-evaHBs,47508,uq5t-evaHBs,Interview MAYhem #7,2024-08-12T10:11:41.547-04:00
FATE,ALADIN,,,,Accapella,2024,FOB,2024-08-11,https://www.youtube.com/watch?v=Ng3dTGNDfOk,8908,Ng3dTGNDfOk,could not identify event,skipped historical backfill
VYRUS,BAYZE,,,,Accapella,2024,FOB,2024-08-09,https://www.youtube.com/watch?v=uGlXueV9R_s,87198,uGlXueV9R_s,could not identify event,skipped historical backfill
Hiding John,Shizu,,,,Accapella,2024,DLTLLY,2024-08-04,https://www.youtube.com/watch?v=5wYtTi39xh8,11993,5wYtTi39xh8,Interview MAYhem #7,2024-08-04T14:53:21.567-04:00
Hiding John,Shizu,,,,Accapella,2024,DLTLLY,2024-08-04,https://www.youtube.com/watch?v=ZIH7h0e7aWg,101979,ZIH7h0e7aWg,MAYhem #7,2024-08-04T14:53:21.568-04:00
CASHUS K,PAPA TR,,,,Accapella,2024,FOB,2024-08-04,https://www.youtube.com/watch?v=xeLsNH_EwHU,8350,xeLsNH_EwHU,ACAPELLA BATTLE,skipped historical backfill
YARAMBO,LUCKYLILY,,,,Accapella,2024,FOB,2024-08-02,https://www.youtube.com/watch?v=e-JVkajOSKw,123481,e-JVkajOSKw,could not identify event,skipped historical backfill
Requiem,Ilhan,MAYhem 7,Festsaal Kreuzberg,Berlin,Accapella,2024,DLTLLY,2024-07-28,https://www.youtube.com/watch?v=9Po9A8VvDFs,30241,9Po9A8VvDFs,#ERROR!,2024-08-03T02:43:42.998-04:00
VYRUS & FREEZY,SIZYPHOS & SH@WDY SH@F,Co-Event DLTLLY & FOB,Jugendzentrum.Digital Deutz,Köln,Accapella,2024,FOB,2024-07-26,https://www.youtube.com/watch?v=yC4KF5j4SC0,145852,yC4KF5j4SC0,RAP BATTLE,2024-08-03T02:51:37.683-04:00
Quill,Hollow Da Don,MAYhem 7,Festsaal Kreuzberg,Berlin,Accapella,2024,DLTLLY,2024-07-21,https://www.youtube.com/watch?v=L4bqv0Z187s,70961,L4bqv0Z187s,International + Interview MAYhem #7,2024-08-03T02:48:16.283-04:00
MOODY,EZRA,Co-Event DLTLLY & FOB,Jugendzentrum.Digital Deutz,Köln,Accapella,2024,FOB,2024-07-21,https://www.youtube.com/watch?v=_xZ5PG4OiQ4,4392,_xZ5PG4OiQ4,ONE-ROUNDER,2024-08-03T02:48:16.283-04:00
DAVIE JONES,BDAD,Co-Event DLTLLY & FOB,Kulturbunker Mülheim,Köln,Accapella,2024,FOB,2024-07-19,https://www.youtube.com/watch?v=j0UoUGbmxcQ,38741,j0UoUGbmxcQ,ACAPELLA BATTLE,2024-08-03T02:43:42.859-04:00
Wolff,T-Way,Co-Event DLTLLY & FOB,Kulturbunker Mülheim,Köln,Accapella,2024,DLTLLY,2024-07-14,https://www.youtube.com/watch?v=zOWZq8nG75U,51143,zOWZq8nG75U,x Co-Event,2024-08-03T02:43:42.859-04:00
HOODOO,GEERAH,Co-Event DLTLLY & FOB,Kulturbunker Mülheim,Köln,Accapella,2024,FOB,2024-07-14,https://www.youtube.com/watch?v=SooZ6KbCv4I,2823,SooZ6KbCv4I,ACAPELLA BATLLE,2024-08-03T02:43:42.859-04:00
Wolff,T-Way,,,,Accapella,2024,DLTLLY,2024-07-14,https://www.youtube.com/watch?v=haDRNN288xI,3352,haDRNN288xI,Interview x Co-Event,2024-08-28T04:11:30.470-04:00
ZEPTAH,REQUIEM,Co-Event DLTLLY & FOB,Jugendzentrum.Digital Deutz,Köln,On Beat,2024,FOB,2024-07-12,https://www.youtube.com/watch?v=EJdpjtbvjEo,16481,EJdpjtbvjEo,ON BEAT BATTLE,2024-08-03T02:43:42.859-04:00
MC Cologne,Bandan,Co-Event DLTLLY & FOB,Jugendzentrum.Digital Deutz,Köln,On Beat,2024,DLTLLY,2024-07-11,https://www.youtube.com/watch?v=6nV5CVQoKLo,8848,6nV5CVQoKLo,+ Interview x Co-Event,2024-08-03T02:43:42.859-04:00
Duff,Neilz,Co-Event DLTLLY & FOB,Kulturbunker Mülheim,Köln,On Beat,2024,DLTLLY,2024-07-07,https://www.youtube.com/watch?v=1MsrFX-bPC4,27836,1MsrFX-bPC4,+ Interview x Co-Event,2024-08-03T02:43:42.860-04:00
LUCKYLILY,MC GEUNER,Co-Event DLTLLY & FOB,Jugendzentrum.Digital Deutz,Köln,Accapella,2024,FOB,2024-07-05,https://www.youtube.com/watch?v=G3O29FB4itk,45158,G3O29FB4itk,ACAPELLA BATTLE,2024-08-03T02:43:42.860-04:00
Proton,Koozy,Co-Event DLTLLY & FOB,Kulturbunker Mülheim,Köln,On Beat,2024,DLTLLY,2024-07-04,https://www.youtube.com/watch?v=JCMIDlfCDjY,17942,JCMIDlfCDjY,+ Interview x Co-Event,2024-08-03T02:43:42.860-04:00
CSN Galactico,Jepain,,,,Accapella,2024,DLTLLY,2024-06-30,https://www.youtube.com/watch?v=R-MBPLw_uY0,31911,R-MBPLw_uY0,+ Interview x Co-Event,skipped historical backfill
Mighty P & Lamin,FFFelix & Nastic,,,,Accapella,2024,DLTLLY,2024-06-27,https://www.youtube.com/watch?v=q3gQy17LHC0,13785,q3gQy17LHC0,2on2  + Interview  x  Co-Event,2024-08-03T02:43:42.860-04:00
Oregano,Rolling G,,,,Accapella,2024,DLTLLY,2024-06-23,https://www.youtube.com/watch?v=NZFA0665s18,39572,NZFA0665s18,+ Interview NRWeekend,skipped historical backfill
Karma,Hiding John (One Rounder),,,,Accapella,2024,DLTLLY,2024-06-21,https://www.youtube.com/watch?v=7Vmk5up-5Fo,37029,7Vmk5up-5Fo,NRWeekend,2024-08-03T02:43:42.860-04:00
PESC,FAIVEL,LEVEL UP TURNIER,,Köln,Accapella,2024,FOB,2024-06-18,https://www.youtube.com/watch?v=EVKPjgMgfJg,5651,EVKPjgMgfJg,LEVEL UP TURNIER,2024-08-03T02:43:42.861-04:00
NATALI,KRISO,,,,Accapella,2024,FOB,2024-06-17,https://www.youtube.com/watch?v=lcDcZyVhX5Y,9295,lcDcZyVhX5Y,LEVEL UP TURNIER,2024-08-03T02:43:42.861-04:00
Kato & Yarambo,Joseph Steinschleuder & Sizyphos,NRWeekend 7,,,Accapella,2024,DLTLLY,2024-06-16,https://www.youtube.com/watch?v=4j1hDSpgsFw,223033,4j1hDSpgsFw,2on2 NRWeekend,2024-08-03T02:43:42.861-04:00
Yarambo & Kato,Sizyphos & Joseph Steinschleuder,,,,Accapella,2024,DLTLLY,2024-06-16,https://www.youtube.com/watch?v=g7FPEteqORE,15998,g7FPEteqORE,Interview Event Name oder Stadt,skipped historical backfill
Django,Shortworth,,,,Accapella,2024,DLTLLY,2024-06-14,https://www.youtube.com/watch?v=mDnBhjsMWeI,12441,mDnBhjsMWeI,+ Interview NRWeekend,skipped historical backfill
Kiruma,Karanova,D&DL Title-Match,Panke,Berlin,Accapella,2024,DUDL,2024-06-10,https://www.youtube.com/watch?v=rv_yat0fWhE,46010,rv_yat0fWhE, 🏆 ,2024-08-03T02:43:42.861-04:00
Jeystone,N'antinein,,,,On Beat,2024,DUDL,2024-06-09,https://www.youtube.com/watch?v=IuwaIOsyTXs,8742,IuwaIOsyTXs,Battle,2024-08-03T02:43:42.861-04:00
Liuz,T-Way,NRWeekend 7,,,Accapella,2024,DLTLLY,2024-06-09,https://www.youtube.com/watch?v=J8bcbhLcKq8,19608,J8bcbhLcKq8,NRWeekend,2024-08-03T02:43:42.862-04:00
Liuz,T-Way,,,,Accapella,2024,DLTLLY,2024-06-09,https://www.youtube.com/watch?v=P4CoLpmrzBM,1447,P4CoLpmrzBM,Interview NRWeekend,skipped historical backfill
Ryko-J,Olio,NRWeekend 7,,,Accapella,2024,DLTLLY,2024-06-07,https://www.youtube.com/watch?v=6oGgSiAVu4I,45637,6oGgSiAVu4I,NRWeekend,2024-08-03T02:43:42.862-04:00
DER SERGEANT,EZRA,,,,Accapella,2024,FOB,2024-06-07,https://www.youtube.com/watch?v=hp9kbzK2ugs,5155,hp9kbzK2ugs,ACAPELLA BATTLE,2024-08-03T02:43:42.862-04:00
Ryko-J,Olio,,,,Accapella,2024,DLTLLY,2024-06-07,https://www.youtube.com/watch?v=jFMyEc04qBk,3361,jFMyEc04qBk,Interview NRWeekend,skipped historical backfill
Holu,Zeuge,,Panke,,Accapella,2024,DUDL,2024-06-02,https://www.youtube.com/watch?v=bf94Ffg-3F4,8918,bf94Ffg-3F4,Battle,2024-08-03T02:43:42.862-04:00
Requiem,Fate,NRWeekend 7,Spektakulum,Düsseldorf,Accapella,2024,DLTLLY,2024-06-02,https://www.youtube.com/watch?v=OPSI5Jy-AVQ,23956,OPSI5Jy-AVQ,NRWeekend,2024-08-03T02:43:42.862-04:00
Requiem,Fate,,,,Accapella,2024,DLTLLY,2024-06-02,https://www.youtube.com/watch?v=kR7WEA3d6vI,2744,kR7WEA3d6vI,Interview NRWeekend,skipped historical backfill
KATO,T-WAY,,,,Accapella,2024,FOB,2024-05-31,https://www.youtube.com/watch?v=nxx7jX1ylPc,12666,nxx7jX1ylPc,GAMING BARS RELOADED,2024-08-03T02:43:42.862-04:00
Heinz87,Gerro,,,,Accapella,2024,DLTLLY,2024-05-31,https://www.youtube.com/watch?v=TcVTAMrwwo0,11295,TcVTAMrwwo0,+ Interview NRWeekend,skipped historical backfill
Franz Flaute,MC Rabiat,,,,Accapella,2024,DUDL,2024-05-26,https://www.youtube.com/watch?v=ca_rG-4NbNw,5247,ca_rG-4NbNw,Battle,2024-08-03T02:43:42.862-04:00
KRISO,CIZERO,,,,Accapella,2024,FOB,2024-05-26,https://www.youtube.com/watch?v=JZ87q10gvnM,2992,JZ87q10gvnM,ACAPELLA BATTLE,2024-08-03T02:43:42.862-04:00
Ferry,Mazzikaner,,,,Accapella,2024,DLTLLY,2024-05-26,https://www.youtube.com/watch?v=SdQ4LvWvy6w,16570,SdQ4LvWvy6w,+ Interview NRWeekend,skipped historical backfill
PHILLIE.45,NASTIC (Freestyle als MAT),,,,On Beat,2024,FOB,2024-05-24,https://www.youtube.com/watch?v=RzVabkX8At8,4738,RzVabkX8At8,ON BEAT BATTLE,2024-08-03T02:43:42.862-04:00
Cashus K,D-Kay,,,,Accapella,2024,DLTLLY,2024-05-24,https://www.youtube.com/watch?v=BEEkWjnjr2w,12562,BEEkWjnjr2w,+ Interview NRWeekend,skipped historical backfill
Capco Jones,Schlawin0r,,,,Accapella,2024,DUDL,2024-05-19,https://www.youtube.com/watch?v=-zVGbTf4cXQ,3674,-zVGbTf4cXQ,Battle,2024-08-03T02:43:42.862-04:00
Moitz,Wenzel Washington,,,,Accapella,2024,DLTLLY,2024-05-19,https://www.youtube.com/watch?v=X2oW-AVnu_k,14060,X2oW-AVnu_k,NRWeekend,2024-08-03T02:43:42.863-04:00
ILYA FLOYD,CRYSTAL MAX,,,,Accapella,2024,FOB,2024-05-19,https://www.youtube.com/watch?v=uTnZqyleXUo,3090,uTnZqyleXUo,ACAPELLA BATTLE,2024-08-03T02:43:42.863-04:00
Pablo,Morgana,,,,On Beat,2024,DLTLLY,2024-05-17,https://www.youtube.com/watch?v=wMIpuP755BM,30977,wMIpuP755BM,Berlin,2024-08-03T02:43:42.863-04:00
JILLY,ROOL,,,,Accapella,2024,FOB,2024-05-17,https://www.youtube.com/watch?v=oy7yIMl1ZNA,3716,oy7yIMl1ZNA,ACAPELLA BATTLE,2024-08-03T02:43:42.863-04:00
Georgie,Günti,,,,Accapella,2024,DUDL,2024-05-12,https://www.youtube.com/watch?v=CvxlkVUxyCQ,4440,CvxlkVUxyCQ,Battle,2024-08-03T02:43:42.863-04:00
MC Geuner,Bayze,NRWeekend 7,,,Accapella,2024,DLTLLY,2024-05-12,https://www.youtube.com/watch?v=me9eYSwqDfM,49234,me9eYSwqDfM,NRWeekend #7,2024-08-03T02:43:42.863-04:00
MC GEUNER (SPECKTITTE MINO),RIPA,,,,Accapella,2024,FOB,2024-05-12,https://www.youtube.com/watch?v=6Fq9WuxhADc,4439,6Fq9WuxhADc,ACAPELLA BATTLE,2024-08-03T02:43:42.863-04:00
MC Geuner,Bayze,,,,Accapella,2024,DLTLLY,2024-05-12,https://www.youtube.com/watch?v=4Pgf_f01vEM,8112,4Pgf_f01vEM,Interview NRWeekend #7,skipped historical backfill
LARA SOFT,FROZEN,,,,On Beat,2024,FOB,2024-05-10,https://www.youtube.com/watch?v=hcwjr_srOXM,19300,hcwjr_srOXM,ON BEAT BATTLE,2024-08-03T02:43:42.863-04:00
David Ardor,Jilly,,,,Accapella,2024,DUDL,2024-05-05,https://www.youtube.com/watch?v=BxFo9Cnh4GI,3388,BxFo9Cnh4GI,Battle,2024-08-03T02:43:42.863-04:00
Steel,Davie Jones,,,Berlin,On Beat,2024,DLTLLY,2024-05-05,https://www.youtube.com/watch?v=uz5v_Bn_TzY,44248,uz5v_Bn_TzY,Berlin,2024-08-03T02:43:42.864-04:00
Notyzze,Tommy2Late,,,Berlin,On Beat,2024,DLTLLY,2024-05-05,https://www.youtube.com/watch?v=DDBzGJrY2Ds,66984,DDBzGJrY2Ds,Berlin,2024-08-03T02:43:42.864-04:00
Tommy2Late,Notyzze,,,,Accapella,2024,DLTLLY,2024-05-05,https://www.youtube.com/watch?v=QGy-hq1WvbE,1442,QGy-hq1WvbE,Interview Berlin,skipped historical backfill
TOLLSCHOCK,MALIK,,,,Accapella,2024,FOB,2024-05-04,https://www.youtube.com/watch?v=zH1kJVuX8QU,6472,zH1kJVuX8QU,ACAPELLA BATTLE,2024-08-03T02:43:42.864-04:00
CSN GALACTICO,SIC68,,,,Accapella,2024,FOB,2024-05-03,https://www.youtube.com/watch?v=cUb4Sq_nyLo,14054,cUb4Sq_nyLo,ACAPELLA BATTLE,2024-08-03T02:43:42.864-04:00
Tobi High,Papa TR,,,Berlin,On Beat,2024,DLTLLY,2024-04-28,https://www.youtube.com/watch?v=F5E_sF7XD7I,51306,F5E_sF7XD7I,Berlin,2024-08-03T02:43:42.864-04:00
Tobi High,Papa TR,,,,Accapella,2024,DLTLLY,2024-04-28,https://www.youtube.com/watch?v=r2dCDV-gwdQ,2526,r2dCDV-gwdQ,Interview Berlin,skipped historical backfill
LUCKYLILY,YARAMBO,,,,Accapella,2024,FOB,2024-04-28,https://www.youtube.com/watch?v=0gkYm37yBDs,12906,0gkYm37yBDs,FACE-OFF,skipped historical backfill
HEYZEN,TOKZ,,,,On Beat,2024,FOB,2024-04-26,https://www.youtube.com/watch?v=QboOw6vfu5Q,5503,QboOw6vfu5Q,+ ACAPELLA BATTLE,2024-08-03T02:43:42.864-04:00
Jeystone,DirtySanchez,,,,On Beat,2024,DLTLLY,2024-04-26,https://www.youtube.com/watch?v=I_Kd3DTgrlk,25830,I_Kd3DTgrlk,Berlin,skipped historical backfill
Karanova,Bong Teggy,,,Berlin,On Beat,2024,DLTLLY,2024-04-21,https://www.youtube.com/watch?v=LN1Lv62vzbI,140116,LN1Lv62vzbI,🏆 TITLE MATCH 🏆,2024-08-03T02:43:42.864-04:00
Bong Teggy,Karanova,,,,Accapella,2024,DLTLLY,2024-04-21,https://www.youtube.com/watch?v=nJxEfSgOaFE,8055,nJxEfSgOaFE,Interview Berlin,2024-08-03T02:43:42.864-04:00
DANNY DEADWEIGHT,SKILLZ,,,,Accapella,2024,FOB,2024-04-21,https://www.youtube.com/watch?v=ehyGYTo24ro,4819,ehyGYTo24ro,ACAPELLA BATLLE,2024-08-03T02:43:42.866-04:00
MC GEUNER,BANDAN,,,,Accapella,2024,FOB,2024-04-19,https://www.youtube.com/watch?v=8W6w_1IMHSQ,12097,8W6w_1IMHSQ,ACAPELLA BATTLE,2024-08-03T02:43:42.864-04:00
DOC,Mordrake,,,Berlin,On Beat,2024,DLTLLY,2024-04-19,https://www.youtube.com/watch?v=f-Cp3n-LCyw,10753,f-Cp3n-LCyw,Berlin,2024-08-03T02:43:42.864-04:00
ONKEL FRÄNK,SHADYX,,,,Accapella,2024,FOB,2024-04-14,https://www.youtube.com/watch?v=wfBBTAqUHis,8426,wfBBTAqUHis,ACAPELLA BATTLE,2024-08-03T02:43:42.866-04:00
Karanova,Yarambo,,,,Accapella,2024,DLTLLY,2024-04-14,https://www.youtube.com/watch?v=VUQxtOllcRI,9849,VUQxtOllcRI,Interview Kassel,skipped historical backfill
FABS,DUFF,,,,Accapella,2024,FOB,2024-04-12,https://www.youtube.com/watch?v=PGneFiKoVf4,17659,PGneFiKoVf4,ACAPELLA BATTLE,2024-08-03T02:43:42.865-04:00
Zeptah,Tokz,,,Berlin,On Beat,2024,DLTLLY,2024-04-12,https://www.youtube.com/watch?v=sGN8Hll0T3M,20218,sGN8Hll0T3M,Berlin,2024-08-03T02:43:42.865-04:00
Tobi High,Meidi,,,Kassel,Accapella,2024,DLTLLY,2024-04-07,https://www.youtube.com/watch?v=SJ4P0J0u3o0,144737,SJ4P0J0u3o0,Kassel,2024-08-03T02:43:42.865-04:00
Yarambo,Karanova,,,Kassel,Accapella,2024,DLTLLY,2024-04-07,https://www.youtube.com/watch?v=JWaIWpR7cuA,100321,JWaIWpR7cuA,Kassel,2024-08-03T02:43:42.865-04:00
CLOCKWORK,DADDA,,,,Accapella,2024,FOB,2024-04-07,https://www.youtube.com/watch?v=f2TI2M5UaXc,10273,f2TI2M5UaXc,ACAPELLA BATTLE,2024-08-03T02:43:42.865-04:00
Tobi High,Meidi,,,,Accapella,2024,DLTLLY,2024-04-07,https://www.youtube.com/watch?v=kXv-3SwpKnE,13519,kXv-3SwpKnE,Interview Kassel,skipped historical backfill
SIZYPHOS,MOODY,,,,Accapella,2024,FOB,2024-04-05,https://www.youtube.com/watch?v=QYrhse-D5VI,40047,QYrhse-D5VI,ACAPELLA BATTLE,2024-08-03T02:43:42.866-04:00
Young Kennedy,FreeKno,,,,Accapella,2024,DLTLLY,2024-04-03,https://www.youtube.com/watch?v=xxBuaH9FuOM,1276,xxBuaH9FuOM,Interview Kassel,skipped historical backfill
Aladin,Shorteh Taunton,,,Berlin,On Beat,2024,DLTLLY,2024-04-01,https://www.youtube.com/watch?v=yf72pQ4T_ak,11413,yf72pQ4T_ak,Berlin,2024-08-03T02:43:42.865-04:00
MC Maik,Snakeheadrhyme,,,Kassel,Accapella,2024,DLTLLY,2024-03-31,https://www.youtube.com/watch?v=meY3np8DlTQ,22046,meY3np8DlTQ,Kassel,2024-08-03T02:43:42.865-04:00
LARA SOFT,M.F.L.,,,,On Beat,2024,FOB,2024-03-31,https://www.youtube.com/watch?v=CZXKeqr26RQ,8178,CZXKeqr26RQ,ON BEAT BATTLE,2024-08-03T02:43:42.865-04:00
Mc Maik,Snakeheadrhyme,,,,Accapella,2024,DLTLLY,2024-03-31,https://www.youtube.com/watch?v=5PV-DUsopqQ,1892,5PV-DUsopqQ,Interview Kassel,skipped historical backfill
Dadda,Lazlo Mxrphine,,,Berlin,On Beat,2024,DLTLLY,2024-03-29,https://www.youtube.com/watch?v=xcw2vuJLPZs,120366,xcw2vuJLPZs,Berlin,2024-08-03T02:43:42.865-04:00
OREGANO,HIDING JOHN,,,,Accapella,2024,FOB,2024-03-29,https://www.youtube.com/watch?v=rAqwIxumi3s,140259,rAqwIxumi3s,ACAPELLA BATTLE,2024-08-03T02:43:42.866-04:00
FreeKno,Young Kennedy,,,Kassel,Accapella,2024,DLTLLY,2024-03-24,https://www.youtube.com/watch?v=GPMI--gNB08,15281,GPMI--gNB08,Kassel,2024-08-03T02:43:42.866-04:00
JOSEPH STEINSCHLEUDER,MORGANA,,,,On Beat,2024,FOB,2024-03-22,https://www.youtube.com/watch?v=fo8uzP3EIvw,44498,fo8uzP3EIvw,ON BEAT BATTLE,2024-08-03T02:43:42.866-04:00
Vesso,Malik,Proving Grounds,Panke,Berlin,Accapella,2024,DLTLLY,2024-03-22,https://www.youtube.com/watch?v=iK-Oth0jFOo,7190,iK-Oth0jFOo,Proving Grounds,2024-08-03T02:43:42.867-04:00
Malik,Vesso,,,,Accapella,2024,DLTLLY,2024-03-22,https://www.youtube.com/watch?v=PKfOZkA46K8,563,PKfOZkA46K8,Interview Proving Grounds,skipped historical backfill
Nastic,Mighty P,,,,Accapella,2024,DLTLLY,2024-03-20,https://www.youtube.com/watch?v=tpRM4UgKLto,7339,tpRM4UgKLto,Provokation Musikvideo,skipped historical backfill
Zeuge,Niza,,,Kassel,Accapella,2024,DLTLLY,2024-03-17,https://www.youtube.com/watch?v=j6S8n5bSC4k,24312,j6S8n5bSC4k,Kassel,2024-08-03T02:43:42.866-04:00
Niza,Zeuge,,,,Accapella,2024,DLTLLY,2024-03-17,https://www.youtube.com/watch?v=C_bZpioulQo,3071,C_bZpioulQo,Interview Kassel,skipped historical backfill
Der Sergeant,Diamond,Proving Grounds,Panke,Berlin,Accapella,2024,DLTLLY,2024-03-15,https://www.youtube.com/watch?v=YdQh67kKjA0,12983,YdQh67kKjA0,Proving Grounds,2024-08-03T02:43:42.867-04:00
PABLO,YAAMANN,,,,On Beat,2024,FOB,2024-03-15,https://www.youtube.com/watch?v=AWCwWr_DDKI,8950,AWCwWr_DDKI,ON BEAT BATTLE,2024-08-03T02:43:42.867-04:00
Diamond,Der Sergeant,,,,Accapella,2024,DLTLLY,2024-03-15,https://www.youtube.com/watch?v=335z7l77gPk,1344,335z7l77gPk,Interview Proving Grounds,skipped historical backfill
CSN Galactico,Nastic,Proving Grounds,Panke,Berlin,Accapella,2024,DLTLLY,2024-03-10,https://www.youtube.com/watch?v=jKHgj_RAMZA,28787,jKHgj_RAMZA,Proving Grounds,2024-08-03T02:43:42.867-04:00
CSN Galactico,Nastic,,,,Accapella,2024,DLTLLY,2024-03-10,https://www.youtube.com/watch?v=MyFhrIeShjI,2662,MyFhrIeShjI,Interview Proving Grounds,skipped historical backfill
Jepain,Rolling G,Proving Grounds Vol. 5,Panke,Berlin,Accapella,2024,DLTLLY,2024-03-08,https://www.youtube.com/watch?v=1tMIG22ggG0,10081,1tMIG22ggG0,Proving Grounds,2024-08-03T02:43:42.867-04:00
TRIPLE,SHAOLUM,,,,Accapella,2024,FOB,2024-03-08,https://www.youtube.com/watch?v=wRP7JaMPtGk,17450,wRP7JaMPtGk,MIXED MARTIAL BARS,skipped historical backfill
Jepain,Rolling G,,,,Accapella,2024,DLTLLY,2024-03-08,https://www.youtube.com/watch?v=u3iJ_KPt0zk,877,u3iJ_KPt0zk,Interview Proving Grounds,skipped historical backfill
Moody,Ikks,Proving Grounds,Panke,Berlin,Accapella,2024,DLTLLY,2024-03-07,https://www.youtube.com/watch?v=oFHFbG4e604,7276,oFHFbG4e604,Proving Grounds,2024-08-03T02:43:42.867-04:00
Sizyphos,Hiding John,DISSember 7,Festsaal Kreuzberg,Berlin,Accapella,2024,DLTLLY,2024-03-03,https://www.youtube.com/watch?v=LBbPEElYxGA,370845,LBbPEElYxGA,DISSember #7,2024-08-03T02:43:42.867-04:00
Sizyphos,Hiding John,,,,Accapella,2024,DLTLLY,2024-03-03,https://www.youtube.com/watch?v=r9gvjzwQwEM,22827,r9gvjzwQwEM,Interview DISSember #7,skipped historical backfill
ZATO,ZEPTAH,,,,On Beat,2024,FOB,2024-03-01,https://www.youtube.com/watch?v=nMeqvIpjfOE,12199,nMeqvIpjfOE,ON BEAT BATTLE,2024-08-03T02:43:42.868-04:00
Moody,Ikks,,,,Accapella,2024,DLTLLY,2024-03-01,https://www.youtube.com/watch?v=r6-_ToK-gCg,745,r6-_ToK-gCg,Interview Proving Grounds,skipped historical backfill
Belial,Kid Soldier,DISSember 7,Festsaal Kreuzberg,Berlin,Accapella,2024,DLTLLY,2024-02-25,https://www.youtube.com/watch?v=fN0PgIxzhC8,39931,fN0PgIxzhC8,DISSember #7,2024-08-03T02:43:42.868-04:00
Kid Soldier,Belial,,,,Accapella,2024,DLTLLY,2024-02-25,https://www.youtube.com/watch?v=yiZJ_frwzTU,6359,yiZJ_frwzTU,Interview DISSember #7,skipped historical backfill
FREEZY,DADDA,,,,On Beat,2024,FOB,2024-02-23,https://www.youtube.com/watch?v=QBSRI86VMs8,19289,QBSRI86VMs8,ON BEAT BATTLE,2024-08-03T02:43:42.868-04:00
Moonshadow,Mattis,,,,Accapella,2024,DLTLLY,2024-02-23,https://www.youtube.com/watch?v=fOi1H9Ild9U,1424,fOi1H9Ild9U,Interview Proving Grounds,skipped historical backfill
Moonshadow,Mattis,,,,Accapella,2024,DLTLLY,2024-02-23,https://www.youtube.com/watch?v=EyepVdbVmpQ,10121,EyepVdbVmpQ,Proving Grounds,skipped historical backfill
Kato,Neilz - Title-Match 6,,,,Accapella,2024,DLTLLY,2024-02-22,https://www.youtube.com/watch?v=vAz58L7r9Kc,6900,vAz58L7r9Kc,AfterMatch - der Battlerap-Podcast - Folge 4,skipped historical backfill
The Saurus,Quill,DISSember 7,Festsaal Kreuzberg,Berlin,Accapella,2024,DLTLLY,2024-02-18,https://www.youtube.com/watch?v=9z2aEljjMtQ,11643,9z2aEljjMtQ,DISSember #7,2024-08-03T02:43:42.868-04:00
Quill,The Saurus,,,,Accapella,2024,DLTLLY,2024-02-18,https://www.youtube.com/watch?v=4eAwGu0lY4s,2014,4eAwGu0lY4s,Interview DISSember #7,skipped historical backfill
DESPO,PAPA TR,,,,On Beat,2024,FOB,2024-02-16,https://www.youtube.com/watch?v=xZXpYnoXvtY,9160,xZXpYnoXvtY,could not identify event,skipped historical backfill
Sid,Nova,,,,Accapella,2024,DLTLLY,2024-02-16,https://www.youtube.com/watch?v=S2I35PCX_4w,6885,S2I35PCX_4w,Proving Grounds,skipped historical backfill
Sid,Nova,,,,Accapella,2024,DLTLLY,2024-02-16,https://www.youtube.com/watch?v=Epi6QaqyjWE,787,Epi6QaqyjWE,Interview Proving Grounds,skipped historical backfill
Joe Pharo,Fate,,,,Accapella,2024,DLTLLY,2024-02-11,https://www.youtube.com/watch?v=TDQVWA1L3wM,4659,TDQVWA1L3wM,Interview DISSember #7,skipped historical backfill
Joe Pharo,Fate,,,,Accapella,2024,DLTLLY,2024-02-11,https://www.youtube.com/watch?v=3sR-eONvNfI,28468,3sR-eONvNfI,DISSember #7,skipped historical backfill
KOOZY,MAN IN BLACK,,,,On Beat,2024,FOB,2024-02-09,https://www.youtube.com/watch?v=6_YUEKAjkng,10042,6_YUEKAjkng,ON BEAT BATTLE,2024-08-03T02:43:42.868-04:00
Clockwork,Sachma,Proving Grounds,Panke,Berlin,Accapella,2024,DLTLLY,2024-02-09,https://www.youtube.com/watch?v=bwbDyjtPJCc,8309,bwbDyjtPJCc,Proving Grounds,2024-08-03T02:43:42.868-04:00
Clockwork,Sachma,,,,Accapella,2024,DLTLLY,2024-02-09,https://www.youtube.com/watch?v=On90F90Nqio,996,On90F90Nqio,Interview Proving Grounds,skipped historical backfill
Kato,Neilz,,,,Accapella,2024,DLTLLY,2024-02-04,https://www.youtube.com/watch?v=ykfHhWbi7Jk,110485,ykfHhWbi7Jk,🏆 TITLE MATCH 🏆,2024-08-03T02:43:42.869-04:00
Kato,Neilz,,,,Accapella,2024,DLTLLY,2024-02-04,https://www.youtube.com/watch?v=dPCSji5SZV8,22892,dPCSji5SZV8,TITLE MATCH Interview DISSember #7,skipped historical backfill
Ricochet,Riesenlauch,Proving Grounds,Panke,Berlin,Accapella,2024,DLTLLY,2024-02-02,https://www.youtube.com/watch?v=NjX3eisi5XU,12067,NjX3eisi5XU,Proving Grounds Berlin,2024-08-03T02:43:42.868-04:00
VYRUS,STEEL,,,,On Beat,2024,FOB,2024-02-02,https://www.youtube.com/watch?v=hupa7KpyOm8,76810,hupa7KpyOm8,TITLEMATCH,2024-08-03T02:43:42.869-04:00
Ricochet,Riesenlauch,,,,Accapella,2024,DLTLLY,2024-02-02,https://www.youtube.com/watch?v=0MbaMniaAQA,1604,0MbaMniaAQA,"Interview Proving Grounds, Berlin",skipped historical backfill
FAITH MC,ROLLING G,,,,Accapella,2024,FOB,2024-01-28,https://www.youtube.com/watch?v=AQ61cQjpA4U,7245,AQ61cQjpA4U,ACAPELLA BATTLE,2024-08-03T02:43:42.869-04:00
Yarambo,Karma,,,,Accapella,2024,DLTLLY,2024-01-28,https://www.youtube.com/watch?v=Y523u1xAcmo,70144,Y523u1xAcmo,Hamburg,2024-08-03T02:43:42.870-04:00
Karma,Yarambo,,,,Accapella,2024,DLTLLY,2024-01-28,https://www.youtube.com/watch?v=y5lcDXvgiLo,10398,y5lcDXvgiLo,Interview Hamburg,skipped historical backfill
CapcoJones,Cristosaurus Rex,Proving Grounds,Panke,Berlin,Accapella,2024,DLTLLY,2024-01-26,https://www.youtube.com/watch?v=NNUTrbddBwo,10191,NNUTrbddBwo,Proving Grounds,2024-08-03T02:43:42.868-04:00
KARKOBI,MOODY,,,,Accapella,2024,FOB,2024-01-26,https://www.youtube.com/watch?v=hvEti6vXuXY,18148,hvEti6vXuXY,ACAPELLA BATTLE,2024-08-03T02:43:42.873-04:00
Christosaurus Rex,Capco Jones,,,,Accapella,2024,DLTLLY,2024-01-26,https://www.youtube.com/watch?v=p2NURmVVhrU,1579,p2NURmVVhrU,"Interview Proving Grounds, Berlin",skipped historical backfill
ROOL,DAVID ARDOR,,,,Accapella,2024,FOB,2024-01-21,https://www.youtube.com/watch?v=_TQee46RR5U,2769,_TQee46RR5U,NEWCOMER BATTLE,2024-08-03T02:43:42.869-04:00
Heinz87 & Hiding John,Mazzikaner & Cashus K,,,,Accapella,2024,DLTLLY,2024-01-21,https://www.youtube.com/watch?v=Ue5h955l2Ew,26600,Ue5h955l2Ew,Hamburg,2024-08-03T02:43:42.869-04:00
Cashus K & Mazzikaner,Hiding John & Heinz87,,,,Accapella,2024,DLTLLY,2024-01-21,https://www.youtube.com/watch?v=HyuKSKJbPiM,2384,HyuKSKJbPiM,Interview Hamburg,skipped historical backfill
FRAX ONE & DJANGO,NATALI & ALADIN,,,,Accapella,2024,FOB,2024-01-19,https://www.youtube.com/watch?v=6ZzLdfNphns,7192,6ZzLdfNphns,ACAPELLA BATTLE,2024-08-03T02:43:42.869-04:00
Celune,Sizyphos,,,,Accapella,2024,DLTLLY,2024-01-14,https://www.youtube.com/watch?v=wwKW8EaM0W4,86327,wwKW8EaM0W4,Hamburg,2024-08-03T02:43:42.870-04:00
Celune,Sizyphos,,,,Accapella,2024,DLTLLY,2024-01-14,https://www.youtube.com/watch?v=lNnXXa8nutA,12271,lNnXXa8nutA,Interview Hamburg,skipped historical backfill
JOSEPH STEINSCHLEUDER & ROMIK WRONG,ZEPTAH & ORPHXN,,,,On Beat,2024,FOB,2024-01-12,https://www.youtube.com/watch?v=hDQFXey6gXI,34898,hDQFXey6gXI,ON BEAT BATTLE,2024-08-03T02:43:42.869-04:00
Faivel,Bilal,,,,Accapella,2024,DLTLLY,2024-01-07,https://www.youtube.com/watch?v=mHPNeE8Tkbo,14934,mHPNeE8Tkbo,Hamburg,2024-08-03T02:43:42.870-04:00
Bilal,Faivel,,,,Accapella,2024,DLTLLY,2024-01-07,https://www.youtube.com/watch?v=F5aOOORT5dk,1646,F5aOOORT5dk,Interview Hamburg,skipped historical backfill
Holu,Moody,,,,Accapella,2023,DUDL,2024-01-06,https://www.youtube.com/watch?v=ZgVgROhjl5o,6448,ZgVgROhjl5o,Battle,2024-08-03T02:43:42.870-04:00
Shizu,Morgana,,,,On Beat,2024,DLTLLY,2024-01-05,https://www.youtube.com/watch?v=uZC6ZAOqvss,40243,uZC6ZAOqvss,Hamburg,2024-08-03T02:43:42.870-04:00
BURST & T-WAY,LEANDERS & DESPO,,,,Accapella,2024,FOB,2024-01-05,https://www.youtube.com/watch?v=_RaLw94QJSI,9538,_RaLw94QJSI,ACAPELLA BATTLE,2024-08-03T02:43:42.870-04:00
Morgana,Shizu,,,,Accapella,2024,DLTLLY,2024-01-05,https://www.youtube.com/watch?v=5KRiY9v26QI,2496,5KRiY9v26QI,Interview Hamburg,skipped historical backfill
KRISO,ILYA FLOYD,,,,Accapella,2023,FOB,2023-12-31,https://www.youtube.com/watch?v=eSLYneqD0vg,3756,eSLYneqD0vg,NEWCOMER BATTLE,2024-08-03T02:43:42.870-04:00
Neilz,Kiruma,,Oma Doris,Dortmund,Accapella,2023,DLTLLY,2023-12-31,https://www.youtube.com/watch?v=k5MyH3qffzk,97616,k5MyH3qffzk,Dortmund,2024-08-03T02:43:42.872-04:00
Neilz,Kiruma,,,,Accapella,2023,DLTLLY,2023-12-31,https://www.youtube.com/watch?v=aM-nj3_Palc,14123,aM-nj3_Palc,Interview Dortmund,skipped historical backfill
Bilal,Joseph Steinschleuder,,,,Accapella,2023,DUDL,2023-12-30,https://www.youtube.com/watch?v=MmgJGhyrfbc,19041,MmgJGhyrfbc,Battle,2024-08-03T02:43:42.871-04:00
Liuz,Herr Kuchen,,Oma Doris,Dortmund,Accapella,2023,DLTLLY,2023-12-30,https://www.youtube.com/watch?v=vPgMlVOgMYs,78879,vPgMlVOgMYs,Dortmund,2024-08-03T02:43:42.871-04:00
Flashus Christus,K9NE,,,,Accapella,2023,DLTLLY,2023-12-30,https://www.youtube.com/watch?v=chUp4X6Isbo,8860,chUp4X6Isbo,Wien,2024-08-03T02:43:42.871-04:00
LUCKYLILY & BAYZE,CRAZE & MOITZ,,,,Accapella,2023,FOB,2023-12-29,https://www.youtube.com/watch?v=B7Ge3bBMaZ4,72755,B7Ge3bBMaZ4,ACAPELLA BATTLE,2024-08-03T02:43:42.872-04:00
MORGANA,ZEPTAH,,,,On Beat,2023,FOB,2023-12-26,https://www.youtube.com/watch?v=VSjE_QHcZBU,11490,VSjE_QHcZBU,ON BEAT BATTLE,2024-08-03T02:43:42.872-04:00
Karkobi,Requiem,,,,Accapella,2023,DLTLLY,2023-12-24,https://www.youtube.com/watch?v=dpC_mfZVDrc,43552,dpC_mfZVDrc,Wien,2024-08-03T02:43:42.871-04:00
KIRUMA,HIDING JOHN,BRRRR!,,,Accapella,2023,FOB,2023-12-24,https://www.youtube.com/watch?v=-z8Kz8svvR4,82698,-z8Kz8svvR4,ACAPELLA BATTLE,2024-08-03T02:43:42.872-04:00
Karkobi,Requiem,,,,Accapella,2023,DLTLLY,2023-12-24,https://www.youtube.com/watch?v=8CfiykyS0hU,7331,8CfiykyS0hU,Interview Wien,skipped historical backfill
Kane,David Ardor,,,,Accapella,2023,DUDL,2023-12-23,https://www.youtube.com/watch?v=5NWHlFDIezw,3420,5NWHlFDIezw,Battle,2024-08-03T02:43:42.872-04:00
Barbee & Flow,Fate & Joseph Steinschleuder,,,,Accapella,2023,DLTLLY,2023-12-22,https://www.youtube.com/watch?v=o0oMk_6Sj60,40997,o0oMk_6Sj60,2on2 Wien,2024-08-03T02:43:42.871-04:00
CLOCKWORK,CSN GALACTICO,,,,Accapella,2023,FOB,2023-12-22,https://www.youtube.com/watch?v=8t_wR5YYayI,10513,8t_wR5YYayI,ACAPELLA BATTLE,2024-08-03T02:43:42.872-04:00
Barbee & Flow,Joseph Steinschleuder & Fate,,,,Accapella,2023,DLTLLY,2023-12-22,https://www.youtube.com/watch?v=cQ6_5kJ0S-s,3202,cQ6_5kJ0S-s,Interview Wien,skipped historical backfill
Mc Geuner,T-Way,,Oma Doris,Dortmund,Accapella,2023,DLTLLY,2023-12-17,https://www.youtube.com/watch?v=rsMrgC9k9jk,18870,rsMrgC9k9jk,Dortmund,2024-08-03T02:43:42.871-04:00
SNAKEHEADRHYME,A-RON,,,,Accapella,2023,FOB,2023-12-17,https://www.youtube.com/watch?v=q4fXhfjI2ZU,10406,q4fXhfjI2ZU,ACAPELLA BATTLE,2024-08-03T02:43:42.872-04:00
Mc Geuner,T-Way,,,,Accapella,2023,DLTLLY,2023-12-17,https://www.youtube.com/watch?v=Gv-nAvjRndo,2077,Gv-nAvjRndo,Interview Dortmund,skipped historical backfill
Notyzze,BanDan,,,,On Beat,2023,DLTLLY,2023-12-15,https://www.youtube.com/watch?v=ryfJjGNbbR8,24513,ryfJjGNbbR8,Wien,2024-08-03T02:43:42.871-04:00
Bandan,Notyzze,,,,Accapella,2023,DLTLLY,2023-12-15,https://www.youtube.com/watch?v=0jtw5glQ3o4,1959,0jtw5glQ3o4,Interview Wien,skipped historical backfill
SHAOLUM,EZRA,,,,Accapella,2023,FOB,2023-12-10,https://www.youtube.com/watch?v=tzwE0B9OquY,5243,tzwE0B9OquY,ONE-ROUNDER,2024-08-03T02:43:42.873-04:00
Herr Kuchen,Liuz,,,,Accapella,2023,DLTLLY,2023-12-10,https://www.youtube.com/watch?v=ERGDqtv_Dhc,15711,ERGDqtv_Dhc,Interview Dortmund,skipped historical backfill
KahVauWeh,Jilly,,,,Accapella,2023,DUDL,2023-12-09,https://www.youtube.com/watch?v=0qrxZCr5CMg,4577,0qrxZCr5CMg,Battle,2024-08-03T02:43:42.874-04:00
FREEKNO,MORGANA,,,,Accapella,2023,FOB,2023-12-08,https://www.youtube.com/watch?v=WtgPudDeZj8,6611,WtgPudDeZj8,ACAPELLA BATTLE,2024-08-03T02:43:42.874-04:00
K9NE,Flashus Christus,,,,Accapella,2023,DLTLLY,2023-12-08,https://www.youtube.com/watch?v=RMQG3rQI1CA,1805,RMQG3rQI1CA,Interview Wien,skipped historical backfill
Onkel Oktomusch,Jindo109,,Oma Doris,Dortmund,Accapella,2023,DLTLLY,2023-12-03,https://www.youtube.com/watch?v=NXAh7HMMM-0,140321,NXAh7HMMM-0,Dortmund,2024-08-03T02:43:42.871-04:00
Onkel Oktomusch,Jindo109,,,,Accapella,2023,DLTLLY,2023-12-03,https://www.youtube.com/watch?v=lSnEQsO7TTA,29458,lSnEQsO7TTA,Dortmund,skipped historical backfill
NASTIC,STEEL,,,,On Beat,2023,FOB,2023-12-02,https://www.youtube.com/watch?v=w0kK3zXnnK0,186852,w0kK3zXnnK0,ON BEAT BATTLE,2024-08-03T02:43:42.874-04:00
VYRUS,KARANOVA,,,,On Beat,2023,FOB,2023-12-01,https://www.youtube.com/watch?v=_rMFRoKcs6M,59479,_rMFRoKcs6M,ON BEAT BATTLE,2024-08-03T02:43:42.874-04:00
Schalle,Shortworth,,,,Accapella,2023,DLTLLY,2023-12-01,https://www.youtube.com/watch?v=j9mjcaP43Lk,1508,j9mjcaP43Lk,Interview Wien,skipped historical backfill
Schalle,Shortworth,,,,Accapella,2023,DLTLLY,2023-11-30,https://www.youtube.com/watch?v=3_aVuejj-KM,13522,3_aVuejj-KM,Wien,2024-08-03T02:43:42.874-04:00
STEEL,VYRUS,,,,On Beat,2023,FOB,2023-11-30,https://www.youtube.com/watch?v=zNkLmnydDxo,7214,zNkLmnydDxo,TITLE TEASER,skipped historical backfill
Kato,Bong Teggy,,,,Accapella,2023,DLTLLY,2023-11-29,https://www.youtube.com/watch?v=w1aSzhyy4nA,5671,w1aSzhyy4nA,AfterMatch - der Battlerap-Podcast,skipped historical backfill
MOODY,TECEY,,,,Accapella,2023,FOB,2023-11-26,https://www.youtube.com/watch?v=rbNeALMPEKo,3766,rbNeALMPEKo,ACAPELLA BATTLE,2024-08-03T02:43:42.874-04:00
Duff,Joe Pharo,,Oma Doris,Dortmund,Accapella,2023,DLTLLY,2023-11-26,https://www.youtube.com/watch?v=m0MkvcPDluI,25796,m0MkvcPDluI,Dortmund,2024-08-03T02:43:42.874-04:00
Duff,Joe Pharo,,,,Accapella,2023,DLTLLY,2023-11-26,https://www.youtube.com/watch?v=H7CC5f58xpU,3478,H7CC5f58xpU,Interview Dortmund,skipped historical backfill
JOE PHARO,LITTLE SEDO,,,,Accapella,2023,FOB,2023-11-24,https://www.youtube.com/watch?v=5Z35PNEQB_I,10729,5Z35PNEQB_I,ACAPELLA BATTLE,2024-08-03T02:43:42.874-04:00
Grandmaster Flow,Kalp One,,,,Accapella,2023,DLTLLY,2023-11-24,https://www.youtube.com/watch?v=Kw40l5aHPI4,8399,Kw40l5aHPI4,Wien,2024-08-03T02:43:42.874-04:00
Wenzel Washington,Davis,,,,Accapella,2023,DLTLLY,2023-11-19,https://www.youtube.com/watch?v=BNOhkxQXuyM,11741,BNOhkxQXuyM,Wien,2024-08-03T02:43:42.875-04:00
Wenzel Washington,Davis,,,,Accapella,2023,DLTLLY,2023-11-19,https://www.youtube.com/watch?v=UbUooOjp2hY,1237,UbUooOjp2hY,Interview Wien,skipped historical backfill
JEPAIN,CELUNE,,,,Accapella,2023,FOB,2023-11-17,https://www.youtube.com/watch?v=01-L9OSECRY,12814,01-L9OSECRY,ACAPELLA BATTLE,2024-08-03T02:43:42.875-04:00
Ssynic,Craze,,,,Accapella,2023,DLTLLY,2023-11-14,https://www.youtube.com/watch?v=o9_vjksbLDg,11262,o9_vjksbLDg,AfterMatch - der Battlerap-Podcast,skipped historical backfill
Belial,Julo,,Oma Doris,Dortmund,Accapella,2023,DLTLLY,2023-11-12,https://www.youtube.com/watch?v=I9J8qYJCcno,30667,I9J8qYJCcno,Dortmund,2024-08-03T02:43:42.875-04:00
BAYZE,M.F.L.,,,,Accapella,2023,FOB,2023-11-12,https://www.youtube.com/watch?v=paqgtJnfItw,13628,paqgtJnfItw,ACAPELLA BATTLE,2024-08-03T02:43:42.875-04:00
Belial,Julo,,,,Accapella,2023,DLTLLY,2023-11-12,https://www.youtube.com/watch?v=u9C27fIunLI,3969,u9C27fIunLI,Interview Dortmund,skipped historical backfill
LUCKYLILY,IKKS,,,,Accapella,2023,FOB,2023-11-10,https://www.youtube.com/watch?v=kgZww6Ailfs,20398,kgZww6Ailfs,ACAPELLA BATTLE,2024-08-03T02:43:42.875-04:00
Pablo,Mordrake,splash! 25,Splash,Ferropolis,On Beat,2023,DLTLLY,2023-11-07,https://www.youtube.com/watch?v=eTL6zktMYR4,15533,eTL6zktMYR4,splash! 25,2024-08-03T02:43:42.876-04:00
Ssynic,Craze,,,,Accapella,2023,DLTLLY,2023-11-05,https://www.youtube.com/watch?v=FwsahytRilk,274537,FwsahytRilk,B-Day #10,2024-08-03T02:43:42.877-04:00
SUZIE SUH,MALIK,,,,Accapella,2023,FOB,2023-11-05,https://www.youtube.com/watch?v=XdxsQ5ZkBl0,6098,XdxsQ5ZkBl0,ACAPELLA BATTLE,2024-08-03T02:43:42.877-04:00
Ssynic,Craze,,,,Accapella,2023,DLTLLY,2023-11-05,https://www.youtube.com/watch?v=ULL_WuYCGEc,46098,ULL_WuYCGEc,Interview B-Day #10,skipped historical backfill
KOOZY,ZEPTAH,,,,On Beat,2023,FOB,2023-11-03,https://www.youtube.com/watch?v=GGu6kpSltiw,13655,GGu6kpSltiw,ON BEAT BATTLE,2024-08-03T02:43:42.875-04:00
Yarambo,JollyJay,,,,Accapella,2023,DLTLLY,2023-10-31,https://www.youtube.com/watch?v=0lJFYIKfVhA,8697,0lJFYIKfVhA,AfterMatch - der Battlerap-Podcast,skipped historical backfill
Yarambo,JollyJay,,,,Accapella,2023,DLTLLY,2023-10-29,https://www.youtube.com/watch?v=u6NT4ynzzXY,141802,u6NT4ynzzXY,B-Day #10,2024-08-03T02:43:42.877-04:00
SIC68,LEOQUENT,,,,Accapella,2023,FOB,2023-10-29,https://www.youtube.com/watch?v=Aagl3mzXYHE,2596,Aagl3mzXYHE,ACAPELLA BATTLE,2024-08-03T02:43:42.877-04:00
Yarambo,JollyJay,,,,Accapella,2023,DLTLLY,2023-10-29,https://www.youtube.com/watch?v=nIByTnKCm1M,13862,nIByTnKCm1M,Interview B-Day #10 Zoom,skipped historical backfill
TEACH,SHORTWORTH,,,,Accapella,2023,FOB,2023-10-27,https://www.youtube.com/watch?v=v3gjheBRFdw,5874,v3gjheBRFdw,ACAPELLA BATTLE,2024-08-03T02:43:42.877-04:00
Kato,Bong Teggy,,,,Accapella,2023,DLTLLY,2023-10-22,https://www.youtube.com/watch?v=9-PHpWXpad8,93755,9-PHpWXpad8,B-Day #10,2024-08-03T02:43:42.877-04:00
M.F.L.,CLOCKWORK,,,,Accapella,2023,FOB,2023-10-22,https://www.youtube.com/watch?v=GrwKC49yyCQ,3355,GrwKC49yyCQ,ACAPELLA BATTLE,2024-08-03T02:43:42.877-04:00
Kato,Bong Teggy,,,,Accapella,2023,DLTLLY,2023-10-21,https://www.youtube.com/watch?v=pv00r9wBM2M,13033,pv00r9wBM2M,Interview B-Day#10,skipped historical backfill
DEELAH,DADDA,,,,Accapella,2023,FOB,2023-10-20,https://www.youtube.com/watch?v=1hXJvRr5-v0,16126,1hXJvRr5-v0,ACAPELLA BATTLE,2024-08-03T02:43:42.877-04:00
Karanova,Mc Geuner,,,,Accapella,2023,DLTLLY,2023-10-15,https://www.youtube.com/watch?v=EuuQTa_BAPs,37936,EuuQTa_BAPs,B-Day #10,2024-08-03T02:43:42.877-04:00
Karanova,Mc Geuner,,,,Accapella,2023,DLTLLY,2023-10-15,https://www.youtube.com/watch?v=xFIyZUb8LmI,6261,xFIyZUb8LmI,Interview B-Day #10,skipped historical backfill
Jeystone,Karanova,,,,Accapella,2023,DUDL,2023-10-14,https://www.youtube.com/watch?v=RDIgvgVX2XE,16857,RDIgvgVX2XE,Battle,2024-08-03T02:43:42.878-04:00
DIAMOND,NATALI,,,,Accapella,2023,FOB,2023-10-13,https://www.youtube.com/watch?v=p8xbu9v5EZw,43498,p8xbu9v5EZw,ACAPELLA BATTLE,2024-08-03T02:43:42.878-04:00
Mighty P,Karma,,,,Accapella,2023,DLTLLY,2023-10-08,https://www.youtube.com/watch?v=9h9mrGmjNkE,24592,9h9mrGmjNkE,B-Day #10,2024-08-03T02:43:42.878-04:00
FAIVEL,MAZZIKANER,,,,Accapella,2023,FOB,2023-10-08,https://www.youtube.com/watch?v=jjoHn6PxuHo,4422,jjoHn6PxuHo,ACAPELLA BATTLE,2024-08-03T02:43:42.878-04:00
Flashus Christus,Béla Garbage,,,,Accapella,2023,DUDL,2023-10-07,https://www.youtube.com/watch?v=ZYJzYXtGpjk,6336,ZYJzYXtGpjk,Battle,2024-08-03T02:43:42.878-04:00
MOODY,PESC,,,,Accapella,2023,FOB,2023-10-06,https://www.youtube.com/watch?v=CVhC0F4XmNE,4149,CVhC0F4XmNE,ACAPELLA BATTLE,skipped historical backfill
Lyrico,Tobi High,splash! 25,Splash,Ferropolis,On Beat,2023,DLTLLY,2023-10-01,https://www.youtube.com/watch?v=tR63ErqqK-E,55611,tR63ErqqK-E,splash! 25,2024-08-03T02:43:42.876-04:00
ShadyX,David Ardor,,,,Accapella,2023,DUDL,2023-09-30,https://www.youtube.com/watch?v=yyTA-Qjyo8k,4096,yyTA-Qjyo8k,Battle,2024-08-03T02:43:42.878-04:00
CASHUS K,FREEKNO,,,,Accapella,2023,FOB,2023-09-29,https://www.youtube.com/watch?v=81xKGx6HuII,5717,81xKGx6HuII,ACAPELLA BATTLE,skipped historical backfill
Cris Kotzen & Escape,Vyrus & Freezy,splash! 25,Splash,Ferropolis,On Beat,2023,DLTLLY,2023-09-24,https://www.youtube.com/watch?v=o63uOeCfr44,59565,o63uOeCfr44,2on2 splash! 25,2024-08-03T02:43:42.876-04:00
DEZ,MC Rabiat,,,,Accapella,2023,DUDL,2023-09-23,https://www.youtube.com/watch?v=7OxvBQs2I9U,5863,7OxvBQs2I9U,Battle,2024-08-03T02:43:42.878-04:00
Kid Soldier,Krom,splash! 25,Splash,Ferropolis,On Beat,2023,DLTLLY,2023-09-22,https://www.youtube.com/watch?v=BDxFLIkPoGM,24037,BDxFLIkPoGM,splash! 25,2024-08-03T02:43:42.875-04:00
JOSEPH STEINSCHLEUDER,ALADIN,,,,On Beat,2023,FOB,2023-09-22,https://www.youtube.com/watch?v=1JJayQ1V2h4,57542,1JJayQ1V2h4,ON BEAT BATTLE,2024-08-03T02:43:42.878-04:00
N'antinein,Bahamakarma,splash! 25,Splash,Ferropolis,On Beat,2023,DLTLLY,2023-09-17,https://www.youtube.com/watch?v=hxlKFtVRKTw,20228,hxlKFtVRKTw,splash! 25,2024-08-03T02:43:42.876-04:00
Shizu,Mave,splash! 25,Splash,Ferropolis,Accapella,2023,DLTLLY,2023-09-15,https://www.youtube.com/watch?v=0VnFsg9akkE,21084,0VnFsg9akkE,splash! 25,2024-08-03T02:43:42.875-04:00
FAIVEL,TRIPLE,,,,Accapella,2023,FOB,2023-09-15,https://www.youtube.com/watch?v=ruyoC9eeZe0,4942,ruyoC9eeZe0,MIXED MARTIAL BARS,2024-08-03T02:43:42.880-04:00
Wolff,Requiem,,,München,Accapella,2023,DLTLLY,2023-09-10,https://www.youtube.com/watch?v=ET-J69Ip5-E,52524,ET-J69Ip5-E,München,2024-08-03T02:43:42.878-04:00
DER SERGEANT,MUSIO,,,,Accapella,2023,FOB,2023-09-10,https://www.youtube.com/watch?v=oxWTBgiZXYo,5035,oxWTBgiZXYo,ACAPELLA BATTLE,2024-08-03T02:43:42.879-04:00
VYRUS,KOOZY,,,,On Beat,2023,FOB,2023-09-08,https://www.youtube.com/watch?v=alByBsxKWa4,18205,alByBsxKWa4,ON BEAT BATTLE,2024-08-03T02:43:42.879-04:00
Mc Geuner,Snakeheadrhyme,,,München,Accapella,2023,DLTLLY,2023-09-03,https://www.youtube.com/watch?v=i1B9-AWslJg,31760,i1B9-AWslJg,München,2024-08-03T02:43:42.879-04:00
REQUIEM,ALADIN,,,,On Beat,2023,FOB,2023-09-03,https://www.youtube.com/watch?v=pu3AO8kGZhI,6451,pu3AO8kGZhI,ON BEAT BATTLE,2024-08-03T02:43:42.880-04:00
ROLLING G,ATROPATRAP,,,,Accapella,2023,FOB,2023-09-01,https://www.youtube.com/watch?v=qMDgBCsXSKk,19964,qMDgBCsXSKk,ACAPELLA BATTLE,2024-08-03T02:43:42.879-04:00
Tobi High,Yarambo,,,München,Accapella,2023,DLTLLY,2023-08-27,https://www.youtube.com/watch?v=DmiECBflC1Y,185187,DmiECBflC1Y,München,2024-08-03T02:43:42.879-04:00
NASTIC (FINNASTIC),CRIPSTA,,,,On Beat,2023,FOB,2023-08-27,https://www.youtube.com/watch?v=cQD1k_AzQvY,6948,cQD1k_AzQvY,ON BEAT BATTLE,2024-08-03T02:43:42.879-04:00
DAVIE JONES,KIRUMA,,,,Accapella,2023,FOB,2023-08-25,https://www.youtube.com/watch?v=153UC-iaZuY,53071,153UC-iaZuY,ACAPELLA BATTLE,2024-08-03T02:43:42.880-04:00
Joseph Steinschleuder,Shizu,,,München,Accapella,2023,DLTLLY,2023-08-20,https://www.youtube.com/watch?v=Ar11aFXhaH0,48903,Ar11aFXhaH0,München,2024-08-03T02:43:42.880-04:00
NOTYZZE,PATO G,,,,Accapella,2023,FOB,2023-08-18,https://www.youtube.com/watch?v=P-J6-smmJlE,10643,P-J6-smmJlE,FINALE,2024-08-03T02:43:42.879-04:00
TEACH,DJANGO,,,,Accapella,2023,FOB,2023-08-15,https://www.youtube.com/watch?v=Gw-PKej8GDs,3462,Gw-PKej8GDs,BATTLE UM PLATZ 3,2024-08-03T02:43:42.880-04:00
T-Way,Julo,,,München,Accapella,2023,DLTLLY,2023-08-13,https://www.youtube.com/watch?v=SsiMPL9Pxvc,22421,SsiMPL9Pxvc,München,2024-08-03T02:43:42.879-04:00
Kato,Meidi,,,,Accapella,2023,DLTLLY,2023-08-06,https://www.youtube.com/watch?v=5RNjICLfMiU,228180,5RNjICLfMiU,MAYhem #6,2024-08-03T02:43:42.880-04:00
Craze,Karanova,,,,Accapella,2023,DLTLLY,2023-07-30,https://www.youtube.com/watch?v=SPWI95_uXlw,102429,SPWI95_uXlw,MAYhem #6,2024-08-03T02:43:42.881-04:00
MALIK,JEPAIN,,,,Accapella,2023,FOB,2023-07-28,https://www.youtube.com/watch?v=RTYVYzqrrxU,2899,RTYVYzqrrxU,ACAPELLA BATTLE,2024-08-03T02:43:42.881-04:00
RIPA,CIZERO,,,,Accapella,2023,FOB,2023-07-23,https://www.youtube.com/watch?v=Zyqjl-p0XVM,2030,Zyqjl-p0XVM,ACAPELLA BATTLE,2024-08-03T02:43:42.881-04:00
Karkobi,Hiding John,,,,Accapella,2023,DLTLLY,2023-07-23,https://www.youtube.com/watch?v=MI6qkQeEBXE,114678,MI6qkQeEBXE,MAYhem #6,2024-08-03T02:43:42.881-04:00
DER SERGEANT,CLOCKWORK,,,,Accapella,2023,FOB,2023-07-21,https://www.youtube.com/watch?v=LiwzGIfLQy4,3721,LiwzGIfLQy4,ACAPELLA BATTLE,2024-08-03T02:43:42.881-04:00
YOUNG KENNEDY,LIUZ,,,,Accapella,2023,FOB,2023-07-16,https://www.youtube.com/watch?v=SNVsQYlBxIE,4687,SNVsQYlBxIE,ACAPELLA BATTLE,2024-08-03T02:43:42.881-04:00
Kid Soldier,Hansen,,,,Accapella,2023,DLTLLY,2023-07-16,https://www.youtube.com/watch?v=dF87SGCIRYU,64516,dF87SGCIRYU,MAYhem #6,2024-08-03T02:43:42.881-04:00
BARETTA,OLDBOY,,,,Accapella,2023,FOB,2023-07-14,https://www.youtube.com/watch?v=GWuP4kXR1Kg,3000,GWuP4kXR1Kg,ACAPELLA BATTLE,2024-08-03T02:43:42.881-04:00
Zeuge,Joseph Steinschleuder,,,,Accapella,2023,DLTLLY,2023-07-09,https://www.youtube.com/watch?v=rOr6ZAP9SDU,53203,rOr6ZAP9SDU,MAYhem #6,2024-08-03T02:43:42.882-04:00
TRUNKENBOLD,BURST (LEONIDAS),,,,Accapella,2023,FOB,2023-07-09,https://www.youtube.com/watch?v=-RCkGcjJgd8,2326,-RCkGcjJgd8,ACAPELLA BATTLE,skipped historical backfill
Jindo109,Liuz,Proving Grounds Vol. 3,,Berlin,Accapella,2023,DLTLLY,2023-07-07,https://www.youtube.com/watch?v=VcwX1YM5mTA,77188,VcwX1YM5mTA,Proving Grounds Berlin,2024-08-03T02:43:42.882-04:00
FINNASTIC,FAIVEL,,,,On Beat,2023,FOB,2023-07-07,https://www.youtube.com/watch?v=IvW0VwU-bD4,5246,IvW0VwU-bD4,ON BEAT BATTLE,2024-08-03T02:43:42.882-04:00
Mavgic,Bong Teggy,,,,On Beat,2023,DLTLLY,2023-07-02,https://www.youtube.com/watch?v=7cWynBFYZKo,197439,7cWynBFYZKo,🏆 Titlematch 🏆,2024-08-03T02:43:42.882-04:00
EZRA,TECEY,,,,Accapella,2023,FOB,2023-07-02,https://www.youtube.com/watch?v=o6pKCGAZ8jg,2485,o6pKCGAZ8jg,ACAPELLA BATTLE,2024-08-03T02:43:42.882-04:00
Tokz,Tisos,,,,On Beat,2023,DLTLLY,2023-06-30,https://www.youtube.com/watch?v=Nx1dG5NYYSM,12664,Nx1dG5NYYSM,Match,2024-08-03T02:43:42.876-04:00
MOODY,CSN GALACTICO,,,,Accapella,2023,FOB,2023-06-30,https://www.youtube.com/watch?v=xsiNjqXkrmU,7230,xsiNjqXkrmU,ACAPELLA BATTLE,2024-08-03T02:43:42.882-04:00
Rolling G,Jeystone,Proving Grounds Vol. 3,,Berlin,Accapella,2023,DLTLLY,2023-06-25,https://www.youtube.com/watch?v=WTKQAIjN1Vc,23796,WTKQAIjN1Vc,Proving Grounds Berlin,2024-08-03T02:43:42.882-04:00
Kiruma,Jeystone,,,,Accapella,2023,DUDL,2023-06-24,https://www.youtube.com/watch?v=ri_S-oeZ_eY,28478,ri_S-oeZ_eY,Battle,2024-08-03T02:43:42.883-04:00
LARA SOFT,MAT052,,,,On Beat,2023,FOB,2023-06-23,https://www.youtube.com/watch?v=on745CtUTC8,6972,on745CtUTC8,ON BEAT BATTLE,2024-08-03T02:43:42.883-04:00
MC Janosch,Quasi Infamous,Proving Grounds Vol. 3,,Berlin,Accapella,2023,DLTLLY,2023-06-23,https://www.youtube.com/watch?v=zP_94cQIw4U,17740,zP_94cQIw4U,Proving Grounds Berlin,2024-08-03T02:43:42.884-04:00
Mars,ZinZity,NRWeekend 6,,,Accapella,2023,DLTLLY,2023-06-18,https://www.youtube.com/watch?v=GlT7vWzBfgA,70184,GlT7vWzBfgA,NRWeekend 6,2024-08-03T02:43:42.883-04:00
Julo,SnakeHeadRhyme,,,,Accapella,2023,DUDL,2023-06-17,https://www.youtube.com/watch?v=-YKMqAAxT8o,13421,-YKMqAAxT8o,Battle,2024-08-03T02:43:42.883-04:00
T-WAY & TOLLSCHOCK & BURST & EZRA & HEINZ87,NATIF (& YAAMANN),,,,Accapella,2023,FOB,2023-06-16,https://www.youtube.com/watch?v=s8txdXxnA78,7004,s8txdXxnA78,5 GEGEN NATIF,2024-08-03T02:43:42.884-04:00
Mc Geuner,DeeLah,NRWeekend 6,,,Accapella,2023,DLTLLY,2023-06-11,https://www.youtube.com/watch?v=OqlGnaMrdxE,35420,OqlGnaMrdxE,NRWeekend 6,2024-08-03T02:43:42.883-04:00
LUCKYLILY,CRAZYO,,,,Accapella,2023,FOB,2023-06-11,https://www.youtube.com/watch?v=UvS4sFibdO8,10618,UvS4sFibdO8,ACAPELLA BATTLE,2024-08-03T02:43:42.883-04:00
FreeKno,LevRudi,,,,Accapella,2023,DUDL,2023-06-10,https://www.youtube.com/watch?v=9hUmhQs6_Mo,12055,9hUmhQs6_Mo,Battle,2024-08-03T02:43:42.883-04:00
MC GEUNER,JOSEPH STEINSCHLEUDER,,,,Accapella,2023,FOB,2023-06-10,https://www.youtube.com/watch?v=Q1IHCEwTxnM,2716,Q1IHCEwTxnM,INTERVIEW,skipped historical backfill
Swear Boss,Chaarlz,,,,On Beat,2023,DLTLLY,2023-06-09,https://www.youtube.com/watch?v=xsppHOOGjuE,38126,xsppHOOGjuE,Bars von Chaarlz,2024-08-03T02:43:42.884-04:00
MC GEUNER,JOSEPH STEINSCHLEUDER,,,,Accapella,2023,FOB,2023-06-09,https://www.youtube.com/watch?v=PqIW0yKlenc,45748,PqIW0yKlenc,ACAPELLA BATTLE,2024-08-03T02:43:42.884-04:00
Jack Dragon,Duff,NRWeekend 6,,,Accapella,2023,DLTLLY,2023-06-04,https://www.youtube.com/watch?v=DaR9eHH76rU,26291,DaR9eHH76rU,NRWeekend 6,2024-08-03T02:43:42.884-04:00
THORA,NICK SHIT,,,,Accapella,2023,FOB,2023-06-04,https://www.youtube.com/watch?v=YcZozCm_xbk,2923,YcZozCm_xbk,ACAPELLA BATTLE,2024-08-03T02:43:42.884-04:00
XtraHerb,Trunkenbold,,,,Accapella,2023,DUDL,2023-06-03,https://www.youtube.com/watch?v=wmR1ZNP60_s,9518,wmR1ZNP60_s,Battle,2024-08-03T02:43:42.884-04:00
Bronko Banano,Young Kennedy,Proving Grounds Vol. 3,,Berlin,Accapella,2023,DLTLLY,2023-05-31,https://www.youtube.com/watch?v=djAFYil0UhI,10345,djAFYil0UhI,Proving Grounds Berlin,2024-08-03T02:43:42.884-04:00
Yarambo,Craze,NRWeekend 6,,,Accapella,2023,DLTLLY,2023-05-28,https://www.youtube.com/watch?v=46OYZ6po0Ak,127829,46OYZ6po0Ak,NRWeekend 6,2024-08-03T02:43:42.885-04:00
EZRA,OLDBOY,,,,Accapella,2023,FOB,2023-05-28,https://www.youtube.com/watch?v=nfJtM4WgaZU,2363,nfJtM4WgaZU,ACAPELLA BATTLE,skipped historical backfill
Nio,Vesso,,,,Accapella,2023,DUDL,2023-05-27,https://www.youtube.com/watch?v=GiTmnInso14,6759,GiTmnInso14,Battle,2024-08-03T02:43:42.885-04:00
Celune,Wenzel Washington,Proving Grounds Vol. 3,,Berlin,Accapella,2023,DLTLLY,2023-05-26,https://www.youtube.com/watch?v=vrsYi_dzJAM,25714,vrsYi_dzJAM,Proving Grounds Berlin,2024-08-03T02:43:42.885-04:00
DASCHA,CASHUS K,,,,Accapella,2023,FOB,2023-05-26,https://www.youtube.com/watch?v=fgoaunxcoT8,3884,fgoaunxcoT8,ACAPELLA BATTLE,skipped historical backfill
Joseph Steinschleuder,Requiem,NRWeekend 6,,,Accapella,2023,DLTLLY,2023-05-21,https://www.youtube.com/watch?v=b7Ous_8Wlug,52154,b7Ous_8Wlug,NRWeekend 6,2024-08-03T02:43:42.885-04:00
LIUZ,FRAX ONE,,,,Accapella,2023,FOB,2023-05-21,https://www.youtube.com/watch?v=X-ge9S5NLeo,2977,X-ge9S5NLeo,ACAPELLA BATTLE,skipped historical backfill
S-Staticx,Rebellion,,,,Accapella,2023,DUDL,2023-05-20,https://www.youtube.com/watch?v=CxLrqhH-DBk,6056,CxLrqhH-DBk,Battle,2024-08-03T02:43:42.886-04:00
Valik,Davis,Proving Grounds Vol. 3,,Berlin,Accapella,2023,DLTLLY,2023-05-19,https://www.youtube.com/watch?v=LyPTX5qeZD0,13073,LyPTX5qeZD0,Proving Grounds Berlin,2024-08-03T02:43:42.886-04:00
DADDA,P-HAZE,,,,Accapella,2023,FOB,2023-05-19,https://www.youtube.com/watch?v=AhJOsTxYeUE,5147,AhJOsTxYeUE,ACAPELLA BATTLE,2024-08-03T02:43:42.886-04:00
Neilz,Tobi High,NRWeekend 6,,,Accapella,2023,DLTLLY,2023-05-14,https://www.youtube.com/watch?v=jhhMGXy1LF8,80100,jhhMGXy1LF8,NRWeekend 6,2024-08-03T02:43:42.886-04:00
CLOCKWORK,FFFELIX,,,,Accapella,2023,FOB,2023-05-13,https://www.youtube.com/watch?v=x-NqwBDSwOo,2283,x-NqwBDSwOo,ACAPELLA BATTLE,skipped historical backfill
JANAUND,PESC,,,,Accapella,2023,FOB,2023-05-12,https://www.youtube.com/watch?v=rJEsiba2m2Y,5290,rJEsiba2m2Y,ACAPELLA BATTLE,2024-08-03T02:43:42.886-04:00
MOODY,NEOS,,,,Accapella,2023,FOB,2023-05-07,https://www.youtube.com/watch?v=iBL1KeH3-Zg,3027,iBL1KeH3-Zg,ACAPELLA BATTLE,2024-08-03T02:43:42.886-04:00
Snakeheadrhyme,Atropatrap,,,,Accapella,2023,DLTLLY,2023-05-07,https://www.youtube.com/watch?v=ByEMxppR7FY,26929,ByEMxppR7FY,NRWeekend 6,skipped historical backfill
CLOUDSURFER,CSN GALACTICO,,,,Accapella,2023,FOB,2023-05-05,https://www.youtube.com/watch?v=91Ics6zQVbw,8502,91Ics6zQVbw,ACAPELLA BATTLE,2024-08-03T02:43:42.886-04:00
Karma,Kiruma,NRWeekend 6,,,Accapella,2023,DLTLLY,2023-04-30,https://www.youtube.com/watch?v=3PCiOm1e0F8,60783,3PCiOm1e0F8,NRWeekend 6,2024-08-03T02:43:42.866-04:00
DER SERGEANT,M.F.L.,,,,Accapella,2023,FOB,2023-04-29,https://www.youtube.com/watch?v=e5kAq7a0LSE,744,e5kAq7a0LSE,INTERVIEW,skipped historical backfill
DER SERGEANT,M.F.L.,,,,Accapella,2023,FOB,2023-04-28,https://www.youtube.com/watch?v=G2FxBew9Jug,6824,G2FxBew9Jug,ACAPELLA BATTLE,2024-08-03T02:43:42.887-04:00
Tao,Oregano,,,,Accapella,2023,DLTLLY,2023-04-23,https://www.youtube.com/watch?v=EyqhvW_I1yc,46487,EyqhvW_I1yc,NRWeekend 6,skipped historical backfill
MORGANA,STEEL,,,,Accapella,2023,FOB,2023-04-22,https://www.youtube.com/watch?v=-KShg0hY-Ww,1196,-KShg0hY-Ww,INTERVIEW,skipped historical backfill
MORGANA,STEEL,Unbeatable,,,On Beat,2023,FOB,2023-04-21,https://www.youtube.com/watch?v=WAFnWLi2kQM,47119,WAFnWLi2kQM,ON BEAT BATTLE,2024-08-03T02:43:42.887-04:00
Nevioist,Rebellion,,,,Accapella,2023,DLTLLY,2023-04-21,https://www.youtube.com/watch?v=R1YEL5JozCo,8840,R1YEL5JozCo,Proving Grounds Kontext Wiesbaden,skipped historical backfill
Mazzikaner,Despo,,,,Accapella,2023,DLTLLY,2023-04-16,https://www.youtube.com/watch?v=qkWZ9nuC5Lk,12727,qkWZ9nuC5Lk,NRWeekend 6 Düsseldorf,skipped historical backfill
PHASENKIND,MC COLOGNE,,,,On Beat,2023,FOB,2023-04-15,https://www.youtube.com/watch?v=wGVt1b9k1-s,1580,wGVt1b9k1-s,ON BEAT BATTLE,2024-08-03T02:43:42.888-04:00
PHASENKIND,MC COLOGNE,Unbeatable,,,On Beat,2023,FOB,2023-04-14,https://www.youtube.com/watch?v=zJNkeDhTDJo,20245,zJNkeDhTDJo,ON BEAT BATTLE,2024-08-03T02:43:42.887-04:00
Adam Riese,Thora,,,,Accapella,2023,DLTLLY,2023-04-14,https://www.youtube.com/watch?v=NfQ2wYoTZOE,13328,NfQ2wYoTZOE,Proving Grounds Kontext Wiesbaden,skipped historical backfill
Maka,Zeptah,NRWeekend 6,Spektakulum,Düsseldorf,Accapella,2023,DLTLLY,2023-04-09,https://www.youtube.com/watch?v=tE_8ZrKkRL4,16411,tE_8ZrKkRL4,NRWeekend 6,2024-08-03T02:43:42.887-04:00
LUG SERIOUS,BANDAN,,,,Accapella,2023,FOB,2023-04-08,https://www.youtube.com/watch?v=TCJ20mPsmxc,592,TCJ20mPsmxc,INTERVIEW,skipped historical backfill
LUG SERIOUS,BANDAN,,,,On Beat,2023,FOB,2023-04-07,https://www.youtube.com/watch?v=iCJvT7zXNfY,4186,iCJvT7zXNfY,ON BEAT BATTLE,2024-08-03T02:43:42.887-04:00
Niza,Heinz87,Proving Grounds,,Wiesbaden,Accapella,2023,DLTLLY,2023-04-02,https://www.youtube.com/watch?v=GwIj5C8bPBs,15805,GwIj5C8bPBs,Proving Grounds Kontext Wiesbaden,2024-08-03T02:43:42.887-04:00
FREEZY & DESPO,ZEPTAH & ORPHXN,,,,Accapella,2023,FOB,2023-04-01,https://www.youtube.com/watch?v=eSRqhe7o-sU,1252,eSRqhe7o-sU,INTERVIEW,skipped historical backfill
S-Staticx,Der Sir (JollyJay),Proving Grounds,,Wiesbaden,Accapella,2023,DLTLLY,2023-03-31,https://www.youtube.com/watch?v=Od-__geija4,9652,Od-__geija4,Proving Grounds Kontext Wiesbaden,2024-08-03T02:43:42.887-04:00
FREEZY & DESPO,ZEPTAH & ORPHXN,,,,On Beat,2023,FOB,2023-03-31,https://www.youtube.com/watch?v=bnrYiUeZcmc,17422,bnrYiUeZcmc,ON BEAT BATTLE,2024-08-03T02:43:42.888-04:00
MEIDI,KATO,,,,Accapella,2023,DLTLLY,2023-03-27,https://www.youtube.com/watch?v=BzgruMrzHLE,21783,BzgruMrzHLE,MAYhem 6 - PROVOKATION 1/6,2024-08-03T02:43:42.887-04:00
Aladin,Oregano,Proving Grounds,,Wiesbaden,Accapella,2023,DLTLLY,2023-03-26,https://www.youtube.com/watch?v=34HlNq1_VfI,36524,34HlNq1_VfI,Proving Grounds Wiesbaden,2024-08-03T02:43:42.887-04:00
DADDA,MAT052,,,,On Beat,2023,FOB,2023-03-26,https://www.youtube.com/watch?v=VrI_EoQAHb8,6101,VrI_EoQAHb8,ON BEAT BATTLE,2024-08-03T02:43:42.888-04:00
HEYZEN,TECEY,,,,Accapella,2023,FOB,2023-03-25,https://www.youtube.com/watch?v=jzXjCGC_cU8,417,jzXjCGC_cU8,INTERVIEW,skipped historical backfill
HEYZEN,TECEY,,,,On Beat,2023,FOB,2023-03-24,https://www.youtube.com/watch?v=Fw7e-M3WdOI,2974,Fw7e-M3WdOI,ON BEAT BATTLE,2024-08-03T02:43:42.888-04:00
Papi Schlauch,Krom,,,,Accapella,2023,DLTLLY,2023-03-24,https://www.youtube.com/watch?v=26Rixwi0k0Y,24344,26Rixwi0k0Y,Freestyle FINALE,skipped historical backfill
PRYME,FINNASTIC,,,,Accapella,2023,FOB,2023-03-21,https://www.youtube.com/watch?v=KJyf1pye32s,646,KJyf1pye32s,INTERVIEW,skipped historical backfill
Mordrake,Faivel,Proving Grounds,,Wiesbaden,Accapella,2023,DLTLLY,2023-03-19,https://www.youtube.com/watch?v=pxKAJ5Ivies,14505,pxKAJ5Ivies,Proving Grounds Wiesbaden,2024-08-03T02:43:42.888-04:00
PRYME,FINNASTIC,,,,On Beat,2023,FOB,2023-03-19,https://www.youtube.com/watch?v=SC4utzuA9ks,4975,SC4utzuA9ks,ON BEAT BATTLE,2024-08-03T02:43:42.888-04:00
FINNASTIC,VESSO,,,,Accapella,2023,FOB,2023-03-18,https://www.youtube.com/watch?v=e_FsNhgpWWM,497,e_FsNhgpWWM,INTERVIEW,skipped historical backfill
Mighty P,Shizu,,,,Accapella,2023,DLTLLY,2023-03-17,https://www.youtube.com/watch?v=lqYWya5f8gM,10791,lqYWya5f8gM,Freestyle um 3. Platz,2024-08-03T02:43:42.888-04:00
FINNASTIC,VESSO,,,,On Beat,2023,FOB,2023-03-17,https://www.youtube.com/watch?v=djWWmOoyq4Q,3258,djWWmOoyq4Q,ON BEAT BATTLE,2024-08-03T02:43:42.888-04:00
Holu & Freekno,Joseph Steinschleuder & Triple Beat,,,,Accapella,2023,DLTLLY,2023-03-12,https://www.youtube.com/watch?v=wD1OXlkgxuo,42505,wD1OXlkgxuo,2on2,2024-08-03T02:43:42.888-04:00
JOSEPH STEINSCHLEUDER,KAIRUZO,,,,Accapella,2023,FOB,2023-03-11,https://www.youtube.com/watch?v=DlU_szTary4,1815,DlU_szTary4,INTERVIEW,skipped historical backfill
Krom,Shizu,,,Kassel,Accapella,2023,DLTLLY,2023-03-10,https://www.youtube.com/watch?v=5At2_Fwibvw,13299,5At2_Fwibvw,Freestyle Halbfinale 2/2 Kassel,2024-08-03T02:43:42.889-04:00
JOSEPH STEINSCHLEUDER,KAIRUZO,,,,On Beat,2023,FOB,2023-03-10,https://www.youtube.com/watch?v=6dsqwWjEHYs,38354,6dsqwWjEHYs,ON BEAT BATTLE,2024-08-03T02:43:42.889-04:00
Kairuzo,Freezy,,,Kassel,On Beat,2023,DLTLLY,2023-03-05,https://www.youtube.com/watch?v=TWFbqnebTV8,15636,TWFbqnebTV8,Kassel,2024-08-03T02:43:42.889-04:00
Papi Schlauch,Mighty P,,,Kassel,Accapella,2023,DLTLLY,2023-03-03,https://www.youtube.com/watch?v=GvjjcKT6ht8,22356,GvjjcKT6ht8,Freestyle Halbfinale 1/2 Kassel,2024-08-03T02:43:42.889-04:00
Gerro,Bilal,,,Kassel,Accapella,2023,DLTLLY,2023-02-26,https://www.youtube.com/watch?v=PtphnbYBD-g,21288,PtphnbYBD-g,Kassel,2024-08-03T02:43:42.889-04:00
Muro,Mighty P,,,Kassel,Accapella,2023,DLTLLY,2023-02-24,https://www.youtube.com/watch?v=FjKugbIQk7w,14503,FjKugbIQk7w,Freestyle Viertelfinale 4/4 Kassel,2024-08-03T02:43:42.889-04:00
Krom,Notyzze,,,Kassel,Accapella,2023,DLTLLY,2023-02-21,https://www.youtube.com/watch?v=98g7Cy_XbxY,30851,98g7Cy_XbxY,Freestyle Viertelfinale 3/4 Kassel,2024-08-03T02:43:42.889-04:00
Neilz,Wolff,DISSember 4,Festsaal Kreuzberg,Berlin,Accapella,2023,DLTLLY,2023-02-19,https://www.youtube.com/watch?v=haZz6DTu_-g,69840,haZz6DTu_-g,DISSember 6,2024-08-03T02:43:42.890-04:00
MC Geuner,Shizu,,,Kassel,Accapella,2023,DLTLLY,2023-02-17,https://www.youtube.com/watch?v=AvAcIKtEhwc,13782,AvAcIKtEhwc,Freestyle Viertelfinale 2/4 Kassel,2024-08-03T02:43:42.889-04:00
Craze,Papi Schlauch,,,Kassel,Accapella,2023,DLTLLY,2023-02-14,https://www.youtube.com/watch?v=cFxjz1ESlrA,25993,cFxjz1ESlrA,Freestyle Viertelfinale 1/4 Kassel,2024-08-03T02:43:42.889-04:00
Vyrus,Bong Teggy,DISSember 4,Festsaal Kreuzberg,Berlin,On Beat,2023,DLTLLY,2023-02-12,https://www.youtube.com/watch?v=0j2whdG-GRI,172549,0j2whdG-GRI,DISSember 6,2024-08-03T02:43:42.889-04:00
Julo,Kid Soldier,DISSember 4,Festsaal Kreuzberg,Berlin,Accapella,2023,DLTLLY,2023-02-05,https://www.youtube.com/watch?v=9sm6ohBf5jM,43456,9sm6ohBf5jM,DISSember 6,2024-08-03T02:43:42.890-04:00
Kiruma,LevRudi,,,,Accapella,2022,DUDL,2023-02-04,https://www.youtube.com/watch?v=cy4tB0dKQvQ,23836,cy4tB0dKQvQ,Battle,2024-08-03T02:43:42.890-04:00
Kato,Robscure,,,,Accapella,2023,DLTLLY,2023-01-29,https://www.youtube.com/watch?v=N2dkTa_mUcg,69750,N2dkTa_mUcg,🏆 TITLE MATCH 🏆,2024-08-03T02:43:42.890-04:00
MC Rabiat,Morgana,,,,Accapella,2022,DUDL,2023-01-28,https://www.youtube.com/watch?v=YZjDfu6_Hq4,6224,YZjDfu6_Hq4,Battle,2024-08-03T02:43:42.890-04:00
CRAZE,MURO,,,,Accapella,2023,FOB,2023-01-28,https://www.youtube.com/watch?v=fLDXt1jU2kY,1251,fLDXt1jU2kY,INTERVIEW,skipped historical backfill
CRAZE,MURO,,,,Accapella,2023,FOB,2023-01-27,https://www.youtube.com/watch?v=38oHMQzefu4,7435,38oHMQzefu4,FINALE,2024-08-03T02:43:42.891-04:00
Hiding John,MC Geuner,DISSember 4,Festsaal Kreuzberg,Berlin,Accapella,2023,DLTLLY,2023-01-22,https://www.youtube.com/watch?v=grXVswnsBUY,68205,grXVswnsBUY,DISSember 6,2024-08-03T02:43:42.890-04:00
YAAMANN,TOMMY2LATE,,,,Accapella,2023,FOB,2023-01-22,https://www.youtube.com/watch?v=01BN8cP4K2s,2921,01BN8cP4K2s,BATTLE UM PLATZ 3,2024-08-03T02:43:42.891-04:00
Jindo109,Quasi,,,,Accapella,2022,DUDL,2023-01-21,https://www.youtube.com/watch?v=tBp6PGi6uno,105420,tBp6PGi6uno,Battle,2024-08-03T02:43:42.890-04:00
Karanova,BanDan,DISSember 4,Festsaal Kreuzberg,Berlin,On Beat,2023,DLTLLY,2023-01-15,https://www.youtube.com/watch?v=4wcUZ0dY-LA,24535,4wcUZ0dY-LA,DISSember 6,2024-08-03T02:43:42.890-04:00
Jeystone,Vorstadtflokati,,,,Accapella,2022,DUDL,2023-01-14,https://www.youtube.com/watch?v=VvxXsgtdpE0,7420,VvxXsgtdpE0,Battle,2024-08-03T02:43:42.891-04:00
Mars B.,JollyJay,,,Kassel,Accapella,2023,DLTLLY,2023-01-08,https://www.youtube.com/watch?v=gGQdvDUSOpo,131056,gGQdvDUSOpo,Kassel,2024-08-03T02:43:42.891-04:00
Flashus Christus,Schlawin0r,,,,Accapella,2022,DUDL,2023-01-07,https://www.youtube.com/watch?v=NmmCLoAfZ5k,7600,NmmCLoAfZ5k,Battle,2024-08-03T02:43:42.891-04:00
T-Way,Neilz,,,Kassel,Accapella,2023,DLTLLY,2023-01-01,https://www.youtube.com/watch?v=RlbPNOCmPdg,56410,RlbPNOCmPdg,Kassel,2024-08-03T02:43:42.891-04:00
Duff,B-Dad,,,Kassel,Accapella,2022,DLTLLY,2022-12-25,https://www.youtube.com/watch?v=vs4tNDMiQbE,28854,vs4tNDMiQbE,Kassel,2024-08-03T02:43:42.891-04:00
Tobi High,Wolff,,,,Accapella,2022,DLTLLY,2022-12-20,https://www.youtube.com/watch?v=4BjG4qL3sbM,5956,4BjG4qL3sbM,Interview,skipped historical backfill
Shizu,Niza,,,Kassel,Accapella,2022,DLTLLY,2022-12-18,https://www.youtube.com/watch?v=nB5MCOERYgw,25960,nB5MCOERYgw,Kassel,2024-08-03T02:43:42.892-04:00
MC COLOGNE,LEOQUENT,,,,Accapella,2022,FOB,2022-12-17,https://www.youtube.com/watch?v=wg7UqJyabuM,376,wg7UqJyabuM,INTERVIEW,skipped historical backfill
MC COLOGNE,LEOQUENT,,,,Accapella,2022,FOB,2022-12-16,https://www.youtube.com/watch?v=srliH-T5M4I,2814,srliH-T5M4I,ACAPELLA BATTLE,2024-08-03T02:43:42.892-04:00
ZEPTAH,NOAH263,,,,Accapella,2022,FOB,2022-12-14,https://www.youtube.com/watch?v=Do5mGT8p3rQ,2593,Do5mGT8p3rQ,FREESTYLE BATTLE,2024-08-03T02:43:42.892-04:00
TEACH,VESSO,,,,Accapella,2022,FOB,2022-12-12,https://www.youtube.com/watch?v=FDh0UdIX-3g,2934,FDh0UdIX-3g,FREESTYLE BATTLE,2024-08-03T02:43:42.892-04:00
Pulsar,Shaolum,,,Kassel,Accapella,2022,DLTLLY,2022-12-11,https://www.youtube.com/watch?v=xhm1GaoEThA,19860,xhm1GaoEThA,Kassel,2024-08-03T02:43:42.891-04:00
T-WAY,KOOZY,,,,Accapella,2022,FOB,2022-12-10,https://www.youtube.com/watch?v=z4DtkAEvAyk,533,z4DtkAEvAyk,INTERVIEW,skipped historical backfill
T-WAY,KOOZY,,,,On Beat,2022,FOB,2022-12-09,https://www.youtube.com/watch?v=pZQtoF-rlXI,10198,pZQtoF-rlXI,ON BEAT BATTLE,2024-08-03T02:43:42.891-04:00
Papi Schlauch,Craze,,,,Accapella,2022,DLTLLY,2022-12-04,https://www.youtube.com/watch?v=8MwhxBFd0rk,99049,8MwhxBFd0rk,Stellwerk Hamburg,2024-08-03T02:43:42.892-04:00
LEONNN,CLOUDSURFER,,,,Accapella,2022,FOB,2022-12-04,https://www.youtube.com/watch?v=YdcZBjLyUdQ,3047,YdcZBjLyUdQ,ACAPELLA BATTLE,2024-08-03T02:43:42.892-04:00
DESPO,MORGANA,,,,Accapella,2022,FOB,2022-12-03,https://www.youtube.com/watch?v=Ld_AbuhxQOU,511,Ld_AbuhxQOU,INTERVIEW,skipped historical backfill
MORGANA,DESPO,,,,Accapella,2022,FOB,2022-12-02,https://www.youtube.com/watch?v=cr7jeZoQa4Y,5259,cr7jeZoQa4Y,ACAPELLA BATTLE,2024-08-03T02:43:42.892-04:00
Lyrico,Hiding John,,,,Accapella,2022,DLTLLY,2022-11-30,https://www.youtube.com/watch?v=7X-8vMu2NWU,8089,7X-8vMu2NWU,Interview mit Ana,skipped historical backfill
Jack Dragon,Tollschock,,,,Accapella,2022,DLTLLY,2022-11-27,https://www.youtube.com/watch?v=BJFMwGvMeqY,17849,BJFMwGvMeqY,Stellwerk Hamburg,2024-08-03T02:43:42.892-04:00
KIRUMA,ZEPTAH,,,,Accapella,2022,FOB,2022-11-26,https://www.youtube.com/watch?v=JAuurGo5rBw,1399,JAuurGo5rBw,INTERVIEW,skipped historical backfill
Shortworth,Kairuzo,Proving Grounds Vol. 2,,Berlin,Accapella,2022,DLTLLY,2022-11-25,https://www.youtube.com/watch?v=moff7jTB0Hk,10923,moff7jTB0Hk,Proving Grounds Panke Berlin,2024-08-03T02:43:42.892-04:00
KIRUMA,ZEPTAH,,,,Accapella,2022,FOB,2022-11-25,https://www.youtube.com/watch?v=fWJTrdnzJrg,17714,fWJTrdnzJrg,ACAPELLA BATTLE,2024-08-03T02:43:42.893-04:00
DASCHA,NOTYZZE,,,,Accapella,2022,FOB,2022-11-20,https://www.youtube.com/watch?v=Rn3E7Ggt1eI,17241,Rn3E7Ggt1eI,FREESTYLE BATTLE,2024-08-03T02:43:42.893-04:00
Zeuge,D-Kay,,,,Accapella,2022,DLTLLY,2022-11-20,https://www.youtube.com/watch?v=lY1e8yfkpa8,19873,lY1e8yfkpa8,Stellwerk Hamburg,2024-08-03T02:43:42.893-04:00
MC GEUNER,ROLLING G,,,,Accapella,2022,FOB,2022-11-19,https://www.youtube.com/watch?v=HMfM_6-UUIc,2278,HMfM_6-UUIc,INTERVIEW,skipped historical backfill
Der Sir,Bronko Banano aka Street,Proving Grounds Vol. 2,,Berlin,Accapella,2022,DLTLLY,2022-11-18,https://www.youtube.com/watch?v=ZS28WqvU5SM,8507,ZS28WqvU5SM,Proving Grounds Panke Berlin,2024-08-03T02:43:42.893-04:00
MC GEUNER,ROLLING G,,,,Accapella,2022,FOB,2022-11-18,https://www.youtube.com/watch?v=uu0PY0v7IFQ,41433,uu0PY0v7IFQ,ACAPELLA BATTLE,2024-08-03T02:43:42.893-04:00
NOTYZZE,DIZZEPTICON,,,,Accapella,2022,FOB,2022-11-14,https://www.youtube.com/watch?v=bJE9flpMmRE,6249,bJE9flpMmRE,FREESTYLE BATTLE,2024-08-03T02:43:42.893-04:00
Joseph Steinschleuder,Hiding John,,,,Accapella,2022,DLTLLY,2022-11-13,https://www.youtube.com/watch?v=y6t8jKfD-AE,80318,y6t8jKfD-AE,Stellwerk Hamburg,2024-08-03T02:43:42.893-04:00
VYRUS & FREEZY,CRAZE & PHILLIE.45,,,,Accapella,2022,FOB,2022-11-12,https://www.youtube.com/watch?v=ou5CtmCWWhg,2175,ou5CtmCWWhg,INTERVIEW,skipped historical backfill
CRAZE & PHILLIE.45,VYRUS & FREEZY,,,,On Beat,2022,FOB,2022-11-11,https://www.youtube.com/watch?v=ldSXHCj1nOM,88776,ldSXHCj1nOM,ON BEAT BATTLE,2024-08-03T02:43:42.894-04:00
Mazzikaner,Requiem,Proving Grounds Vol. 2,,Berlin,Accapella,2022,DLTLLY,2022-11-06,https://www.youtube.com/watch?v=TAm558704I4,16024,TAm558704I4,Proving Grounds Panke Berlin,2024-08-03T02:43:42.893-04:00
T-WAY,FREEKNO,,,,Accapella,2022,FOB,2022-11-05,https://www.youtube.com/watch?v=ncM_6HpsTeM,460,ncM_6HpsTeM,INTERVIEW,skipped historical backfill
T-WAY,FREEKNO,,,,Accapella,2022,FOB,2022-11-04,https://www.youtube.com/watch?v=9l3DT26cxe8,4348,9l3DT26cxe8,ACAPELLA BATTLE,2024-08-03T02:43:42.895-04:00
OREGANO,HEINZ87,,,,Accapella,2022,FOB,2022-10-30,https://www.youtube.com/watch?v=uxGP0Fxzx0Q,840,uxGP0Fxzx0Q,INTERVIEW,skipped historical backfill
Krom,Shizu,,,,Accapella,2022,DLTLLY,2022-10-30,https://www.youtube.com/watch?v=hSto7dOhl94,17308,hSto7dOhl94,Freestyle FINALE,skipped historical backfill
HEINZ87,OREGANO,,,,Accapella,2022,FOB,2022-10-28,https://www.youtube.com/watch?v=TRUrdcR5wIw,19993,TRUrdcR5wIw,ACAPELLA BATTLE,2024-08-03T02:43:42.894-04:00
Krom,Fate,,,,Accapella,2022,DLTLLY,2022-10-23,https://www.youtube.com/watch?v=Li-qeNs1KpU,16498,Li-qeNs1KpU,Freestyle Halbfinale 2/2,2024-08-03T02:43:42.893-04:00
MC RABIAT,HOLU,,,,Accapella,2022,FOB,2022-10-22,https://www.youtube.com/watch?v=57bw2lFLWsA,472,57bw2lFLWsA,INTERVIEW,skipped historical backfill
HOLU,MC RABIAT,,,,Accapella,2022,FOB,2022-10-21,https://www.youtube.com/watch?v=N9pjDq1PXRU,2340,N9pjDq1PXRU,ACAPELLA BATTLE,2024-08-03T02:43:42.894-04:00
Kato,Shizu,,,,Accapella,2022,DLTLLY,2022-10-21,https://www.youtube.com/watch?v=XuQ1Nca45pk,34871,XuQ1Nca45pk,Freestyle Halbfinale 1/2,skipped historical backfill
Hiding John,Lyrico,,Festsaal Kreuzberg,Berlin,Accapella,2022,DLTLLY,2022-10-16,https://www.youtube.com/watch?v=DfqZW-U6Pt8,103651,DfqZW-U6Pt8,Berlin 9th Birthday,2024-08-03T02:43:42.893-04:00
TOLLSCHOCK,PESC,,,,Accapella,2022,FOB,2022-10-15,https://www.youtube.com/watch?v=EFoVE4gUczE,669,EFoVE4gUczE,INTERVIEW,skipped historical backfill
Kato,Craze,,,,Accapella,2022,DLTLLY,2022-10-14,https://www.youtube.com/watch?v=EutFE-eb8sc,17686,EutFE-eb8sc,Freestyle Viertelfinale 4/4,2024-08-03T02:43:42.894-04:00
TOLLSCHOCK,PESC,,,,Accapella,2022,FOB,2022-10-14,https://www.youtube.com/watch?v=BwRs5JfDleQ,5854,BwRs5JfDleQ,ACAPELLA BATTLE,2024-08-03T02:43:42.895-04:00
Aytee,Galv,,Festsaal Kreuzberg,Berlin,On Beat,2022,DLTLLY,2022-10-09,https://www.youtube.com/watch?v=jD054e2cdBw,55023,jD054e2cdBw,Berlin 9th Birthday,2024-08-03T02:43:42.894-04:00
JOSEPH STEINSCHLEUDER,FAIVEL,,,,Accapella,2022,FOB,2022-10-08,https://www.youtube.com/watch?v=Q3ZHRmGCXsA,2344,Q3ZHRmGCXsA,INTERVIEW,skipped historical backfill
Fate,Davie Jones,,,,Accapella,2022,DLTLLY,2022-10-07,https://www.youtube.com/watch?v=05TK5EPBr0Y,16991,05TK5EPBr0Y,Freestyle Viertelfinale 3/4,2024-08-03T02:43:42.894-04:00
JOSEPH STEINSCHLEUDER,FAIVEL,,,,Accapella,2022,FOB,2022-10-07,https://www.youtube.com/watch?v=aUwkQJY2Rf8,29966,aUwkQJY2Rf8,ACAPELLA BATTLE,2024-08-03T02:43:42.895-04:00
Tobi High,Wolff,,Festsaal Kreuzberg,Berlin,Accapella,2022,DLTLLY,2022-10-03,https://www.youtube.com/watch?v=k3BrRmzQiho,72687,k3BrRmzQiho,Berlin 9th Birthday,2024-08-03T02:43:42.894-04:00
Notyzze,Shizu,,,,Accapella,2022,DLTLLY,2022-10-02,https://www.youtube.com/watch?v=ZrSdgJqcZoE,19047,ZrSdgJqcZoE,Freestyle Viertelfinale 2/4,2024-08-03T02:43:42.894-04:00
Julo,Joseph Steinschleuder,,Badehaus Berlin,Berlin,Accapella,2022,DUDL,2022-10-01,https://www.youtube.com/watch?v=OZXeAAAO5J4,46835,OZXeAAAO5J4,Battle,2024-08-03T02:43:42.894-04:00
VYRUS,ZEPTAH,,,,Accapella,2022,FOB,2022-10-01,https://www.youtube.com/watch?v=XJsxBYTP_W0,1006,XJsxBYTP_W0,INTERVIEW,skipped historical backfill
Krom,Mighty P,,,,Accapella,2022,DLTLLY,2022-09-30,https://www.youtube.com/watch?v=Jh54jeD5YeU,16659,Jh54jeD5YeU,Freestyle Viertelfinale 1/4,2024-08-03T02:43:42.894-04:00
VYRUS,ZEPTAH,,,,On Beat,2022,FOB,2022-09-30,https://www.youtube.com/watch?v=Zm6fOMQaFS0,62781,Zm6fOMQaFS0,ON BEAT BATTLE,2024-08-03T02:43:42.895-04:00
MC COLOGNE,TECEY,,,,Accapella,2022,FOB,2022-09-26,https://www.youtube.com/watch?v=jDM5X-lesRE,399,jDM5X-lesRE,INTERVIEW,skipped historical backfill
Mavgic,Notyzze,splash! 23,Splash,Ferropolis,On Beat,2022,DLTLLY,2022-09-25,https://www.youtube.com/watch?v=zfz6RCjGq9Q,84463,zfz6RCjGq9Q,Splash! Festival,2024-08-03T02:43:42.876-04:00
MC COLOGNE,TECEY,,,,On Beat,2022,FOB,2022-09-25,https://www.youtube.com/watch?v=r1F9bbM1oKU,2871,r1F9bbM1oKU,ON BEAT BATTLE,2024-08-03T02:43:42.895-04:00
Morgana,Kiruma,,,,Accapella,2022,DUDL,2022-09-24,https://www.youtube.com/watch?v=sAEdAkJMRdU,20561,sAEdAkJMRdU,Battle,2024-08-03T02:43:42.895-04:00
PHASENKIND,LUG SERIOUS,,,,Accapella,2022,FOB,2022-09-24,https://www.youtube.com/watch?v=jHt9kfYPKoI,607,jHt9kfYPKoI,INTERVIEW,skipped historical backfill
PHASENKIND,LUG SERIOUS,,,,On Beat,2022,FOB,2022-09-23,https://www.youtube.com/watch?v=FlPpnQ-dKD8,9858,FlPpnQ-dKD8,ON BEAT BATTLE,2024-08-03T02:43:42.896-04:00
FROZEN,FREEZY,,,,Accapella,2022,FOB,2022-09-19,https://www.youtube.com/watch?v=KMlfM8ztQeU,599,KMlfM8ztQeU,INTERVIEW,skipped historical backfill
Krom,Craze,splash! 25,Splash,Ferropolis,On Beat,2022,DLTLLY,2022-09-18,https://www.youtube.com/watch?v=OFxzZdybSN8,41138,OFxzZdybSN8,Splash! Festival,2024-08-03T02:43:42.876-04:00
FROZEN,FREEZY,,,,On Beat,2022,FOB,2022-09-18,https://www.youtube.com/watch?v=Gsl1naOWydI,4359,Gsl1naOWydI,ON BEAT BATTLE,2024-08-03T02:43:42.896-04:00
MC Rabiat,Pulsar,,,,Accapella,2022,DUDL,2022-09-17,https://www.youtube.com/watch?v=dkTL_Nv3G8Q,6134,dkTL_Nv3G8Q,Battle,2024-08-03T02:43:42.895-04:00
MORGANA,LUG SERIOUS,,,,Accapella,2022,FOB,2022-09-17,https://www.youtube.com/watch?v=LbSWJdEeqyE,934,LbSWJdEeqyE,INTERVIEW,skipped historical backfill
MORGANA,LUG SERIOUS,,,,On Beat,2022,FOB,2022-09-16,https://www.youtube.com/watch?v=y4yjYAZK7JE,21124,y4yjYAZK7JE,ON BEAT BATTLE,2024-08-03T02:43:42.896-04:00
BURST,KAIRUZO,,,,Accapella,2022,FOB,2022-09-12,https://www.youtube.com/watch?v=Gq1wXtsxj14,375,Gq1wXtsxj14,INTERVIEW,skipped historical backfill
Bong Teggy,Davie Jones,splash! 23,Splash,Ferropolis,On Beat,2022,DLTLLY,2022-09-11,https://www.youtube.com/watch?v=pdhbmLWMwyg,234943,pdhbmLWMwyg,Splash! Festival,2024-08-03T02:43:42.895-04:00
BURST,KAIRUZO,,,,On Beat,2022,FOB,2022-09-11,https://www.youtube.com/watch?v=CiPxzTK1pqw,2051,CiPxzTK1pqw,ON BEAT BATTLE,2024-08-03T02:43:42.897-04:00
DEZ,LevRudi,,,,Accapella,2022,DUDL,2022-09-10,https://www.youtube.com/watch?v=4hkL_gTsuBc,9268,4hkL_gTsuBc,Battle,2024-08-03T02:43:42.895-04:00
PHILLIE.45,BANDAN,,,,Accapella,2022,FOB,2022-09-10,https://www.youtube.com/watch?v=cfjLExQ9qfU,343,cfjLExQ9qfU,INTERVIEW,skipped historical backfill
PHILLIE.45,BANDAN,,,,On Beat,2022,FOB,2022-09-09,https://www.youtube.com/watch?v=XXSqvOu2WQs,6548,XXSqvOu2WQs,ON BEAT BATTLE,2024-08-03T02:43:42.896-04:00
Karanova,Aytee,splash! 23,Splash,Ferropolis,On Beat,2022,DLTLLY,2022-09-04,https://www.youtube.com/watch?v=n6c9Qv8P-C8,83915,n6c9Qv8P-C8,Splash! Festival,2024-08-03T02:43:42.896-04:00
Trunkenbold,Flashus Christus,,,,Accapella,2022,DUDL,2022-09-03,https://www.youtube.com/watch?v=NIohlGTNge8,8539,NIohlGTNge8,Battle,2024-08-03T02:43:42.896-04:00
REQUIEM,HEYZEN,,,,Accapella,2022,FOB,2022-09-03,https://www.youtube.com/watch?v=fkDtPYAbviE,737,fkDtPYAbviE,INTERVIEW,skipped historical backfill
REQUIEM,HEYZEN,,,,On Beat,2022,FOB,2022-09-02,https://www.youtube.com/watch?v=z83Zw2aMjkI,7634,z83Zw2aMjkI,ON BEAT BATTLE,2024-08-03T02:43:42.897-04:00
Khacoby,DirtySanchez,splash! 23,Splash,Ferropolis,On Beat,2022,DLTLLY,2022-08-28,https://www.youtube.com/watch?v=s-zpW3jQqTo,33696,s-zpW3jQqTo,Splash! Festival,2024-08-03T02:43:42.896-04:00
NOTYZZE,CRAZE,,,,Accapella,2022,FOB,2022-08-28,https://www.youtube.com/watch?v=KHCHHB0LHHM,11541,KHCHHB0LHHM,BONUS BATTLE,2024-08-03T02:43:42.898-04:00
Jeystone,Jesazz K,,,,Accapella,2022,DUDL,2022-08-27,https://www.youtube.com/watch?v=Hz69rjg3Kw8,9944,Hz69rjg3Kw8,Battle,2024-08-03T02:43:42.897-04:00
CRAZE,PATO G,,,,Accapella,2022,FOB,2022-08-26,https://www.youtube.com/watch?v=hr1SredLhhU,5789,hr1SredLhhU,FINALE,2024-08-03T02:43:42.898-04:00
VYRUS,JOLLE,,,,Accapella,2022,FOB,2022-08-24,https://www.youtube.com/watch?v=iOJVqrGOgso,4603,iOJVqrGOgso,BATTLE UM PLATZ 3,2024-08-03T02:43:42.898-04:00
T-Way,Tobi High,splash! 23,Splash,Ferropolis,On Beat,2022,DLTLLY,2022-08-21,https://www.youtube.com/watch?v=tEhjlNLOuFA,22342,tEhjlNLOuFA,Splash! Festival,2024-08-03T02:43:42.897-04:00
SnakeHeadRhyme,D-Kay,,,,Accapella,2022,DUDL,2022-08-20,https://www.youtube.com/watch?v=huG-hq7KSZg,11022,huG-hq7KSZg,Battle,2024-08-03T02:43:42.898-04:00
Mars B.,Neilz,,Backstage,München,Accapella,2022,DLTLLY,2022-08-14,https://www.youtube.com/watch?v=-iJVkN6FDbs,108352,-iJVkN6FDbs,Backstage München,2024-08-03T02:43:42.899-04:00
Vorstadtflokati,Latik,,,,Accapella,2022,DUDL,2022-08-13,https://www.youtube.com/watch?v=dRDcUTdB7nE,6321,dRDcUTdB7nE,Battle,2024-08-03T02:43:42.898-04:00
STEEL,MC COLOGNE,,,,Accapella,2022,FOB,2022-08-13,https://www.youtube.com/watch?v=Xd1trQMhzKk,632,Xd1trQMhzKk,INTERVIEW,skipped historical backfill
STEEL,MC COLOGNE,,,,On Beat,2022,FOB,2022-08-12,https://www.youtube.com/watch?v=9gdlkHCY6ks,25234,9gdlkHCY6ks,ON BEAT BATTLE,2024-08-03T02:43:42.898-04:00
NOTYZZE,YAAMANN,,,,Accapella,2022,FOB,2022-08-07,https://www.youtube.com/watch?v=HY-hSTOAFvc,8321,HY-hSTOAFvc,FREESTYLE BATTLE,2024-08-03T02:43:42.899-04:00
Pablo,Karanova,,,,On Beat,2022,DLTLLY,2022-08-07,https://www.youtube.com/watch?v=jvKqCBHhupM,27046,jvKqCBHhupM,could not identify event,skipped historical backfill
Holu,Mazzikaner,,,,Accapella,2022,DUDL,2022-08-06,https://www.youtube.com/watch?v=1JCgK26bVhA,5690,1JCgK26bVhA,Battle,2024-08-03T02:43:42.898-04:00
FREEKNO,KALP ONE,,,,Accapella,2022,FOB,2022-08-06,https://www.youtube.com/watch?v=pGa-iaiVzT0,573,pGa-iaiVzT0,INTERVIEW,skipped historical backfill
KALP ONE,FREEKNO,,,,Accapella,2022,FOB,2022-08-05,https://www.youtube.com/watch?v=yU99ToSTBps,3754,yU99ToSTBps,ACAPELLA BATTLE,2024-08-03T02:43:42.899-04:00
NOTYZZE,PHASENKIND,,,,Accapella,2022,FOB,2022-07-31,https://www.youtube.com/watch?v=HD98boSKqCM,5867,HD98boSKqCM,FREESTYLE BATTLE,2024-08-03T02:43:42.899-04:00
Atropatrap,Kato,,,,Accapella,2022,DLTLLY,2022-07-31,https://www.youtube.com/watch?v=cT0Gfw6Y1Cs,64262,cT0Gfw6Y1Cs,Backstage München,skipped historical backfill
Julo,Cashus K.,,,,Accapella,2022,DUDL,2022-07-30,https://www.youtube.com/watch?v=syTuhtmBwRg,8733,syTuhtmBwRg,Battle,2024-08-03T02:43:42.898-04:00
MC RABIAT,MC GEUNER,,,,Accapella,2022,FOB,2022-07-30,https://www.youtube.com/watch?v=juzudAZs-Hg,802,juzudAZs-Hg,INTERVIEW,skipped historical backfill
MC GEUNER,MC RABIAT,,,,Accapella,2022,FOB,2022-07-29,https://www.youtube.com/watch?v=dEwPBCI7HTY,4383,dEwPBCI7HTY,ONE-ROUNDER,skipped historical backfill
Phasenkind,Vyrus,,,,On Beat,2022,DLTLLY,2022-07-24,https://www.youtube.com/watch?v=9bTN83Isy_g,72496,9bTN83Isy_g,Battle,2024-08-03T02:43:42.876-04:00
DOCMO,BEZEY,,,,Accapella,2022,FOB,2022-07-24,https://www.youtube.com/watch?v=pVZjfqP3MvU,1218,pVZjfqP3MvU,FREESTYLE BATTLE,2024-08-03T02:43:42.899-04:00
Alko,Bilal,,,,Accapella,2022,DUDL,2022-07-23,https://www.youtube.com/watch?v=02mF_h347nk,11371,02mF_h347nk,Battle,2024-08-03T02:43:42.898-04:00
BARETTA,OREGANO,,,,Accapella,2022,FOB,2022-07-23,https://www.youtube.com/watch?v=a-8DoyE7JQc,3355,a-8DoyE7JQc,INTERVIEW,skipped historical backfill
BARETTA,OREGANO,,,,Accapella,2022,FOB,2022-07-22,https://www.youtube.com/watch?v=B6RjjHg62QE,12757,B6RjjHg62QE,ACAPELLA BATTLE,2024-08-03T02:43:42.899-04:00
Shizu,Tao,,Backstage,München,Accapella,2022,DLTLLY,2022-07-17,https://www.youtube.com/watch?v=pbJaLLca8ec,25068,pbJaLLca8ec,Backstage München,2024-08-03T02:43:42.898-04:00
DASCHA,PATO G,,,,Accapella,2022,FOB,2022-07-17,https://www.youtube.com/watch?v=jaQXn1IHhcU,2622,jaQXn1IHhcU,FREESTYLE BATTLE,2024-08-03T02:43:42.900-04:00
LevRudi,Jesazz K,,,,Accapella,2022,DUDL,2022-07-16,https://www.youtube.com/watch?v=LAUYmanP_6I,11996,LAUYmanP_6I,Battle,2024-08-03T02:43:42.899-04:00
KOOZY,KAIRUZO,,,,Accapella,2022,FOB,2022-07-16,https://www.youtube.com/watch?v=UfcB8rHWH-A,561,UfcB8rHWH-A,INTERVIEW,skipped historical backfill
KOOZY,KAIRUZO,,,,On Beat,2022,FOB,2022-07-15,https://www.youtube.com/watch?v=5TCfzkPBF-o,13203,5TCfzkPBF-o,ON BEAT BATTLE,2024-08-03T02:43:42.899-04:00
MIKESH,SSYNIC,Mayhem 5,,,Accapella,2022,DLTLLY,2022-07-10,https://www.youtube.com/watch?v=ccC4G3Ox27Y,700490,ccC4G3Ox27Y,MAYhem #5,2024-08-03T02:43:42.899-04:00
Hiding John,Neilz,,Crack Bellmer,Berlin,Accapella,2022,DUDL,2022-07-09,https://www.youtube.com/watch?v=O_9B-Ip_kkg,88839,O_9B-Ip_kkg,Battle,2024-08-03T02:43:42.900-04:00
PESC,LEOQUENT,,,,Accapella,2022,FOB,2022-07-09,https://www.youtube.com/watch?v=ce00T2mk8HE,332,ce00T2mk8HE,INTERVIEW,skipped historical backfill
PESC,LEOQUENT,,,,Accapella,2022,FOB,2022-07-08,https://www.youtube.com/watch?v=dsD2zPtl9UQ,1817,dsD2zPtl9UQ,ACAPELLA BATTLE,2024-08-03T02:43:42.900-04:00
Robscure,Falki,,,,Accapella,2022,DLTLLY,2022-07-03,https://www.youtube.com/watch?v=f-mF2l3hDjY,58002,f-mF2l3hDjY,MAYhem 5 Festsaal Kreuzberg,2024-08-03T02:43:42.900-04:00
McLuvin,GR8,,,,Accapella,2022,DUDL,2022-07-02,https://www.youtube.com/watch?v=regYrzxAfGs,9710,regYrzxAfGs,Battle,2024-08-03T02:43:42.900-04:00
ROBEAZY,M.F.L.,,,,Accapella,2022,FOB,2022-07-02,https://www.youtube.com/watch?v=LMjhOPW2am0,502,LMjhOPW2am0,INTERVIEW,skipped historical backfill
ROBEAZY,M.F.L.,,,,Accapella,2022,FOB,2022-07-01,https://www.youtube.com/watch?v=d0qAuLNmQQc,2002,d0qAuLNmQQc,ACAPELLA BATTLE,2024-08-03T02:43:42.900-04:00
Tobi High,Aytee,,,,Accapella,2022,DLTLLY,2022-06-26,https://www.youtube.com/watch?v=ZPeaBwUwty4,73821,ZPeaBwUwty4,MAYhem 5 Festsaal Kreuzberg,2024-08-03T02:43:42.900-04:00
Béla Garbage,Franz Flaute,,,,Accapella,2022,DUDL,2022-06-25,https://www.youtube.com/watch?v=e4VyBRJ4Fk4,10277,e4VyBRJ4Fk4,Battle,2024-08-03T02:43:42.900-04:00
MORGANA,TECEY,,,,Accapella,2022,FOB,2022-06-25,https://www.youtube.com/watch?v=6XR8-ih6sHg,438,6XR8-ih6sHg,INTERVIEW,skipped historical backfill
MORGANA,TECEY,,,,Accapella,2022,FOB,2022-06-24,https://www.youtube.com/watch?v=rXsbY1b41N4,3524,rXsbY1b41N4,ACAPELLA BATTLE,2024-08-03T02:43:42.901-04:00
Joe Pharo,Liser,,,,Accapella,2022,DLTLLY,2022-06-19,https://www.youtube.com/watch?v=07rEE7iBP6A,58183,07rEE7iBP6A,MAYhem 5 Festsaal Kreuzberg,skipped historical backfill
Pablo2k,Jeystone,,,,Accapella,2022,DUDL,2022-06-18,https://www.youtube.com/watch?v=tuxr36FJOPs,9752,tuxr36FJOPs,Battle,2024-08-03T02:43:42.901-04:00
OREGANO,FAIVEL,,,,Accapella,2022,FOB,2022-06-17,https://www.youtube.com/watch?v=ahNsdBtoNVw,15761,ahNsdBtoNVw,ACAPELLA BATTLE,2024-08-03T02:43:42.901-04:00
SnakeHeadRhyme,Kid Soldier,,,,Accapella,2022,DLTLLY,2022-06-12,https://www.youtube.com/watch?v=3haA6pKjg5I,51629,3haA6pKjg5I,MAYhem 5,2024-08-03T02:43:42.901-04:00
ZinZity,Karanova,,,,Accapella,2022,DUDL,2022-06-11,https://www.youtube.com/watch?v=jY18iQanWaI,68349,jY18iQanWaI,Battle,2024-08-03T02:43:42.901-04:00
LATIK,NIKA,,,,Accapella,2022,FOB,2022-06-10,https://www.youtube.com/watch?v=ughb98BsdD8,3992,ughb98BsdD8,ACAPELLA BATTLE,2024-08-03T02:43:42.901-04:00
Brian Damage,Yarambo,,,,Accapella,2022,DLTLLY,2022-06-05,https://www.youtube.com/watch?v=s-PcaxNSpaY,181510,s-PcaxNSpaY,Spektakulum Düsseldorf,skipped historical backfill
Django,Zeuge,,,,Accapella,2022,DUDL,2022-06-04,https://www.youtube.com/watch?v=rM3mXY5wEuA,13450,rM3mXY5wEuA,Battle,2024-08-03T02:43:42.901-04:00
NICK SHIT,EZRA,,,,Accapella,2022,FOB,2022-06-04,https://www.youtube.com/watch?v=AaTly7GzyUk,312,AaTly7GzyUk,INTERVIEW,skipped historical backfill
NICK SHIT,EZRA,,,,Accapella,2022,FOB,2022-06-03,https://www.youtube.com/watch?v=-gNJ3ZjYgj0,1568,-gNJ3ZjYgj0,ACAPELLA BATTLE,2024-08-03T02:43:42.901-04:00
Koozy,Kato,,,,On Beat,2022,DLTLLY,2022-05-29,https://www.youtube.com/watch?v=aK4XWWU3Cyo,35081,aK4XWWU3Cyo,Spektakulum Düsseldorf,skipped historical backfill
Kiruma,BunGee,,,,Accapella,2022,DUDL,2022-05-28,https://www.youtube.com/watch?v=aRMwOCghSCI,18922,aRMwOCghSCI,Battle,2024-08-03T02:43:42.901-04:00
ALKO,EMBA,,,,Accapella,2022,FOB,2022-05-28,https://www.youtube.com/watch?v=l8xvYqC9KKw,778,l8xvYqC9KKw,INTERVIEW,skipped historical backfill
ALKO,EMBA,,,,On Beat,2022,FOB,2022-05-27,https://www.youtube.com/watch?v=XedbsyzqXvg,4985,XedbsyzqXvg,ON BEAT BATTLE,2024-08-03T02:43:42.902-04:00
Hiding John,Julo,,,,Accapella,2022,DLTLLY,2022-05-22,https://www.youtube.com/watch?v=8Rg-OYpHnz8,50573,8Rg-OYpHnz8,Spektakulum Düsseldorf,2024-08-03T02:43:42.902-04:00
Tokz,Shorteh Taunton,,,,On Beat,2022,DLTLLY,2022-05-20,https://www.youtube.com/watch?v=MrXGr1fN4QI,19627,MrXGr1fN4QI,Spektakulum Düsseldorf,skipped historical backfill
Bong Teggy & Papi Schlauch,Cris Kotzen & Ano-nym,DISSember 4,Festsaal Kreuzberg,Berlin,Accapella,2022,DLTLLY,2022-05-15,https://www.youtube.com/watch?v=kXPVliglFLM,145212,kXPVliglFLM,2on2 Dissember5 Berlin,2024-08-03T02:43:42.902-04:00
Deytona,Maka,,,,Accapella,2022,DLTLLY,2022-05-08,https://www.youtube.com/watch?v=nhXxVQrDp3E,18817,nhXxVQrDp3E,Spektakulum Düsseldorf,2024-08-03T02:43:42.902-04:00
LEANDERS,D-KAY,,,,Accapella,2022,FOB,2022-05-07,https://www.youtube.com/watch?v=HZdha-xrFe4,643,HZdha-xrFe4,INTERVIEW,skipped historical backfill
Bilal,RNGD,DISSember 5,Festsaal Kreuzberg,Berlin,Accapella,2022,DLTLLY,2022-05-06,https://www.youtube.com/watch?v=A15mdm79cLI,13287,A15mdm79cLI,Bonus Battle DISSember 5 Berlin,2024-08-03T02:43:42.902-04:00
LEANDERS,D-KAY,,,,Accapella,2022,FOB,2022-05-06,https://www.youtube.com/watch?v=Rwnj6g8zOiI,3117,Rwnj6g8zOiI,ACAPELLA BATTLE,skipped historical backfill
Davie Jones,Khacoby,DISSember 5,Festsaal Kreuzberg,Berlin,Accapella,2022,DLTLLY,2022-05-01,https://www.youtube.com/watch?v=x-LvLkEzs8k,60937,x-LvLkEzs8k,DISSember 5 Berlin,2024-08-03T02:43:42.902-04:00
LITTLE SEDO,MALIK,,,,Accapella,2022,FOB,2022-04-30,https://www.youtube.com/watch?v=jXizaICJ1mc,358,jXizaICJ1mc,INTERVIEW,skipped historical backfill
LITTLE SEDO,MALIK,,,,Accapella,2022,FOB,2022-04-29,https://www.youtube.com/watch?v=qTnU1JNsn1Q,2179,qTnU1JNsn1Q,NEWCOMER BATTLE,2024-08-03T02:43:42.902-04:00
Hiding John,Karanova,DISSember 5,Festsaal Kreuzberg,Berlin,Accapella,2022,DLTLLY,2022-04-24,https://www.youtube.com/watch?v=0AWRxf_O7N0,50284,0AWRxf_O7N0,DISSember 5 Berlin,2024-08-03T02:43:42.902-04:00
OREGANO,BUNNEE,,,,Accapella,2022,FOB,2022-04-23,https://www.youtube.com/watch?v=ulmj7_3OPXU,567,ulmj7_3OPXU,INTERVIEW,skipped historical backfill
OREGANO,BUNNEE,,,,Accapella,2022,FOB,2022-04-21,https://www.youtube.com/watch?v=IpAK7JAG9aY,6429,IpAK7JAG9aY,NEWCOMER BATTLE,2024-08-03T02:43:42.902-04:00
Niza,Despo,DISSember 5,Festsaal Kreuzberg,Berlin,Accapella,2022,DLTLLY,2022-04-17,https://www.youtube.com/watch?v=QOkXwlYdbQI,18353,QOkXwlYdbQI,DISSember 5 Berlin,2024-08-03T02:43:42.903-04:00
NICK SHIT,BARETTA,,,,Accapella,2022,FOB,2022-04-15,https://www.youtube.com/watch?v=UHTFPhhnook,1683,UHTFPhhnook,NEWCOMER BATTLE,2024-08-03T02:43:42.903-04:00
T-Way,DeeLah,DISSember 5,Festsaal Kreuzberg,Berlin,Accapella,2022,DLTLLY,2022-04-10,https://www.youtube.com/watch?v=pc0see3ZJrM,33667,pc0see3ZJrM,DISSember 5 Berlin,2024-08-03T02:43:42.903-04:00
CRAZYO,M.F.L.,,,,Accapella,2022,FOB,2022-04-08,https://www.youtube.com/watch?v=dwxhHY6EU6Y,1976,dwxhHY6EU6Y,NEWCOMER BATTLE,2024-08-03T02:43:42.903-04:00
PESC,LEOQUENT,,,,Accapella,2022,FOB,2022-04-01,https://www.youtube.com/watch?v=1FsbrboRc0c,1647,1FsbrboRc0c,NEWCOMER BATTLE,2024-08-03T02:43:42.903-04:00
MIKESH,SSYNIC,,,,Accapella,2022,DLTLLY,2022-03-27,https://www.youtube.com/watch?v=8SdOlGCSiyQ,51183,8SdOlGCSiyQ,MAYhem 5,2024-08-03T02:43:42.903-04:00
FROZEN,EZRA,,,,Accapella,2022,FOB,2022-03-25,https://www.youtube.com/watch?v=6LKmFzyGKjs,1756,6LKmFzyGKjs,NEWCOMER BATTLE,2024-08-03T02:43:42.903-04:00
ZEPTAH,PHILLIE.45,,,,On Beat,2022,FOB,2022-03-18,https://www.youtube.com/watch?v=ICuy8oTOBKw,6481,ICuy8oTOBKw,ON BEAT BATTLE,2024-08-03T02:43:42.903-04:00
KAIRUZO,FROZEN,,,,On Beat,2022,FOB,2022-03-11,https://www.youtube.com/watch?v=kLzU7By3Z48,3838,kLzU7By3Z48,ON BEAT BATTLE,2024-08-03T02:43:42.904-04:00
BURST,A-RON,,,,On Beat,2022,FOB,2022-02-25,https://www.youtube.com/watch?v=R8lbxhWiq-M,2763,R8lbxhWiq-M,ON BEAT BATTLE,2024-08-03T02:43:42.903-04:00
FREEZY,DESPO,,,,On Beat,2022,FOB,2022-02-11,https://www.youtube.com/watch?v=elnma98FBPM,6497,elnma98FBPM,ON BEAT BATTLE,2024-08-03T02:43:42.903-04:00
T-WAY,BANDAN,,,,Accapella,2022,FOB,2022-02-05,https://www.youtube.com/watch?v=gPmAR8556-Q,480,gPmAR8556-Q,INTERVIEW,skipped historical backfill
BANDAN,T-WAY,,,,On Beat,2022,FOB,2022-02-04,https://www.youtube.com/watch?v=yuTFKFCHHRs,4705,yuTFKFCHHRs,ON BEAT BATTLE,2024-08-03T02:43:42.904-04:00
TOLLSCHOCK,BURST,,,,Accapella,2022,FOB,2022-01-22,https://www.youtube.com/watch?v=bxA7FS1c94I,674,bxA7FS1c94I,INTERVIEW,skipped historical backfill
TOLLSCHOCK,BURST,,,,Accapella,2022,FOB,2022-01-21,https://www.youtube.com/watch?v=0Nu4Vs4yFik,6349,0Nu4Vs4yFik,ACAPELLA BATTLE,2024-08-03T02:43:42.904-04:00
Mars B.,Hiding John,,,,Accapella,2022,DLTLLY,2022-01-18,https://www.youtube.com/watch?v=teTFaeS_rTM,11891,teTFaeS_rTM,Interview mit Moitz,skipped historical backfill
Craze,ZinZity,NRWeekend 5,,,Accapella,2022,DLTLLY,2022-01-09,https://www.youtube.com/watch?v=BFpaIJJRZpo,152020,BFpaIJJRZpo,NRWeekend 5,2024-08-03T02:43:42.905-04:00
Joseph Steinschleuder,Tobi High,,,,Accapella,2021,DUDL,2022-01-08,https://www.youtube.com/watch?v=cblMd5dP52g,75126,cblMd5dP52g,Battle,2024-08-03T02:43:42.904-04:00
TEACH,LATIK,,,,Accapella,2022,FOB,2022-01-08,https://www.youtube.com/watch?v=9GEX3ZO0oac,794,9GEX3ZO0oac,INTERVIEW,skipped historical backfill
LATIK,TEACH,,,,Accapella,2022,FOB,2022-01-07,https://www.youtube.com/watch?v=m5T71FIBKeE,4857,m5T71FIBKeE,ACAPELLA BATTLE,2024-08-03T02:43:42.904-04:00
Mc Geuner,Phasenkind,NRWeekend 5,,,Accapella,2022,DLTLLY,2022-01-02,https://www.youtube.com/watch?v=8XF0GNuX43c,33585,8XF0GNuX43c,NRWeekend 5,2024-08-03T02:43:42.905-04:00
T-Way,Karanova,,,,Accapella,2021,DUDL,2022-01-01,https://www.youtube.com/watch?v=O1gK-lc2744,25860,O1gK-lc2744,Battle,2024-08-03T02:43:42.904-04:00
Khacoby,DeeLah,NRWeekend 5,,,Accapella,2021,DLTLLY,2021-12-26,https://www.youtube.com/watch?v=0TzaYVDPlWs,50225,0TzaYVDPlWs,NRWeekend 5,2024-08-03T02:43:42.904-04:00
Lug Serious,Zeuge,,,,Accapella,2021,DUDL,2021-12-25,https://www.youtube.com/watch?v=eZEkBQHj1Zw,12078,eZEkBQHj1Zw,Battle,2024-08-03T02:43:42.904-04:00
MADAME CHAOT,REQUIEM,,,,Accapella,2021,FOB,2021-12-25,https://www.youtube.com/watch?v=yn6gSGDscuA,3004,yn6gSGDscuA,INTERVIEW,skipped historical backfill
Maka,Heinz87,NRWeekend 5,,,Accapella,2021,DLTLLY,2021-12-24,https://www.youtube.com/watch?v=M9ljmm81bj8,16130,M9ljmm81bj8,NRWeekend 5,2024-08-03T02:43:42.904-04:00
MADAME CHAOT,REQUIEM,,,,Accapella,2021,FOB,2021-12-24,https://www.youtube.com/watch?v=f7Ie40PCgKE,19153,f7Ie40PCgKE,ACAPELLA BATTLE,2024-08-03T02:43:42.905-04:00
Joseph Steinschleuder,Steel,,,,On Beat,2021,DLTLLY,2021-12-19,https://www.youtube.com/watch?v=o-gu-0j52H4,48630,o-gu-0j52H4,Düsseldorf,2024-08-03T02:43:42.876-04:00
Herr Sören,Holu,,,,Accapella,2021,DUDL,2021-12-18,https://www.youtube.com/watch?v=kSiZzKaRn_M,9268,kSiZzKaRn_M,Battle,2024-08-03T02:43:42.905-04:00
Fate,Notyzze,,,,Accapella,2021,DLTLLY,2021-12-15,https://www.youtube.com/watch?v=T0JJQavFV2w,21540,T0JJQavFV2w,Finales FINALE - Freestyle Turnier,skipped historical backfill
Hiding John,Mars B.,NRWeekend 5,,,Accapella,2021,DLTLLY,2021-12-12,https://www.youtube.com/watch?v=waIf0MlTjyA,145440,waIf0MlTjyA,NRWeekend 5,2024-08-03T02:43:42.905-04:00
Joe Pharo,Kid Soldier,,,,Accapella,2021,DUDL,2021-12-11,https://www.youtube.com/watch?v=v-UUweDkH68,36946,v-UUweDkH68,Battle,2024-08-03T02:43:42.905-04:00
Atropatrap,Natif,NRWeekend 5,,,Accapella,2021,DLTLLY,2021-12-10,https://www.youtube.com/watch?v=mLz-MOsV9eY,45890,mLz-MOsV9eY,NRWeekend 5,2024-08-03T02:43:42.905-04:00
Niza,Devasberg,NRWeekend 5,,,Accapella,2021,DLTLLY,2021-12-05,https://www.youtube.com/watch?v=_QVu_4_lKPw,18029,_QVu_4_lKPw,NRWeekend 5,2024-08-03T02:43:42.905-04:00
Wolff,MC Geuner,,,,Accapella,2021,DUDL,2021-12-04,https://www.youtube.com/watch?v=b-UoZVuRk8o,30234,b-UoZVuRk8o,Battle,2024-08-03T02:43:42.906-04:00
Davie Jones,Notyzze,,,,Accapella,2021,DLTLLY,2021-12-01,https://www.youtube.com/watch?v=nYk6qWCIm70,17575,nYk6qWCIm70,FINALE - Freestyle Turnier,skipped historical backfill
Craze,Kato,,,,Accapella,2021,DLTLLY,2021-11-30,https://www.youtube.com/watch?v=J0etHIzEkmA,12602,J0etHIzEkmA,Das Interview mit ANA,skipped historical backfill
Dizzepticon,Koozy,NRWeekend 5,,,On Beat,2021,DLTLLY,2021-11-28,https://www.youtube.com/watch?v=44GWsXgZyNs,20709,44GWsXgZyNs,NRWeekend 5,2024-08-03T02:43:42.906-04:00
Phasenkind,SnakeHeadRhyme,,,,Accapella,2021,DUDL,2021-11-27,https://www.youtube.com/watch?v=rnhrlt8rjHo,15982,rnhrlt8rjHo,Battle,2024-08-03T02:43:42.906-04:00
Master Marv,Davie Jones,,,,Accapella,2021,DLTLLY,2021-11-24,https://www.youtube.com/watch?v=-m_zitUFack,16948,-m_zitUFack,Halbfinale - Freestyle Turnier,skipped historical backfill
Julo,Gerro,NRWeekend 5,,,Accapella,2021,DLTLLY,2021-11-21,https://www.youtube.com/watch?v=JFRhtS_YE9A,28491,JFRhtS_YE9A,NRWeekend 5,2024-08-03T02:43:42.906-04:00
Latik,Julo,,,,Accapella,2021,DUDL,2021-11-20,https://www.youtube.com/watch?v=JsYSZtd2KMg,6544,JsYSZtd2KMg,Battle,2024-08-03T02:43:42.906-04:00
REQUIEM,DEMUTRAS,,,,Accapella,2021,FOB,2021-11-20,https://www.youtube.com/watch?v=s_TkaLrGTWs,443,s_TkaLrGTWs,INTERVIEW,skipped historical backfill
DEMUTRAS,REQUIEM,,,,Accapella,2021,FOB,2021-11-19,https://www.youtube.com/watch?v=SGn3uMPhtTk,3245,SGn3uMPhtTk,ACAPELLA BATTLE,2024-08-03T02:43:42.906-04:00
Papi Schlauch,Notyzze,,,,Accapella,2021,DLTLLY,2021-11-19,https://www.youtube.com/watch?v=bV0jDwBFgAY,28278,bV0jDwBFgAY,Halbfinale - Freestyle Turnier,skipped historical backfill
Master Marv,Flake,,,,Accapella,2021,DLTLLY,2021-11-17,https://www.youtube.com/watch?v=vV4OmJuCxWI,14215,vV4OmJuCxWI,Viertelfinale - Freestyle Turnier,skipped historical backfill
Neilz,Deytona,,,,Accapella,2021,DLTLLY,2021-11-16,https://www.youtube.com/watch?v=GFvILQkhFH8,6500,GFvILQkhFH8,Interview mit Ana,skipped historical backfill
Ferry,D-Kay,,,,Accapella,2021,DLTLLY,2021-11-14,https://www.youtube.com/watch?v=K9CJ_aMBrsY,14585,K9CJ_aMBrsY,Proving Grounds #2,skipped historical backfill
Davie Jones,Shizu,,,,Accapella,2021,DLTLLY,2021-11-12,https://www.youtube.com/watch?v=00PsDnNc0tE,19004,00PsDnNc0tE,Viertelfinale - Freestyle Turnier,2024-08-03T02:43:42.906-04:00
Requiem,Malik,,,,Accapella,2021,DUDL,2021-11-12,https://www.youtube.com/watch?v=nAOzsb5R0jQ,8411,nAOzsb5R0jQ,Battle,2024-08-03T02:43:42.906-04:00
Mighty P,Papi Schlauch,,,,Accapella,2021,DLTLLY,2021-11-09,https://www.youtube.com/watch?v=MkO4Kivu-oc,19486,MkO4Kivu-oc,Viertelfinale - Freestyle Turnier,2024-08-03T02:43:42.906-04:00
Kato,Craze,,,,Accapella,2021,DLTLLY,2021-11-07,https://www.youtube.com/watch?v=tQxf0_g0Qyo,112950,tQxf0_g0Qyo,B-DAY #8,2024-08-03T02:43:42.907-04:00
Schlawin0r,Franciss,,,,Accapella,2021,DUDL,2021-11-06,https://www.youtube.com/watch?v=UJw2kUbdKRc,6870,UJw2kUbdKRc,Battle,2024-08-03T02:43:42.907-04:00
EKHEAD,PESC,,,,Accapella,2021,FOB,2021-11-06,https://www.youtube.com/watch?v=qoC6hSJGneU,656,qoC6hSJGneU,INTERVIEW,skipped historical backfill
EKHEAD,PESC,,,,Accapella,2021,FOB,2021-11-05,https://www.youtube.com/watch?v=0J9DKWtyvQ0,3870,0J9DKWtyvQ0,ACAPELLA BATTLE,2024-08-03T02:43:42.906-04:00
Notyzze,Leanders,,,,Accapella,2021,DLTLLY,2021-11-05,https://www.youtube.com/watch?v=P3jJnu84jso,20981,P3jJnu84jso,Viertelfinale - Freestyle Turnier,2024-08-03T02:43:42.907-04:00
Karanova,Mars B.,,,,Accapella,2021,DLTLLY,2021-10-31,https://www.youtube.com/watch?v=XW5F33vQEBE,56876,XW5F33vQEBE,B-DAY #8,2024-08-03T02:43:42.907-04:00
MC Rabiat,P.S. Jiggy,,,,Accapella,2021,DUDL,2021-10-29,https://www.youtube.com/watch?v=SAsznYYz40M,9697,SAsznYYz40M,Battle,2024-08-03T02:43:42.907-04:00
Aura,Desperados,Proving Grounds Vol. 2,,,Accapella,2021,DLTLLY,2021-10-29,https://www.youtube.com/watch?v=L-11Ys1jPbk,21450,L-11Ys1jPbk,Proving Grounds #2,2024-08-03T02:43:42.907-04:00
Neilz,Deytona,,,,Accapella,2021,DLTLLY,2021-10-24,https://www.youtube.com/watch?v=Uo9V26OqyLw,54941,Uo9V26OqyLw,B-DAY #8,2024-08-03T02:43:42.909-04:00
MC GEUNER,JULO,,,,Accapella,2021,FOB,2021-10-23,https://www.youtube.com/watch?v=ftYcEkLEwH8,1347,ftYcEkLEwH8,INTERVIEW,skipped historical backfill
MC GEUNER,JULO,,,,Accapella,2021,FOB,2021-10-22,https://www.youtube.com/watch?v=EOkj_xbRKyo,17281,EOkj_xbRKyo,ACAPELLA BATTLE,2024-08-03T02:43:42.909-04:00
Joseph Steinschleuder,A-Ron,,,,Accapella,2021,DLTLLY,2021-10-22,https://www.youtube.com/watch?v=11038rqoQr0,32031,11038rqoQr0,B-DAY #8,2024-08-03T02:43:42.909-04:00
Bong Teggy,Koozy,,,,On Beat,2021,DLTLLY,2021-10-17,https://www.youtube.com/watch?v=ADHXjLh3t58,189102,ADHXjLh3t58,B-Day #8,2024-08-03T02:43:42.909-04:00
Joseph Steinschleuder (aka Merlin),Tobi High,,,Berlin,Accapella,2021,DLTLLY,2021-10-15,https://www.youtube.com/watch?v=ErS3GzWV5EI,42157,ErS3GzWV5EI,B-DAY #8 Berlin,2024-08-03T02:43:42.909-04:00
Notyzze,Pablo,Living HipHop,,München,On Beat,2021,DLTLLY,2021-10-10,https://www.youtube.com/watch?v=2oGok3bnO3g,32342,2oGok3bnO3g,München,2024-08-03T02:43:42.875-04:00
DESPO & LEANDERS,BANDAN & RINGELNATZ,,,,Accapella,2021,FOB,2021-10-09,https://www.youtube.com/watch?v=jHD5IV_zgt0,1104,jHD5IV_zgt0,INTERVIEW,skipped historical backfill
DESPO & LEANDERS,BANDAN & RINGELNATZ,,,,Accapella,2021,FOB,2021-10-08,https://www.youtube.com/watch?v=Lmsc-4QD8cU,7059,Lmsc-4QD8cU,ACAPELLA BATTLE,2024-08-03T02:43:42.909-04:00
T-Way,Snakeheadrhyme,,,,Accapella,2021,DLTLLY,2021-10-08,https://www.youtube.com/watch?v=JqAsHcaewco,17543,JqAsHcaewco,München,skipped historical backfill
Aytee,Phasenkind,Living HipHop,,München,On Beat,2021,DLTLLY,2021-10-03,https://www.youtube.com/watch?v=E-5qSwv5Z0Q,230071,E-5qSwv5Z0Q,München,2024-08-03T02:43:42.876-04:00
Bahamakarma,Tommy2Late,,,,Accapella,2021,DLTLLY,2021-10-01,https://www.youtube.com/watch?v=XlLUIpLiV94,14226,XlLUIpLiV94,München,skipped historical backfill
Falki,Davie Jones,Living HipHop,,München,On Beat,2021,DLTLLY,2021-09-26,https://www.youtube.com/watch?v=PEZM8D30ogU,58833,PEZM8D30ogU,München,2024-08-03T02:43:42.875-04:00
Proton,Bandan,,,München,On Beat,2021,DLTLLY,2021-09-24,https://www.youtube.com/watch?v=2ZpsOZntjdQ,17098,2ZpsOZntjdQ,München,2024-08-03T02:43:42.909-04:00
Tao,Ferry,,,,Accapella,2021,DLTLLY,2021-09-19,https://www.youtube.com/watch?v=W6rccWJ-45E,16239,W6rccWJ-45E,Proving Grounds Vol. 1,skipped historical backfill
MUSIO,NATIF,,,,Accapella,2021,FOB,2021-09-13,https://www.youtube.com/watch?v=AfxEZUYlHtk,1065,AfxEZUYlHtk,Interview,skipped historical backfill
MUSIO,NATIF,,,,Accapella,2021,FOB,2021-09-12,https://www.youtube.com/watch?v=76GHLjt3_Q4,11014,76GHLjt3_Q4,ACAPELLA BATTLE,2024-08-03T02:43:42.907-04:00
Tollschock,MC Geuner,Proving Grounds Vol. 1,Panke Backyard,,Accapella,2021,DLTLLY,2021-09-12,https://www.youtube.com/watch?v=EPxRnWn0yFM,27761,EPxRnWn0yFM,Proving Grounds Vol. 1,2024-08-03T02:43:42.909-04:00
TRIPLE,DASCHA,,,,Accapella,2021,FOB,2021-09-06,https://www.youtube.com/watch?v=iCHvHAUp0lU,940,iCHvHAUp0lU,INTERVIEW,skipped historical backfill
TRIPLE (TRIPLEBEAT),DASCHA,,,,Accapella,2021,FOB,2021-09-05,https://www.youtube.com/watch?v=DR_Ah6-tL4A,9222,DR_Ah6-tL4A,ACAPELLA BATTLE,2024-08-03T02:43:42.908-04:00
Vorstadtflokati,Maka,Proving Grounds Vol. 1,Panke Backyard,,Accapella,2021,DLTLLY,2021-09-05,https://www.youtube.com/watch?v=1a8hepLi7tM,13680,1a8hepLi7tM,Proving Grounds Vol. 1,2024-08-03T02:43:42.910-04:00
LATIK,TECEY,,,,Accapella,2021,FOB,2021-08-30,https://www.youtube.com/watch?v=gL8zIa54v9U,415,gL8zIa54v9U,INTERVIEW,skipped historical backfill
LATIK,TECEY,,,,Accapella,2021,FOB,2021-08-29,https://www.youtube.com/watch?v=yOKjgjTx598,4548,yOKjgjTx598,ACAPELLA BATTLE,2024-08-03T02:43:42.907-04:00
Julo,BDad,Proving Grounds Vol. 1,Panke Backyard,,Accapella,2021,DLTLLY,2021-08-29,https://www.youtube.com/watch?v=tcNaMgkL0ds,25562,tcNaMgkL0ds,Proving Grounds Vol. 1,2024-08-03T02:43:42.910-04:00
Moitz,Heinz87,Proving Grounds Vol. 1,Panke Backyard,,Accapella,2021,DLTLLY,2021-08-22,https://www.youtube.com/watch?v=HqgNJu5VcGI,14689,HqgNJu5VcGI,Proving Grounds Vol. 1,2024-08-03T02:43:42.910-04:00
Liser,Niza,Proving Grounds Vol. 1,Panke Backyard,,Accapella,2021,DLTLLY,2021-08-15,https://www.youtube.com/watch?v=d50Tv7s_7zY,40491,d50Tv7s_7zY,Proving Grounds Vol. 1,2024-08-03T02:43:42.910-04:00
Robscure,Hiding John,,,,Accapella,2021,DLTLLY,2021-08-08,https://www.youtube.com/watch?v=S4QLxawNqdA,41684,S4QLxawNqdA,Summer Vibes 2021,2024-08-03T02:43:42.910-04:00
Kato,Indoor Stan (OnBeat),,,,On Beat,2021,DLTLLY,2021-08-01,https://www.youtube.com/watch?v=X6kOp_8oxBU,29558,X6kOp_8oxBU,Summer Vibes 2021,2024-08-03T02:43:42.910-04:00
Joseph Steinschleuder,Natif,,,,Accapella,2021,DLTLLY,2021-07-25,https://www.youtube.com/watch?v=RPMJJLT995U,50401,RPMJJLT995U,Summer Vibes 2021,2024-08-03T02:43:42.910-04:00
Leanders,Teach,,,,Accapella,2021,FOB,2021-07-19,https://www.youtube.com/watch?v=OJSHBouyfAM,542,OJSHBouyfAM,Zoom Interview,skipped historical backfill
LEANDERS,TEACH,,,,Accapella,2021,FOB,2021-07-18,https://www.youtube.com/watch?v=YNP98QxWD9A,5665,YNP98QxWD9A,ACAPELLA BATTLE,2024-08-03T02:43:42.909-04:00
Phasenkind,Ryko-J,,,,On Beat,2021,DLTLLY,2021-07-18,https://www.youtube.com/watch?v=LVHZ_t-xy48,29856,LVHZ_t-xy48,Battle,2024-08-03T02:43:42.910-04:00
DESPO,MC COLOGNE,,,,On Beat,2021,FOB,2021-07-12,https://www.youtube.com/watch?v=l5WLfkde9bY,2930,l5WLfkde9bY,ON BEAT BATTLE,2024-08-03T02:43:42.907-04:00
Karanova,D-Kay,,,,Accapella,2021,DLTLLY,2021-07-11,https://www.youtube.com/watch?v=OB3JEUHn9uc,13807,OB3JEUHn9uc,Summer Vibes,2024-08-03T02:43:42.910-04:00
Mars B.,BX,,,,Accapella,2021,DLTLLY,2021-07-04,https://www.youtube.com/watch?v=_pAlmhNLPgk,23073,_pAlmhNLPgk,Hidden Gems 2,2024-08-03T02:43:42.911-04:00
SnakeHeadRhyme,Hiding John,,,,Accapella,2021,DLTLLY,2021-06-27,https://www.youtube.com/watch?v=bDWcsbukE34,34685,bDWcsbukE34,Hidden Gems 2,2024-08-03T02:43:42.911-04:00
Gerro,Tao,,,,Accapella,2021,DLTLLY,2021-06-13,https://www.youtube.com/watch?v=OedxSC21Q7c,12105,OedxSC21Q7c,Hidden Gems 2,2024-08-03T02:43:42.911-04:00
Phasenkind,Ferry,,,,Accapella,2021,DLTLLY,2021-06-06,https://www.youtube.com/watch?v=W77oeyxkAqU,14529,W77oeyxkAqU,Hidden Gems 2,2024-08-03T02:43:42.911-04:00
Wolff,Craze,,,,Accapella,2021,DLTLLY,2021-05-30,https://www.youtube.com/watch?v=8uoJU-abyag,40447,8uoJU-abyag,Hidden Gems,2024-08-03T02:43:42.911-04:00
Joseph Steinschleuder,Bahamakarma,,,,Accapella,2021,DLTLLY,2021-05-23,https://www.youtube.com/watch?v=UnPT7EzAH8I,33216,UnPT7EzAH8I,Hidden Gems,2024-08-03T02:43:42.911-04:00
Indoor Stan,DeeLah,,,,Accapella,2021,DLTLLY,2021-05-16,https://www.youtube.com/watch?v=fPBGqZNJ1ho,20530,fPBGqZNJ1ho,could not identify event,2024-08-03T02:43:42.911-04:00
Joe Pharo,SnakeHeadRhyme,,,,Accapella,2021,DLTLLY,2021-05-02,https://www.youtube.com/watch?v=otH1IrojW_o,20057,otH1IrojW_o,Hidden Gems,2024-08-03T02:43:42.911-04:00
Neilz,FreeKno,,,,Accapella,2021,DLTLLY,2021-04-25,https://www.youtube.com/watch?v=wZYLJenaGyg,21008,wZYLJenaGyg,Breakthrough Halbfinale,2024-08-03T02:43:42.912-04:00
Requiem,Deytona,,,,Accapella,2021,DLTLLY,2021-04-18,https://www.youtube.com/watch?v=heWtcrlwRbg,11356,heWtcrlwRbg,Breakthrough Halbfinale,2024-08-03T02:43:42.912-04:00
Mars B.,MC Geuner,,,,Accapella,2021,DLTLLY,2021-03-28,https://www.youtube.com/watch?v=-Drz-WlVUYY,49663,-Drz-WlVUYY,STREET BATTLES 2021,2024-08-03T02:43:42.912-04:00
Tollschock,D-Kay,,,,Accapella,2021,DLTLLY,2021-03-21,https://www.youtube.com/watch?v=ERCFAPYNCJI,11688,ERCFAPYNCJI,STREET BATTLES 2021,2024-08-03T02:43:42.912-04:00
Henrey,Hiding John,,,,Accapella,2021,DLTLLY,2021-03-14,https://www.youtube.com/watch?v=c8QaTxQRHMs,30183,c8QaTxQRHMs,STREET BATTLES 2021,2024-08-03T02:43:42.912-04:00
Karanova,YAMANN,,,,Accapella,2021,DLTLLY,2021-03-07,https://www.youtube.com/watch?v=4T4o-m4wRWQ,13713,4T4o-m4wRWQ,STREET BATTLES 2021,2024-08-03T02:43:42.912-04:00
BONG TEGGY PRESENTS: Judged,Unjudged,,,,Accapella,2021,DLTLLY,2021-02-21,https://www.youtube.com/watch?v=JsSnZmjNSro,31962,JsSnZmjNSro,could not identify event,skipped historical backfill
Khacoby,Peat,,,,On Beat,2021,DLTLLY,2021-01-24,https://www.youtube.com/watch?v=tlBRazaZShg,78387,tlBRazaZShg,Video Battle,2024-08-03T02:43:42.913-04:00
Falki,Phasenkind,,,,On Beat,2021,DLTLLY,2021-01-17,https://www.youtube.com/watch?v=AgQGgjkkwBo,33374,AgQGgjkkwBo,Video Battle,2024-08-03T02:43:42.912-04:00
Wandelbarz,YAAMANN,,,,On Beat,2021,DLTLLY,2021-01-10,https://www.youtube.com/watch?v=u_3tUhl9fXM,18073,u_3tUhl9fXM,Video Battle,2024-08-03T02:43:42.912-04:00
DESPO,DOCMO,,,,Accapella,2020,FOB,2021-01-01,https://www.youtube.com/watch?v=iOCwuBA9Bm0,3350,iOCwuBA9Bm0,ACAPELLA BATTLE,2024-08-03T02:43:42.907-04:00
DOC,Gerro (aka RenetixX),,,,On Beat,2020,DLTLLY,2020-12-27,https://www.youtube.com/watch?v=FYm1CMj1TJQ,11118,FYm1CMj1TJQ,Video Battle,2024-08-03T02:43:42.912-04:00
RALLE,DASCHA,,,,Accapella,2020,FOB,2020-12-21,https://www.youtube.com/watch?v=isjvzmQO3MI,4383,isjvzmQO3MI,ACAPELLA BATTLE,2024-08-03T02:43:42.908-04:00
OJ Manson,Devasberg,,,,Accapella,2020,DLTLLY,2020-12-04,https://www.youtube.com/watch?v=Usr_KAJX2uM,7127,Usr_KAJX2uM,ExtraMatch,skipped historical backfill
Holu,Kairuzo,,,,Accapella,2020,DLTLLY,2020-11-27,https://www.youtube.com/watch?v=lsb-FSjlsA0,9241,lsb-FSjlsA0,ExtraMatch,2024-08-03T02:43:42.913-04:00
Robscure,Sizyphos,,,,Accapella,2020,DLTLLY,2020-11-08,https://www.youtube.com/watch?v=2-xOBUKTmkk,92864,2-xOBUKTmkk,B.Day#7,2024-08-03T02:43:42.913-04:00
Kato,N'antinein,,,,Accapella,2020,DLTLLY,2020-11-01,https://www.youtube.com/watch?v=R5aGasnH0OM,58970,R5aGasnH0OM,B.Day#7,2024-08-03T02:43:42.913-04:00
DeeLah,Mars B.,,,,Accapella,2020,DLTLLY,2020-10-25,https://www.youtube.com/watch?v=Ia6Bsae_kEg,63054,Ia6Bsae_kEg,B.Day#7,2024-08-03T02:43:42.913-04:00
Joe Pharo,Hiding John,,,,Accapella,2020,DLTLLY,2020-10-18,https://www.youtube.com/watch?v=cBUqmJ_i5qY,60837,cBUqmJ_i5qY,B.Day#7,2024-08-03T02:43:42.913-04:00
Karma,Khacoby,,,,Accapella,2020,DLTLLY,2020-10-11,https://www.youtube.com/watch?v=YS82RpCtbS4,48303,YS82RpCtbS4,B.Day#7,2024-08-03T02:43:42.913-04:00
Joseph Steinschleuder,Indoor Stan,,Panke Backyard,Berlin,Accapella,2020,DLTLLY,2020-10-04,https://www.youtube.com/watch?v=5UjDGUy3PQI,53549,5UjDGUy3PQI,Panke,2024-08-03T02:43:42.913-04:00
Brian Damage,Craze,,Panke Backyard,Berlin,Accapella,2020,DLTLLY,2020-09-27,https://www.youtube.com/watch?v=iGUe8Sblwgw,45331,iGUe8Sblwgw,Panke,2024-08-03T02:43:42.913-04:00
DeeLah,SnakeHeadRhyme,,Panke Backyard,Berlin,Accapella,2020,DLTLLY,2020-09-20,https://www.youtube.com/watch?v=fi8fsxG1OcE,29150,fi8fsxG1OcE,Panke,2024-08-03T02:43:42.913-04:00
Steel,Karanova,,Panke Backyard,Berlin,Accapella,2020,DLTLLY,2020-09-13,https://www.youtube.com/watch?v=yHbnx2fuG5c,20656,yHbnx2fuG5c,Panke,2024-08-03T02:43:42.914-04:00
Bong Teggy,Robscure,,Panke Backyard,Berlin,Accapella,2020,DLTLLY,2020-08-16,https://www.youtube.com/watch?v=pZ6pnu5hf0A,56177,pZ6pnu5hf0A,Panke,2024-08-03T02:43:42.914-04:00
Vorstadtflokati,Shizu,,Panke Backyard,Berlin,Accapella,2020,DLTLLY,2020-08-14,https://www.youtube.com/watch?v=y9ncsceHW3M,9611,y9ncsceHW3M,Panke,2024-08-03T02:43:42.914-04:00
Kid Soldier,Hiding John,,Panke Backyard,Berlin,Accapella,2020,DLTLLY,2020-08-09,https://www.youtube.com/watch?v=Wdgl_Cg9GKU,48315,Wdgl_Cg9GKU,Panke,2024-08-03T02:43:42.914-04:00
Falk,Karanova,,,,On Beat,2020,DLTLLY,2020-08-02,https://www.youtube.com/watch?v=2ruMpOhxrRs,22539,2ruMpOhxrRs,Virtual,2024-08-03T02:43:42.914-04:00
Phasenkind,Peat,,,,On Beat,2020,DLTLLY,2020-07-26,https://www.youtube.com/watch?v=fvaZ9P2KRLE,33280,fvaZ9P2KRLE,Virtual,2024-08-03T02:43:42.914-04:00
Kato,Mr. Whyte,,,,Accapella,2020,DLTLLY,2020-07-19,https://www.youtube.com/watch?v=FgFwq0icwso,28209,FgFwq0icwso,Fussball Battle,2024-08-03T02:43:42.914-04:00
Papi Schlauch,Master Marv,,,,Accapella,2020,DLTLLY,2020-07-03,https://www.youtube.com/watch?v=eVQd_FWdloE,15376,eVQd_FWdloE,could not identify event,2024-08-03T02:43:42.914-04:00
Khacoby,Notyzze,,,,Accapella,2020,DLTLLY,2020-06-28,https://www.youtube.com/watch?v=Tm9vJh_dk9k,28176,Tm9vJh_dk9k,Corona Battle Package,2024-08-03T02:43:42.914-04:00
Mars B.,BX,,,,Accapella,2020,DLTLLY,2020-06-26,https://www.youtube.com/watch?v=LOOhH4_OvNE,11246,LOOhH4_OvNE,Corona Battle Package,2024-08-03T02:43:42.914-04:00
Craze,Burst,,,,Accapella,2020,DLTLLY,2020-06-23,https://www.youtube.com/watch?v=bMXRfRmgPTA,6306,bMXRfRmgPTA,English 1 Rounder,2024-08-03T02:43:42.915-04:00
Falk,Ano-nym,,,,Accapella,2020,DLTLLY,2020-06-21,https://www.youtube.com/watch?v=dYmfj_BzrgY,56847,dYmfj_BzrgY,OnlineBattle,2024-08-03T02:43:42.915-04:00
Zeptah,Gammel,,,,Accapella,2020,DLTLLY,2020-06-14,https://www.youtube.com/watch?v=uekZr7zXv-o,9513,uekZr7zXv-o,OnlineBattle,2024-08-03T02:43:42.915-04:00
Sizyphos,Robscure,,,,Accapella,2020,DLTLLY,2020-06-12,https://www.youtube.com/watch?v=Ldc4PM7uECU,18798,Ldc4PM7uECU,Online Battle,2024-08-03T02:43:42.915-04:00
Hiding John,A-Ron,,,,Accapella,2020,DLTLLY,2020-06-09,https://www.youtube.com/watch?v=a70lYjBMMGc,12993,a70lYjBMMGc,Onlie Battle,2024-08-03T02:43:42.915-04:00
Proton,Craze,,,,On Beat,2020,DLTLLY,2020-06-07,https://www.youtube.com/watch?v=vb_w46X0rGE,21187,vb_w46X0rGE,+ Accapella,2024-08-03T02:43:42.915-04:00
Pablo,Jolle,,,,Accapella,2020,DLTLLY,2020-05-31,https://www.youtube.com/watch?v=5HaB0pBqyX0,12892,5HaB0pBqyX0,Online Battle,2024-08-03T02:43:42.915-04:00
T-Way,Kid Soldier,,,,Accapella,2020,DLTLLY,2020-05-29,https://www.youtube.com/watch?v=cohcA2h186c,14469,cohcA2h186c,Online Battle,2024-08-03T02:43:42.915-04:00
Phasenkind,Karanova,,,,Accapella,2020,DLTLLY,2020-05-24,https://www.youtube.com/watch?v=5BgRzwhN2PI,26056,5BgRzwhN2PI,OnlineBattle,2024-08-03T02:43:42.915-04:00
Proton,Notyzze,NRWeekend 4,,,Accapella,2020,DLTLLY,2020-04-26,https://www.youtube.com/watch?v=lKlZmLtrRaw,181189,lKlZmLtrRaw,NRWeekend4,2024-08-03T02:43:42.915-04:00
Craze' Parts,Merlin,NRWeekend 4,,,Accapella,2020,DLTLLY,2020-04-24,https://www.youtube.com/watch?v=u21MvmyqRFg,29354,u21MvmyqRFg,NRWeekend4,2024-08-03T02:43:42.916-04:00
Falk + Khacoby,DNA + Ringelnatz,NRWeekend 4,,,Accapella,2020,DLTLLY,2020-04-19,https://www.youtube.com/watch?v=WeQISeOD2oI,48806,WeQISeOD2oI,NRWeekend4,2024-08-03T02:43:42.916-04:00
Ali Smart,Pulsar,,,,Accapella,2020,DLTLLY,2020-04-12,https://www.youtube.com/watch?v=xFD__wFE9vU,21026,xFD__wFE9vU,D&DL CoEvent,2024-08-03T02:43:42.916-04:00
Silence,Franz Flaute,,,Berlin,Accapella,2020,DUDL,2020-04-08,https://www.youtube.com/watch?v=AkDqmXszYWA,9855,AkDqmXszYWA,D&DL#0156 Berlin,2024-08-03T02:43:42.916-04:00
DeeLah,Wandelbarz,NRWeekend 4,,,Accapella,2020,DLTLLY,2020-04-05,https://www.youtube.com/watch?v=qW9luXAQXRI,30927,qW9luXAQXRI,NRWeekend4,2024-08-03T02:43:42.916-04:00
Davie Jones,Fresh Polakke,,,Berlin,Accapella,2020,DLTLLY,2020-04-03,https://www.youtube.com/watch?v=UUyqMyjB2bM,130804,UUyqMyjB2bM,Berlin,2024-08-03T02:43:42.916-04:00
MC Rabiat,Jepain,,,Berlin,Accapella,2020,DUDL,2020-04-01,https://www.youtube.com/watch?v=S-QZgsCSZd8,10416,S-QZgsCSZd8,D&DL#0158 Berlin,2024-08-03T02:43:42.916-04:00
Alko,Baretta,,,Berlin,Accapella,2020,DUDL,2020-03-30,https://www.youtube.com/watch?v=4oV8qkTZtmQ,13253,4oV8qkTZtmQ,D&DL#0154 Berlin,2024-08-03T02:43:42.916-04:00
Django,Leanders,NRWeekend 4,,,Accapella,2020,DLTLLY,2020-03-29,https://www.youtube.com/watch?v=t0mOqEll75s,19772,t0mOqEll75s,NRWeekend4,2024-08-03T02:43:42.916-04:00
Mazzikaner,DNA,,,Berlin,Accapella,2020,DLTLLY,2020-03-27,https://www.youtube.com/watch?v=Ekk3MCWp-ZU,22107,Ekk3MCWp-ZU,Berlin,2024-08-03T02:43:42.917-04:00
Corner,Maka,,,Berlin,Accapella,2020,DUDL,2020-03-25,https://www.youtube.com/watch?v=2Alsg7pneZU,13417,2Alsg7pneZU,D&DL#0155 Berlin,2024-08-03T02:43:42.917-04:00
Kato,Ano-nym,NRWeekend 4,,,Accapella,2020,DLTLLY,2020-03-22,https://www.youtube.com/watch?v=US8gUcwYuDc,120005,US8gUcwYuDc,NRWeekend4,2024-08-03T02:43:42.917-04:00
Phasenkind,Steel,,,Berlin,Accapella,2020,DLTLLY,2020-03-20,https://www.youtube.com/watch?v=5E8wtuc_gPo,76938,5E8wtuc_gPo,Berlin,2024-08-03T02:43:42.917-04:00
DOC,Vorstadtflokati,NRWeekend 4,,,Accapella,2020,DLTLLY,2020-03-18,https://www.youtube.com/watch?v=jzFuHDCB_3Q,21901,jzFuHDCB_3Q,NRWeekend4,2024-08-03T02:43:42.917-04:00
Tollschock,Kid Soldier,NRWeekend 4,,,Accapella,2020,DLTLLY,2020-03-15,https://www.youtube.com/watch?v=hy0Njy_aODY,64072,hy0Njy_aODY,NRWeekend4,2024-08-03T02:43:42.917-04:00
Fate,Sizyphos,,,Berlin,Accapella,2020,DLTLLY,2020-03-13,https://www.youtube.com/watch?v=LNYeG_rxNyY,46267,LNYeG_rxNyY,Berlin,2024-08-03T02:43:42.917-04:00
Natif,Ryko-J,NRWeekend 4,,,Accapella,2020,DLTLLY,2020-03-11,https://www.youtube.com/watch?v=2oTsMFm6BZY,50375,2oTsMFm6BZY,NRWeekend4,2024-08-03T02:43:42.917-04:00
RenetiXX,A-Ron,NRWeekend 4,,,Accapella,2020,DLTLLY,2020-03-08,https://www.youtube.com/watch?v=3kT6ZzpMmbI,29179,3kT6ZzpMmbI,NRWeekend4,2024-08-03T02:43:42.917-04:00
Craze,Pablo,,,Berlin,Accapella,2020,DLTLLY,2020-03-06,https://www.youtube.com/watch?v=fJNspy5iVA4,81373,fJNspy5iVA4,Berlin,2024-08-03T02:43:42.917-04:00
Wolff,Mars B.,,,Kassel,Accapella,2020,DLTLLY,2020-03-01,https://www.youtube.com/watch?v=FFBaDPuErfc,144718,FFBaDPuErfc,Kassel,2024-08-03T02:43:42.918-04:00
Jolle,Falk,,,Berlin,Accapella,2020,DLTLLY,2020-02-28,https://www.youtube.com/watch?v=9DEOJ6f0UL8,49322,9DEOJ6f0UL8,Berlin,2024-08-03T02:43:42.918-04:00
Hiding John,ZinZity,,,Kassel,Accapella,2020,DLTLLY,2020-02-23,https://www.youtube.com/watch?v=-WkDV5RsdSo,258868,-WkDV5RsdSo,Kassel,2024-08-03T02:43:42.918-04:00
Papa TR,Karanova,,,Berlin,Accapella,2020,DLTLLY,2020-02-21,https://www.youtube.com/watch?v=1awgzzB19e0,28669,1awgzzB19e0,Berlin,2024-08-03T02:43:42.918-04:00
Joe Pharo,Tobi High,,,Kassel,Accapella,2020,DLTLLY,2020-02-16,https://www.youtube.com/watch?v=l4_E1OTEa4Q,65459,l4_E1OTEa4Q,Kassel,2024-08-03T02:43:42.918-04:00
SnakeHeadRhyme,Olio,,,,Accapella,2020,DLTLLY,2020-02-14,https://www.youtube.com/watch?v=8l9mNyqTwao,28843,8l9mNyqTwao,Kassel,skipped historical backfill
Paleiacci,PrettyShittyJiggy,,,Kassel,Accapella,2020,DLTLLY,2020-02-09,https://www.youtube.com/watch?v=cnzRnRAL2pQ,29464,cnzRnRAL2pQ,Kassel,2024-08-03T02:43:42.918-04:00
Yarambo,Robscure,DISSember 4,Schräglage,Stuttgart,Accapella,2019,DLTLLY,2020-02-02,https://www.youtube.com/watch?v=K_jqoyHG2cE,126740,K_jqoyHG2cE,DISSember4,2024-08-03T02:43:42.918-04:00
Cris Kotzen,Merlin,DISSember 4,Schräglage,Stuttgart,Accapella,2019,DLTLLY,2020-01-26,https://www.youtube.com/watch?v=M9-nikWIC48,98864,M9-nikWIC48,DISSember4,2024-08-03T02:43:42.918-04:00
Ano-nym,Davie Jones,DISSember 4,Schräglage,Stuttgart,Accapella,2019,DLTLLY,2020-01-19,https://www.youtube.com/watch?v=UKr_lNJHApg,80403,UKr_lNJHApg,DISSember4,2024-08-03T02:43:42.919-04:00
Steel,Tollschock,DISSember 4,Schräglage,Stuttgart,Accapella,2019,DLTLLY,2020-01-12,https://www.youtube.com/watch?v=QmnDTvpqWao,32212,QmnDTvpqWao,Finale DISSember4,2024-08-03T02:43:42.919-04:00
Falk + Khacoby,Sizyphos + Joseph Steinschleuder,DISSember 4,Schräglage,Stuttgart,Accapella,2019,DLTLLY,2020-01-05,https://www.youtube.com/watch?v=Y3aA4xBE8cQ,154042,Y3aA4xBE8cQ,DltllyBattle DISSember4,2024-08-03T02:43:42.919-04:00
Ryko-J,T-Way,,,,Accapella,2019,DLTLLY,2020-01-03,https://www.youtube.com/watch?v=v7SE0M4nEtM,31454,v7SE0M4nEtM,Krefeld,2024-08-03T02:43:42.919-04:00
Julo,Django,,,Krefeld,Accapella,2019,DUDL,2020-01-01,https://www.youtube.com/watch?v=p-4EgTDFaAg,9002,p-4EgTDFaAg,D&DL#0153 Krefeld,2024-08-03T02:43:42.919-04:00
Stepho,Sejo,,,Krefeld,Accapella,2019,DUDL,2019-12-30,https://www.youtube.com/watch?v=VN2Jj5wdzf8,4474,VN2Jj5wdzf8,D&DL#0149 Krefeld,2024-08-03T02:43:42.920-04:00
Joseph Steinschleuder,Craze,,,Köln,Accapella,2019,DLTLLY,2019-12-29,https://www.youtube.com/watch?v=aQsnPZjXxBI,121966,aQsnPZjXxBI,Köln,2024-08-03T02:43:42.921-04:00
DeeLah,Zeuge,,,,Accapella,2019,DLTLLY,2019-12-27,https://www.youtube.com/watch?v=wauI8sMOOjY,44491,wauI8sMOOjY,Krefeld,2024-08-03T02:43:42.921-04:00
SiC68,Lug Serious,,,Krefeld,Accapella,2019,DUDL,2019-12-25,https://www.youtube.com/watch?v=hiVeDwqBMAU,6213,hiVeDwqBMAU,D&DL#0152 Krefeld,2024-08-03T02:43:42.921-04:00
Trafalgar47,Vorstadtflokati,,,Krefeld,Accapella,2019,DUDL,2019-12-23,https://www.youtube.com/watch?v=EjBaQPaVBB4,6912,EjBaQPaVBB4,D&DL#0150 Krefeld,2024-08-03T02:43:42.921-04:00
Mr. Whyte,Sizyphos,,,Köln,Accapella,2019,DLTLLY,2019-12-22,https://www.youtube.com/watch?v=9eyIS57O1X0,86042,9eyIS57O1X0,Köln,2024-08-03T02:43:42.921-04:00
Kid Soldier,Khacoby,,,Köln,Accapella,2019,DLTLLY,2019-12-20,https://www.youtube.com/watch?v=hf7bzyZKBLo,85340,hf7bzyZKBLo,Köln,2024-08-03T02:43:42.921-04:00
Ralle,Herr Sören,,,Krefeld,Accapella,2019,DUDL,2019-12-18,https://www.youtube.com/watch?v=RgsfS0R9Zw4,8262,RgsfS0R9Zw4,D&DL#0151 Krefeld,2024-08-03T02:43:42.922-04:00
RenetiXX,MC Geuner,,,Köln,Accapella,2019,DLTLLY,2019-12-15,https://www.youtube.com/watch?v=BUef8obuDf0,46580,BUef8obuDf0,Köln,2024-08-03T02:43:42.922-04:00
Master Marv,MC Rabiat,,,Berlin,Accapella,2019,DLTLLY,2019-12-13,https://www.youtube.com/watch?v=JWY0UT09k64,21395,JWY0UT09k64,Berlin,2024-08-03T02:43:42.922-04:00
Milio,Plural,,,Berlin,Accapella,2019,DUDL,2019-12-11,https://www.youtube.com/watch?v=Kb1di9tsUg4,5484,Kb1di9tsUg4,D&DL#0148 Berlin,2024-08-03T02:43:42.922-04:00
Cashus K. + Mac Horn,DNA + Ringelnatz,,,Köln,Accapella,2019,DLTLLY,2019-12-08,https://www.youtube.com/watch?v=9pjW5JyzG-Q,32200,9pjW5JyzG-Q,Köln,2024-08-03T02:43:42.922-04:00
A-Ron,Nika,,,Berlin,Accapella,2019,DLTLLY,2019-12-06,https://www.youtube.com/watch?v=e9mAswMAQGg,18859,e9mAswMAQGg,Berlin,2024-08-03T02:43:42.922-04:00
Cartoon,Schlawin0r,,,Berlin,Accapella,2019,DUDL,2019-12-04,https://www.youtube.com/watch?v=uHhCVo5FaXA,7352,uHhCVo5FaXA,D&DL#0147 Berlin,2024-08-03T02:43:42.923-04:00
Nick Shit,Morgana,,,Berlin,Accapella,2019,DUDL,2019-12-02,https://www.youtube.com/watch?v=XIGXQ1nDR7s,6920,XIGXQ1nDR7s,D&DL#0146 Berlin,2024-08-03T02:43:42.923-04:00
SnakeHeadRhyme,Karanova,,,Berlin,Accapella,2019,DLTLLY,2019-12-01,https://www.youtube.com/watch?v=a2oB09-ACww,40848,a2oB09-ACww,Berlin,2024-08-03T02:43:42.923-04:00
Phasenkind,PrettyShittyJiggy,Co-Event Dltlly & D&DL,,Ludwigshafen,Accapella,2019,DLTLLY,2019-11-29,https://www.youtube.com/watch?v=On_47ye4fI0,23563,On_47ye4fI0,Ludwigshafen,2024-08-03T02:43:42.923-04:00
Ekta,Frozen,,,Ludwigshafen,Accapella,2019,DUDL,2019-11-27,https://www.youtube.com/watch?v=0hphYeZF-7E,6686,0hphYeZF-7E,D&DL#0143 Ludwigshafen,2024-08-03T02:43:42.923-04:00
Papi Schlauch,Proton,,,,Accapella,2019,DLTLLY,2019-11-24,https://www.youtube.com/watch?v=pdOgI2ZzRFE,82047,pdOgI2ZzRFE,Frankfurt,2024-08-03T02:43:42.923-04:00
MC Maik,Fate,,,,Accapella,2019,DLTLLY,2019-11-22,https://www.youtube.com/watch?v=VdSYdtJK1SY,28746,VdSYdtJK1SY,Frankfurt,2024-08-03T02:43:42.923-04:00
Jepain,Kaliba,,,Ludwigshafen,Accapella,2019,DUDL,2019-11-20,https://www.youtube.com/watch?v=FLpo3lNamXs,6277,FLpo3lNamXs,D&DL#0145 Ludwigshafen,2024-08-03T02:43:42.924-04:00
XtraHerb,Zheka,,,Ludwigshafen,Accapella,2019,DUDL,2019-11-18,https://www.youtube.com/watch?v=rRxKa443nq0,9731,rRxKa443nq0,D&DL#0144 Ludwigshafen,2024-08-03T02:43:42.924-04:00
Steel,Hiding John,,,,Accapella,2019,DLTLLY,2019-11-17,https://www.youtube.com/watch?v=8jPhByN4nMY,53976,8jPhByN4nMY,Halbfinale Frankfurt,2024-08-03T02:43:42.924-04:00
Paleiacci,Baretta,Co-Event Dltlly & D&DL,,Ludwigshafen,Accapella,2019,DLTLLY,2019-11-15,https://www.youtube.com/watch?v=Ty7p2q_B-xA,17234,Ty7p2q_B-xA,Ludwigshafen,2024-08-03T02:43:42.924-04:00
Tollschock,ZinZity,,,,Accapella,2019,DLTLLY,2019-11-10,https://www.youtube.com/watch?v=YMCrlWzzEDI,128245,YMCrlWzzEDI,Halbfinale Frankfurt,skipped historical backfill
Joe Pharo,Ryko-J,,,,Accapella,2019,DLTLLY,2019-11-08,https://www.youtube.com/watch?v=NlgHm8PC2JU,53930,NlgHm8PC2JU,Frankfurt,2024-08-03T02:43:42.924-04:00
Nimeon,DOC,,,,Accapella,2019,DLTLLY,2019-11-03,https://www.youtube.com/watch?v=DFz9IJOx7KA,17127,DFz9IJOx7KA,DUDL+DerNorden CoEvent,2024-08-03T02:43:42.924-04:00
Friedrich Chilla,Tommen,,,Bremen,Accapella,2019,DUDL,2019-11-01,https://www.youtube.com/watch?v=eTJ6O-3pFE4,7631,eTJ6O-3pFE4,D&DL#0137 Bremen,2024-08-03T02:43:42.924-04:00
Ali Smart,Gin Tomek,,,Bremen,Accapella,2019,DUDL,2019-10-30,https://www.youtube.com/watch?v=Yl14HGtptyM,6258,Yl14HGtptyM,D&DL#0139 Bremen,2024-08-03T02:43:42.924-04:00
Alko,Maru,,,Bremen,Accapella,2019,DUDL,2019-10-28,https://www.youtube.com/watch?v=7-zmJH0dxho,5628,7-zmJH0dxho,D&DL#0140 Bremen,2024-08-03T02:43:42.924-04:00
Dizaster,JollyJay,,,,Accapella,2019,DLTLLY,2019-10-26,https://www.youtube.com/watch?v=1ap7X5HV54k,107030,1ap7X5HV54k,international Battle B.Day#6,2024-08-03T02:43:42.924-04:00
P-Haze,Torbäng,,,Bremen,Accapella,2019,DUDL,2019-10-25,https://www.youtube.com/watch?v=yJJZjoZqHyU,5575,yJJZjoZqHyU,D&DL#0141 Bremen,2024-08-03T02:43:42.925-04:00
BrahMC,Moby Deep,,,Bremen,Accapella,2019,DUDL,2019-10-23,https://www.youtube.com/watch?v=43Ko11ZOZTE,5605,43Ko11ZOZTE,D&DL#0138 Bremen,2024-08-03T02:43:42.925-04:00
Yarambo,Mikesh,,,,Accapella,2019,DLTLLY,2019-10-19,https://www.youtube.com/watch?v=g4vk0dkD2-U,411655,g4vk0dkD2-U,🏆 TITLE-MATCH 🏆,2024-08-03T02:43:42.925-04:00
Audienzz,Béla Garbage,Move 'n' Culture Festival,,Halle,Accapella,2019,DUDL,2019-10-18,https://www.youtube.com/watch?v=uLpUUufc6rE,4176,uLpUUufc6rE,D&DL#0136 Halle,2024-08-03T02:43:42.925-04:00
Ortcutt,Mazzikaner,Move 'n' Culture Festival,,Halle,Accapella,2019,DUDL,2019-10-16,https://www.youtube.com/watch?v=gNn3O1N0tos,5985,gNn3O1N0tos,D&DL#0135 Halle,2024-08-03T02:43:42.925-04:00
Brian Damage,Merlin,,,,Accapella,2019,DLTLLY,2019-10-13,https://www.youtube.com/watch?v=Td7-cUxlJlI,138070,Td7-cUxlJlI,B.Day#6,2024-08-03T02:43:42.925-04:00
Franz Flaute,Nika,Move 'n' Culture Festival,,Halle,Accapella,2019,DUDL,2019-10-09,https://www.youtube.com/watch?v=H5cwWICWP9Q,9621,H5cwWICWP9Q,D&DL#0134 Halle,2024-08-03T02:43:42.925-04:00
Cris Kotzen,Robscure,,,,Accapella,2019,DLTLLY,2019-10-06,https://www.youtube.com/watch?v=359kHeVVIy4,92114,359kHeVVIy4,B.Day#6,2024-08-03T02:43:42.925-04:00
Doga,Malik,Move 'n' Culture Festival,,Halle,Accapella,2019,DUDL,2019-10-02,https://www.youtube.com/watch?v=4mFYhFng1AE,5321,4mFYhFng1AE,D&DL#0133 Halle,2024-08-03T02:43:42.925-04:00
Henrey,Craze,,,,Accapella,2019,DLTLLY,2019-09-29,https://www.youtube.com/watch?v=Nk4nGx2_8dk,79975,Nk4nGx2_8dk,B.Day#6,2024-08-03T02:43:42.926-04:00
Pulsar,Shker,Move 'n' Culture Festival,,Halle,Accapella,2019,DUDL,2019-09-25,https://www.youtube.com/watch?v=so7-Y7-fv7Y,6861,so7-Y7-fv7Y,D&DL#0132 Halle,2024-08-03T02:43:42.926-04:00
DNA + Ringelnatz,Fesas + Krom,,,Berlin,Accapella,2019,DLTLLY,2019-09-22,https://www.youtube.com/watch?v=rpVKWVj_RWw,42103,rpVKWVj_RWw,Berlin,2024-08-03T02:43:42.926-04:00
Lucky Number,Ortcutt,,,Berlin,Accapella,2019,DLTLLY,2019-09-20,https://www.youtube.com/watch?v=FA1DpTyD_dM,16578,FA1DpTyD_dM,Berlin,2024-08-03T02:43:42.926-04:00
ZinZity,Mazzikaner,,,Berlin,Accapella,2019,DLTLLY,2019-09-15,https://www.youtube.com/watch?v=z-gyAcxHO3Q,86127,z-gyAcxHO3Q,Runde2 Berlin,2024-08-03T02:43:42.926-04:00
Ano-nym,Aytee,splash! 22,Splash,Ferropolis,Accapella,2019,DLTLLY,2019-09-13,https://www.youtube.com/watch?v=zdfjO-EkI-I,334564,zdfjO-EkI-I,Splash22,2024-08-03T02:43:42.926-04:00
Steel,Driss,,,Berlin,Accapella,2019,DLTLLY,2019-09-08,https://www.youtube.com/watch?v=so7auaBTczQ,20041,so7auaBTczQ,Runde2 Berlin,2024-08-03T02:43:42.926-04:00
Mavgic,Davie Jones,splash! 22,Splash,Ferropolis,Accapella,2019,DLTLLY,2019-09-06,https://www.youtube.com/watch?v=R5c3gVn0MTI,245105,R5c3gVn0MTI,Splash22,2024-08-03T02:43:42.926-04:00
SnakeHeadRhyme,Lug Serious,,,Berlin,Accapella,2019,DLTLLY,2019-09-04,https://www.youtube.com/watch?v=c33Tdb62OaY,24489,c33Tdb62OaY,HIPinside Berlin,2024-08-03T02:43:42.927-04:00
Hiding John,Phasenkind,,,Berlin,Accapella,2019,DLTLLY,2019-09-01,https://www.youtube.com/watch?v=a0VIIAdkQiw,52706,a0VIIAdkQiw,Runde2 Berlin,2024-08-03T02:43:42.927-04:00
Cris Kotzen,Pablo,splash! 22,Splash,Ferropolis,Accapella,2019,DLTLLY,2019-08-30,https://www.youtube.com/watch?v=7IG1ogWO5Iw,96804,7IG1ogWO5Iw,Splash22,2024-08-03T02:43:42.927-04:00
Silence,K.O. Ray,,,Berlin,Accapella,2019,DLTLLY,2019-08-28,https://www.youtube.com/watch?v=D6dGz3CbY9w,16157,D6dGz3CbY9w,HIPinside Berlin,2024-08-03T02:43:42.927-04:00
Tollschock,Paleiacci,,,Berlin,Accapella,2019,DLTLLY,2019-08-25,https://www.youtube.com/watch?v=SroLejedLS8,19696,SroLejedLS8,Runde2 Berlin,2024-08-03T02:43:42.927-04:00
Kato,Rino Mandingo,splash! 22,Splash,Ferropolis,Accapella,2019,DLTLLY,2019-08-23,https://www.youtube.com/watch?v=2OPxY-WJQ00,74429,2OPxY-WJQ00,Splash22,2024-08-03T02:43:42.927-04:00
Yarambo,Cris Kotzen,,,,Accapella,2019,DLTLLY,2019-08-18,https://www.youtube.com/watch?v=rXtu_yTsNyY,275482,rXtu_yTsNyY,Hamburg,2024-08-03T02:43:42.927-04:00
Ano-nym,Joe Pharo,,,,Accapella,2019,DLTLLY,2019-08-16,https://www.youtube.com/watch?v=k_PFZFeAvqo,43713,k_PFZFeAvqo,Hamburg,2024-08-03T02:43:42.927-04:00
Mars B.,Tobi High,,,,Accapella,2019,DLTLLY,2019-08-11,https://www.youtube.com/watch?v=08a7zIL-Kq4,278651,08a7zIL-Kq4,Hamburg,2024-08-03T02:43:42.927-04:00
Nikiz,Fabiga,,,,Accapella,2019,DLTLLY,2019-08-09,https://www.youtube.com/watch?v=QuVClodstF8,30549,QuVClodstF8,Hamburg,2024-08-03T02:43:42.927-04:00
Merlin,Khacoby,,,,Accapella,2019,DLTLLY,2019-08-04,https://www.youtube.com/watch?v=yJyAb9r0ntI,131305,yJyAb9r0ntI,Hamburg,2024-08-03T02:43:42.928-04:00
Aris,Julo,,,,Accapella,2019,DLTLLY,2019-08-02,https://www.youtube.com/watch?v=h51TEe9214k,24536,h51TEe9214k,Hamburg,2024-08-03T02:43:42.928-04:00
Joseph Steinschleuder,Falk,,,,Accapella,2019,DLTLLY,2019-07-28,https://www.youtube.com/watch?v=7gndCUN-t1A,125432,7gndCUN-t1A,Hamburg,2024-08-03T02:43:42.928-04:00
Cashus K + Mac Horn,MC Geuner + Natif,,,,Accapella,2019,DLTLLY,2019-07-26,https://www.youtube.com/watch?v=2EgAMk2CWIo,41286,2EgAMk2CWIo,Hamburg,2024-08-03T02:43:42.928-04:00
DXXDSTXCK,TableddnTimmy,,,,Accapella,2019,DLTLLY,2019-07-24,https://www.youtube.com/watch?v=6gf6DGRGPco,50201,6gf6DGRGPco,Hamburg,2024-08-03T02:43:42.928-04:00
RenetiXX,Shizu,,,,Accapella,2019,DLTLLY,2019-07-21,https://www.youtube.com/watch?v=49jN1g_l4sw,33915,49jN1g_l4sw,Hamburg,2024-08-03T02:43:42.928-04:00
Bong Teggy,Mikesh,,,,Accapella,2019,DLTLLY,2019-07-14,https://www.youtube.com/watch?v=iytAxUC689k,786999,iytAxUC689k,MAYhem #4,2024-08-03T02:43:42.928-04:00
JerMC,Robscure,,,,Accapella,2019,DLTLLY,2019-07-07,https://www.youtube.com/watch?v=jsa8A68JWHc,69835,jsa8A68JWHc,MAYhem4,2024-08-03T02:43:42.929-04:00
Ortcutt,Steel,,,,Accapella,2019,DUDL,2019-07-05,https://www.youtube.com/watch?v=CPwOU-cEeE0,16155,CPwOU-cEeE0,Runde1 Berlin,2024-08-03T02:43:42.928-04:00
Phasenkind,Klö10,,,,Accapella,2019,DUDL,2019-07-03,https://www.youtube.com/watch?v=6tEH2aGB7_Y,17924,6tEH2aGB7_Y,Runde1 Berlin,2024-08-03T02:43:42.929-04:00
Sizyphos,Davie Jones,,,,Accapella,2019,DLTLLY,2019-06-30,https://www.youtube.com/watch?v=qv_Vf5YwFao,187760,qv_Vf5YwFao,MAYhem4,2024-08-03T02:43:42.929-04:00
Arbeitstitel,Hiding John,,,,Accapella,2019,DUDL,2019-06-26,https://www.youtube.com/watch?v=rWZkTI11c8Y,26976,rWZkTI11c8Y,Runde1 Berlin,2024-08-03T02:43:42.929-04:00
Fate,Craze,,,,Accapella,2019,DLTLLY,2019-06-23,https://www.youtube.com/watch?v=UiaCJXNCthY,46624,UiaCJXNCthY,MAYhem4,2024-08-03T02:43:42.929-04:00
Tollschock,Silence,,,,Accapella,2019,DUDL,2019-06-21,https://www.youtube.com/watch?v=zV3N2PCfxac,16751,zV3N2PCfxac,Runde1 Berlin,2024-08-03T02:43:42.929-04:00
Mazzikaner,K.O. Ray,,,,Accapella,2019,DUDL,2019-06-19,https://www.youtube.com/watch?v=sS6-j7wbm6o,14738,sS6-j7wbm6o,Runde1 Berlin,2024-08-03T02:43:42.929-04:00
Yarambo + Kato,Wolff + Joe Pharo,NRWeekend 3,,,Accapella,2019,DLTLLY,2019-06-16,https://www.youtube.com/watch?v=a4WsKK9UKeU,131880,a4WsKK9UKeU,NRWeekend3,2024-08-03T02:43:42.929-04:00
Lucky Number,ZinZity,,,,Accapella,2019,DUDL,2019-06-14,https://www.youtube.com/watch?v=c0j-SjApuO0,98139,c0j-SjApuO0,Runde1 Berlin,2024-08-03T02:43:42.929-04:00
Paleiacci,Sikk Whalee,,,,Accapella,2019,DUDL,2019-06-12,https://www.youtube.com/watch?v=8mePOEi9G-4,15344,8mePOEi9G-4,Runde1 Berlin,2024-08-03T02:43:42.929-04:00
Duff,Lyrico,NRWeekend 3,,,Accapella,2019,DLTLLY,2019-06-09,https://www.youtube.com/watch?v=4x-ouPt32k0,149183,4x-ouPt32k0,NRWeekend3,2024-08-03T02:43:42.930-04:00
N'antinein,Joseph Steinschleuder,NRWeekend 3,,,Accapella,2019,DLTLLY,2019-06-02,https://www.youtube.com/watch?v=fK-LjuDqkGo,81227,fK-LjuDqkGo,NRWeekend3,2024-08-03T02:43:42.930-04:00
Ryko-J,Highdemann,NRWeekend 3,,,Accapella,2019,DLTLLY,2019-05-31,https://www.youtube.com/watch?v=qUe3WkuFvUI,53674,qUe3WkuFvUI,NRWeekend3,2024-08-03T02:43:42.930-04:00
Indoor Stan,Kid Soldier,NRWeekend 3,,,Accapella,2019,DLTLLY,2019-05-26,https://www.youtube.com/watch?v=bDd23OyQj8U,76899,bDd23OyQj8U,NRWeekend3,2024-08-03T02:43:42.930-04:00
Alice,Karma,NRWeekend 3,,,Accapella,2019,DLTLLY,2019-05-19,https://www.youtube.com/watch?v=w-brgVQJxjo,75729,w-brgVQJxjo,NRWeekend3,2024-08-03T02:43:42.930-04:00
MC Geuner,Mave,NRWeekend 3,,,Accapella,2019,DLTLLY,2019-05-17,https://www.youtube.com/watch?v=UDctKKtso3U,55361,UDctKKtso3U,NRWeekend3,2024-08-03T02:43:42.930-04:00
Pablo,Khacoby,NRWeekend 3,,,Accapella,2019,DLTLLY,2019-05-12,https://www.youtube.com/watch?v=iJ5-bv361rw,50461,iJ5-bv361rw,NRWeekend3,2024-08-03T02:43:42.930-04:00
Proton,Vinci,NRWeekend 3,,,Accapella,2019,DLTLLY,2019-05-05,https://www.youtube.com/watch?v=YtSL7gzo2x4,50454,YtSL7gzo2x4,NRWeekend3,2024-08-03T02:43:42.931-04:00
T-Jey,Papa TR,NRWeekend 3,,,Accapella,2019,DLTLLY,2019-05-03,https://www.youtube.com/watch?v=c7keDhs479s,23955,c7keDhs479s,NRWeekend3,2024-08-03T02:43:42.931-04:00
T-Way + Burst,Cashus K + Mac Horn,NRWeekend 3,,,Accapella,2019,DLTLLY,2019-04-28,https://www.youtube.com/watch?v=LlgDB0N8P7k,33918,LlgDB0N8P7k,NRWeekend3,2024-08-03T02:43:42.931-04:00
Herr Kuchen,Tao,,,,Accapella,2019,DLTLLY,2019-04-21,https://www.youtube.com/watch?v=e0KjoxB51EI,94961,e0KjoxB51EI,Wiesbaden,2024-08-03T02:43:42.931-04:00
Julo,PrettyShittyJiggy,,,,Accapella,2019,DLTLLY,2019-04-14,https://www.youtube.com/watch?v=q2QSW6dxCxI,17695,q2QSW6dxCxI,Wiesbaden,2024-08-03T02:43:42.931-04:00
Nais,Ano-nym,,,,Accapella,2019,DLTLLY,2019-04-12,https://www.youtube.com/watch?v=Gt0tcF5aBhw,77011,Gt0tcF5aBhw,Tapefabrik,2024-08-03T02:43:42.931-04:00
Shortworth,Craze,,,,Accapella,2019,DLTLLY,2019-04-07,https://www.youtube.com/watch?v=_iIiMTUBDuo,39734,_iIiMTUBDuo,Wiesbaden,2024-08-03T02:43:42.931-04:00
Vyrus,Pablo,,,,Accapella,2019,DLTLLY,2019-04-05,https://www.youtube.com/watch?v=JRAeJtv2KAI,75503,JRAeJtv2KAI,Tapefabrik,2024-08-03T02:43:42.931-04:00
A-Ron,Mr. Whyte,,,,Accapella,2019,DLTLLY,2019-03-31,https://www.youtube.com/watch?v=KZC0Boi1V1A,20251,KZC0Boi1V1A,Wiesbaden,2024-08-03T02:43:42.931-04:00
Robscure,VT,,,Kassel,Accapella,2019,DLTLLY,2019-03-24,https://www.youtube.com/watch?v=suRzrcwwp10,52497,suRzrcwwp10,Kassel,2024-08-03T02:43:42.932-04:00
Aris,Fate,,,Kassel,Accapella,2019,DLTLLY,2019-03-17,https://www.youtube.com/watch?v=_hlEJQGceVI,25141,_hlEJQGceVI,Kassel,2024-08-03T02:43:42.932-04:00
Papi Schlauch,Joe Pharo,,,Kassel,Accapella,2019,DLTLLY,2019-03-10,https://www.youtube.com/watch?v=jlAGipbHY3o,100975,jlAGipbHY3o,Kassel,2024-08-03T02:43:42.932-04:00
Mars B.,Joseph Steinschleuder,,,Kassel,Accapella,2019,DLTLLY,2019-03-03,https://www.youtube.com/watch?v=52TG99ZhujQ,106534,52TG99ZhujQ,Kassel,2024-08-03T02:43:42.932-04:00
Julo,Senad,,,,Accapella,2019,DLTLLY,2019-03-01,https://www.youtube.com/watch?v=fzChU9ifmpM,16384,fzChU9ifmpM,CoEvent4,2024-08-03T02:43:42.932-04:00
Béla Garbage,Eddie Tude ,,,Berlin,Accapella,2019,DUDL,2019-02-27,https://www.youtube.com/watch?v=QKTtGKUnz-Q,7507,QKTtGKUnz-Q,D&DL#0131 Berlin,2024-08-03T02:43:42.932-04:00
Kid Soldier,Karma,,,Kassel,Accapella,2019,DLTLLY,2019-02-24,https://www.youtube.com/watch?v=FiNK7Ip2G7M,55036,FiNK7Ip2G7M,Kassel,2024-08-03T02:43:42.933-04:00
Lug Serious,Audienzz,,,,Accapella,2019,DLTLLY,2019-02-22,https://www.youtube.com/watch?v=Rj9OPzOXGEo,11461,Rj9OPzOXGEo,CoEvent4,2024-08-03T02:43:42.933-04:00
OstrichO,MC Rabiat,,,Berlin,Accapella,2019,DUDL,2019-02-20,https://www.youtube.com/watch?v=riW57gZu4wA,6519,riW57gZu4wA,D&DL#0130 Berlin,2024-08-03T02:43:42.933-04:00
Django,Craze,,,,Accapella,2019,DLTLLY,2019-02-17,https://www.youtube.com/watch?v=MbEatFFA6Ws,24206,MbEatFFA6Ws,CoEvent4,2024-08-03T02:43:42.933-04:00
SnakeHeadRhyme,Shizu,,,,Accapella,2019,DLTLLY,2019-02-10,https://www.youtube.com/watch?v=DRGeTbZNyVM,24095,DRGeTbZNyVM,CoEvent4,2024-08-03T02:43:42.934-04:00
Robscure,Mikesh,DISSember 3,Festsaal Kreuzberg,Berlin,Accapella,2019,DLTLLY,2019-02-03,https://www.youtube.com/watch?v=ZIt1ck2SkpY,423769,ZIt1ck2SkpY,DISSember #3,2024-08-03T02:43:42.934-04:00
Onkel Oktomusch + Die Zwetschke,Cris Kotzen + Ano-nym,DISSember 3,Festsaal Kreuzberg,Berlin,Accapella,2019,DLTLLY,2019-01-27,https://www.youtube.com/watch?v=oBCM0_x5BTw,377054,oBCM0_x5BTw,DISSember #3,2024-08-03T02:43:42.934-04:00
Yarambo,Nedal Nib,,,,Accapella,2019,DLTLLY,2019-01-20,https://www.youtube.com/watch?v=b9WiPNutmcs,456544,b9WiPNutmcs,🏆 TITLE-MATCH 🏆,2024-08-03T02:43:42.934-04:00
Brian Damage,Wolff,DISSember 3,Festsaal Kreuzberg,Berlin,Accapella,2019,DLTLLY,2019-01-13,https://www.youtube.com/watch?v=l1A7Frzc6Yc,444538,l1A7Frzc6Yc,DISSember #3,2024-08-03T02:43:42.934-04:00
JollyJay,Buddi,,Oma Doris,Dortmund,Accapella,2018,DLTLLY,2018-12-30,https://www.youtube.com/watch?v=g7CZ_KeNQBg,73284,g7CZ_KeNQBg,Dortmund,2024-08-03T02:43:42.934-04:00
Akanoo,MC Geuner,,Oma Doris,Dortmund,Accapella,2018,DLTLLY,2018-12-28,https://www.youtube.com/watch?v=9caXz-M8C-w,30680,9caXz-M8C-w,Dortmund,2024-08-03T02:43:42.934-04:00
Craze,Lug Serious,,Oma Doris,Dortmund,Accapella,2018,DLTLLY,2018-12-26,https://www.youtube.com/watch?v=d35ARcB-cRI,18347,d35ARcB-cRI,Dortmund,2024-08-03T02:43:42.934-04:00
Joseph Steinschleuder,Vinci,,Oma Doris,Dortmund,Accapella,2018,DLTLLY,2018-12-23,https://www.youtube.com/watch?v=M36xibQ16Pw,131601,M36xibQ16Pw,Dortmund,2024-08-03T02:43:42.935-04:00
Django,Ryko-J,,Oma Doris,Dortmund,Accapella,2018,DLTLLY,2018-12-21,https://www.youtube.com/watch?v=L4-rMBVV-zE,23085,L4-rMBVV-zE,Dortmund,2024-08-03T02:43:42.935-04:00
Mr. Whyte,Bruda Tuck,,Oma Doris,Dortmund,Accapella,2018,DLTLLY,2018-12-19,https://www.youtube.com/watch?v=dB_h2U7U56Y,10975,dB_h2U7U56Y,Dortmund,2024-08-03T02:43:42.934-04:00
T-Way,N'antinein,,Oma Doris,Dortmund,Accapella,2018,DLTLLY,2018-12-16,https://www.youtube.com/watch?v=Gu-rZ_etxcA,30426,Gu-rZ_etxcA,Dortmund,2024-08-03T02:43:42.935-04:00
Wandelbarz,Tao,,Oma Doris,Dortmund,Accapella,2018,DLTLLY,2018-12-14,https://www.youtube.com/watch?v=_cnUi80QTEA,20411,_cnUi80QTEA,Dortmund,2024-08-03T02:43:42.935-04:00
Henker,Highdemann,,Oma Doris,Dortmund,Accapella,2018,DLTLLY,2018-12-12,https://www.youtube.com/watch?v=KjXgHLwZ2Pg,21524,KjXgHLwZ2Pg,Dortmund,2024-08-03T02:43:42.935-04:00
Lyrico,Henrey,,Oma Doris,Dortmund,Accapella,2018,DLTLLY,2018-12-09,https://www.youtube.com/watch?v=DYsdE49UH84,50374,DYsdE49UH84,Dortmund,2024-08-03T02:43:42.935-04:00
Olio,Indoor Stan,,Naumanns,Leipzig,Accapella,2018,DLTLLY,2018-12-07,https://www.youtube.com/watch?v=KJBUkAShgN0,19305,KJBUkAShgN0,Leipzig,2024-08-03T02:43:42.935-04:00
A-Ron,Chinooka,,Alter Weinkeller,Dortmund,Accapella,2018,DLTLLY,2018-12-05,https://www.youtube.com/watch?v=nzLpekudhsA,12365,nzLpekudhsA,Dortmund,2024-08-03T02:43:42.935-04:00
Cris Kotzen,Mighty Mo,,,München,Accapella,2018,DLTLLY,2018-12-02,https://www.youtube.com/watch?v=WoRse1CULWQ,420185,WoRse1CULWQ,München BDAY # 5,2024-08-03T02:43:42.936-04:00
SnakeHeadRhyme,RenetiXX,,Naumanns,Leipzig,Accapella,2018,DLTLLY,2018-11-30,https://www.youtube.com/watch?v=b-nM1nsvYGo,22662,b-nM1nsvYGo,Leipzig,2024-08-03T02:43:42.936-04:00
Leonidas,Zeuge,,Alter Weinkeller,Dortmund,Accapella,2018,DLTLLY,2018-11-28,https://www.youtube.com/watch?v=doMfLOBrGH0,17354,doMfLOBrGH0,Dortmund,2024-08-03T02:43:42.936-04:00
Yarambo,Bong Teggy,,,,Accapella,2018,DLTLLY,2018-11-25,https://www.youtube.com/watch?v=X41Ie96tRCQ,267067,X41Ie96tRCQ,B.Day#5,2024-08-03T02:43:42.936-04:00
Der Stockinger,Skilla199,,Naumanns,Leipzig,Accapella,2018,DLTLLY,2018-11-23,https://www.youtube.com/watch?v=yun-riliTHU,29422,yun-riliTHU,Leipzig,2024-08-03T02:43:42.936-04:00
Pilz,Davie Jones,,,,Accapella,2018,DLTLLY,2018-11-18,https://www.youtube.com/watch?v=lk2jv_AamfU,169761,lk2jv_AamfU,B.Day#5,2024-08-03T02:43:42.936-04:00
MC Maik,Doktor Dave,,,,Accapella,2018,DLTLLY,2018-11-16,https://www.youtube.com/watch?v=PEgTFXm9Ark,28833,PEgTFXm9Ark,Leipzig,skipped historical backfill
Ringelnatz + DNA,Verz + Andi B.,Move 'n' Culture Festival,,Halle,Accapella,2018,DUDL,2018-11-14,https://www.youtube.com/watch?v=wTM1FhA1mww,9917,wTM1FhA1mww,D&DL#0125 Halle,2024-08-03T02:43:42.936-04:00
Kid Soldier,DXXDSTXCK,,Naumanns,Leipzig,Accapella,2018,DLTLLY,2018-11-10,https://www.youtube.com/watch?v=oIxlJcgrYdw,55502,oIxlJcgrYdw,Leipzig,2024-08-03T02:43:42.936-04:00
Ano-nym,Pueblo Escobar,,Naumanns,Leipzig,Accapella,2018,DLTLLY,2018-11-09,https://www.youtube.com/watch?v=1w7pZ_Bbd9k,80374,1w7pZ_Bbd9k,Leipzig,2024-08-03T02:43:42.937-04:00
Mikesh,Papi Schlauch,,,,Accapella,2018,DLTLLY,2018-11-04,https://www.youtube.com/watch?v=YkKG0MkHNXs,344058,YkKG0MkHNXs,BDay #5,2024-08-03T02:43:42.937-04:00
Plural,T-Jey,,Naumanns,Leipzig,Accapella,2018,DLTLLY,2018-11-02,https://www.youtube.com/watch?v=SnFk4SUScd4,16840,SnFk4SUScd4,Leipzig,2024-08-03T02:43:42.937-04:00
Gregg,Audienzz,Move 'n' Culture Festival,,Halle,Accapella,2018,DUDL,2018-10-31,https://www.youtube.com/watch?v=USUTGcYZFdk,3600,USUTGcYZFdk,D&DL#0126 Halle,2024-08-03T02:43:42.937-04:00
Robscure,Vyrus,,,,Accapella,2018,DLTLLY,2018-10-28,https://www.youtube.com/watch?v=Zn-y-VSA3u0,96365,Zn-y-VSA3u0,B.Day#5,2024-08-03T02:43:42.937-04:00
Mave,Kato,,,,Accapella,2018,DLTLLY,2018-10-26,https://www.youtube.com/watch?v=FJNKKo_PoJ0,27785,FJNKKo_PoJ0,Freestyle- HipHopKemp,2024-08-03T02:43:42.937-04:00
Josen,Dexta,Move 'n' Culture Festival,,Halle,Accapella,2018,DUDL,2018-10-24,https://www.youtube.com/watch?v=gmWKQ2I8wpU,3076,gmWKQ2I8wpU,D&DL#0123 Halle,2024-08-03T02:43:42.937-04:00
Kato,Mars B.,,,Frankfurt am Main,Accapella,2018,DLTLLY,2018-10-21,https://www.youtube.com/watch?v=7wCrQqYeOqQ,201129,7wCrQqYeOqQ,FFM,2024-08-03T02:43:42.937-04:00
Fabelouis,RenetiXX,,,Frankfurt am Main,Accapella,2018,DLTLLY,2018-10-19,https://www.youtube.com/watch?v=GD7sRHxZKB8,18804,GD7sRHxZKB8,FFM,2024-08-03T02:43:42.937-04:00
Virus,IZL,Move 'n' Culture Festival,,Halle,Accapella,2018,DUDL,2018-10-18,https://www.youtube.com/watch?v=Vr9WJVfLnwU,3079,Vr9WJVfLnwU,D&DL#0128 Halle,2024-08-03T02:43:42.938-04:00
Ano-nym,Wolff,,,,Accapella,2018,DLTLLY,2018-10-14,https://www.youtube.com/watch?v=ShO3UZLEDc0,149930,ShO3UZLEDc0,NextGeneration Finale FFM,2024-08-03T02:43:42.938-04:00
Pueblo Escobar,Mave,,,,Accapella,2018,DLTLLY,2018-10-12,https://www.youtube.com/watch?v=fJe8hxIVt70,15637,fJe8hxIVt70,HipHopKemp,2024-08-03T02:43:42.938-04:00
SnakeHeadRhyme,Chinooka,Move 'n' Culture Festival,,Halle,Accapella,2018,DUDL,2018-10-10,https://www.youtube.com/watch?v=BuzP2YHdC4w,6072,BuzP2YHdC4w,D&DL#0129 Halle,2024-08-03T02:43:42.938-04:00
Joe Pharo,Joseph Steinschleuder,,,Frankfurt am Main,Accapella,2018,DLTLLY,2018-10-07,https://www.youtube.com/watch?v=rSqxELamrxc,68520,rSqxELamrxc,FFM,2024-08-03T02:43:42.938-04:00
Cashus K,Barracuda,,,Frankfurt am Main,Accapella,2018,DLTLLY,2018-10-05,https://www.youtube.com/watch?v=Jgma5I9y1VY,20276,Jgma5I9y1VY,FFM,2024-08-03T02:43:42.938-04:00
Béla Garbage,Lug Serious,Move 'n' Culture Festival,,Halle,Accapella,2018,DUDL,2018-10-03,https://www.youtube.com/watch?v=Aaiz_iVu6_Q,5093,Aaiz_iVu6_Q,D&DL#0124 Halle,2024-08-03T02:43:42.938-04:00
Kex Kuhl + Duzoe + John,Kong + Finest + Rino Mandingo,,,,Accapella,2018,DLTLLY,2018-09-30,https://www.youtube.com/watch?v=r1INnxq4668,19831,r1INnxq4668,Splash21,skipped historical backfill
Brian Damage + Karma,Lyrico + Bauda,,,,Accapella,2018,DLTLLY,2018-09-28,https://www.youtube.com/watch?v=FWgPT8F6Ano,56645,FWgPT8F6Ano,HipHopKemp,2024-08-03T02:43:42.938-04:00
Tao,Shortworth,,,Frankfurt am Main,Accapella,2018,DLTLLY,2018-09-23,https://www.youtube.com/watch?v=A-iuNHPKkDw,20314,A-iuNHPKkDw,FFM,2024-08-03T02:43:42.938-04:00
Pretty Shitty Jiggy,Zeuge,,,Berlin,Accapella,2018,DUDL,2018-09-21,https://www.youtube.com/watch?v=Ptf2GjS1Heg,6040,Ptf2GjS1Heg,D&DL#0122 Berlin,2024-08-03T02:43:42.938-04:00
DXXDSTXCK,Bruda Tuck,,,,Accapella,2018,DLTLLY,2018-09-16,https://www.youtube.com/watch?v=eItAIkth52U,22183,eItAIkth52U,NewcomerBattle D&DL-Co-Event3,2024-08-03T02:43:42.939-04:00
Nedal Nib,CLEP,,,,Accapella,2018,DLTLLY,2018-09-15,https://www.youtube.com/watch?v=iVLMjsx6cuw,114632,iVLMjsx6cuw,Studio Version + Extra 4. Runde,2024-08-03T02:43:42.939-04:00
Farmer,Splopf,,,,Accapella,2018,DLTLLY,2018-09-14,https://www.youtube.com/watch?v=PoLsM528T2Q,9847,PoLsM528T2Q,NewcomerBattle D&DL-Co-Event3,2024-08-03T02:43:42.939-04:00
Craze,Eddie Tude,,,Berlin,Accapella,2018,DUDL,2018-09-12,https://www.youtube.com/watch?v=pPKq1J_fk5g,8729,pPKq1J_fk5g,D&DL#0121 Berlin,2024-08-03T02:43:42.939-04:00
Cris Kotzen + Ano-nym,Falk + Khacoby,,,,Accapella,2018,DLTLLY,2018-09-09,https://www.youtube.com/watch?v=j7GK_-pR_8E,66427,j7GK_-pR_8E,Splash21,skipped historical backfill
MC Rabiat,Private Max,,,Berlin,Accapella,2018,DUDL,2018-09-05,https://www.youtube.com/watch?v=3_DeFI2Jst0,4718,3_DeFI2Jst0,D&DL#0120 Berlin,2024-08-03T02:43:42.939-04:00
Tecey,Kid Soldier,,,,Accapella,2018,DLTLLY,2018-09-02,https://www.youtube.com/watch?v=cgjF2l3C_88,25364,cgjF2l3C_88,NewcomerBattle D&DL-Co-Event3,2024-08-03T02:43:42.939-04:00
A-Ron,Shizu,,,,Accapella,2018,DLTLLY,2018-08-31,https://www.youtube.com/watch?v=Mj-ae6wrEnU,13218,Mj-ae6wrEnU,NewcomerBattle D&DL-Co-Event3,2024-08-03T02:43:42.939-04:00
Clep,Nedal Nib,splash! 21,Splash,Ferropolis,Accapella,2018,DLTLLY,2018-08-26,https://www.youtube.com/watch?v=IYOzBAtlps8,110368,IYOzBAtlps8,Splash21,2024-08-03T02:43:42.939-04:00
Yarambo,Clep,,,,Accapella,2018,DLTLLY,2018-08-19,https://www.youtube.com/watch?v=34-uHYmnIr8,230429,34-uHYmnIr8,REMATCH!,2024-08-03T02:43:42.939-04:00
N'antinein,Bong Teggy,splash! 21,Splash,Ferropolis,Accapella,2018,DLTLLY,2018-08-11,https://www.youtube.com/watch?v=ZPy3zoBFfqg,58235,ZPy3zoBFfqg,Splash21,2024-08-03T02:43:42.939-04:00
Robscure + Karma,Wolff + Joe Pharo,,,,Accapella,2018,DLTLLY,2018-08-05,https://www.youtube.com/watch?v=16dUvQ0Obak,67218,16dUvQ0Obak,Hamburg,2024-08-03T02:43:42.940-04:00
J.W. Goethe,DFVK,,,Hamburg,Accapella,2018,DUDL,2018-08-01,https://www.youtube.com/watch?v=XiEaDXbgTOc,4732,XiEaDXbgTOc,D&DL#0119 Hamburg,2024-08-03T02:43:42.940-04:00
MC Geuner,Vinci,,,,Accapella,2018,DLTLLY,2018-07-29,https://www.youtube.com/watch?v=UP1fTaup1-c,44712,UP1fTaup1-c,Hamburg,2024-08-03T02:43:42.940-04:00
RenetiXX,Karanova,,,,Accapella,2018,DLTLLY,2018-07-27,https://www.youtube.com/watch?v=XzbKLReHfls,21177,XzbKLReHfls,Hamburg,2024-08-03T02:43:42.940-04:00
Indoor Stan,Mikesh,,,,Accapella,2018,DLTLLY,2018-07-22,https://www.youtube.com/watch?v=FuavftTf3sw,114645,FuavftTf3sw,Hamburg,2024-08-03T02:43:42.940-04:00
Josen,Kid Soldier,,,Hamburg,Accapella,2018,DUDL,2018-07-18,https://www.youtube.com/watch?v=zO_sCdE_GC4,11860,zO_sCdE_GC4,D&DL#0118 Hamburg,2024-08-03T02:43:42.940-04:00
Cashus K,Aris,,,,Accapella,2018,DLTLLY,2018-07-15,https://www.youtube.com/watch?v=SipsDmDHBOs,18403,SipsDmDHBOs,Hamburg,2024-08-03T02:43:42.940-04:00
VT,Bong Teggy,,,,Accapella,2018,DLTLLY,2018-07-08,https://www.youtube.com/watch?v=O4Y60KkxIK0,122304,O4Y60KkxIK0,MAYhem3,2024-08-03T02:43:42.940-04:00
Tao,A-Ron,,,Berlin,Accapella,2018,DUDL,2018-07-04,https://www.youtube.com/watch?v=kVXQiE09o5Q,6333,kVXQiE09o5Q,D&DL#0117 Berlin,2024-08-03T02:43:42.940-04:00
Davie Jones,Karma,,,,Accapella,2018,DLTLLY,2018-07-01,https://www.youtube.com/watch?v=WjdC1A9Hke0,33424,WjdC1A9Hke0,MAYhem3,2024-08-03T02:43:42.940-04:00
O'spella,Rupert69,,,Berlin,Accapella,2018,DUDL,2018-06-30,https://www.youtube.com/watch?v=thvwa2GA4TY,4081,thvwa2GA4TY,D&DL#0115 Berlin,2024-08-03T02:43:42.941-04:00
LBB,Ssynic,,,,Accapella,2018,DLTLLY,2018-06-24,https://www.youtube.com/watch?v=6_bXVyjHLF4,166280,6_bXVyjHLF4,Kato vs Brian Damage,2024-08-03T02:43:42.941-04:00
Wolle Der Grobe,Wolff,,,,Accapella,2018,DLTLLY,2018-06-17,https://www.youtube.com/watch?v=HTW__Gp0QJE,26025,HTW__Gp0QJE,NextGeneration HF 1/2 MAYhem3,skipped historical backfill
Highdemann,Julo,,,Essen,Accapella,2018,DUDL,2018-06-13,https://www.youtube.com/watch?v=SGZT5qPenuM,8013,SGZT5qPenuM,D&DL#0113 Essen,2024-08-03T02:43:42.941-04:00
Sizyphos,Henrey,,,,Accapella,2018,DLTLLY,2018-06-10,https://www.youtube.com/watch?v=ACCMjHqPhYE,60232,ACCMjHqPhYE,MAYhem3,2024-08-03T02:43:42.941-04:00
Papi Schlauch,Mave,,,,Accapella,2018,DLTLLY,2018-06-08,https://www.youtube.com/watch?v=nyQF6I_5ZA4,29338,nyQF6I_5ZA4,FREESTYLE,skipped historical backfill
Henker,SeBa,,,Essen,Accapella,2018,DUDL,2018-06-06,https://www.youtube.com/watch?v=EaBkot2Iumk,6052,EaBkot2Iumk,D&DL#0112 Essen,2024-08-03T02:43:42.941-04:00
Merlin,BX,,,,Accapella,2018,DLTLLY,2018-06-03,https://www.youtube.com/watch?v=oT4k9OlTdTM,31739,oT4k9OlTdTM,Stuttgart,2024-08-03T02:43:42.941-04:00
LBB,MC GEUNER,,,,Accapella,2018,RAM,2018-06-03,https://www.youtube.com/watch?v=9r-_GoSvDAw,1892447,9r-_GoSvDAw,BMCL,2024-08-03T02:43:42.941-04:00
MC Lauch,Herr Sören,,,Essen,Accapella,2018,DUDL,2018-06-02,https://www.youtube.com/watch?v=Cyxilq52yW8,8347,Cyxilq52yW8,D&DL#0114 Essen,2024-08-03T02:43:42.941-04:00
Pueblo Escobar + Morizz Fizzl,Schalle + Alcantara,,,,Accapella,2018,DLTLLY,2018-06-01,https://www.youtube.com/watch?v=8jwJwsdYaoM,25285,8jwJwsdYaoM,Stuttgart,2024-08-03T02:43:42.941-04:00
Paze,Zeuge,,,Essen,Accapella,2018,DUDL,2018-05-30,https://www.youtube.com/watch?v=cMme7MVfzlk,5270,cMme7MVfzlk,D&DL#0111 Essen,2024-08-03T02:43:42.942-04:00
Mikesh,Akanoo,,,,Accapella,2018,DLTLLY,2018-05-27,https://www.youtube.com/watch?v=fADGoxfLmoU,107469,fADGoxfLmoU,Stuttgart,2024-08-03T02:43:42.942-04:00
Bdad,Nikiz,,,,Accapella,2018,DLTLLY,2018-05-25,https://www.youtube.com/watch?v=X9NqPZCIV64,32688,X9NqPZCIV64,Stuttgart,2024-08-03T02:43:42.942-04:00
Vyrus,Mavgic,NRWeekend 2,,,On Beat,2018,DLTLLY,2018-05-20,https://www.youtube.com/watch?v=izMlExusQww,548537,izMlExusQww,NRWeekend #2,2024-08-03T02:43:42.942-04:00
Fabelouis,Farmer,,,,Accapella,2018,DLTLLY,2018-05-18,https://www.youtube.com/watch?v=D_bw-AJEGpE,21958,D_bw-AJEGpE,Stuttgart,2024-08-03T02:43:42.942-04:00
Malik N.,Hillston,,,Berlin,Accapella,2018,DUDL,2018-05-16,https://www.youtube.com/watch?v=XQVJrBoiwPk,3465,XQVJrBoiwPk,D&DL#0108 Berlin,2024-08-03T02:43:42.942-04:00
Proton,Robscure,NRWeekend 2,,,Accapella,2018,DLTLLY,2018-05-13,https://www.youtube.com/watch?v=zp-NPxt-Y0w,48572,zp-NPxt-Y0w,NRWeekend2,2024-08-03T02:43:42.942-04:00
Kyu,Tommen,,,Berlin,Accapella,2018,DUDL,2018-05-12,https://www.youtube.com/watch?v=vcdMwQZNFIA,4016,vcdMwQZNFIA,D&DL#0110 Berlin,2024-08-03T02:43:42.942-04:00
Change,Tommy2Late,,,,Accapella,2018,DLTLLY,2018-05-11,https://www.youtube.com/watch?v=n-8IV_68dVs,23348,n-8IV_68dVs,Stuttgart,2024-08-03T02:43:42.942-04:00
Kato,Mave,NRWeekend 2,,,Accapella,2018,DLTLLY,2018-05-06,https://www.youtube.com/watch?v=ISMH_t00yWU,82310,ISMH_t00yWU,NRWeekend2,2024-08-03T02:43:42.942-04:00
Dyas,SnakeHeadRhyme,,,Berlin,Accapella,2018,DUDL,2018-05-05,https://www.youtube.com/watch?v=DrGC8vf46YE,6271,DrGC8vf46YE,D&DL#0109 Berlin,2024-08-03T02:43:42.943-04:00
Buddi,VT,NRWeekend 2,,,Accapella,2018,DLTLLY,2018-05-04,https://www.youtube.com/watch?v=MYBbVI9103A,24741,MYBbVI9103A,NRWeekend2,2024-08-03T02:43:42.943-04:00
Gusy,Micky Haze,,,Stuttgart,Accapella,2018,DUDL,2018-05-02,https://www.youtube.com/watch?v=04_j-wKwruQ,4705,04_j-wKwruQ,D&DL#0107 Stuttgart,2024-08-03T02:43:42.943-04:00
Yarambo,Davie Jones,NRWeekend 2,,,Accapella,2018,DLTLLY,2018-04-29,https://www.youtube.com/watch?v=eBbEez8gLpY,336358,eBbEez8gLpY,NRWeekend #2,2024-08-03T02:43:42.943-04:00
RV,CASHISCLAY,,,,Accapella,2018,RAM,2018-04-29,https://www.youtube.com/watch?v=mNFeSKs8-Zw,91729,mNFeSKs8-Zw,BMCL,2024-08-03T02:43:42.943-04:00
FARE,Dizzepticon,,,Stuttgart,Accapella,2018,DUDL,2018-04-28,https://www.youtube.com/watch?v=VvM1Iz5Zo6o,5526,VvM1Iz5Zo6o,D&DL#0106 Stuttgart,2024-08-03T02:43:42.943-04:00
Tuncmann,Wandelbarz,NRWeekend 2,,,Accapella,2018,DLTLLY,2018-04-27,https://www.youtube.com/watch?v=YvVuLQ-ntwo,33991,YvVuLQ-ntwo,NRWeekend2,2024-08-03T02:43:42.943-04:00
Slappy,Tao,,,Stuttgart,Accapella,2018,DUDL,2018-04-25,https://www.youtube.com/watch?v=Y0UEpKbuN04,3765,Y0UEpKbuN04,D&DL#0105 Stuttgart,2024-08-03T02:43:42.943-04:00
Wolff,NichtDeinTyp,,,,Accapella,2018,DLTLLY,2018-04-22,https://www.youtube.com/watch?v=DtPnL171Y1U,50556,DtPnL171Y1U,NextGeneration VR 4/4 Stuttgart,2024-08-03T02:43:42.943-04:00
ChinookA,Michael Dope,,,Stuttgart,Accapella,2018,DUDL,2018-04-21,https://www.youtube.com/watch?v=H9QpMaRaOuw,4130,H9QpMaRaOuw,D&DL#0104 Stuttgart,2024-08-03T02:43:42.944-04:00
Karanova,OE,NRWeekend 2,,,Accapella,2018,DLTLLY,2018-04-20,https://www.youtube.com/watch?v=u8rydX8Eo7A,17388,u8rydX8Eo7A,NRWeekend2,2024-08-03T02:43:42.944-04:00
A-Ron,PrettyShittyJiggy,,,Stuttgart,Accapella,2018,DUDL,2018-04-18,https://www.youtube.com/watch?v=k6DLGl60vUE,6377,k6DLGl60vUE,D&DL#0103 Stuttgart,2024-08-03T02:43:42.944-04:00
Ano-Nym,RenetiXX,NRWeekend 2,,,Accapella,2018,DLTLLY,2018-04-15,https://www.youtube.com/watch?v=9rVRBR8i80o,67222,9rVRBR8i80o,NextGeneration VR 3/4 NRWeekend2,2024-08-03T02:43:42.944-04:00
Jolle,Joseph Steinschleuder,NRWeekend 2,,,Accapella,2018,DLTLLY,2018-04-13,https://www.youtube.com/watch?v=wKdWtqAf10A,76568,wKdWtqAf10A,NextGeneration VR 2/4 NRWeekend2,2024-08-03T02:43:42.945-04:00
Duff,T-Way,NRWeekend 2,,,Accapella,2018,DLTLLY,2018-04-08,https://www.youtube.com/watch?v=QA2y20az1C4,25923,QA2y20az1C4,NRWeekend2,2024-08-03T02:43:42.945-04:00
Falk,Khacoby,NRWeekend 2,,,Accapella,2018,DLTLLY,2018-04-06,https://www.youtube.com/watch?v=Rt_1IAP9zQc,102508,Rt_1IAP9zQc,ComplimentBattle NRWeekend2,2024-08-03T02:43:42.945-04:00
Schleswig-Prollstein,Opti + Rö,,,Berlin,Accapella,2018,DUDL,2018-04-04,https://www.youtube.com/watch?v=s04C_8fOsJA,10374,s04C_8fOsJA,D&DL#0101 Berlin,2024-08-03T02:43:42.945-04:00
ViruS + KingPin,Eczo + Heynsch,,,Berlin,Accapella,2018,DUDL,2018-04-02,https://www.youtube.com/watch?v=wImLFbzyPBs,8262,wImLFbzyPBs,D&DL#0100 Berlin,2024-08-03T02:43:42.945-04:00
BDAD,VYRUS,,,,Accapella,2018,RAM,2018-04-01,https://www.youtube.com/watch?v=edSol4qguUE,56731,edSol4qguUE,BMCL,2024-08-03T02:43:42.945-04:00
Wolff + Joe Pharo,Ilhan + TableddnTimmy,,,,Accapella,2018,DLTLLY,2018-04-01,https://www.youtube.com/watch?v=PfLQiBTvd-4,56785,PfLQiBTvd-4,D&DL CoEvent 1,2024-08-03T02:43:42.945-04:00
Wolle der Grobe,Jakzta,,,,Accapella,2018,DLTLLY,2018-03-30,https://www.youtube.com/watch?v=yZOihBj5VYk,14562,yZOihBj5VYk,NextGeneration VR 1/4 D&DL CoEvent 1,2024-08-03T02:43:42.945-04:00
Galv,Schote,,,,Accapella,2018,DLTLLY,2018-03-25,https://www.youtube.com/watch?v=WDxHLb71RF0,151214,WDxHLb71RF0,Tapefabrik,2024-08-03T02:43:42.946-04:00
CPE,AKANOO,,,,Accapella,2018,RAM,2018-03-25,https://www.youtube.com/watch?v=bGSiQtKl7zc,35447,bGSiQtKl7zc,BMCL,2024-08-03T02:43:42.946-04:00
Notyzze,LUX,,,,Accapella,2018,DLTLLY,2018-03-21,https://www.youtube.com/watch?v=869cf3bg49k,57116,869cf3bg49k,Tapefabrik,2024-08-03T02:43:42.946-04:00
VT,Mars B.,,,Kassel,Accapella,2018,DLTLLY,2018-03-18,https://www.youtube.com/watch?v=pkrXAzvIRl0,67439,pkrXAzvIRl0,Kassel,2024-08-03T02:43:42.946-04:00
Davie Jones,Vyrus,,,Kassel,Accapella,2018,DLTLLY,2018-03-11,https://www.youtube.com/watch?v=Absp5IK_V9k,121932,Absp5IK_V9k,Kassel,2024-08-03T02:43:42.946-04:00
Olio,Kato,,,Kassel,Accapella,2018,DLTLLY,2018-03-04,https://www.youtube.com/watch?v=pwzr2W-YntY,85639,pwzr2W-YntY,Kassel,2024-08-03T02:43:42.946-04:00
Bauda,Seby Tone,,,Kassel,Accapella,2018,DLTLLY,2018-02-25,https://www.youtube.com/watch?v=fAou_OoLduY,24861,fAou_OoLduY,Kassel,2024-08-03T02:43:42.946-04:00
TOMMY2LATE,CASHUS K,,,,Accapella,2018,RAM,2018-02-25,https://www.youtube.com/watch?v=5jIGrJnIlrs,35344,5jIGrJnIlrs,BMCL,2024-08-03T02:43:42.946-04:00
TRIPLEBEAT,FOURSEVEN,,,,Accapella,2018,RAM,2018-02-25,https://www.youtube.com/watch?v=ViFTDD0HHEk,490337,ViFTDD0HHEk,BMCL,2024-08-03T02:43:42.946-04:00
Krom,Wolff,,,Kassel,Accapella,2018,DLTLLY,2018-02-18,https://www.youtube.com/watch?v=fE0SEINZpDg,73921,fE0SEINZpDg,Kassel,2024-08-03T02:43:42.946-04:00
Schalle,Joe Pharo,,,Kassel,Accapella,2018,DLTLLY,2018-02-11,https://www.youtube.com/watch?v=OU423DQtcD4,30554,OU423DQtcD4,Kassel,2024-08-03T02:43:42.947-04:00
JollyJay,Brian Damage,DISSember 2,Backstage,München,Accapella,2017,DLTLLY,2018-02-04,https://www.youtube.com/watch?v=jK6Kcpse9o0,228344,jK6Kcpse9o0,Bilingual Battle DISSember2,2024-08-03T02:43:42.947-04:00
TableddnTimmy,Joseph Steinschleuder,,,Berlin,Accapella,2017,DUDL,2018-01-31,https://www.youtube.com/watch?v=7XEQc4Uixvg,45543,7XEQc4Uixvg,D&DL#0099 Berlin,2024-08-03T02:43:42.947-04:00
KROM,SEVA,,,,Accapella,2018,RAM,2018-01-29,https://www.youtube.com/watch?v=FwNISDJyry4,59541,FwNISDJyry4,BMCL,2024-08-03T02:43:42.947-04:00
CLEP,Robscure,DISSember 2,Backstage,München,Accapella,2017,DLTLLY,2018-01-28,https://www.youtube.com/watch?v=0lS6QaFGybw,139520,0lS6QaFGybw,DISSember2,2024-08-03T02:43:42.947-04:00
DEZ,Noone,,,Berlin,Accapella,2017,DUDL,2018-01-24,https://www.youtube.com/watch?v=0tkSP6s8_uM,4762,0tkSP6s8_uM,D&DL#0098 Berlin,2024-08-03T02:43:42.947-04:00
Karma,Mars B.,DISSember 2,Backstage,München,Accapella,2017,DLTLLY,2018-01-21,https://www.youtube.com/watch?v=2d1RlPosOF0,60170,2d1RlPosOF0,DISSember2,2024-08-03T02:43:42.947-04:00
Splopf,Shizu,,,Berlin,Accapella,2017,DUDL,2018-01-17,https://www.youtube.com/watch?v=C4xri1oyMvQ,4646,C4xri1oyMvQ,D&DL#0097 Berlin,2024-08-03T02:43:42.947-04:00
T-Way,VT,DISSember 2,Backstage,München,Accapella,2017,DLTLLY,2018-01-14,https://www.youtube.com/watch?v=NKFsOpcgMpo,28572,NKFsOpcgMpo,DISSember2,2024-08-03T02:43:42.947-04:00
Julo,SinTony,,,Berlin,Accapella,2017,DUDL,2018-01-10,https://www.youtube.com/watch?v=9TPjSYw4jbI,5091,9TPjSYw4jbI,D&DL#0096 Berlin,2024-08-03T02:43:42.947-04:00
Jack Dragon,Hansen,DISSember 2,Backstage,München,Accapella,2017,DLTLLY,2018-01-07,https://www.youtube.com/watch?v=lJ6whp-ADwU,39101,lJ6whp-ADwU,DISSember2,2024-08-03T02:43:42.948-04:00
DAVIE JONES,TOBI NICE,,,,Accapella,2018,RAM,2018-01-01,https://www.youtube.com/watch?v=C6G6zvJ-6ho,76339,C6G6zvJ-6ho,BMCL,2024-08-03T02:43:42.948-04:00
Cris Kotzen,Schote,,,Leipzig,Accapella,2017,DLTLLY,2017-12-31,https://www.youtube.com/watch?v=xxMx2BO8sww,152577,xxMx2BO8sww,Leipzig,2024-08-03T02:43:42.948-04:00
ShaoLum,Joe-L (Sport-Bars),,,,Accapella,2017,SPOX,2017-12-29,https://www.youtube.com/watch?v=y7s-nFdjpQg,35492,y7s-nFdjpQg,could not identify event,2024-08-03T02:43:42.948-04:00
Louis Beton,Hörsturz,,,Leipzig,Accapella,2017,DLTLLY,2017-12-28,https://www.youtube.com/watch?v=0_CFEJmm4i8,13881,0_CFEJmm4i8,Leipzig,2024-08-03T02:43:42.948-04:00
Wandelbarz,Mikesh,,,Leipzig,Accapella,2017,DLTLLY,2017-12-24,https://www.youtube.com/watch?v=BVIWJYptGjk,81939,BVIWJYptGjk,Leipzig,2024-08-03T02:43:42.948-04:00
Sizyphos,Ilhan,,,Leipzig,Accapella,2017,DLTLLY,2017-12-17,https://www.youtube.com/watch?v=LqO0Og4pNHQ,60836,LqO0Og4pNHQ,Leipzig,2024-08-03T02:43:42.948-04:00
Wolff,IZL,,,Erfurt,Accapella,2017,DUDL,2017-12-16,https://www.youtube.com/watch?v=Q92uBy-sybk,16309,Q92uBy-sybk,D&DL#0095 Erfurt,2024-08-03T02:43:42.948-04:00
FU!,Terra Pete,,,Leipzig,Accapella,2017,DLTLLY,2017-12-14,https://www.youtube.com/watch?v=xeyQgA45-nQ,21466,xeyQgA45-nQ,Leipzig,2024-08-03T02:43:42.948-04:00
MC Maik,Akanoo,,,Leipzig,Accapella,2017,DLTLLY,2017-12-10,https://www.youtube.com/watch?v=dofZoRLuze0,18521,dofZoRLuze0,Leipzig,2024-08-03T02:43:42.948-04:00
Leonidas,MC Geuner,,,Erfurt,Accapella,2017,DUDL,2017-12-09,https://www.youtube.com/watch?v=i0cry-GK_n4,10116,i0cry-GK_n4,D&DL#0093 Erfurt,2024-08-03T02:43:42.949-04:00
Jotti (Schalke 04),Mave (Chemnitzer FC),,,,Accapella,2017,SPOX,2017-12-08,https://www.youtube.com/watch?v=AFityNagM_k,71017,AFityNagM_k,could not identify event,2024-08-03T02:43:42.949-04:00
Papi Schlauch,JerMC,,,,Accapella,2017,DLTLLY,2017-12-03,https://www.youtube.com/watch?v=vdpnmXQ8IwQ,119285,vdpnmXQ8IwQ,Wien,2024-08-03T02:43:42.949-04:00
SnakeHeadRhyme,KingPin,,,Erfurt,Accapella,2017,DUDL,2017-12-02,https://www.youtube.com/watch?v=8Zlalomq-GE,7629,8Zlalomq-GE,D&DL#0092 Erfurt,2024-08-03T02:43:42.949-04:00
Bong Teggy (Fußball),Lyrico (Eishockey),,,,Accapella,2017,SPOX,2017-12-01,https://www.youtube.com/watch?v=3ndLIgcKMk8,144096,3ndLIgcKMk8,could not identify event,2024-08-03T02:43:42.949-04:00
DEZ,Eczo,,,Erfurt,Accapella,2017,DUDL,2017-11-29,https://www.youtube.com/watch?v=Qgqkd6Tz7fA,3906,Qgqkd6Tz7fA,D&DL#0094 Erfurt,2024-08-03T02:43:42.949-04:00
YARAMBO + T-WAY,CASHISCLAY + TWIZZY,,,,Accapella,2017,RAM,2017-11-26,https://www.youtube.com/watch?v=WDjqjWRXKEc,115844,WDjqjWRXKEc,BMCL,2024-08-03T02:43:42.949-04:00
Spello & Al Pone,Doktor Dave & DirtySanchez,,,,Accapella,2017,DLTLLY,2017-11-26,https://www.youtube.com/watch?v=KJ6zZwF-VjY,23002,KJ6zZwF-VjY,Wien,skipped historical backfill
Noone,Teach,,,Berlin,Accapella,2017,DUDL,2017-11-25,https://www.youtube.com/watch?v=_91WwhMuHRY,5298,_91WwhMuHRY,D&DL#0090 Berlin,2024-08-03T02:43:42.949-04:00
Demo MC,Hopeless MC,,,Berlin,Accapella,2017,DUDL,2017-11-22,https://www.youtube.com/watch?v=XtcGuHUZ6TQ,2940,XtcGuHUZ6TQ,D&DL#0091 Berlin,2024-08-03T02:43:42.949-04:00
DemoLux,Krom,,,,Accapella,2017,DLTLLY,2017-11-19,https://www.youtube.com/watch?v=zfb4pehw3J8,23648,zfb4pehw3J8,Wien,2024-08-03T02:43:42.949-04:00
Joe Pharo,Part-Tron,,,Hannover,Accapella,2017,DUDL,2017-11-18,https://www.youtube.com/watch?v=n0cCt2WhEZA,8157,n0cCt2WhEZA,D&DL#0084 Hannover,2024-08-03T02:43:42.950-04:00
Sirius Crack,Fate1,,,,Accapella,2017,DLTLLY,2017-11-16,https://www.youtube.com/watch?v=_7Dryn55kTw,15240,_7Dryn55kTw,Wien,2024-08-03T02:43:42.950-04:00
MC Lauch,Gusy,,,Berlin,Accapella,2017,DUDL,2017-11-15,https://www.youtube.com/watch?v=FLkRkegMFuI,4118,FLkRkegMFuI,D&DL#0089 Berlin,2024-08-03T02:43:42.950-04:00
ADHS-Andy,Shadow,,,Hannover,Accapella,2017,DUDL,2017-11-13,https://www.youtube.com/watch?v=iH078cExL8k,16700,iH078cExL8k,D&DL#0082 Hannover,2024-08-03T02:43:42.950-04:00
Proton,Tobi Nice,,,,Accapella,2017,DLTLLY,2017-11-12,https://www.youtube.com/watch?v=EFgSOM4IYPU,51904,EFgSOM4IYPU,OnBeatBattles B.Day#4,2024-08-03T02:43:42.950-04:00
Rupert69,Pueblo Escobar,,,Berlin,Accapella,2017,DUDL,2017-11-11,https://www.youtube.com/watch?v=Bj_YDfyUkUI,4720,Bj_YDfyUkUI,D&DL#0088 Berlin,2024-08-03T02:43:42.950-04:00
Ano-nym,Wolle der Grobe,,,Hannover,Accapella,2017,DUDL,2017-11-08,https://www.youtube.com/watch?v=5UF2c4lBEF4,17527,5UF2c4lBEF4,D&DL#0086 Hannover,2024-08-03T02:43:42.950-04:00
Lyrico,Nedal Nib,,,,Accapella,2017,DLTLLY,2017-11-05,https://www.youtube.com/watch?v=zfEr6wUONDs,221551,zfEr6wUONDs,2nd TITLE-MATCH B.Day#4,2024-08-03T02:43:42.950-04:00
RenetiXX,Aris,,,Hannover,Accapella,2017,DUDL,2017-11-04,https://www.youtube.com/watch?v=ESbgxv4rwsU,7917,ESbgxv4rwsU,D&DL#0085 Hannover,2024-08-03T02:43:42.950-04:00
Borussia Dortmund,FC Bayern München,,,,Accapella,2017,SPOX,2017-11-03,https://www.youtube.com/watch?v=Z-7dBXCQysI,261345,Z-7dBXCQysI,could not identify event,2024-08-03T02:43:42.950-04:00
Spike,Akanoo,,,,Accapella,2017,DLTLLY,2017-11-02,https://www.youtube.com/watch?v=BYnvhhpJQgU,15636,BYnvhhpJQgU,Wien,2024-08-03T02:43:42.951-04:00
Splopf,Mango,,,Hannover,Accapella,2017,DUDL,2017-11-01,https://www.youtube.com/watch?v=3GL_5yyuvdU,3722,3GL_5yyuvdU,D&DL#0083 Hannover,2024-08-03T02:43:42.951-04:00
Der Zigeunerbaron,Niemand,,,Berlin,Accapella,2017,DUDL,2017-10-30,https://www.youtube.com/watch?v=fCrWefuufkg,2843,fCrWefuufkg,D&DL#0079 Berlin,2024-08-03T02:43:42.951-04:00
CASHUS K,TISOS,,,,Accapella,2017,RAM,2017-10-29,https://www.youtube.com/watch?v=7JiS06qKZ64,53063,7JiS06qKZ64,BMCL,2024-08-03T02:43:42.951-04:00
Unanymous,JollyJay,,,,Accapella,2017,DLTLLY,2017-10-29,https://www.youtube.com/watch?v=E4_2vzM1SCE,29309,E4_2vzM1SCE,B.Day#4,2024-08-03T02:43:42.951-04:00
Bubba T,DEZ,,,Berlin,Accapella,2017,DUDL,2017-10-27,https://www.youtube.com/watch?v=X0xRGjcxL8w,5115,X0xRGjcxL8w,D&DL#0081 Berlin,2024-08-03T02:43:42.951-04:00
MAST,SnakeHeadRhyme,,,Berlin,Accapella,2017,DUDL,2017-10-25,https://www.youtube.com/watch?v=qaR-Ut82el8,4619,qaR-Ut82el8,D&DL#0078 Berlin,2024-08-03T02:43:42.951-04:00
Merlin,Yarambo,,,,Accapella,2017,DLTLLY,2017-10-22,https://www.youtube.com/watch?v=uGiKtuP4siw,202332,uGiKtuP4siw,B.Day#4,2024-08-03T02:43:42.951-04:00
Wandelbarz,Nicht Dein Typ,,,Bonn,Accapella,2017,DUDL,2017-10-21,https://www.youtube.com/watch?v=Yg02RTzal2E,8144,Yg02RTzal2E,D&DL#0077 Bonn,2024-08-03T02:43:42.951-04:00
Vyrus,Tommy2Late,,,,Accapella,2017,DLTLLY,2017-10-20,https://www.youtube.com/watch?v=OOI5QKfWSVU,46491,OOI5QKfWSVU,OnBeatBattles B.Day#4,2024-08-03T02:43:42.952-04:00
Shizu,Jozef104,,,Berlin,Accapella,2017,DUDL,2017-10-18,https://www.youtube.com/watch?v=XVS8XZzvtBQ,5281,XVS8XZzvtBQ,D&DL#0080 Berlin,2024-08-03T02:43:42.952-04:00
BX,Ilhan,,,,Accapella,2017,DLTLLY,2017-10-15,https://www.youtube.com/watch?v=BuBDtfDtIFo,42499,BuBDtfDtIFo,B.Day #4,2024-08-03T02:43:42.952-04:00
Wolff,Mr. Whyte,,,Bonn,Accapella,2017,DUDL,2017-10-13,https://www.youtube.com/watch?v=5l9zBAdVOMc,23851,5l9zBAdVOMc,D&DL#0075 Bonn,2024-08-03T02:43:42.952-04:00
Gregpipe,Davie Jones,,,Frankfurt am Main,Accapella,2017,DLTLLY,2017-10-08,https://www.youtube.com/watch?v=zlunUmUwmX8,344356,zlunUmUwmX8,FFM,2024-08-03T02:43:42.952-04:00
Kato,FlaKiT,,,Bonn,Accapella,2017,DUDL,2017-10-07,https://www.youtube.com/watch?v=LGpYsR1Db-k,43250,LGpYsR1Db-k,D&DL#0076 Bonn,2024-08-03T02:43:42.952-04:00
Joe Pharo,Herrn Sören,,,Bonn,Accapella,2017,DUDL,2017-10-04,https://www.youtube.com/watch?v=HoQ5icymcgk,8911,HoQ5icymcgk,D&DL#0072 Bonn,2024-08-03T02:43:42.952-04:00
Saking,Akanoo,,,Frankfurt am Main,Accapella,2017,DLTLLY,2017-10-01,https://www.youtube.com/watch?v=lE8Fk77n_iM,15722,lE8Fk77n_iM,FFM,2024-08-03T02:43:42.952-04:00
FOUR SEVEN,INDOOR STAN,,,,Accapella,2017,RAM,2017-10-01,https://www.youtube.com/watch?v=52Atd4tpwJM,139873,52Atd4tpwJM,BMCL,2024-08-03T02:43:42.952-04:00
Ralle,Phillie,,,Bonn,Accapella,2017,DUDL,2017-09-30,https://www.youtube.com/watch?v=9WY-jqLTF2Y,3223,9WY-jqLTF2Y,D&DL#0074 Bonn,2024-08-03T02:43:42.953-04:00
EkHead,CPE,,,Frankfurt am Main,Accapella,2017,DLTLLY,2017-09-28,https://www.youtube.com/watch?v=5bOiatzTGbk,17525,5bOiatzTGbk,FFM,2024-08-03T02:43:42.953-04:00
VT,Karma,,,Frankfurt am Main,Accapella,2017,DLTLLY,2017-09-24,https://www.youtube.com/watch?v=PAjBrklU_t8,35832,PAjBrklU_t8,FFM,2024-08-03T02:43:42.952-04:00
Shortworth,RenetiXX,,,Berlin,Accapella,2017,DUDL,2017-09-23,https://www.youtube.com/watch?v=_SbPwHKWPCw,4633,_SbPwHKWPCw,D&DL#0071 Berlin,2024-08-03T02:43:42.953-04:00
Part-Tron,Paze,,,Berlin,Accapella,2017,DUDL,2017-09-20,https://www.youtube.com/watch?v=apTMCWrtJx0,3608,apTMCWrtJx0,D&DL#0069 Berlin,2024-08-03T02:43:42.953-04:00
Clep,Bong Teggy,splash! 20,Splash,Ferropolis,Accapella,2017,DLTLLY,2017-09-17,https://www.youtube.com/watch?v=d3IC3OUGlGA,130615,d3IC3OUGlGA,Splash 20,2024-08-03T02:43:42.953-04:00
Eczo,Jozef104,,,Berlin,Accapella,2017,DUDL,2017-09-16,https://www.youtube.com/watch?v=a4XDYKUDuAg,4368,a4XDYKUDuAg,D&DL#0070Berlin,2024-08-03T02:43:42.953-04:00
Mars B. TeaserRound,Merlin (POV),,,,Accapella,2017,DLTLLY,2017-09-14,https://www.youtube.com/watch?v=KSx0djjt3nA,23384,KSx0djjt3nA,could not identify event,skipped historical backfill
Harry,Adam,,,Mannheim,Accapella,2017,DUDL,2017-09-13,https://www.youtube.com/watch?v=ggzh6IzcEHQ,3169,ggzh6IzcEHQ,D&DL#0068 Mannheim,2024-08-03T02:43:42.953-04:00
Ars,Wux Brofer,,,Ludwigshafen,Accapella,2017,DUDL,2017-09-11,https://www.youtube.com/watch?v=sq-_SOiyZoA,4058,sq-_SOiyZoA,D&DL#0065 Ludwigshafen,2024-08-03T02:43:42.953-04:00
Brian Damage + Robscure,Yarambo + T-Way,splash! 20,Splash,Ferropolis,Accapella,2017,DLTLLY,2017-09-10,https://www.youtube.com/watch?v=F5V3pnpODhw,56599,F5V3pnpODhw,Splash 20,2024-08-03T02:43:42.954-04:00
Hörsturz,Nicht Dein Typ,,,Ludwigshafen,Accapella,2017,DUDL,2017-09-09,https://www.youtube.com/watch?v=TpQrcZRl7rE,4520,TpQrcZRl7rE,D&DL#0067 Ludwigshafen,2024-08-03T02:43:42.954-04:00
Bubba T,MC Lauch,,,Ludwigshafen,Accapella,2017,DUDL,2017-09-06,https://www.youtube.com/watch?v=seh2mg2LFV8,4168,seh2mg2LFV8,D&DL#0063 Ludwigshafen,2024-08-03T02:43:42.954-04:00
Lyrico + Buddi,Falk + Khacoby,splash! 20,Splash,Ferropolis,Accapella,2017,DLTLLY,2017-09-03,https://www.youtube.com/watch?v=5Bb7YQjNO8k,65763,5Bb7YQjNO8k,Splash 20,2024-08-03T02:43:42.953-04:00
Scamp,Paperbite,,,Ludwigshafen,Accapella,2017,DUDL,2017-09-01,https://www.youtube.com/watch?v=-mapSli5wm8,3978,-mapSli5wm8,D&DL#0066 Ludwigshafen,2024-08-03T02:43:42.954-04:00
MC Maik,N'antinein,splash! 20,Splash,Ferropolis,Accapella,2017,DLTLLY,2017-08-27,https://www.youtube.com/watch?v=cMmNpNs82GA,18892,cMmNpNs82GA,Splash 20,2024-08-03T02:43:42.953-04:00
Wolff,FlaKiT,,,Berlin,Accapella,2017,DUDL,2017-08-25,https://www.youtube.com/watch?v=LxqqUUX-HkI,14979,LxqqUUX-HkI,D&DL#0061 Berlin,2024-08-03T02:43:42.954-04:00
MIGHTY MO,CASHISCLAY,,,,Accapella,2017,RAM,2017-08-25,https://www.youtube.com/watch?v=N8iKapmZv5A,215306,N8iKapmZv5A,BMCL,2024-08-03T02:43:42.954-04:00
Hopeless MC,D.E.Z.,,,Berlin,Accapella,2017,DUDL,2017-08-23,https://www.youtube.com/watch?v=8jdukosjugQ,3974,8jdukosjugQ,D&DL#0062 Berlin,2024-08-03T02:43:42.954-04:00
MC Schub,O&#39;Spella,,,Berlin,Accapella,2017,DUDL,2017-08-21,https://www.youtube.com/watch?v=9rRmgC6mvyk,3099,9rRmgC6mvyk,D&DL#0059 Berlin,2024-08-03T02:43:42.954-04:00
Merlin,Peter Pogen,,,,Accapella,2017,DLTLLY,2017-08-20,https://www.youtube.com/watch?v=cBhojNDM-cY,46747,cBhojNDM-cY,Hamburg,2024-08-03T02:43:42.954-04:00
Demo MC,Cemo Dafuq,,,Berlin,Accapella,2017,DUDL,2017-08-19,https://www.youtube.com/watch?v=Qmsi3Hlj1Vc,3192,Qmsi3Hlj1Vc,D&DL#0060 Berlin,2024-08-03T02:43:42.954-04:00
JI-ZI,SSYNIC,,,,Accapella,2017,RAM,2017-08-18,https://www.youtube.com/watch?v=nWum8Xdxh9w,827399,nWum8Xdxh9w,BMCL,2024-08-03T02:43:42.955-04:00
Mave,Hörsturz,,,Halle,Accapella,2017,DUDL,2017-08-16,https://www.youtube.com/watch?v=CkFi6pao01E,17193,CkFi6pao01E,D&DL#0058 Halle,2024-08-03T02:43:42.955-04:00
Papi Schlauch,Fabiga,,,,Accapella,2017,DLTLLY,2017-08-13,https://www.youtube.com/watch?v=uwohgd5dtuI,58779,uwohgd5dtuI,Hamburg,2024-08-03T02:43:42.955-04:00
RenetiXX,Fesas,,,Halle,Accapella,2017,DUDL,2017-08-12,https://www.youtube.com/watch?v=dihDC74TLD0,9274,dihDC74TLD0,D&DL#0057 Halle,2024-08-03T02:43:42.955-04:00
VYRUS,FINCH,,,,Accapella,2017,RAM,2017-08-11,https://www.youtube.com/watch?v=ZWQ6wtTiKUc,211197,ZWQ6wtTiKUc,BMCL,2024-08-03T02:43:42.956-04:00
Reinecken,IZL,,,Halle,Accapella,2017,DUDL,2017-08-09,https://www.youtube.com/watch?v=VnUHcRdCdhI,3290,VnUHcRdCdhI,D&DL#0056 Halle,2024-08-03T02:43:42.956-04:00
Noone,Fab,,,Berlin,Accapella,2017,DUDL,2017-08-07,https://www.youtube.com/watch?v=cS6ANNMsBvw,7460,cS6ANNMsBvw,D&DL#0055 Berlin,2024-08-03T02:43:42.956-04:00
Davie Jones,Schote,,,,Accapella,2017,DLTLLY,2017-08-06,https://www.youtube.com/watch?v=BH092XAZWGc,116215,BH092XAZWGc,Hamburg,2024-08-03T02:43:42.956-04:00
Ilhan,Balavababa,,,Berlin,Accapella,2017,DUDL,2017-08-05,https://www.youtube.com/watch?v=PRd0MOIgHkI,10341,PRd0MOIgHkI,D&DL#0054 Berlin,2024-08-03T02:43:42.956-04:00
TOBI NICE,FRESH POLAKKE,,,,Accapella,2017,RAM,2017-08-04,https://www.youtube.com/watch?v=lbL2I40Il9w,104383,lbL2I40Il9w,BMCL,2024-08-03T02:43:42.956-04:00
Abrupt,Gusy,,,Berlin,Accapella,2017,DUDL,2017-08-03,https://www.youtube.com/watch?v=HmfqmTGGWG0,3357,HmfqmTGGWG0,D&DL#0052 Berlin,2024-08-03T02:43:42.956-04:00
Nedal Nib,JerMc,,,,Accapella,2017,DLTLLY,2017-07-30,https://www.youtube.com/watch?v=Oh2i1ulWHoM,116814,Oh2i1ulWHoM,Mayhem2,2024-08-03T02:43:42.956-04:00
Andy Amnesia,Shortworth,,,Berlin,Accapella,2017,DUDL,2017-07-29,https://www.youtube.com/watch?v=2HK4NQdp9DY,9510,2HK4NQdp9DY,D&DL#0053 Berlin,2024-08-03T02:43:42.956-04:00
Butchbruda,Joseph Steinschleuder,,,Berlin,Accapella,2017,DUDL,2017-07-26,https://www.youtube.com/watch?v=tHEzlDKDqEg,11552,tHEzlDKDqEg,D&DL#0051 Berlin,2024-08-03T02:43:42.956-04:00
Nikiz,Stockinger,,,,Accapella,2017,DLTLLY,2017-07-23,https://www.youtube.com/watch?v=NX5YOcBtTM8,22631,NX5YOcBtTM8,Mayhem2,2024-08-03T02:43:42.957-04:00
Mikesh,Tuncmann,,,,Accapella,2017,DLTLLY,2017-07-20,https://www.youtube.com/watch?v=GzsFKgMwwIo,78150,GzsFKgMwwIo,Hamburg,2024-08-03T02:43:42.957-04:00
Johnny Camo,Lang&Sympathisch,,,Neubrandenburg,Accapella,2017,DUDL,2017-07-19,https://www.youtube.com/watch?v=HJ90C8nBaio,6145,HJ90C8nBaio,D&DL#0050 Neubrandenburg,2024-08-03T02:43:42.957-04:00
Doktor Dave,Jack Dragon - REMATCH!,,,,Accapella,2017,DLTLLY,2017-07-16,https://www.youtube.com/watch?v=LSylroi2Toc,35656,LSylroi2Toc,could not identify event,2024-08-03T02:43:42.957-04:00
Triple Beat,Mr. Whyte,,,Neubrandenburg,Accapella,2017,DUDL,2017-07-15,https://www.youtube.com/watch?v=l7Y_objhRcA,7076,l7Y_objhRcA,D&DL#0049 Neubrandenburg,2024-08-03T02:43:42.957-04:00
Henrey,Vyrus,,,,Accapella,2017,DLTLLY,2017-07-09,https://www.youtube.com/watch?v=LkkkwAmTjRk,42811,LkkkwAmTjRk,Hamburg,2024-08-03T02:43:42.957-04:00
Tableddn Timmy,Hopeless MC,,,Berlin,Accapella,2017,DUDL,2017-07-01,https://www.youtube.com/watch?v=eSZab6qlU6M,8222,eSZab6qlU6M,D&DL#0048 Berlin,2024-08-03T02:43:42.957-04:00
Lyrico,Robscure,,,,Accapella,2017,DLTLLY,2017-07-01,https://www.youtube.com/watch?v=aLe_BInOof0,130547,aLe_BInOof0,Mayhem2,2024-08-03T02:43:42.957-04:00
BMCL TITELMATCH: SSYNIC,MIGHTY MO,,,,Accapella,2017,RAM,2017-06-30,https://www.youtube.com/watch?v=FbeBGeRf4F0,704238,FbeBGeRf4F0,BMCL,2024-08-03T02:43:42.957-04:00
Promme,Rhyme Inspector,,,Berlin,Accapella,2017,DUDL,2017-06-26,https://www.youtube.com/watch?v=5L3MZyCpoMU,2803,5L3MZyCpoMU,D&DL#0046 Berlin,2024-08-03T02:43:42.957-04:00
N'antinein,Cris Kotzen,,,,Accapella,2017,DLTLLY,2017-06-25,https://www.youtube.com/watch?v=vr4dnObsxAE,107305,vr4dnObsxAE,Mayhem2,2024-08-03T02:43:42.958-04:00
FlaKiT,ViruS,,,Berlin,Accapella,2017,DUDL,2017-06-24,https://www.youtube.com/watch?v=q3uVXbV8kU4,5723,q3uVXbV8kU4,D&DL#0047 Berlin,2024-08-03T02:43:42.958-04:00
Porno Pete,Eczo,,,Berlin,Accapella,2017,DUDL,2017-06-21,https://www.youtube.com/watch?v=1mz3_aRDkPg,2821,1mz3_aRDkPg,D&DL#0044 Berlin,2024-08-03T02:43:42.958-04:00
MC Maik,Sizyphos,,,,Accapella,2017,DLTLLY,2017-06-18,https://www.youtube.com/watch?v=ByizH6xxKlk,31354,ByizH6xxKlk,Mayhem2,2024-08-03T02:43:42.958-04:00
T-Way,Merlin,,,München,Accapella,2017,DLTLLY,2017-06-11,https://www.youtube.com/watch?v=gLZJhvfjtE4,111733,gLZJhvfjtE4,München,2024-08-03T02:43:42.958-04:00
WandelBarZ,Ano-nym,,,Dortmund,Accapella,2017,DUDL,2017-06-10,https://www.youtube.com/watch?v=rFIvRmCe9FM,28802,rFIvRmCe9FM,D&DL#0043 Dortmund,2024-08-03T02:43:42.958-04:00
Mosaik,OE,,,Dortmund,Accapella,2017,DUDL,2017-06-07,https://www.youtube.com/watch?v=ZrZKeWYQr1U,4402,ZrZKeWYQr1U,D&DL#0042 Dortmund,2024-08-03T02:43:42.958-04:00
Phillie,BunGee,,,Dortmund,Accapella,2017,DUDL,2017-06-05,https://www.youtube.com/watch?v=cv9ES-KJk_8,5048,cv9ES-KJk_8,D&DL#0040 Dortmund,2024-08-03T02:43:42.958-04:00
Schote,Jack Dragon,,,München,Accapella,2017,DLTLLY,2017-06-04,https://www.youtube.com/watch?v=ci-DKAMvD-k,25463,ci-DKAMvD-k,München,2024-08-03T02:43:42.958-04:00
Demo MC,Kato,,,Dortmund,Accapella,2017,DUDL,2017-06-03,https://www.youtube.com/watch?v=AhKQn8nD-9o,33524,AhKQn8nD-9o,D&DL#0041 Dortmund,2024-08-03T02:43:42.958-04:00
MERLIN,FRESH POLAKKE,,,,Accapella,2017,RAM,2017-06-02,https://www.youtube.com/watch?v=wGfjTJPiTDY,212501,wGfjTJPiTDY,BMCL,2024-08-03T02:43:42.959-04:00
Karma,BDad,,,München,Accapella,2017,DLTLLY,2017-06-01,https://www.youtube.com/watch?v=ez72X6TNExA,25116,ez72X6TNExA,München,2024-08-03T02:43:42.959-04:00
RenetiXX,Dryno,,,Dortmund,Accapella,2017,DUDL,2017-05-31,https://www.youtube.com/watch?v=HI_dcCSnL14,6837,HI_dcCSnL14,D&DL#0039 Dortmund,2024-08-03T02:43:42.959-04:00
Change19,Schalle,,,München,Accapella,2017,DLTLLY,2017-05-28,https://www.youtube.com/watch?v=m5NhYx3GfFs,18908,m5NhYx3GfFs,München,2024-08-03T02:43:42.959-04:00
Ilhan,Hörsturz,,,Berlin,Accapella,2017,DUDL,2017-05-27,https://www.youtube.com/watch?v=WNfwTsmOCyY,7969,WNfwTsmOCyY,D&DL#0038 Berlin,2024-08-03T02:43:42.959-04:00
Wolff,Aris,,,Berlin,Accapella,2017,DUDL,2017-05-24,https://www.youtube.com/watch?v=_c1nHOFVu9Y,12716,_c1nHOFVu9Y,D&DL#0037 Berlin,2024-08-03T02:43:42.959-04:00
Onkel Oktomusch & Die Zwetschke,Falk & Khacoby,NRWeekend 1,,,Accapella,2017,DLTLLY,2017-05-21,https://www.youtube.com/watch?v=1g89uVaen_4,599540,1g89uVaen_4,NRWeekend,2024-08-03T02:43:42.959-04:00
Wolle Der Grobe,Wekdor,,,München,Accapella,2017,DLTLLY,2017-05-18,https://www.youtube.com/watch?v=tZTLE8iBL4I,20480,tZTLE8iBL4I,NewcomerBattle München,2024-08-03T02:43:42.959-04:00
Mars B.,Yarambo,NRWeekend 1,,,Accapella,2017,DLTLLY,2017-05-14,https://www.youtube.com/watch?v=hx_YK4LaoJM,136992,hx_YK4LaoJM,NRWeekend,2024-08-03T02:43:42.959-04:00
Andres,Mikesh,,,Berlin,Accapella,2017,DUDL,2017-05-13,https://www.youtube.com/watch?v=mGJhMHg6B6k,20019,mGJhMHg6B6k,D&DL#0036 Berlin,2024-08-03T02:43:42.959-04:00
YARAMBO,NOTYZZE,,,,Accapella,2017,RAM,2017-05-12,https://www.youtube.com/watch?v=D2L-FyXYNCE,124813,D2L-FyXYNCE,BMCL,2024-08-03T02:43:42.960-04:00
Leonidas,IZL,,,Berlin,Accapella,2017,DUDL,2017-05-10,https://www.youtube.com/watch?v=6DksgfKA-rU,3930,6DksgfKA-rU,D&DL#0035 Berlin,2024-08-03T02:43:42.960-04:00
Wux Brofer,Eli,,,Berlin,Accapella,2017,DUDL,2017-05-08,https://www.youtube.com/watch?v=VflpvPsTY0s,3278,VflpvPsTY0s,D&DL#0033 Berlin,2024-08-03T02:43:42.960-04:00
DuFF,Doktor Dave,NRWeekend 1,,,Accapella,2017,DLTLLY,2017-05-07,https://www.youtube.com/watch?v=I9eODi7SoTw,53344,I9eODi7SoTw,NRWeekend,2024-08-03T02:43:42.960-04:00
Vinci,Shizu,,,Berlin,Accapella,2017,DUDL,2017-05-06,https://www.youtube.com/watch?v=vqAF6VxRldE,11180,vqAF6VxRldE,D&DL#0034 Berlin,2024-08-03T02:43:42.960-04:00
VT,Vyrus,NRWeekend 1,,,Accapella,2017,DLTLLY,2017-04-30,https://www.youtube.com/watch?v=B9rLr9Rus-Q,39518,B9rLr9Rus-Q,NRWeekend,2024-08-03T02:43:42.960-04:00
Ars,LNB,,,Berlin,Accapella,2017,DUDL,2017-04-29,https://www.youtube.com/watch?v=ZE-tNe-oCYY,6014,ZE-tNe-oCYY,D&DL#0030 Berlin,2024-08-03T02:43:42.960-04:00
Eczo,TableddnTimmy,,,Berlin,Accapella,2017,DUDL,2017-04-26,https://www.youtube.com/watch?v=3PzPdRfuiFc,6806,3PzPdRfuiFc,D&DL#0031 Berlin,2024-08-03T02:43:42.960-04:00
T-Rick,Red,,,Berlin,Accapella,2017,DUDL,2017-04-24,https://www.youtube.com/watch?v=g6kzkhNC4Do,11113,g6kzkhNC4Do,D&DL#0029 Berlin,2024-08-03T02:43:42.960-04:00
Tobi Nice,Notyzze,NRWeekend 1,,,Accapella,2017,DLTLLY,2017-04-23,https://www.youtube.com/watch?v=mSKRQjb-ZMk,34171,mSKRQjb-ZMk,NRWeekend,2024-08-03T02:43:42.960-04:00
D.E.Z.,Nicht dein Typ,,,Berlin,Accapella,2017,DUDL,2017-04-22,https://www.youtube.com/watch?v=I3LdGKVJ5dQ,9176,I3LdGKVJ5dQ,D&DL#0032 Berlin,2024-08-03T02:43:42.961-04:00
Barracuda,Mavgic,NRWeekend 1,,,Accapella,2017,DLTLLY,2017-04-20,https://www.youtube.com/watch?v=rQB3nOExFoM,140032,rQB3nOExFoM,NRWeekend,2024-08-03T02:43:42.961-04:00
Fabiga,Four Seven,NRWeekend 1,,,Accapella,2017,DLTLLY,2017-04-16,https://www.youtube.com/watch?v=Qkjxygmrf2w,107775,Qkjxygmrf2w,NRWeekend,2024-08-03T02:43:42.961-04:00
KROM,TOBI NICE,,,,Accapella,2017,RAM,2017-04-14,https://www.youtube.com/watch?v=wQngllMH3KM,86987,wQngllMH3KM,BMCL,2024-08-03T02:43:42.961-04:00
Pilz,Nedal Nib,,,,Accapella,2017,DLTLLY,2017-04-09,https://www.youtube.com/watch?v=8aBn-vWKhHk,303005,8aBn-vWKhHk,Tapefabrik,2024-08-03T02:43:42.961-04:00
Madame Chaot,Yori,,,Berlin,Accapella,2017,DUDL,2017-04-08,https://www.youtube.com/watch?v=XZTmT_gLq8U,71288,XZTmT_gLq8U,D&DL#0027 Berlin,2024-08-03T02:43:42.961-04:00
Noone,Hopeless MC,,,Berlin,Accapella,2017,DUDL,2017-04-05,https://www.youtube.com/watch?v=eGQLfZpCMHw,4537,eGQLfZpCMHw,D&DL#0028 Berlin,2024-08-03T02:43:42.961-04:00
Cryptax,JOSHKA106,,,Berlin,Accapella,2017,DUDL,2017-04-03,https://www.youtube.com/watch?v=rLwKdc4ZZRI,15990,rLwKdc4ZZRI,D&DL#0025 Berlin,2024-08-03T02:43:42.961-04:00
Henrey,N'antinein,,,,Accapella,2017,DLTLLY,2017-04-02,https://www.youtube.com/watch?v=NVjXIXIWAfw,27535,NVjXIXIWAfw,Tapefabrik,2024-08-03T02:43:42.961-04:00
Bruf,Cemo Dafuq,,,Berlin,Accapella,2017,DUDL,2017-04-01,https://www.youtube.com/watch?v=0A7QZXW_lk8,4385,0A7QZXW_lk8,D&DL#0026 Berlin,2024-08-03T02:43:42.962-04:00
Robscure,Merlin,,,Berlin,Accapella,2017,DLTLLY,2017-03-26,https://www.youtube.com/watch?v=KCrOGMu5w1s,75228,KCrOGMu5w1s,Berlin,2024-08-03T02:43:42.962-04:00
Saking,TripleBeat,,,Frankfurt am Main,Accapella,2017,DUDL,2017-03-25,https://www.youtube.com/watch?v=HnBA4UuuA0c,6514,HnBA4UuuA0c,D&DL#0022 FFM,2024-08-03T02:43:42.962-04:00
Tommy2Late,Hörsturz,,,Berlin,Accapella,2017,DLTLLY,2017-03-23,https://www.youtube.com/watch?v=zg1Qx-YlyWg,19136,zg1Qx-YlyWg,Berlin,2024-08-03T02:43:42.962-04:00
Porno Pete,Schenck OH,,,Frankfurt am Main,Accapella,2017,DUDL,2017-03-22,https://www.youtube.com/watch?v=GWNnMIu8hOM,2582,GWNnMIu8hOM,D&DL#0024 FFM,2024-08-03T02:43:42.962-04:00
Ciro,MC Geuner,,,Frankfurt am Main,Accapella,2017,DUDL,2017-03-20,https://www.youtube.com/watch?v=TxNJSk9ZCu8,18190,TxNJSk9ZCu8,D&DL#0023 FFM,2024-08-03T02:43:42.962-04:00
Rino Mandingo,Cris Kotzen,,,Berlin,Accapella,2017,DLTLLY,2017-03-19,https://www.youtube.com/watch?v=glYXcKNGuiM,179140,glYXcKNGuiM,Berlin,2024-08-03T02:43:42.962-04:00
Sizyphos,Akanoo,,,Berlin,Accapella,2017,DLTLLY,2017-03-16,https://www.youtube.com/watch?v=1WexX61mYaM,27567,1WexX61mYaM,Berlin,2024-08-03T02:43:42.962-04:00
Robscure,Mars B.,,,Kassel,Accapella,2017,DLTLLY,2017-03-12,https://www.youtube.com/watch?v=trVhEKQgMQg,98395,trVhEKQgMQg,Kassel,2024-08-03T02:43:42.962-04:00
FINCH,DAVIE JONES,,,,Accapella,2017,RAM,2017-03-10,https://www.youtube.com/watch?v=lGiH2B3GMAg,1232566,lGiH2B3GMAg,BMCL,2024-08-03T02:43:42.963-04:00
Lamin,Papa TR,,,Kassel,Accapella,2017,DLTLLY,2017-03-09,https://www.youtube.com/watch?v=UIWWhFIao_M,19371,UIWWhFIao_M,Kassel,2024-08-03T02:43:42.963-04:00
IZL,Ilhan,,,Berlin,Accapella,2017,DUDL,2017-03-08,https://www.youtube.com/watch?v=_v8Zq2cLFpM,4515,_v8Zq2cLFpM,D&DL#0021 Berlin,2024-08-03T02:43:42.963-04:00
Shizu,T-Tekk,,,Berlin,Accapella,2017,DUDL,2017-03-06,https://www.youtube.com/watch?v=tHM2qQC7Fnw,3738,tHM2qQC7Fnw,D&DL#0019 Berlin,2024-08-03T02:43:42.963-04:00
MC Maik,Bauda,,,Kassel,Accapella,2017,DLTLLY,2017-03-05,https://www.youtube.com/watch?v=6kVFEwuJuxQ,28732,6kVFEwuJuxQ,Kassel,2024-08-03T02:43:42.963-04:00
MSK,Mikesh,,,Berlin,Accapella,2017,DUDL,2017-03-04,https://www.youtube.com/watch?v=7MW5bobkjyc,22292,7MW5bobkjyc,D&DL#0020 Berlin,2024-08-03T02:43:42.963-04:00
Olio,CPE,,,Kassel,Accapella,2017,DLTLLY,2017-03-02,https://www.youtube.com/watch?v=m0tjUv3Hzr8,25678,m0tjUv3Hzr8,Kassel,2024-08-03T02:43:42.963-04:00
Shadow,OE,,,Berlin,Accapella,2017,DUDL,2017-03-01,https://www.youtube.com/watch?v=Rvbod2n6hPA,4915,Rvbod2n6hPA,D&DL#0018 Berlin,2024-08-03T02:43:42.963-04:00
VT,ShaoLum,,,Kassel,Accapella,2017,DLTLLY,2017-02-26,https://www.youtube.com/watch?v=3wnRMQSaho4,53818,3wnRMQSaho4,Kassel,2024-08-03T02:43:42.963-04:00
Crocodile Andi,Teach,,,Kassel,Accapella,2017,DLTLLY,2017-02-23,https://www.youtube.com/watch?v=Win4Mw0ryao,14738,Win4Mw0ryao,Kassel,2024-08-03T02:43:42.963-04:00
Davie Jones,Clepto,,,Leipzig,Accapella,2016,DLTLLY,2017-02-19,https://www.youtube.com/watch?v=-bkqaYNfedw,119265,-bkqaYNfedw,Leipzig,2024-08-03T02:43:42.964-04:00
Paperbite,D-OS,,,Kassel,Accapella,2017,DLTLLY,2017-02-16,https://www.youtube.com/watch?v=ruz4CLYrGJo,14036,ruz4CLYrGJo,NewcomerBattle Kassel,2024-08-03T02:43:42.964-04:00
Nedal Nib,Brian Damage,,,,Accapella,2017,DLTLLY,2017-02-12,https://www.youtube.com/watch?v=oBtWEmAeVio,256943,oBtWEmAeVio,🏆 TITLE-MATCH 🏆,2024-08-03T02:43:42.964-04:00
Natif,King Lil&#39;C,,,Berlin,Accapella,2017,DUDL,2017-02-11,https://www.youtube.com/watch?v=YSqxRl0Hu5E,4306,YSqxRl0Hu5E,D&DL#0017 Berlin,2024-08-03T02:43:42.964-04:00
BUDDI,VYRUS,,,,Accapella,2017,RAM,2017-02-10,https://www.youtube.com/watch?v=XyOCDNYrtDw,72976,XyOCDNYrtDw,BMCL,2024-08-03T02:43:42.964-04:00
BalavaBaba,Noone,,,Berlin,Accapella,2017,DUDL,2017-02-08,https://www.youtube.com/watch?v=kWANHYPCLcg,6014,kWANHYPCLcg,D&DL#0016 Berlin,2024-08-03T02:43:42.964-04:00
Andres,Jozef104,,,Berlin,Accapella,2017,DUDL,2017-02-06,https://www.youtube.com/watch?v=fB08F5-eki4,4843,fB08F5-eki4,D&DL#0015 Berlin,2024-08-03T02:43:42.964-04:00
Doktor Dave,Mave,,,Leipzig,Accapella,2016,DLTLLY,2017-02-05,https://www.youtube.com/watch?v=tdAsouzcgpU,53165,tdAsouzcgpU,Leipzig,2024-08-03T02:43:42.964-04:00
Papi Schlauch,Lyrico,DISSember 1,,Berlin,Accapella,2016,DLTLLY,2017-01-29,https://www.youtube.com/watch?v=QUo9YKuQu4c,166950,QUo9YKuQu4c,Dissember,2024-08-03T02:43:42.964-04:00
Louis Beton,Sizyphos,,,Leipzig,Accapella,2016,DLTLLY,2017-01-22,https://www.youtube.com/watch?v=54zZPo3m_Nc,22193,54zZPo3m_Nc,Leipzig,2024-08-03T02:43:42.964-04:00
Stock,Reinicken + Bossom,,,Leipzig,Accapella,2016,DLTLLY,2017-01-19,https://www.youtube.com/watch?v=7RBrghmeR9w,15464,7RBrghmeR9w,Leipzig,2024-08-03T02:43:42.965-04:00
Raptor Warhurst,Unanymous,DISSember 1,,Berlin,Accapella,2016,DLTLLY,2017-01-15,https://www.youtube.com/watch?v=_mMlNI6W100,32065,_mMlNI6W100,Dissember,2024-08-03T02:43:42.965-04:00
GUGO,INDOOR STAN,,,,Accapella,2017,RAM,2017-01-13,https://www.youtube.com/watch?v=PCZVblvzB8Q,65257,PCZVblvzB8Q,BMCL,2024-08-03T02:43:42.965-04:00
T-Way,JerMc,DISSember 1,,Berlin,Accapella,2016,DLTLLY,2017-01-08,https://www.youtube.com/watch?v=blKeiA-2lTU,57431,blKeiA-2lTU,Dissember,2024-08-03T02:43:42.965-04:00
Karma,Henrey,DISSember 1,,Berlin,Accapella,2016,DLTLLY,2017-01-01,https://www.youtube.com/watch?v=2tK6qwRvHxQ,27041,2tK6qwRvHxQ,Dissember,2024-08-03T02:43:42.965-04:00
Mäneken,D.E.Z,,,Berlin,Accapella,2016,DUDL,2016-12-31,https://www.youtube.com/watch?v=mxkdhn9Gdow,3395,mxkdhn9Gdow,D&DL#0014 Berlin,2024-08-03T02:43:42.966-04:00
Halk Hoden,Ka-Oz,,,Berlin,Accapella,2016,DUDL,2016-12-28,https://www.youtube.com/watch?v=-c4Mtrcz4Sk,4283,-c4Mtrcz4Sk,D&DL#0013 Berlin,2024-08-03T02:43:42.966-04:00
Blvck Light,Kol&#39;ja,,,Berlin,Accapella,2016,DUDL,2016-12-26,https://www.youtube.com/watch?v=D5CrbkP-Sh0,3571,D5CrbkP-Sh0,D&DL#0012 Berlin,2024-08-03T02:43:42.966-04:00
Tobi High & Max Stoned,CPE & Ekhead,,,,Accapella,2016,DLTLLY,2016-12-25,https://www.youtube.com/watch?v=cgqFWTRRsW8,41706,cgqFWTRRsW8,Stuttgart,2024-08-03T02:43:42.966-04:00
Scamp Dait,Dizzepticon,,,,Accapella,2016,DLTLLY,2016-12-22,https://www.youtube.com/watch?v=liQL2TyTjlk,9058,liQL2TyTjlk,NewcomerBattle Stuttgart,skipped historical backfill
Yarambo,N'antinein,,,,Accapella,2016,DLTLLY,2016-12-18,https://www.youtube.com/watch?v=64Jp732JVUQ,107146,64Jp732JVUQ,Stuttgart,2024-08-03T02:43:42.966-04:00
Akanoo,Mr. Whyte,,,,Accapella,2016,DLTLLY,2016-12-16,https://www.youtube.com/watch?v=8OFDEaCCRgk,13025,8OFDEaCCRgk,3x in die Fresse,2024-08-03T02:43:42.966-04:00
4TUNE,FRESH POLAKKE,,,,Accapella,2016,RAM,2016-12-16,https://www.youtube.com/watch?v=VpmYqFARLMg,277575,VpmYqFARLMg,BMCL,2024-08-03T02:43:42.967-04:00
Change19,BX,,,,Accapella,2016,DLTLLY,2016-12-11,https://www.youtube.com/watch?v=ws5uTV9os-U,22450,ws5uTV9os-U,Stuttgart,2024-08-03T02:43:42.967-04:00
Gixtah,Street,,,,Accapella,2016,DLTLLY,2016-12-09,https://www.youtube.com/watch?v=wQUrPiTwWLo,13407,wQUrPiTwWLo,NewcomerBattle 3x in die Fresse,2024-08-03T02:43:42.967-04:00
Barracuda,Schalle,,,,Accapella,2016,DLTLLY,2016-12-08,https://www.youtube.com/watch?v=MvgtRJiCETQ,17609,MvgtRJiCETQ,Stuttgart,2024-08-03T02:43:42.967-04:00
Lyrico,Gregpipe,,,,Accapella,2016,DLTLLY,2016-12-04,https://www.youtube.com/watch?v=gNJ_BBj6YYY,345944,gNJ_BBj6YYY,BDay #3,2024-08-03T02:43:42.967-04:00
Cruel Fate,IZL,,,,Accapella,2016,DLTLLY,2016-12-02,https://www.youtube.com/watch?v=ok9bCmQZbAs,12721,ok9bCmQZbAs,NewcomerBattle 3x in die Fresse,skipped historical backfill
Nicht Dein Typ,Tommy2Late,,,,Accapella,2016,DLTLLY,2016-12-01,https://www.youtube.com/watch?v=8VzakpMLEx4,16874,8VzakpMLEx4,Stuttgart,2024-08-03T02:43:42.967-04:00
Vyrus,Four Seven,,,,Accapella,2016,DLTLLY,2016-11-27,https://www.youtube.com/watch?v=GzZApeO4vT4,130532,GzZApeO4vT4,Stuttgart,2024-08-03T02:43:42.967-04:00
Dawson,Solay,,,,Accapella,2016,DLTLLY,2016-11-24,https://www.youtube.com/watch?v=mcCYKAhN4fg,9656,mcCYKAhN4fg,NewcomerBattle Day 2/2,2024-08-03T02:43:42.967-04:00
Mosaik,Sizyphos,,,Berlin,Accapella,2016,DUDL,2016-11-23,https://www.youtube.com/watch?v=zLkiwYiGf9k,7242,zLkiwYiGf9k,D&DL#0011 Berlin,2024-08-03T02:43:42.967-04:00
Brian Damage & Harry Crotch,Robscure & Karma,,,,Accapella,2016,DLTLLY,2016-11-20,https://www.youtube.com/watch?v=KR9itjM-1sI,65097,KR9itjM-1sI,B.Day#3,2024-08-03T02:43:42.967-04:00
ANO-NYM,Dirty GommoraH,,,,Accapella,2016,DLTLLY,2016-11-17,https://www.youtube.com/watch?v=eSAUwWXl6Jc,22057,eSAUwWXl6Jc,Day 2/2,2024-08-03T02:43:42.967-04:00
Cris Kotzen,MC Maik,,,,Accapella,2016,DLTLLY,2016-11-13,https://www.youtube.com/watch?v=sQOlZJYDIkY,193820,sQOlZJYDIkY,Day 1/2,2024-08-03T02:43:42.968-04:00
JI-ZI,JEY JEY GLÜNDERLING,,,,Accapella,2016,RAM,2016-11-11,https://www.youtube.com/watch?v=dTmyLW9tEE0,417253,dTmyLW9tEE0,BMCL,2024-08-03T02:43:42.968-04:00
Natif,Hörsturz,,,Berlin,Accapella,2016,DUDL,2016-11-11,https://www.youtube.com/watch?v=ZDP0LlcDDb4,11616,ZDP0LlcDDb4,D&DL#0009 Berlin,2024-08-03T02:43:42.968-04:00
Mr. Whyte,Four Seven,,,,Accapella,2016,DLTLLY,2016-11-10,https://www.youtube.com/watch?v=LWaz2xpCbQM,19811,LWaz2xpCbQM,NewcomerBattle Day 2/2,2024-08-03T02:43:42.968-04:00
Sanja Alexis,Triple Beat,,,Berlin,Accapella,2016,DUDL,2016-11-09,https://www.youtube.com/watch?v=r_dMQ3e7tFE,4686,r_dMQ3e7tFE,D&DL#0007 Berlin,2024-08-03T02:43:42.968-04:00
Ilhan,Jay Pie,,,Berlin,Accapella,2016,DUDL,2016-11-07,https://www.youtube.com/watch?v=MFjaftO_xyM,7536,MFjaftO_xyM,D&DL#0008 Berlin,2024-08-03T02:43:42.968-04:00
Davie Jones,Mars B.,,,,Accapella,2016,DLTLLY,2016-11-06,https://www.youtube.com/watch?v=vwH6czsMTv4,84044,vwH6czsMTv4,B.Day#3,2024-08-03T02:43:42.968-04:00
Mosaik,Harlem T,,,,Accapella,2016,DLTLLY,2016-11-03,https://www.youtube.com/watch?v=7H0d_ocfR-4,10772,7H0d_ocfR-4,NewcomerBattle Day 2/2,skipped historical backfill
Hansen,T-Way,,,,Accapella,2016,DLTLLY,2016-10-30,https://www.youtube.com/watch?v=tIPnTbtv-V4,38704,tIPnTbtv-V4,Day 1/2,2024-08-03T02:43:42.968-04:00
King Lil' C,Drago51,,,Berlin,Accapella,2016,DUDL,2016-10-29,https://www.youtube.com/watch?v=-FngR7m7_08,5722,-FngR7m7_08,D&DL#0006 Berlin,2024-08-03T02:43:42.968-04:00
Joe-L,Schalle,,,,Accapella,2016,DLTLLY,2016-10-27,https://www.youtube.com/watch?v=ApT0XhylFoA,19413,ApT0XhylFoA,Day 1/2,2024-08-03T02:43:42.968-04:00
Apriori,Paperbite,,,,Accapella,2016,DUDL,2016-10-26,https://www.youtube.com/watch?v=5U2RQhxGZGI,3982,5U2RQhxGZGI,DUDL#0003 Berlin,2024-08-03T02:43:42.969-04:00
TK,T-Tekk,,,,Accapella,2016,DUDL,2016-10-24,https://www.youtube.com/watch?v=F05bbI13KsA,5505,F05bbI13KsA,DUDL#0001 Berlin,2024-08-03T02:43:42.969-04:00
Tobi High,Max Stoned,,,,Accapella,2016,DLTLLY,2016-10-23,https://www.youtube.com/watch?v=IJteo2N_UHs,31900,IJteo2N_UHs,B.Day#3,2024-08-03T02:43:42.969-04:00
ShaoLum,WandelBarZ,,,,Accapella,2016,DLTLLY,2016-10-20,https://www.youtube.com/watch?v=cXjp1UgVCWk,24683,cXjp1UgVCWk,Day 2/2,2024-08-03T02:43:42.969-04:00
Jack Dragon,Henrey,,,,Accapella,2016,DLTLLY,2016-10-16,https://www.youtube.com/watch?v=MvOwv1ioueY,24591,MvOwv1ioueY,B.Day#3,2024-08-03T02:43:42.969-04:00
S.B.G,Wolle Der Grobe,,,,Accapella,2016,DUDL,2016-10-15,https://www.youtube.com/watch?v=6jvuB2i2mCs,9741,6jvuB2i2mCs,DUDL#0002 Berlin,2024-08-03T02:43:42.969-04:00
FINCH,YARAMBO,,,,Accapella,2016,RAM,2016-10-14,https://www.youtube.com/watch?v=oJTk-fglZhA,1295448,oJTk-fglZhA,BMCL,2024-08-03T02:43:42.969-04:00
Bruf,Dirrdy D,,,,Accapella,2016,DLTLLY,2016-10-13,https://www.youtube.com/watch?v=Frg6QAYVgPA,15855,Frg6QAYVgPA,NewcomerBattle Day 2/2,2024-08-03T02:43:42.969-04:00
Aris,Popeye,,,Berlin,Accapella,2016,DUDL,2016-10-12,https://www.youtube.com/watch?v=Pz-PARaHi8I,5473,Pz-PARaHi8I,D&DL#0005 Berlin,2024-08-03T02:43:42.969-04:00
OstrichO,Sizyphos,,,Berlin,Accapella,2016,DUDL,2016-10-10,https://www.youtube.com/watch?v=J1aUQuxfL-Q,17754,J1aUQuxfL-Q,D&DL#0004 Berlin,2024-08-03T02:43:42.969-04:00
VT & Tobi Nice,Ekhead & CPE,,,,Accapella,2016,DLTLLY,2016-10-09,https://www.youtube.com/watch?v=X5D8-os0hXE,31055,X5D8-os0hXE,Day 1/2,2024-08-03T02:43:42.970-04:00
Falk & Khacoby,O.G.OhneGummi & Eric Ventura,,,,Accapella,2016,DLTLLY,2016-10-02,https://www.youtube.com/watch?v=IyDDNFH8COI,127659,IyDDNFH8COI,Day 1/2,2024-08-03T02:43:42.970-04:00
Barracuda,Olio,,,,Accapella,2016,DLTLLY,2016-09-25,https://www.youtube.com/watch?v=KgCdiNu_dIs,24389,KgCdiNu_dIs,Day 1/2,2024-08-03T02:43:42.970-04:00
Davie Jones,Doktor Dave,,,,Accapella,2016,DLTLLY,2016-09-18,https://www.youtube.com/watch?v=sF2wljyB_LE,24838,sF2wljyB_LE,The Base,2024-08-03T02:43:42.970-04:00
N'antinein,Besser,,,,Accapella,2016,DLTLLY,2016-09-11,https://www.youtube.com/watch?v=P7S-Blx2qKM,22558,P7S-Blx2qKM,The Base,2024-08-03T02:43:42.970-04:00
Atzenkalle,Main Moe,splash! 19,Splash,Ferropolis,Accapella,2016,DLTLLY,2016-09-04,https://www.youtube.com/watch?v=gu_G_N8TD4Y,86846,gu_G_N8TD4Y,Splash19,2024-08-03T02:43:42.970-04:00
Tobi Nice & Duff,Yarambo & Indoor Stan,splash! 19,Splash,Ferropolis,Accapella,2016,DLTLLY,2016-08-28,https://www.youtube.com/watch?v=Uv2oUfu6jhQ,35049,Uv2oUfu6jhQ,Splash19,2024-08-03T02:43:42.970-04:00
SSYNIC,BUY SOME,,,,Accapella,2016,RAM,2016-08-26,https://www.youtube.com/watch?v=1CAK0B4s_r0,275060,1CAK0B4s_r0,BMCL,2024-08-03T02:43:42.970-04:00
Gregpipe + Mars B.,Bong Teggy + Brian Damage,splash! 19,Splash,Ferropolis,Accapella,2016,DLTLLY,2016-08-21,https://www.youtube.com/watch?v=0usuNF2yMJw,319630,0usuNF2yMJw,SPLASH #19,2024-08-03T02:43:42.970-04:00
LYRICO,MIGHTY MO,,,,Accapella,2016,RAM,2016-08-19,https://www.youtube.com/watch?v=BHIV5gY0aLs,142437,BHIV5gY0aLs,BMCL,2024-08-03T02:43:42.970-04:00
FRESH POLAKKE,NOTYZZE,,,,Accapella,2016,RAM,2016-08-14,https://www.youtube.com/watch?v=wZfY-YVAcjI,175095,wZfY-YVAcjI,BMCL,2024-08-03T02:43:42.971-04:00
Schote & BDad,Buddi & Fabiga,splash! 19,Splash,Ferropolis,Accapella,2016,DLTLLY,2016-08-14,https://www.youtube.com/watch?v=AP4x9u89IPI,24534,AP4x9u89IPI,Splash19,2024-08-03T02:43:42.971-04:00
Cris Kotzen,Fab,,,,Accapella,2016,DLTLLY,2016-08-07,https://www.youtube.com/watch?v=eU-1x_dFcz4,70623,eU-1x_dFcz4,Fete de la HipHop,2024-08-03T02:43:42.971-04:00
NEDAL NIB,RV,,,,Accapella,2016,RAM,2016-08-05,https://www.youtube.com/watch?v=ymdiTG9zsNg,83045,ymdiTG9zsNg,BMCL,2024-08-03T02:43:42.971-04:00
Robscure,Davie Jones,,,,Accapella,2016,DLTLLY,2016-08-01,https://www.youtube.com/watch?v=aTSfJUKP2jk,112651,aTSfJUKP2jk,Wien,2024-08-03T02:43:42.971-04:00
Seby Tone,Karma,,,,Accapella,2016,DLTLLY,2016-07-24,https://www.youtube.com/watch?v=wUz34i4vAdQ,24496,wUz34i4vAdQ,Wien,2024-08-03T02:43:42.971-04:00
Battleboi Basti,Doktor Dave,,,,Accapella,2016,DLTLLY,2016-07-17,https://www.youtube.com/watch?v=jbIyI7bq-3w,230783,jbIyI7bq-3w,MAYhem,2024-08-03T02:43:42.971-04:00
Lyrico,Hansen,,,,Accapella,2016,DLTLLY,2016-07-10,https://www.youtube.com/watch?v=wxPLJE83D6A,107703,wxPLJE83D6A,MAYhem,2024-08-03T02:43:42.971-04:00
Jack Dragon,JerMc,,,,Accapella,2016,DLTLLY,2016-07-07,https://www.youtube.com/watch?v=Tb6dmZPRnSA,42962,Tb6dmZPRnSA,Wien,2024-08-03T02:43:42.971-04:00
Bong Teggy & Papi Schlauch,Onkel Oktomusch & Die Zwetschke,,,,Accapella,2016,DLTLLY,2016-07-03,https://www.youtube.com/watch?v=4xfAs26Cee4,424130,4xfAs26Cee4,MAYhem,2024-08-03T02:43:42.972-04:00
FellowSoph,Ekhead,,,,Accapella,2016,DLTLLY,2016-06-30,https://www.youtube.com/watch?v=9poWpKcnfyY,14196,9poWpKcnfyY,Wien,2024-08-03T02:43:42.972-04:00
Barbee n' Flow,Spello & Al Pone,,,,Accapella,2016,DLTLLY,2016-06-26,https://www.youtube.com/watch?v=sqvPg3sEN0I,18439,sqvPg3sEN0I,Wien,2024-08-03T02:43:42.972-04:00
Tobi Nice & Duff,Mave & MC Umbenannt,,,,Accapella,2016,DLTLLY,2016-06-19,https://www.youtube.com/watch?v=NoR7sZLr9MA,21985,NoR7sZLr9MA,MAYhem,2024-08-03T02:43:42.972-04:00
Cleptomatic,Yarambo,,,,Accapella,2016,DLTLLY,2016-06-12,https://www.youtube.com/watch?v=ZH_LmIdBhAE,164851,ZH_LmIdBhAE,MAYhem,2024-08-03T02:43:42.972-04:00
GUGO,FINCH,,,,Accapella,2016,RAM,2016-06-10,https://www.youtube.com/watch?v=Vy8WHxOAHfQ,678017,Vy8WHxOAHfQ,BMCL,2024-08-03T02:43:42.972-04:00
Indoor Stan & Nikiz,N'antinein & BX,,,,Accapella,2016,DLTLLY,2016-06-05,https://www.youtube.com/watch?v=lQFIXdpBY5g,27893,lQFIXdpBY5g,MAYhem,2024-08-03T02:43:42.972-04:00
BDad,N'antinein,,,,Accapella,2016,DLTLLY,2016-05-29,https://www.youtube.com/watch?v=A6JXhwYcMQ8,29668,A6JXhwYcMQ8,DailyRapJam,2024-08-03T02:43:42.972-04:00
YARAMBO,BARRACUDA,,,,Accapella,2016,RAM,2016-05-27,https://www.youtube.com/watch?v=o8IWqT1Y95A,83790,o8IWqT1Y95A,BMCL,2024-08-03T02:43:42.972-04:00
Change19,Akanoo,,,,Accapella,2016,DLTLLY,2016-05-26,https://www.youtube.com/watch?v=Kg4y3iJBiGE,11067,Kg4y3iJBiGE,DailyRapJam,2024-08-03T02:43:42.972-04:00
T-Way,Mars B.,,,Kassel,Accapella,2016,DLTLLY,2016-05-22,https://www.youtube.com/watch?v=HhEXUrhCaok,46453,HhEXUrhCaok,Kassel,2024-08-03T02:43:42.973-04:00
Mavgic,Joe-L,,,Kassel,Accapella,2016,DLTLLY,2016-05-19,https://www.youtube.com/watch?v=4KvkXpIrMIA,80718,4KvkXpIrMIA,NewcomerBattle Kassel,2024-08-03T02:43:42.973-04:00
Eric Ventura & O.G. Ohne Gummi,Tobi High & Max Stoned,,,Kassel,Accapella,2016,DLTLLY,2016-05-15,https://www.youtube.com/watch?v=BwTd5Bwn7NE,23657,BwTd5Bwn7NE,Kassel,2024-08-03T02:43:42.973-04:00
Aladin,Khan G.,,,Kassel,Accapella,2016,DLTLLY,2016-05-12,https://www.youtube.com/watch?v=8BKS4n-WTlQ,14041,8BKS4n-WTlQ,Kassel,2024-08-03T02:43:42.973-04:00
Olio,VT,,,Kassel,Accapella,2016,DLTLLY,2016-05-10,https://www.youtube.com/watch?v=qIrNbzKyR6k,16997,qIrNbzKyR6k,Kassel,2024-08-03T02:43:42.973-04:00
Yarambo,Fabiga,,,Düsseldorf,Accapella,2016,DLTLLY,2016-05-08,https://www.youtube.com/watch?v=hl3iYzTbStQ,92251,hl3iYzTbStQ,Düsseldorf,2024-08-03T02:43:42.973-04:00
Akzent,Peat Pandora,,,Düsseldorf,Accapella,2016,DLTLLY,2016-05-03,https://www.youtube.com/watch?v=Dri82KcuNI4,11246,Dri82KcuNI4,Düsseldorf,2024-08-03T02:43:42.973-04:00
Proton,Notyzze,,,Düsseldorf,Accapella,2016,DLTLLY,2016-05-01,https://www.youtube.com/watch?v=1nEKKoj1xXU,65687,1nEKKoj1xXU,Düsseldorf,2024-08-03T02:43:42.973-04:00
NOTYZZE,BUY SOME,,,,Accapella,2016,RAM,2016-04-29,https://www.youtube.com/watch?v=QrftoDX65MQ,120056,QrftoDX65MQ,BMCL,2024-08-03T02:43:42.973-04:00
Wandelbarz,Cris Kotzen,,Alter Weinkeller,Dortmund,Accapella,2016,DLTLLY,2016-04-27,https://www.youtube.com/watch?v=le6XdSmVEIY,81158,le6XdSmVEIY,Dortmund,2024-08-03T02:43:42.973-04:00
Zeptah,Neit,,Alter Weinkeller,Dortmund,Accapella,2016,DLTLLY,2016-04-26,https://www.youtube.com/watch?v=m3vfESZ8AKQ,13250,m3vfESZ8AKQ,Dortmund,2024-08-03T02:43:42.974-04:00
Robscure,BX,,,Kassel,Accapella,2016,DLTLLY,2016-04-24,https://www.youtube.com/watch?v=0frBoMjSUZU,28266,0frBoMjSUZU,Kassel,2024-08-03T02:43:42.974-04:00
Falk & Khacoby,Ekhead & CPE,,,Düsseldorf,Accapella,2016,DLTLLY,2016-04-21,https://www.youtube.com/watch?v=0s7gLvY71tQ,68162,0s7gLvY71tQ,Düsseldorf,2024-08-03T02:43:42.974-04:00
Nedal Nib,Bong Teggy,,,Berlin,Accapella,2016,DLTLLY,2016-04-17,https://www.youtube.com/watch?v=nMI2m-Miyts,271854,nMI2m-Miyts,Berlin,2024-08-03T02:43:42.974-04:00
VYRUS,ALI AFFRONT,,,,Accapella,2016,RAM,2016-04-15,https://www.youtube.com/watch?v=qr9ModA-fjA,75327,qr9ModA-fjA,BMCL,2024-08-03T02:43:42.974-04:00
Bauda,Henrey,,,Düsseldorf,Accapella,2016,DLTLLY,2016-04-14,https://www.youtube.com/watch?v=R8HbJGoyhqw,22811,R8HbJGoyhqw,Düsseldorf,2024-08-03T02:43:42.974-04:00
Harlem T,MC Intifada,,Alter Weinkeller,Dortmund,Accapella,2016,DLTLLY,2016-04-12,https://www.youtube.com/watch?v=qoPBN9EsKBk,12742,qoPBN9EsKBk,FreestyleBattle Dortmund,2024-08-03T02:43:42.974-04:00
Indoor Stan,Robscure,,,Berlin,Accapella,2016,DLTLLY,2016-04-10,https://www.youtube.com/watch?v=b1DojOrzF4M,44697,b1DojOrzF4M,Berlin,2024-08-03T02:43:42.974-04:00
DirtySanchez,Karma,,,Berlin,Accapella,2016,DLTLLY,2016-04-07,https://www.youtube.com/watch?v=OYTYcxTXJok,22817,OYTYcxTXJok,Berlin,2024-08-03T02:43:42.974-04:00
Scumgod,Der Schwede,,,Berlin,Accapella,2016,DLTLLY,2016-04-05,https://www.youtube.com/watch?v=kOj2TLK1mPM,16262,kOj2TLK1mPM,Berlin,2024-08-03T02:43:42.974-04:00
Muro,Marc Zufall,,,Düsseldorf,Accapella,2016,DLTLLY,2016-04-03,https://www.youtube.com/watch?v=dW94881DddE,24967,dW94881DddE,Düsseldorf,2024-08-03T02:43:42.975-04:00
Saking,Black Snowman,,,,Accapella,2016,DLTLLY,2016-03-29,https://www.youtube.com/watch?v=9T7a78JZM5A,18519,9T7a78JZM5A,NewcomerBattle FFM,2024-08-03T02:43:42.975-04:00
Nikiz,Cleptomatic,,,Berlin,Accapella,2016,DLTLLY,2016-03-27,https://www.youtube.com/watch?v=74tp1mwwcf0,64367,74tp1mwwcf0,Berlin,2024-08-03T02:43:42.975-04:00
LYRICO,TOBI NICE,,,,Accapella,2016,RAM,2016-03-25,https://www.youtube.com/watch?v=hI4-2PPQRWo,77045,hI4-2PPQRWo,BMCL,2024-08-03T02:43:42.975-04:00
Mars B.,Jack Dragon,,,,Accapella,2016,DLTLLY,2016-03-20,https://www.youtube.com/watch?v=tNYcKfDpacg,25032,tNYcKfDpacg,Privat,2024-08-03T02:43:42.975-04:00
Schalle,Aladin,,,Frankfurt am Main,Accapella,2016,DLTLLY,2016-03-17,https://www.youtube.com/watch?v=PQKWPvQXOwE,12423,PQKWPvQXOwE,FFM,2024-08-03T02:43:42.975-04:00
MfGen,Ciro,,,,Accapella,2016,DLTLLY,2016-03-15,https://www.youtube.com/watch?v=XNHOH7JhBxQ,10734,XNHOH7JhBxQ,NewcomerBattle FFM,2024-08-03T02:43:42.975-04:00
GUGO,YARAMBO,,,,Accapella,2016,RAM,2016-03-11,https://www.youtube.com/watch?v=F6kCIK5lQG0,114563,F6kCIK5lQG0,BMCL,2024-08-03T02:43:42.975-04:00
D-OS,Banal,,,,Accapella,2016,DLTLLY,2016-03-10,https://www.youtube.com/watch?v=kIrzaRvdVC4,8337,kIrzaRvdVC4,NewcomerBattle FFM,2024-08-03T02:43:42.975-04:00
BX,Patrick Enemy,,,Frankfurt am Main,Accapella,2016,DLTLLY,2016-03-08,https://www.youtube.com/watch?v=aTefZYUtprA,46479,aTefZYUtprA,FFM,2024-08-03T02:43:42.976-04:00
Tobi High & Max Stoned,Lockenkopf & Tschappy,,,Frankfurt am Main,Accapella,2016,DLTLLY,2016-03-06,https://www.youtube.com/watch?v=3gLHKfqk6yo,18764,3gLHKfqk6yo,FFM,2024-08-03T02:43:42.976-04:00
N'antinein,Dopex,,,Frankfurt am Main,Accapella,2016,DLTLLY,2016-03-03,https://www.youtube.com/watch?v=TvtQj3KDygg,15386,TvtQj3KDygg,FFM,2024-08-03T02:43:42.976-04:00
Johnny Rakete,Kex Kuhl,,,,Accapella,2016,DLTLLY,2016-02-28,https://www.youtube.com/watch?v=6mK2r5H3KxU,88273,6mK2r5H3KxU,ComplimentsBattle,2024-08-03T02:43:42.976-04:00
DUFF,LE NERD,,,,Accapella,2016,RAM,2016-02-26,https://www.youtube.com/watch?v=ILHRGfFmwEU,50359,ILHRGfFmwEU,BMCL,2024-08-03T02:43:42.975-04:00
Karma,Akanoo,,,,Accapella,2016,DLTLLY,2016-02-21,https://www.youtube.com/watch?v=JazaORAoQrk,14567,JazaORAoQrk,5 Jahre Daily Rap Jam,2024-08-03T02:43:42.977-04:00
Indoor Stan,Yarambo,,,,Accapella,2015,DLTLLY,2016-02-14,https://www.youtube.com/watch?v=jagzt8m2Hf8,121614,jagzt8m2Hf8,Bochum,2024-08-03T02:43:42.977-04:00
MC MAIK,FRESH POLAKKE,,,,Accapella,2016,RAM,2016-02-12,https://www.youtube.com/watch?v=aPd7CtuL-m0,262139,aPd7CtuL-m0,BMCL,2024-08-03T02:43:42.977-04:00
Proton,Lyrico,,,,Accapella,2015,DLTLLY,2016-02-07,https://www.youtube.com/watch?v=fSuThtR63nw,65607,fSuThtR63nw,ComplimentsBattle Bochum,skipped historical backfill
FALK,FraX One,,,,Accapella,2015,DLTLLY,2016-02-04,https://www.youtube.com/watch?v=osXtwVnSD7E,25716,osXtwVnSD7E,Bochum,2024-08-03T02:43:42.977-04:00
Notyzze,Buddi,,,,Accapella,2015,DLTLLY,2016-01-31,https://www.youtube.com/watch?v=etdezVWG0_Y,30891,etdezVWG0_Y,Bochum,2024-08-03T02:43:42.977-04:00
BUY SOME,GEORGE MIDAS,,,,Accapella,2016,RAM,2016-01-29,https://www.youtube.com/watch?v=HBKjc7iMiu8,68901,HBKjc7iMiu8,BMCL,2024-08-03T02:43:42.977-04:00
Collapz & CPE,Aresst & D.ZUM.A,,,,Accapella,2015,DLTLLY,2016-01-28,https://www.youtube.com/watch?v=RdRLoOQj0gE,22168,RdRLoOQj0gE,NewcomerBattle Bochum,2024-08-03T02:43:42.977-04:00
Fabiga,Bauda,,,,Accapella,2015,DLTLLY,2016-01-24,https://www.youtube.com/watch?v=DfxmpTNvkyg,18399,DfxmpTNvkyg,Bochum,2024-08-03T02:43:42.977-04:00
Jack Dragon,Smoke Tüü,,,,Accapella,2015,DLTLLY,2016-01-17,https://www.youtube.com/watch?v=aUdGRgaSejE,17714,aUdGRgaSejE,Stuttgart,2024-08-03T02:43:42.977-04:00
SSYNIC,BONG TEGGY - REMATCH,,,,Accapella,2016,RAM,2016-01-15,https://www.youtube.com/watch?v=z0FlpflmILU,2476920,z0FlpflmILU,BMCL,2024-08-03T02:43:42.978-04:00
Dezzad,N'Antinein,,,,Accapella,2015,DLTLLY,2016-01-14,https://www.youtube.com/watch?v=0R6CgGZz5Ek,13086,0R6CgGZz5Ek,Stuttgart,2024-08-03T02:43:42.978-04:00
Bong Teggy,Brian Damage,,,München,Accapella,2016,DLTLLY,2016-01-10,https://www.youtube.com/watch?v=MGNDNQIOwwA,861957,MGNDNQIOwwA,Bad Bars München,2024-08-03T02:43:42.978-04:00
Battleboi Basti & Dee Ho,Onkel Oktomusch & Die Zwetschke,,,,Accapella,2016,DLTLLY,2016-01-03,https://www.youtube.com/watch?v=I_lk5irw2Jc,421630,I_lk5irw2Jc,BDAY #3,2024-08-03T02:43:42.978-04:00
Nedal Nib,Mars B.,,,,Accapella,2015,DLTLLY,2015-12-27,https://www.youtube.com/watch?v=cCMR6HUQqUU,136336,cCMR6HUQqUU,B.day #2,2024-08-03T02:43:42.978-04:00
LYRICO,DAVIE JONES,,,,Accapella,2015,RAM,2015-12-25,https://www.youtube.com/watch?v=EepN4HuvLlA,98590,EepN4HuvLlA,BMCL,2024-08-03T02:43:42.978-04:00
Ali Affront,Seby Tone,,,,Accapella,2015,DLTLLY,2015-12-20,https://www.youtube.com/watch?v=us8MU7ZmmKI,26997,us8MU7ZmmKI,B.Day#2,2024-08-03T02:43:42.978-04:00
Change19 & Henrey,Tobi High & Max Stoned,,,,Accapella,2015,DLTLLY,2015-12-13,https://www.youtube.com/watch?v=hU7Q5aWUWuU,28193,hU7Q5aWUWuU,B.Day#2,2024-08-03T02:43:42.978-04:00
RV,TOBI NICE,,,,Accapella,2015,RAM,2015-12-11,https://www.youtube.com/watch?v=yqwOk88aRsI,50587,yqwOk88aRsI,BMCL,2024-08-03T02:43:42.978-04:00
Karma,Robscure,,,,Accapella,2015,DLTLLY,2015-12-06,https://www.youtube.com/watch?v=4yqAT8hW_-g,26383,4yqAT8hW_-g,B.Day#2,2024-08-03T02:43:42.978-04:00
Mave,Yarambo,,,,Accapella,2015,DLTLLY,2015-11-29,https://www.youtube.com/watch?v=O9eU9Aw-ZVI,74795,O9eU9Aw-ZVI,DAYtime Event,skipped historical backfill
AMAH,MCTWIST,,,,Accapella,2015,RAM,2015-11-28,https://www.youtube.com/watch?v=8gUddeSaqLU,70553,8gUddeSaqLU,BMCL,2024-08-03T02:43:42.979-04:00
Yilo,Indoor Stan,,,,Accapella,2015,DLTLLY,2015-11-22,https://www.youtube.com/watch?v=HccI6TAh3Ao,17282,HccI6TAh3Ao,DAYtime Event,skipped historical backfill
Hansen,George Midas,,,Berlin,Accapella,2015,DLTLLY,2015-11-15,https://www.youtube.com/watch?v=G-T1yEG9Wc4,36717,G-T1yEG9Wc4,Berlin,2024-08-03T02:43:42.979-04:00
MIKZ,MC MAIK,,,,Accapella,2015,RAM,2015-11-13,https://www.youtube.com/watch?v=P1kYQfUxr4o,58113,P1kYQfUxr4o,BMCL,2024-08-03T02:43:42.979-04:00
Fab,Cemo,,,,Accapella,2015,DLTLLY,2015-11-12,https://www.youtube.com/watch?v=nVeWgyMQjtE,19424,nVeWgyMQjtE,NewcomerBattle DAYtime Event,2024-08-03T02:43:42.979-04:00
Dezzad,Schnaxler,,,,Accapella,2015,DLTLLY,2015-11-05,https://www.youtube.com/watch?v=Qmz-Tfcex_U,13002,Qmz-Tfcex_U,DAYtime Event,2024-08-03T02:43:42.979-04:00
Le Nerd,Tobi Nice,,,Berlin,Accapella,2015,DLTLLY,2015-11-01,https://www.youtube.com/watch?v=LA7Z4-6d83s,49180,LA7Z4-6d83s,Berlin,2024-08-03T02:43:42.979-04:00
BDAD,MERLIN,,,,Accapella,2015,RAM,2015-10-30,https://www.youtube.com/watch?v=t6Xp0bvI0og,58385,t6Xp0bvI0og,BMCL,2024-08-03T02:43:42.979-04:00
Pedro,Jean-Gough Frais,,,Berlin,Accapella,2015,DLTLLY,2015-10-25,https://www.youtube.com/watch?v=G5tqGvFuKpg,17009,G5tqGvFuKpg,Berlin,2024-08-03T02:43:42.979-04:00
T Way,Nikiz,,,Berlin,Accapella,2015,DLTLLY,2015-10-18,https://www.youtube.com/watch?v=wBS3BPDO3Js,18342,wBS3BPDO3Js,Berlin,2024-08-03T02:43:42.979-04:00
MIGHTY P.,NEDAL NIB,,,,Accapella,2015,RAM,2015-10-16,https://www.youtube.com/watch?v=XofXZxOln1E,111472,XofXZxOln1E,BMCL,2024-08-03T02:43:42.979-04:00
Robscure,MDJO & Titan G,,,,Accapella,2015,DLTLLY,2015-10-15,https://www.youtube.com/watch?v=p2XDR8Zl1_I,18370,p2XDR8Zl1_I,NewcomerBattle München,skipped historical backfill
Mio Mao,Buddi,,,,Accapella,2015,DLTLLY,2015-10-11,https://www.youtube.com/watch?v=DZycRn9Ll10,49752,DZycRn9Ll10,Tapefabrik,2024-08-03T02:43:42.980-04:00
Leewun,Ma Lo,,,,Accapella,2015,DLTLLY,2015-10-08,https://www.youtube.com/watch?v=IHRG17JwtXc,14529,IHRG17JwtXc,München,skipped historical backfill
Lyrico,Mars B.,,,,Accapella,2015,DLTLLY,2015-10-04,https://www.youtube.com/watch?v=edwqNrm-dAA,73424,edwqNrm-dAA,Tapefabrik,2024-08-03T02:43:42.980-04:00
Karma,Limstar,,,München,Accapella,2015,DLTLLY,2015-09-27,https://www.youtube.com/watch?v=o-hSpdTPM1U,14056,o-hSpdTPM1U,NewcomerBattle München,2024-08-03T02:43:42.980-04:00
NOTYZZE,ALI AFFRONT,,,,Accapella,2015,RAM,2015-09-25,https://www.youtube.com/watch?v=ZBmqvUsdnyg,86220,ZBmqvUsdnyg,BMCL,2024-08-03T02:43:42.980-04:00
Henrey,Change19,,,München,Accapella,2015,DLTLLY,2015-09-20,https://www.youtube.com/watch?v=2uZd-H6oiYM,29967,2uZd-H6oiYM,NewcomerBattle München,2024-08-03T02:43:42.980-04:00
Zeptah,Yarambo,,,,Accapella,2015,DLTLLY,2015-09-17,https://www.youtube.com/watch?v=DN9HkPZljDs,40254,DN9HkPZljDs,NewcomerBattle Berlin,skipped historical backfill
Khan G,Skrab,,,,Accapella,2015,DLTLLY,2015-09-13,https://www.youtube.com/watch?v=AZOfBR-74a4,8353,AZOfBR-74a4,NewcomerBattle Berlin,skipped historical backfill
Z,DAVIE JONES,,,,Accapella,2015,RAM,2015-09-11,https://www.youtube.com/watch?v=ok6N3xcfNZg,482308,ok6N3xcfNZg,BMCL,2024-08-03T02:43:42.980-04:00
Hansen + Besser,BDad + Tobi Nice,,,,Accapella,2015,DLTLLY,2015-08-23,https://www.youtube.com/watch?v=3e8E-3UrsK4,33779,3e8E-3UrsK4,Splash 18,skipped historical backfill
Bong Teggy + Papi Schlauch,Brian Damage + Harry Crotch,,,,Accapella,2015,DLTLLY,2015-08-16,https://www.youtube.com/watch?v=flUG-vV8jsw,186985,flUG-vV8jsw,Splash 18,skipped historical backfill
Le Nerd,Davie Jones,,,Berlin,Accapella,2015,DLTLLY,2015-08-09,https://www.youtube.com/watch?v=dTGwez2RVGs,140288,dTGwez2RVGs,Berlin,2024-08-03T02:43:42.980-04:00
Lyrico,Der Fischer,,,Berlin,Accapella,2015,DLTLLY,2015-08-06,https://www.youtube.com/watch?v=e2Udzmm8L8w,94432,e2Udzmm8L8w,Berlin,2024-08-03T02:43:42.980-04:00
JOLLYJAY,MR TONGUE TWISTER,,,,Accapella,2015,DON'T FLOP,2015-08-05,https://www.youtube.com/watch?v=u0sKIr74qNM,31182,u0sKIr74qNM,Dont Flop,2024-08-03T02:43:42.980-04:00
Mighty Mo & Nedal Nib,Duff,splash! 18,Splash,Ferropolis,Accapella,2015,DLTLLY,2015-08-02,https://www.youtube.com/watch?v=8f534bjTdPQ,53505,8f534bjTdPQ,Splash 18,2024-08-03T02:43:42.980-04:00
Gregpipe + Basic,Battleboi Basti + Besser,,,Berlin,Accapella,2015,DLTLLY,2015-07-26,https://www.youtube.com/watch?v=1hxM1bSTeBQ,318382,1hxM1bSTeBQ,Berlin,2024-08-03T02:43:42.980-04:00
Mars B.,Mirror,,,Berlin,Accapella,2015,DLTLLY,2015-07-19,https://www.youtube.com/watch?v=gR8kjMySBP4,26602,gR8kjMySBP4,Berlin,2024-08-03T02:43:42.981-04:00
Tis L,T-Way,,,Berlin,Accapella,2015,DLTLLY,2015-07-16,https://www.youtube.com/watch?v=F44bnk1YOCU,28302,F44bnk1YOCU,Berlin,2024-08-03T02:43:42.981-04:00
Scumgod + DirtySanchez,Mave + MC Umbenannt,,,Berlin,Accapella,2015,DLTLLY,2015-07-12,https://www.youtube.com/watch?v=UH4PdAMGnQY,32069,UH4PdAMGnQY,Berlin,2024-08-03T02:43:42.981-04:00
Merlin,Bong Teggy,,,München,Accapella,2015,DLTLLY,2015-07-05,https://www.youtube.com/watch?v=3f92lfia1Iw,224948,3f92lfia1Iw,München,2024-08-03T02:43:42.981-04:00
Jack Dragon,Demolux,,,München,Accapella,2015,DLTLLY,2015-06-28,https://www.youtube.com/watch?v=3M5hkitrUQY,14551,3M5hkitrUQY,München,2024-08-03T02:43:42.981-04:00
P-ZAK,BONG TEGGY,,,,Accapella,2015,RAM,2015-06-28,https://www.youtube.com/watch?v=uxnJ2v9nfhw,487580,uxnJ2v9nfhw,BMCL,2024-08-03T02:43:42.981-04:00
BESSER,PROTON,,,,Accapella,2015,RAM,2015-06-21,https://www.youtube.com/watch?v=G0k2SM7LB6Q,70271,G0k2SM7LB6Q,BMCL,2024-08-03T02:43:42.981-04:00
Brian Damage,Harry Crotch,,,München,Accapella,2015,DLTLLY,2015-06-21,https://www.youtube.com/watch?v=6LevyA-T6JM,150500,6LevyA-T6JM,ComplimentsBattle München,2024-08-03T02:43:42.981-04:00
Salo + Bust Art,Kaliba + Breezy,,,,Accapella,2015,DLTLLY,2015-06-15,https://www.youtube.com/watch?v=S9xjNeQhbWQ,10956,S9xjNeQhbWQ,München,skipped historical backfill
GOZPEL,BATTLEBOI BASTI,,,,Accapella,2015,RAM,2015-06-12,https://www.youtube.com/watch?v=JpNxEeszyA8,937564,JpNxEeszyA8,BMCL,2024-08-03T02:43:42.981-04:00
Ali Affront,Fellowsoph,,,München,Accapella,2015,DLTLLY,2015-06-07,https://www.youtube.com/watch?v=fMLkNIgjsro,25565,fMLkNIgjsro,München,2024-08-03T02:43:42.982-04:00
PETSCHINO,MIGHTY MO,,,,Accapella,2015,RAM,2015-05-29,https://www.youtube.com/watch?v=Z56RuCO7frg,252857,Z56RuCO7frg,BMCL,2024-08-03T02:43:42.982-04:00
Brian Damage,Davie Jones,,,,Accapella,2015,DLTLLY,2015-05-24,https://www.youtube.com/watch?v=ac1sR229bak,98314,ac1sR229bak,Livin' HipHop Jam,2024-08-03T02:43:42.982-04:00
TIERSTAR,DIZASTER,,,,Accapella,2015,RAM,2015-05-15,https://www.youtube.com/watch?v=NEFFMcjJ3SQ,383415,NEFFMcjJ3SQ,powered by audio-technica,2024-08-03T02:43:42.982-04:00
Lyrico,Harry Crotch,,,,Accapella,2015,DLTLLY,2015-05-10,https://www.youtube.com/watch?v=e5huTSczyf4,29677,e5huTSczyf4,Livin' HipHop Jam,2024-08-03T02:43:42.982-04:00
Doktor Dave,George Midas (HipHop Convention),,,Berlin,Accapella,2015,DLTLLY,2015-05-07,https://www.youtube.com/watch?v=w6zCM9KpVBQ,15163,w6zCM9KpVBQ,Berlin,2024-08-03T02:43:42.982-04:00
Tis L,Bauda,,,Berlin,Accapella,2015,DLTLLY,2015-04-29,https://www.youtube.com/watch?v=tWUiuZc5p3Y,18604,tWUiuZc5p3Y,Berlin,2024-08-03T02:43:42.982-04:00
Nikiz,Le Nerd,,,Berlin,Accapella,2015,DLTLLY,2015-04-26,https://www.youtube.com/watch?v=-w9IPyHjXZo,47621,-w9IPyHjXZo,Berlin,2024-08-03T02:43:42.982-04:00
SSYNIC,CASHISCLAY,,,,Accapella,2015,RAM,2015-04-24,https://www.youtube.com/watch?v=PgFKjYcDtLs,1466714,PgFKjYcDtLs,BMCL,2024-08-03T02:43:42.982-04:00
Scumgod + DirtySanchez,Tschappy + Doktor Dave,,,Berlin,Accapella,2015,DLTLLY,2015-04-23,https://www.youtube.com/watch?v=a3YBKYlenFI,19160,a3YBKYlenFI,Berlin,2024-08-03T02:43:42.982-04:00
Mighty Mo,Hansen - REMATCH!,,,,Accapella,2015,DLTLLY,2015-04-19,https://www.youtube.com/watch?v=TADdGDpKWPs,150675,TADdGDpKWPs,Hamburg,2024-08-03T02:43:42.983-04:00
DeeLah,D.O.C.,,,,Accapella,2015,DLTLLY,2015-04-12,https://www.youtube.com/watch?v=a48W9qfgEr4,25046,a48W9qfgEr4,Hamburg,2024-08-03T02:43:42.983-04:00
DOKTOR DAVE,DROB DYNAMIC,,,,Accapella,2015,RAM,2015-04-10,https://www.youtube.com/watch?v=3mIpymc2NhE,115199,3mIpymc2NhE,BMCL,2024-08-03T02:43:42.983-04:00
Kenny Kansas,Core One,,,,Accapella,2015,DLTLLY,2015-04-09,https://www.youtube.com/watch?v=W1btY9KbOIo,15360,W1btY9KbOIo,Hamburg,2024-08-03T02:43:42.983-04:00
Onkel Oktomusch + Die Zwetschke,Mave + MC Umbenannt,,,,Accapella,2015,DLTLLY,2015-04-05,https://www.youtube.com/watch?v=40MavNkdI0k,118755,40MavNkdI0k,Hamburg,2024-08-03T02:43:42.983-04:00
Nedal Nib,Der Fischer,,,,Accapella,2015,DLTLLY,2015-03-29,https://www.youtube.com/watch?v=neSX-I5XmyE,101473,neSX-I5XmyE,Hamburg,2024-08-03T02:43:42.983-04:00
MERLIN,DAVIE JONES,,,,Accapella,2015,RAM,2015-03-27,https://www.youtube.com/watch?v=6Gnzk5hivPU,98334,6Gnzk5hivPU,BMCL,2024-08-03T02:43:42.983-04:00
Mac Horn + Cashus K.,PadaLash + SZD,,,,Accapella,2015,DLTLLY,2015-03-22,https://www.youtube.com/watch?v=1FO62qmqIc4,19452,1FO62qmqIc4,Hamburg,2024-08-03T02:43:42.983-04:00
Aytee,Fabiga,,,,Accapella,2015,DLTLLY,2015-03-15,https://www.youtube.com/watch?v=9N2tKrPsVss,60960,9N2tKrPsVss,DAYtime Event,2024-08-03T02:43:42.983-04:00
P-ZAK,FRESH POLAKKE,,,,Accapella,2015,RAM,2015-03-13,https://www.youtube.com/watch?v=Q9zTtHXf8_Q,329344,Q9zTtHXf8_Q,BMCL,2024-08-03T02:43:42.983-04:00
Buddi,Duff,,,,Accapella,2015,DLTLLY,2015-03-08,https://www.youtube.com/watch?v=RQdqtBa7hUw,29971,RQdqtBa7hUw,DAYtime Event,2024-08-03T02:43:42.984-04:00
Proton,Heideck,,,,Accapella,2015,DLTLLY,2015-03-01,https://www.youtube.com/watch?v=E7biTSHPeBg,17517,E7biTSHPeBg,DAYtime Event,2024-08-03T02:43:42.984-04:00
BESSER,MARS B.,,,,Accapella,2015,RAM,2015-02-27,https://www.youtube.com/watch?v=Q1qDVN5ufWw,71478,Q1qDVN5ufWw,BMCL,2024-08-03T02:43:42.984-04:00
Buy Some,T-Way,,,,Accapella,2015,DLTLLY,2015-02-22,https://www.youtube.com/watch?v=nV3WY_BWZjw,37443,nV3WY_BWZjw,DAYtime Event,2024-08-03T02:43:42.984-04:00
BDAD,TOBI NICE,,,,Accapella,2015,RAM,2015-02-13,https://www.youtube.com/watch?v=I70pYTHXrH8,67661,I70pYTHXrH8,BMCL,2024-08-03T02:43:42.984-04:00
RAPSTA,FRESH POLAKKE,,,,Accapella,2015,RAM,2015-01-30,https://www.youtube.com/watch?v=NtjahY1x55w,717101,NtjahY1x55w,BMCL,2024-08-03T02:43:42.984-04:00
Juskah,BDad,,,,Accapella,2014,DLTLLY,2015-01-25,https://www.youtube.com/watch?v=gxa7WsZIoSM,22896,gxa7WsZIoSM,B.Day#1,2024-08-03T02:43:42.984-04:00
Merlin,Schote,,,,Accapella,2014,DLTLLY,2015-01-18,https://www.youtube.com/watch?v=-NpzvlH-ge4,41696,-NpzvlH-ge4,B.Day#1,2024-08-03T02:43:42.984-04:00
MC MAIK,RONI 87,,,,Accapella,2015,RAM,2015-01-16,https://www.youtube.com/watch?v=a8hVM0mGq_E,46728,a8hVM0mGq_E,BMCL,2024-08-03T02:43:42.984-04:00
George Midas,RV,,,,Accapella,2014,DLTLLY,2015-01-11,https://www.youtube.com/watch?v=6MQjesM1jh0,23181,6MQjesM1jh0,B.Day#1,2024-08-03T02:43:42.984-04:00
Bong Teggy,Papi Schlauch,,,,Accapella,2014,DLTLLY,2015-01-04,https://www.youtube.com/watch?v=U70JIQSZkNw,181613,U70JIQSZkNw,B.Day#1,2024-08-03T02:43:42.985-04:00
BONG TEGGY,MIGHTY MO,,,,Accapella,2014,RAM,2014-12-26,https://www.youtube.com/watch?v=XuuI1Uzmt3A,547260,XuuI1Uzmt3A,BMCL,2024-08-03T02:43:42.985-04:00
Buddi,Jack Dragon,,,,Accapella,2014,DLTLLY,2014-12-21,https://www.youtube.com/watch?v=a7BPokhefac,16614,a7BPokhefac,B.Day#1,2024-08-03T02:43:42.985-04:00
Rino Mandingo + Johnny Rakete,Onkel Oktomusch + Die Zwetschke,,,,Accapella,2014,DLTLLY,2014-12-14,https://www.youtube.com/watch?v=F7STdjMpxjI,97194,F7STdjMpxjI,B.Day,2024-08-03T02:43:42.985-04:00
MERLIN,SSYNIC,,,,Accapella,2014,RAM,2014-12-12,https://www.youtube.com/watch?v=cfvDlQ4_Tgo,563737,cfvDlQ4_Tgo,BMCL,2024-08-03T02:43:42.985-04:00
Doktor Dave,Nedal Nib,,,,Accapella,2014,DLTLLY,2014-12-07,https://www.youtube.com/watch?v=2C-98kSAnvA,90327,2C-98kSAnvA,B.Day#1,2024-08-03T02:43:42.985-04:00
PILLE,TOBI NICE,,,,Accapella,2014,RAM,2014-11-28,https://www.youtube.com/watch?v=dvHDvXMW0gs,65728,dvHDvXMW0gs,SPECIAL GUEST EKO FRESH,2024-08-03T02:43:42.985-04:00
Salo,Mave,,,,Accapella,2014,DLTLLY,2014-11-16,https://www.youtube.com/watch?v=IaK7yDNITX0,24632,IaK7yDNITX0,Stuttgart,skipped historical backfill
BESSER,MC MAIK,,,,Accapella,2014,RAM,2014-11-14,https://www.youtube.com/watch?v=cxBjXzzu8UE,67923,cxBjXzzu8UE,BMCL,2024-08-03T02:43:42.985-04:00
Der Fischer,Harry Crotch,,,,Accapella,2014,DLTLLY,2014-11-09,https://www.youtube.com/watch?v=Y7aVsjvskZg,27677,Y7aVsjvskZg,Stuttgart,2024-08-03T02:43:42.985-04:00
BX,Crash Bundy,,,,Accapella,2014,DLTLLY,2014-11-02,https://www.youtube.com/watch?v=P7pIjWwY_GM,13854,P7pIjWwY_GM,Stuttgart,2024-08-03T02:43:42.985-04:00
Peter Pogen,Mars B.,,,,Accapella,2014,DLTLLY,2014-10-26,https://www.youtube.com/watch?v=nuB576G-0b4,43705,nuB576G-0b4,Stuttgart,2024-08-03T02:43:42.986-04:00
RV,JACK DRAGON,,,,Accapella,2014,RAM,2014-10-24,https://www.youtube.com/watch?v=1t4jYneSlMU,49712,1t4jYneSlMU,BMCL,2024-08-03T02:43:42.986-04:00
BDad,Smoke Tüü,,,,Accapella,2014,DLTLLY,2014-10-19,https://www.youtube.com/watch?v=RjFEs3w4x9k,45660,RjFEs3w4x9k,Stuttgart,2024-08-03T02:43:42.986-04:00
4TUNE,MERLIN,,,,Accapella,2014,RAM,2014-10-10,https://www.youtube.com/watch?v=FntcHYJRbJ8,271953,FntcHYJRbJ8,BMCL,2024-08-03T02:43:42.986-04:00
GREGPIPE,DAMION DAVIS,,,,Accapella,2014,RAM,2014-09-26,https://www.youtube.com/watch?v=aPZMBf0ZarU,434694,aPZMBf0ZarU,FEAT. DIZASTER,2024-08-03T02:43:42.986-04:00
JEAN GOUGH FRAIS,OGMIOS,,,,Accapella,2014,DON'T FLOP,2014-09-24,https://www.youtube.com/watch?v=xJh2enV5w5s,32967,xJh2enV5w5s,could not identify event,2024-08-03T02:43:42.986-04:00
IMPACT,MANIAC,,,,Accapella,2014,DON'T FLOP,2014-09-17,https://www.youtube.com/watch?v=vZU5vczCf3U,20581,vZU5vczCf3U,could not identify event,2024-08-03T02:43:42.986-04:00
Jack Dragon,Suza,,,,Accapella,2014,DLTLLY,2014-09-14,https://www.youtube.com/watch?v=bDEJXvF-nUI,15482,bDEJXvF-nUI,CoEvent,2024-08-03T02:43:42.986-04:00
SSYNIC,BONG TEGGY,,,,Accapella,2014,RAM,2014-09-12,https://www.youtube.com/watch?v=6iVykrPFKfg,1311919,6iVykrPFKfg,BMCL,2024-08-03T02:43:42.987-04:00
INNUENDO,JOLLYJAY,,,,Accapella,2014,DON'T FLOP,2014-09-10,https://www.youtube.com/watch?v=IHAEQ3v_qXg,29213,IHAEQ3v_qXg,could not identify event,2024-08-03T02:43:42.987-04:00
Nikiz,Luie-Die-Nadel,,,,Accapella,2014,DLTLLY,2014-09-07,https://www.youtube.com/watch?v=2_s20UfvW9E,14913,2_s20UfvW9E,CoEvent,2024-08-03T02:43:42.987-04:00
MR TONGUE TWISTER,BRIAN DAMAGE,,,,Accapella,2014,DON'T FLOP,2014-09-03,https://www.youtube.com/watch?v=LCVkClBmSK0,68926,LCVkClBmSK0,could not identify event,2024-08-03T02:43:42.987-04:00
Fatcap,Doktor Dave,,,,Accapella,2014,DLTLLY,2014-08-31,https://www.youtube.com/watch?v=5btIHEDh3Zg,41967,5btIHEDh3Zg,CoEvent,2024-08-03T02:43:42.987-04:00
MERLIN,RONI 87,,,,Accapella,2014,RAM,2014-08-29,https://www.youtube.com/watch?v=9YMIMdfVXII,84361,9YMIMdfVXII,BMCL,2024-08-03T02:43:42.987-04:00
Happy Beckmann & 4tune,Petschino & Juskah,splash! 17,Splash,Ferropolis,Accapella,2014,DLTLLY,2014-08-17,https://www.youtube.com/watch?v=gcvYmaoKYBs,330340,gcvYmaoKYBs,Splash #17,2024-08-03T02:43:42.988-04:00
Merlin,Gozpel,splash! 17,Splash,Ferropolis,Accapella,2014,DLTLLY,2014-08-10,https://www.youtube.com/watch?v=X6Etme4mfyY,140343,X6Etme4mfyY,Splash 17,2024-08-03T02:43:42.988-04:00
Mighty P,MC Maik,,,,Accapella,2014,DLTLLY,2014-08-07,https://www.youtube.com/watch?v=gGPgGMkU0vE,16697,gGPgGMkU0vE,EOW-Tour,2024-08-03T02:43:42.988-04:00
DuFF,Fresh Polakke,splash! 17,Splash,Ferropolis,Accapella,2014,DLTLLY,2014-08-02,https://www.youtube.com/watch?v=KVL-ldGpFlw,208791,KVL-ldGpFlw,Splash 17,2024-08-03T02:43:42.988-04:00
Duzoe & Dollar John,Der Fischer & Johnny Medez,,,,Accapella,2014,DLTLLY,2014-07-31,https://www.youtube.com/watch?v=0Dys8GpvON8,95510,0Dys8GpvON8,EOW-Tour,2024-08-03T02:43:42.988-04:00
Brian Damage + Philipp Quh,Mighty Mo + Nedal Nib,splash! 17,Splash,Ferropolis,Accapella,2014,DLTLLY,2014-07-26,https://www.youtube.com/watch?v=0uyM6aRubkg,123335,0uyM6aRubkg,Splash 17,2024-08-03T02:43:42.988-04:00
Pille,MisterOneTake,,,,Accapella,2014,DLTLLY,2014-07-24,https://www.youtube.com/watch?v=PK50fr4tGLE,22342,PK50fr4tGLE,EOW-Tour,2024-08-03T02:43:42.988-04:00
BDad,TWO,,,,Accapella,2014,DLTLLY,2014-07-17,https://www.youtube.com/watch?v=NjZpYHJ97HQ,18111,NjZpYHJ97HQ,EOW-Tour,2024-08-03T02:43:42.988-04:00
Proton,Koozy,,,,Accapella,2014,DLTLLY,2014-07-13,https://www.youtube.com/watch?v=4XKC8Ps7BgI,26869,4XKC8Ps7BgI,EOW-Tour,2024-08-03T02:43:42.988-04:00
Onkel Oktomusch & Die Zwetschke,DeeLah & MOH,,,,Accapella,2014,DLTLLY,2014-07-10,https://www.youtube.com/watch?v=L5Euo3LtaoI,70871,L5Euo3LtaoI,EOW-Tour,2024-08-03T02:43:42.988-04:00
Buddi,Veedel Kaztro,,,,Accapella,2014,DLTLLY,2014-06-29,https://www.youtube.com/watch?v=FJ_w_sSBM-4,28595,FJ_w_sSBM-4,EOW-Tour,2024-08-03T02:43:42.989-04:00
Mirko Fon,Kiddom,,,,Accapella,2014,DLTLLY,2014-06-26,https://www.youtube.com/watch?v=UDoGf75NbeY,9885,UDoGf75NbeY,EOW-Tour,2024-08-03T02:43:42.989-04:00
Mighty Mo,Hansen,,,,Accapella,2014,DLTLLY,2014-06-22,https://www.youtube.com/watch?v=Y5U4LUK-82o,183826,Y5U4LUK-82o,EOW-Tour,2024-08-03T02:43:42.928-04:00
Salo,Tanguy,,,München,Accapella,2014,DLTLLY,2014-06-19,https://www.youtube.com/watch?v=xCGvPBzwfHk,15064,xCGvPBzwfHk,München,2024-08-03T02:43:42.989-04:00
Seby Tone,Manny Blanco,,,München,Accapella,2014,DLTLLY,2014-06-15,https://www.youtube.com/watch?v=a5cH4acRj8I,22985,a5cH4acRj8I,München,2024-08-03T02:43:42.989-04:00
MIGHTY MO,FRESH POLAKKE,,,,Accapella,2014,RAM,2014-06-13,https://www.youtube.com/watch?v=1G5Vmet6MPE,849710,1G5Vmet6MPE,BMCL,2024-08-03T02:43:42.989-04:00
Merlin,Trump,,,München,Accapella,2014,DLTLLY,2014-06-08,https://www.youtube.com/watch?v=cx87Qv4ZpMA,50025,cx87Qv4ZpMA,München,2024-08-03T02:43:42.989-04:00
Jack Dragon,Davie Jones,,,München,Accapella,2014,DLTLLY,2014-06-05,https://www.youtube.com/watch?v=cOl4rAK_Otc,32038,cOl4rAK_Otc,München,2024-08-03T02:43:42.989-04:00
Johnny Rakete,Philipp Quh,,,München,Accapella,2014,DLTLLY,2014-06-01,https://www.youtube.com/watch?v=rSc36pXcf1A,86029,rSc36pXcf1A,München,2024-08-03T02:43:42.989-04:00
P-ZAK,DEKZTER FRO,,,,Accapella,2014,RAM,2014-05-30,https://www.youtube.com/watch?v=2s8hiKZcZCM,92028,2s8hiKZcZCM,BMCL,2024-08-03T02:43:42.989-04:00
SSYNIC,JACK DRAGON,,,,Accapella,2014,RAM,2014-05-16,https://www.youtube.com/watch?v=qz915i6DQ2Q,554187,qz915i6DQ2Q,BMCL,2024-08-03T02:43:42.989-04:00
Nestor,Pirate,,,Berlin,Accapella,2014,DLTLLY,2014-05-11,https://www.youtube.com/watch?v=yqORBcs5UYY,11629,yqORBcs5UYY,Berlin,2024-08-03T02:43:42.990-04:00
Nikiz,Doktor Dave,,,Berlin,Accapella,2014,DLTLLY,2014-04-27,https://www.youtube.com/watch?v=u5z_5j3cXK8,38885,u5z_5j3cXK8,Berlin,2024-08-03T02:43:42.990-04:00
PILLE,GOZPEL,,,,Accapella,2014,RAM,2014-04-25,https://www.youtube.com/watch?v=lHq-Fzsr8Ac,243893,lHq-Fzsr8Ac,BMCL,2024-08-03T02:43:42.990-04:00
Micky Worthless,Jean-Gough Frais,,,,Accapella,2014,DLTLLY,2014-04-20,https://www.youtube.com/watch?v=OPLr7GGptLY,13900,OPLr7GGptLY,international,2024-08-03T02:43:42.990-04:00
George Midas,Der Fischer,,,Berlin,Accapella,2014,DLTLLY,2014-04-13,https://www.youtube.com/watch?v=YbkN0_nETaA,52100,YbkN0_nETaA,Berlin,2024-08-03T02:43:42.990-04:00
RONI 87,KEX KUHL,,,,Accapella,2014,RAM,2014-04-11,https://www.youtube.com/watch?v=x482UpQJG4Y,62801,x482UpQJG4Y,BMCL,2024-08-03T02:43:42.990-04:00
Brian Damage & Harry Crotch,Proton & Roni 87,,,Berlin,Accapella,2014,DLTLLY,2014-04-06,https://www.youtube.com/watch?v=yn7FJYKQC2Q,98314,yn7FJYKQC2Q,Berlin,2024-08-03T02:43:42.990-04:00
MERLIN,MC MIRROR,,,,Accapella,2014,RAM,2014-03-28,https://www.youtube.com/watch?v=BKIfTyJF1lI,74002,BKIfTyJF1lI,BMCL,2024-08-03T02:43:42.990-04:00
RV,MIGHTY P.,,,,Accapella,2014,RAM,2014-03-14,https://www.youtube.com/watch?v=9NjDEMuuDpU,76005,9NjDEMuuDpU,BMCL,2024-08-03T02:43:42.990-04:00
Amah,Koozy,,,München,Accapella,2014,DLTLLY,2014-03-09,https://www.youtube.com/watch?v=HUKdpTiE85w,35062,HUKdpTiE85w,München,2024-08-03T02:43:42.990-04:00
LeeWun,Trump,,,München,Accapella,2014,DLTLLY,2014-03-02,https://www.youtube.com/watch?v=q0awwVA6XtE,27497,q0awwVA6XtE,München,2024-08-03T02:43:42.991-04:00
BRIAN DAMAGE,DROB DYNAMIC,,,,Accapella,2014,RAM,2014-02-28,https://www.youtube.com/watch?v=RjwrnfiUHOg,206231,RjwrnfiUHOg,BMCL,2024-08-03T02:43:42.991-04:00
Harry Crotch,Jack Dragon,,,München,Accapella,2014,DLTLLY,2014-02-23,https://www.youtube.com/watch?v=vAwL9nL2Tws,24599,vAwL9nL2Tws,München,2024-08-03T02:43:42.991-04:00
Merlin,Mighty P,,,München,Accapella,2014,DLTLLY,2014-02-16,https://www.youtube.com/watch?v=pKPqvqAzf4Q,103855,pKPqvqAzf4Q,München,2024-08-03T02:43:42.991-04:00
KOOZY,MIGHTY MO,,,,Accapella,2014,RAM,2014-02-14,https://www.youtube.com/watch?v=D_aQnYfvCRA,150859,D_aQnYfvCRA,BMCL,2024-08-03T02:43:42.991-04:00
Johnny Rakete,Duff,,,München,Accapella,2014,DLTLLY,2014-02-09,https://www.youtube.com/watch?v=fUvelVlxcPo,104508,fUvelVlxcPo,München,2024-08-03T02:43:42.991-04:00
Hansen,Presto,,,Berlin,Accapella,2013,DLTLLY,2014-01-26,https://www.youtube.com/watch?v=YFaEYJxVZ2E,31210,YFaEYJxVZ2E,Berlin,2024-08-03T02:43:42.991-04:00
LE NERD,FRESH POLAKKE,,,,Accapella,2014,RAM,2014-01-24,https://www.youtube.com/watch?v=fJArtxDNhT4,879189,fJArtxDNhT4,BMCL,2024-08-03T02:43:42.991-04:00
Zero2012,Der Fischer,,,Berlin,Accapella,2012,DLTLLY,2014-01-19,https://www.youtube.com/watch?v=01tb9snEcZY,19771,01tb9snEcZY,Berlin,2024-08-03T02:43:42.991-04:00
Rino Mandingo,Breeze,,,Berlin,Accapella,2013,DLTLLY,2014-01-12,https://www.youtube.com/watch?v=WyB8pGBM6A8,52292,WyB8pGBM6A8,Berlin,2024-08-03T02:43:42.991-04:00
MC Mirror,Proton,,,Berlin,Accapella,2013,DLTLLY,2014-01-05,https://www.youtube.com/watch?v=jQEEjiaNiiE,23652,jQEEjiaNiiE,Berlin,2024-08-03T02:43:42.992-04:00
Mos Prob,Maniac,,,Berlin,Accapella,2013,DLTLLY,2013-12-29,https://www.youtube.com/watch?v=hY0tBCILguU,15252,hY0tBCILguU,Berlin,2024-08-03T02:43:42.992-04:00
P-ZAK,IRON BASIC,,,,Accapella,2013,RAM,2013-12-27,https://www.youtube.com/watch?v=0qAUK-MG2eg,257448,0qAUK-MG2eg,BMCL,2024-08-03T02:43:42.992-04:00
Brian Damage,Doktor Dave,,,Berlin,Accapella,2013,DLTLLY,2013-12-22,https://www.youtube.com/watch?v=XRyY1EePVF0,91366,XRyY1EePVF0,Berlin,2024-08-03T02:43:42.992-04:00
TIERSTAR,GREGPIPE,,,,Accapella,2013,RAM,2013-12-14,https://www.youtube.com/watch?v=qSQBrHXWTOY,651670,qSQBrHXWTOY,BMCL,2024-08-03T02:43:42.992-04:00
AMAH,MIGHTY P.,,,,Accapella,2013,RAM,2013-11-29,https://www.youtube.com/watch?v=pH9E5d8YsGk,73539,pH9E5d8YsGk,BMCL,2024-08-03T02:43:42.992-04:00
SEPARATE,TAKT32,,,,Accapella,2013,RAM,2013-11-15,https://www.youtube.com/watch?v=qbbibKd189w,246185,qbbibKd189w,BMCL,2024-08-03T02:43:42.992-04:00
LAAS UNLTD.,DROB DYNAMIC,,,,Accapella,2013,RAM,2013-10-25,https://www.youtube.com/watch?v=gVzPXJa4eTI,3123382,gVzPXJa4eTI,BMCL,2024-08-03T02:43:42.992-04:00
Kizu,Trump,,,Berlin,Accapella,2013,DLTLLY,2013-10-20,https://www.youtube.com/watch?v=THhMAgBOcN8,19426,THhMAgBOcN8,Berlin,2024-08-03T02:43:42.992-04:00
Doktor Dave,Jack Dragon,,,Berlin,Accapella,2013,DLTLLY,2013-10-13,https://www.youtube.com/watch?v=QB0ZXYSkZcw,38036,QB0ZXYSkZcw,Berlin,2024-08-03T02:43:42.993-04:00
KOOZY,FATCAP,,,,Accapella,2013,RAM,2013-10-10,https://www.youtube.com/watch?v=_cSsd58nwnk,96902,_cSsd58nwnk,BMCL,2024-08-03T02:43:42.993-04:00
Rob Really,Manekin Peace,,,Berlin,Accapella,2013,DLTLLY,2013-10-06,https://www.youtube.com/watch?v=7lUMhXH2ZgE,10809,7lUMhXH2ZgE,Berlin,2024-08-03T02:43:42.993-04:00
Brian Damage,Mighty P,,,Berlin,Accapella,2013,DLTLLY,2013-09-29,https://www.youtube.com/watch?v=Z3a9iIjuFmc,62534,Z3a9iIjuFmc,Berlin,2024-08-03T02:43:42.993-04:00
P-ZAK,BATTLEBOI BASTI,,,,Accapella,2013,RAM,2013-09-27,https://www.youtube.com/watch?v=6fAOSCXdMKM,1246059,6fAOSCXdMKM,BMCL,2024-08-03T02:43:42.993-04:00
Hansen,Kurzer Prozess,,,Berlin,Accapella,2013,DLTLLY,2013-09-22,https://www.youtube.com/watch?v=8Ui9Bl4LCBg,89558,8Ui9Bl4LCBg,Berlin,2024-08-03T02:43:42.993-04:00
TightamMic,Drob Dynamic,,,,Accapella,2013,RAM,2013-06-27,https://www.youtube.com/watch?v=HUIIteZgOEo,137875,HUIIteZgOEo,BMCL,2024-08-03T02:43:42.993-04:00
P-Zak,Drob Dynamic,,,,Accapella,2013,RAM,2013-06-13,https://www.youtube.com/watch?v=V_c4iLEr7VI,107370,V_c4iLEr7VI,BMCL,2024-08-03T02:43:42.993-04:00
Tierstar,Drob Dynamic,,,,Accapella,2013,RAM,2013-05-23,https://www.youtube.com/watch?v=3xIGQWw0yBc,76439,3xIGQWw0yBc,BMCL,2024-08-03T02:43:42.993-04:00
Tierstar,P-Zak,,,,Accapella,2013,RAM,2013-05-09,https://www.youtube.com/watch?v=W3ARbDcTOgA,214986,W3ARbDcTOgA,BMCL,2024-08-03T02:43:42.993-04:00
Le Nerd,P-Zak,,,,Accapella,2013,RAM,2013-04-25,https://www.youtube.com/watch?v=YR_hbQrJFBU,69101,YR_hbQrJFBU,BMCL,2024-08-03T02:43:42.994-04:00
Percee,Le Nerd,,,,Accapella,2013,RAM,2013-04-11,https://www.youtube.com/watch?v=7s6PZzdv0wg,207688,7s6PZzdv0wg,BMCL,2024-08-03T02:43:42.994-04:00
Karate Andi,Percee,,,,Accapella,2013,RAM,2013-03-28,https://www.youtube.com/watch?v=anmpoR_npR4,218756,anmpoR_npR4,BMCL,2024-08-03T02:43:42.994-04:00
Karate Andi,Main Moe,,,,Accapella,2013,RAM,2013-03-14,https://www.youtube.com/watch?v=i-oMO81YD5E,347603,i-oMO81YD5E,BMCL,2024-08-03T02:43:42.994-04:00
Mave,Karate Andi,,,,Accapella,2013,RAM,2013-02-28,https://www.youtube.com/watch?v=TxL9xYZoikE,296422,TxL9xYZoikE,BMCL,2024-08-03T02:43:42.994-04:00
Karate Andi,Gier,,,,Accapella,2013,RAM,2013-01-25,https://www.youtube.com/watch?v=6J_YbVMq6Tc,761064,6J_YbVMq6Tc,BMCL,2024-08-03T02:43:42.994-04:00
GIER,P-ZAK,,,,Accapella,2012,RAM,2012-12-25,https://www.youtube.com/watch?v=VDxMffxIK9w,112128,VDxMffxIK9w,BMCL,2024-08-03T02:43:42.994-04:00
RV,P-ZAK,,,,Accapella,2012,RAM,2012-12-11,https://www.youtube.com/watch?v=ZMAmrXDKC2k,57345,ZMAmrXDKC2k,BMCL,2024-08-03T02:43:42.994-04:00
P-ZAK,PAPI SCHLAUCH,,,,Accapella,2012,RAM,2012-11-27,https://www.youtube.com/watch?v=JOE65_7ANE4,30543,JOE65_7ANE4,BMCL,2024-08-03T02:43:42.994-04:00
FATCAP,PAPI SCHLAUCH,,,,Accapella,2012,RAM,2012-11-13,https://www.youtube.com/watch?v=0HL7X1MoDC8,27470,0HL7X1MoDC8,BMCL,2024-08-03T02:43:42.994-04:00
PAPI SCHLAUCH,MAIN MOE,,,,Accapella,2012,RAM,2012-10-23,https://www.youtube.com/watch?v=jCugjz2O7XA,43157,jCugjz2O7XA,BMCL,2024-08-03T02:43:42.995-04:00
MAIN MOE,DER FISCHER,,,,Accapella,2012,RAM,2012-10-09,https://www.youtube.com/watch?v=szcQuWucbf8,43182,szcQuWucbf8,BMCL,2024-08-03T02:43:42.995-04:00
GIER,MAIN MOE,,,,Accapella,2012,RAM,2012-06-12,https://www.youtube.com/watch?v=0IoJTI3ijBw,149846,0IoJTI3ijBw,BMCL,2024-08-03T02:43:42.995-04:00
MAIN MOE,ATZENKALLE,,,,Accapella,2012,RAM,2012-05-22,https://www.youtube.com/watch?v=xHaX18xKgAg,275704,xHaX18xKgAg,BMCL,2024-08-03T02:43:42.998-04:00
TIERSTAR,MAIN MOE,,,,Accapella,2012,RAM,2012-04-24,https://www.youtube.com/watch?v=7vV91Bdl96U,83416,7vV91Bdl96U,BMCL,2024-08-03T02:43:42.998-04:00
FATCAP,MAIN MOE,,,,Accapella,2012,RAM,2012-04-10,https://www.youtube.com/watch?v=gGuK4lK76oU,68184,gGuK4lK76oU,BMCL,2024-08-03T02:43:42.995-04:00
MAIN MOE,TIGHTAMMIC,,,,Accapella,2012,RAM,2012-03-27,https://www.youtube.com/watch?v=WgyEvY6d55g,56548,WgyEvY6d55g,BMCL,2024-08-03T02:43:42.995-04:00
PAPI SCHLAUCH,ATZENKALLE,,,,Accapella,2012,RAM,2012-02-21,https://www.youtube.com/watch?v=3P2OojCc83A,275203,3P2OojCc83A,BMCL,2024-08-03T02:43:42.995-04:00
ATZENKALLE,P-ZAK,,,,Accapella,2012,RAM,2012-02-07,https://www.youtube.com/watch?v=1RlrFmJgUb0,384316,1RlrFmJgUb0,BMCL,2024-08-03T02:43:42.996-04:00
P-ZAK,FATCAP,,,,Accapella,2012,RAM,2012-01-24,https://www.youtube.com/watch?v=TXgYqbhPZbw,41202,TXgYqbhPZbw,BMCL,2024-08-03T02:43:42.996-04:00
ATZENKALLE,FATCAP,,,,Accapella,2012,RAM,2012-01-10,https://www.youtube.com/watch?v=3_WNGbYAEGM,169670,3_WNGbYAEGM,BMCL,2024-08-03T02:43:42.996-04:00
NESTOR,PRESTO,,,,Accapella,2011,RAM,2011-12-13,https://www.youtube.com/watch?v=7Id8LsNORpA,18358,7Id8LsNORpA,BMCL,2024-08-03T02:43:42.997-04:00
PRESTO,TIGHTAMMIC,,,,Accapella,2011,RAM,2011-11-22,https://www.youtube.com/watch?v=_zciyRJMT4I,48375,_zciyRJMT4I,BMCL,2024-08-03T02:43:42.996-04:00
TIGHTAMMIC,FATCAP,,,,Accapella,2011,RAM,2011-11-08,https://www.youtube.com/watch?v=LTgCb1EIASk,42798,LTgCb1EIASk,BMCL,2024-08-03T02:43:42.995-04:00
P-ZAK,FATCAP,,,,Accapella,2011,RAM,2011-10-25,https://www.youtube.com/watch?v=NpQ5PfavOr4,38379,NpQ5PfavOr4,BMCL,2024-08-03T02:43:42.997-04:00
FATCAP,MAIN MOE,,,,Accapella,2011,RAM,2011-10-11,https://www.youtube.com/watch?v=6ygV5kXXpOY,47725,6ygV5kXXpOY,BMCL,2024-08-03T02:43:42.997-04:00
MAIN MOE,GIER,,,,Accapella,2011,RAM,2011-09-27,https://www.youtube.com/watch?v=j851KMaKDyA,95717,j851KMaKDyA,BMCL,2024-08-03T02:43:42.995-04:00
GIER,TIERSTAR,,,,Accapella,2011,RAM,2011-06-21,https://www.youtube.com/watch?v=2XkODGxWvfE,147255,2XkODGxWvfE,BMCL,2024-08-03T02:43:42.995-04:00
GIER,JUSE JU,,,,Accapella,2011,RAM,2011-06-07,https://www.youtube.com/watch?v=1DyxMMREZ_s,66982,1DyxMMREZ_s,BMCL,2024-08-03T02:43:42.996-04:00
GIER,PIRATE,,,,Accapella,2011,RAM,2011-05-10,https://www.youtube.com/watch?v=rLsM528iCvI,40783,rLsM528iCvI,BMCL,2024-08-03T02:43:42.996-04:00
FURIOUS,TIERSTAR,,,,Accapella,2011,RAM,2011-04-12,https://www.youtube.com/watch?v=V7xmt7en-NU,28045,V7xmt7en-NU,BMCL,2024-08-03T02:43:42.996-04:00
P-ZAK,TIERSTAR,,,,Accapella,2011,RAM,2011-03-22,https://www.youtube.com/watch?v=ZVXJ36hbgRs,45491,ZVXJ36hbgRs,BMCL,2024-08-03T02:43:42.996-04:00
P-ZAK,TIERSTAR,,,,Accapella,2011,RAM,2011-01-12,https://www.youtube.com/watch?v=tNLkPJU_3Hc,70464,tNLkPJU_3Hc,BMCL,2024-08-03T02:43:42.996-04:00
Tierstar,Gier,,,,Accapella,2010,RAM,2010-11-12,https://www.youtube.com/watch?v=Jx2HyJUI7UQ,59000,Jx2HyJUI7UQ,BMCL,2024-08-03T02:43:42.998-04:00
Tierstar,Gier,,,,Accapella,2010,RAM,2010-11-11,https://www.youtube.com/watch?v=wOsC6Irs9EY,33248,wOsC6Irs9EY,BMCL,2024-08-03T02:43:42.996-04:00
Noize,Gier,,,,Accapella,2010,RAM,2010-10-29,https://www.youtube.com/watch?v=ibeHNtp8Qi4,25725,ibeHNtp8Qi4,BMCL,2024-08-03T02:43:42.995-04:00
Noize,Gier,,,,Accapella,2010,RAM,2010-10-29,https://www.youtube.com/watch?v=g65YfSomyZg,42010,g65YfSomyZg,BMCL,2024-08-03T02:43:42.998-04:00
