Name #1,Name #2,Event,Location,Stadt,Type,Year,Channel,Uploaded,URL,Views,ID,hidden,Processed
PA SPORTS,???,,,,Accapella,2026,DLTLLY,2026-06-30,https://www.youtube.com/watch?v=GacefTqdX9Q,43861,GacefTqdX9Q,Matchup Reveal,
Bdad,Bong Teggy,,,,Accapella,2026,DLTLLY,2026-06-28,https://www.youtube.com/watch?v=_WUzp_nt6SI,14273,_WUzp_nt6SI,Das Interview zum Battle One Night Stand Hannover,
Bdad,Bong Teggy,,,,Accapella,2026,DLTLLY,2026-06-28,https://www.youtube.com/watch?v=6iPV29ICcvY,64736,6iPV29ICcvY,  One Night Stand Hannover,
YOUNG KENNEDY,DER SANDMANN,,,,Accapella,2026,FOB,2026-06-26,https://www.youtube.com/watch?v=m4-hFITahgM,6303,m4-hFITahgM,RAP BATTLE,
Onkel Oktomusch,Jizi,,,,Accapella,2026,DLTLLY,2026-06-21,https://www.youtube.com/watch?v=K8Cz4FHQYE0,39516,K8Cz4FHQYE0,  One Night Stand Hannover,
FYNN,WANDELBARZ,,,,Accapella,2026,FOB,2026-06-19,https://www.youtube.com/watch?v=__M8b36irRg,13810,__M8b36irRg,RAP BATTLE,
Bault,Kriso,,,,Accapella,2026,DLTLLY,2026-06-18,https://www.youtube.com/watch?v=wgpHn5IV4Ok,11768,wgpHn5IV4Ok,  One Night Stand Hannover,
Schote,Lucs,,,,On Beat,2026,DLTLLY,2026-06-16,https://www.youtube.com/watch?v=ejqd2c-fPuc,10426,ejqd2c-fPuc,  Stuttgart,
Vyrus,Davie Jones,,,,Accapella,2026,DLTLLY,2026-06-14,https://www.youtube.com/watch?v=qcgfwnvNCb4,4595,qcgfwnvNCb4,Das Interview zum Battle One Night Stand Hannover,
Vyrus,Davie Jones,,,,Accapella,2026,DLTLLY,2026-06-14,https://www.youtube.com/watch?v=sL8zsLGBnpg,49962,sL8zsLGBnpg,  One Night Stand Hannover,
MC GEUNER,BAULT,,,,Accapella,2026,FOB,2026-06-12,https://www.youtube.com/watch?v=TsKszFVq5rQ,14417,TsKszFVq5rQ,RAP BATTLE,
RIESENLAUCH,BAULT,,,,Accapella,2026,FOB,2026-06-07,https://www.youtube.com/watch?v=oeoN1BPA2jc,3151,oeoN1BPA2jc,FACE-OFF,
Wolff,Karkobi,,,,Accapella,2026,DLTLLY,2026-06-07,https://www.youtube.com/watch?v=LWug3_KKfq8,38816,LWug3_KKfq8,  Stuttgart,
Wolff,Karkobi,,,,Accapella,2026,DLTLLY,2026-06-07,https://www.youtube.com/watch?v=KSOeIX1ebvA,5283,KSOeIX1ebvA,Das Interview zum Battle Stuttgart,
BDAD,NEILZ,,,,Accapella,2026,FOB,2026-06-05,https://www.youtube.com/watch?v=B17aVZQSv0s,39616,B17aVZQSv0s,RAP BATTLE,
Phasenkind,Requiem,,,,On Beat,2026,DLTLLY,2026-06-04,https://www.youtube.com/watch?v=UJ8mDq0AL2g,26523,UJ8mDq0AL2g,  AufTakt Turnier Viertelfinale,
BX,Jäl,,,,Accapella,2026,DLTLLY,2026-05-31,https://www.youtube.com/watch?v=xEvCsDglOzY,12800,xEvCsDglOzY,  Stuttgart,
KITANA,WOLFF,,,,Accapella,2026,FOB,2026-05-31,https://www.youtube.com/watch?v=aLwVHJV0fbU,15537,aLwVHJV0fbU,FACE-OFF,
OREGANO,DANNY DEADWEIGHT,,,,Accapella,2026,FOB,2026-05-29,https://www.youtube.com/watch?v=pKNO2GcnXLY,31768,pKNO2GcnXLY,RAP BATTLE,
Kitana,Liuz,,,,On Beat,2026,DLTLLY,2026-05-28,https://www.youtube.com/watch?v=2SWOJoAL_eo,39467,2SWOJoAL_eo,  AufTakt Turnier Viertelfinale,
Burst + T-Way,Baretta + Valik,,,,Accapella,2026,DLTLLY,2026-05-24,https://www.youtube.com/watch?v=r_VnKhLvPLE,8764,r_VnKhLvPLE,2on2  Stuttgart,
MZUDEMK,JÄL,,,,Accapella,2026,FOB,2026-05-24,https://www.youtube.com/watch?v=RVKuk3aPKtk,9170,RVKuk3aPKtk,FACE-OFF,
AMS,KARKOBI,,,,Accapella,2026,FOB,2026-05-22,https://www.youtube.com/watch?v=ZKuC5GjmQgE,16160,ZKuC5GjmQgE,RAP BATTLE,
Shortworth,Kid Soldier,,,,Accapella,2026,DLTLLY,2026-05-22,https://www.youtube.com/watch?v=HwwG26qxNVE,8334,HwwG26qxNVE,Battlerap.de,
Real Deal,Marlo,,,,Accapella,2026,DLTLLY,2026-05-22,https://www.youtube.com/watch?v=SWGILQ1S7kM,13024,SWGILQ1S7kM,Battlerap.de,
Hiding John,Kato,,,,Accapella,2026,DLTLLY,2026-05-22,https://www.youtube.com/watch?v=XFWQxZKp2Js,33660,XFWQxZKp2Js,Battlerap.de,
Neilz,Joseph Steinschleuder,,,,Accapella,2026,DLTLLY,2026-05-22,https://www.youtube.com/watch?v=HoBsRdYeJrk,24853,HoBsRdYeJrk,Battlerap.de,
Yuah,Aladin,,,,On Beat,2026,DLTLLY,2026-05-21,https://www.youtube.com/watch?v=lW-orRYSMn4,20462,lW-orRYSMn4,  AufTakt Turnier Viertelfinale,
MECHTHILD,GENEROUSISI,,,,Accapella,2026,FOB,2026-05-20,https://www.youtube.com/watch?v=8dCkX2KFzHg,2583,8dCkX2KFzHg,RAP BATTLE,
Niza + Karma,Ryko + LuckyLily,,,,Accapella,2026,DLTLLY,2026-05-17,https://www.youtube.com/watch?v=okfrjaroqdY,15587,okfrjaroqdY,Das Interview zum Battle,
Niza + Karma,Ryko + LuckyLily,,,,Accapella,2026,DLTLLY,2026-05-17,https://www.youtube.com/watch?v=-72s30AKbkY,78300,-72s30AKbkY,2on2  Frankfurt,
Andres Kaliba,MzudemK,,,,On Beat,2026,DLTLLY,2026-05-14,https://www.youtube.com/watch?v=aNn9ez8LvT8,67165,aNn9ez8LvT8,  AufTakt Turnier Viertelfinale,
STYLZ,LAVANDIA,,,,Accapella,2026,FOB,2026-05-12,https://www.youtube.com/watch?v=udRBn6CgHPM,1918,udRBn6CgHPM,RAP BATTLE,
Mikesh,Kato,,,,Accapella,2026,DLTLLY,2026-05-10,https://www.youtube.com/watch?v=piqxjN77la8,115310,piqxjN77la8,  Frankfurt,
Mikesh,Kato,,,,Accapella,2026,DLTLLY,2026-05-10,https://www.youtube.com/watch?v=52EI0IaValk,24139,52EI0IaValk,Das Interview zum Battle,
FYNN,HARLEM T,,,,Accapella,2026,FOB,2026-05-08,https://www.youtube.com/watch?v=CyB2-D2_7JQ,10057,CyB2-D2_7JQ,RAP BATTLE,
Tao,Lavas,,,,On Beat,2025,DLTLLY,2026-05-05,https://www.youtube.com/watch?v=3Bl_imkNaS4,8287,3Bl_imkNaS4,  Proving Grounds  Only 2025,
Gregpipe + Patrick Enemy,Ano-nym + Karkobi,,,,Accapella,2026,DLTLLY,2026-05-03,https://www.youtube.com/watch?v=31wUPlvyB50,13336,31wUPlvyB50,Das Interview zum Battle,
Gregpipe + Patrick Enemy,Ano-nym + Karkobi,,,,Accapella,2026,DLTLLY,2026-05-03,https://www.youtube.com/watch?v=2n-m5WBeBcg,80942,2n-m5WBeBcg,2on2  Frankfurt,
TEACH,JEPAIN,,,,Accapella,2026,FOB,2026-05-01,https://www.youtube.com/watch?v=xcwMwQtWUIU,3559,xcwMwQtWUIU,RAP BATTLE,
Yumi,Lyt,,,,On Beat,2025,DLTLLY,2026-04-30,https://www.youtube.com/watch?v=ciHXMFAoN-o,6817,ciHXMFAoN-o,  Proving Grounds  Only 2025,
Rool,Malik,,,,Accapella,2026,DLTLLY,2026-04-28,https://www.youtube.com/watch?v=4JL8V9Pt50A,5554,4JL8V9Pt50A,  Proving Grounds,
Karanova,Meidi,,,,Accapella,2026,DLTLLY,2026-04-26,https://www.youtube.com/watch?v=jaONe5sI0HE,90899,jaONe5sI0HE,  Frankfurt,
Karanova,Meidi,,,,Accapella,2026,DLTLLY,2026-04-26,https://www.youtube.com/watch?v=pO_MEo9fCwA,14883,pO_MEo9fCwA,Das Interview zum Battle,
MUSIO,DER SANDMANN,,,,Accapella,2026,FOB,2026-04-24,https://www.youtube.com/watch?v=SAXHRzyTTSY,5697,SAXHRzyTTSY,RAP BATTLE,
Maxman,Pusha,,,,On Beat,2025,DLTLLY,2026-04-23,https://www.youtube.com/watch?v=nqRPp2OhT5E,4700,nqRPp2OhT5E,  Proving Grounds  Only 2025,
Big Lion,Nour,,,,Accapella,2026,DLTLLY,2026-04-21,https://www.youtube.com/watch?v=8NaMnrNKzVo,6929,8NaMnrNKzVo,  Proving Grounds,
Fate,Young Kennedy,,,,Accapella,2026,DLTLLY,2026-04-19,https://www.youtube.com/watch?v=9yw56D1lhcY,15314,9yw56D1lhcY,  Frankfurt,
TEACH,RIESENLAUCH,,,,Accapella,2026,FOB,2026-04-17,https://www.youtube.com/watch?v=lDF9dH1LFXw,6288,lDF9dH1LFXw,RAP BATTLE,
Stormy,FEEL.ikx,,,,On Beat,2025,DLTLLY,2026-04-16,https://www.youtube.com/watch?v=6lUlDGvcq8U,4251,6lUlDGvcq8U,  Proving Grounds  Only 2025,
Der Sergeant,Mazzikaner,,,,On Beat,2025,DLTLLY,2026-04-14,https://www.youtube.com/watch?v=oNawmdGv6_c,7081,oNawmdGv6_c,  Proving Grounds  Only 2025,
Vyrus,Aytee,,,,Accapella,2026,DLTLLY,2026-04-12,https://www.youtube.com/watch?v=2hvdEHwSlfI,22943,2hvdEHwSlfI,Interview zum Battle Berlin &#39;26,
VYRUS,AYTEE,,,,On Beat,2026,DLTLLY,2026-04-12,https://www.youtube.com/watch?v=vizVXmWnlRM,154805,vizVXmWnlRM,🏆 ON BEAT TITLE MATCH 2026 🏆,
TAREK,LYT,,,,Accapella,2026,FOB,2026-04-10,https://www.youtube.com/watch?v=fIaTUgqGShM,3133,fIaTUgqGShM,TEXT-TAUSCH,
Broody,Ottik,,,,Accapella,2026,DLTLLY,2026-04-09,https://www.youtube.com/watch?v=pMpOA6WncXk,7104,pMpOA6WncXk,  Proving Grounds,
Jepain,Capco Jones,,,,Accapella,2026,DLTLLY,2026-04-05,https://www.youtube.com/watch?v=xTFdaGQmQQI,8297,xTFdaGQmQQI,  Kassel 2026,
DARKI,DOPA MANOR,,,,Accapella,2026,FOB,2026-04-03,https://www.youtube.com/watch?v=mYu6hRlxOqo,3306,mYu6hRlxOqo,RAP BATTLE,
Jilly,Tao,,,,Accapella,2026,DLTLLY,2026-04-02,https://www.youtube.com/watch?v=EdO7RtrbH0g,7931,EdO7RtrbH0g,  Proving Grounds,
MC Gefühle,Roger Rapperer,,,,Accapella,2026,DLTLLY,2026-03-31,https://www.youtube.com/watch?v=s_mAiyK4VC4,6282,s_mAiyK4VC4,  Zürich,
Neilz,Indoor Stan,,,,Accapella,2026,DLTLLY,2026-03-29,https://www.youtube.com/watch?v=jfV8k2d7IKs,47208,jfV8k2d7IKs,  Kassel 2026,
GERRO,FYNN,,,,Accapella,2026,FOB,2026-03-27,https://www.youtube.com/watch?v=ByKkUYVQTUg,7555,ByKkUYVQTUg,RAP BATTLE,
LAB,24Dias,,,,Accapella,2026,DLTLLY,2026-03-26,https://www.youtube.com/watch?v=2qfsQ-xhVeo,4758,2qfsQ-xhVeo,  Zürich,
Yuah,Ticc,,,,On Beat,2026,DLTLLY,2026-03-22,https://www.youtube.com/watch?v=qbtd7vypKFs,22648,qbtd7vypKFs,  AufTakt Turnier Achtelfinale,
PHASENKIND,CALLI,,,,Accapella,2026,FOB,2026-03-20,https://www.youtube.com/watch?v=jP7NNrIsUok,21211,jP7NNrIsUok,RAP BATTLE,
Shorteh Taunton,Phasenkind,,,,On Beat,2026,DLTLLY,2026-03-19,https://www.youtube.com/watch?v=1GTBGIhTlnM,30859,1GTBGIhTlnM,  AufTakt Turnier Achtelfinale,
Rager,Liuz,,,,On Beat,2026,DLTLLY,2026-03-17,https://www.youtube.com/watch?v=-1qXIraxtxg,16876,-1qXIraxtxg,  AufTakt Turnier Achtelfinale,
SA7VA,PURP DIVISION,,,,Accapella,2026,FOB,2026-03-15,https://www.youtube.com/watch?v=Rwuy2cTGVAk,1904,Rwuy2cTGVAk,RAP BATTLE,
Kitana,Lex177,,,,On Beat,2026,DLTLLY,2026-03-15,https://www.youtube.com/watch?v=N2oySb3MHQM,61715,N2oySb3MHQM,🎤,
MORGANA,ALLE (AMS T-WAY BARETTA GENEROUSISI),,,,Accapella,2026,FOB,2026-03-13,https://www.youtube.com/watch?v=-joYyO0kdc4,12572,-joYyO0kdc4,RAP BATTLE,
Aladin,Emenes,,,,On Beat,2026,DLTLLY,2026-03-13,https://www.youtube.com/watch?v=Z4Hsh4zO-ZM,25552,Z4Hsh4zO-ZM,  AufTakt Turnier Achtelfinale,
Requiem,Jioni,,,,On Beat,2026,DLTLLY,2026-03-11,https://www.youtube.com/watch?v=w8F4A98RGS8,18813,w8F4A98RGS8,  AufTakt Turnier Achtelfinale,
David Ardor,Der Sandmann,,,,Accapella,2026,DLTLLY,2026-03-09,https://www.youtube.com/watch?v=fHaEDXoca-o,5372,fHaEDXoca-o,  Proving Grounds,
Papi Schlauch,Kiruma,,,,Accapella,2026,DLTLLY,2026-03-09,https://www.youtube.com/watch?v=RfzJa_Z8iyQ,5129,RfzJa_Z8iyQ,Das Interview zum Battle Kassel 2026,
JÄL,VON FELIX,,,,Accapella,2026,FOB,2026-03-08,https://www.youtube.com/watch?v=uKR88ylR1Vc,17414,uKR88ylR1Vc,RAP BATTLE,
Papi Schlauch,Kiruma,,,,Accapella,2026,DLTLLY,2026-03-08,https://www.youtube.com/watch?v=E8cP9xoVsCU,55030,E8cP9xoVsCU,  Kassel 2026,
Morgana,Yuah,,,,On Beat,2025,DLTLLY,2026-03-07,https://www.youtube.com/watch?v=NxlVkP2VFLU,13891,NxlVkP2VFLU,  Battlerap Taxi BDay Bash 2025,
VYRUS,MZUDEMK,,,,Accapella,2026,FOB,2026-03-06,https://www.youtube.com/watch?v=JKbzDt5CgH0,99439,JKbzDt5CgH0,RAP BATTLE,
Yuah,Zeptah,,,,On Beat,2025,DLTLLY,2026-03-06,https://www.youtube.com/watch?v=O7XAXsCXZj0,13731,O7XAXsCXZj0,  Feel Festival 2025,
Neilz,Notyzze,,,,Accapella,2026,DLTLLY,2026-03-05,https://www.youtube.com/watch?v=lKlvY2CP-Fw,24856,lKlvY2CP-Fw,  Hamburg,
JAVAS,LUI,,,,Accapella,2026,FOB,2026-03-04,https://www.youtube.com/watch?v=8-w81NCjNCw,1740,8-w81NCjNCw,RAP BATTLE,
Nastic,MzudemK,,,,On Beat,2026,DLTLLY,2026-03-01,https://www.youtube.com/watch?v=ofXnIpxuD5Q,63667,ofXnIpxuD5Q,AufTakt - Das  Battlerap-Turnier,
ZEPTAH,TICC,,,,Accapella,2026,FOB,2026-02-27,https://www.youtube.com/watch?v=ZPPU1i7ktus,21677,ZPPU1i7ktus,RAP BATTLE,
Young Kennedy,Aladin,,,,On Beat,2025,DLTLLY,2026-02-26,https://www.youtube.com/watch?v=nnRbVliegmw,8623,nnRbVliegmw,  Proving Grounds  Only 2025,
Rager,Yuah,,,,On Beat,2026,DLTLLY,2026-02-24,https://www.youtube.com/watch?v=fODwwlJUTnM,11131,fODwwlJUTnM,  Proving Grounds  Only ´25,
Notyzze,Robscure,,,,Accapella,2026,DLTLLY,2026-02-22,https://www.youtube.com/watch?v=FoRNSLmihwk,34239,FoRNSLmihwk,  Kassel 2026,
Aladin,Mighty P,,,,On Beat,2025,DLTLLY,2026-02-21,https://www.youtube.com/watch?v=1LNFby1VNu0,7661,1LNFby1VNu0,  Battlerap Taxi BDay Bash 2025,
CIPHER,MOKO,,,,Accapella,2026,FOB,2026-02-20,https://www.youtube.com/watch?v=dJ8CEOmL608,2642,dJ8CEOmL608,RAP BATTLE,
Jäl,Mellow,,,,Accapella,2026,DLTLLY,2026-02-15,https://www.youtube.com/watch?v=WXIuer5Oml4,15769,WXIuer5Oml4,🗣,
ZATO,H1,,,,Accapella,2026,FOB,2026-02-13,https://www.youtube.com/watch?v=MuUfSc36_6U,10740,MuUfSc36_6U,RAP BATTLE,
Riesenlauch,MC Geuner,,,,Accapella,2026,DLTLLY,2026-02-08,https://www.youtube.com/watch?v=5sxyiKeEYNs,38172,5sxyiKeEYNs,  Dissember 9,
MAVERICK MILES,L-SUPREMA,,,,Accapella,2026,FOB,2026-02-06,https://www.youtube.com/watch?v=rfY5kj8srUY,6342,rfY5kj8srUY,RAP BATTLE,
Fate,Shortworth,,,,Accapella,2026,DLTLLY,2026-02-01,https://www.youtube.com/watch?v=aCCscEorf2w,28615,aCCscEorf2w,  Dissember 9,
RICOCHET,SILVER,,,,Accapella,2026,FOB,2026-02-01,https://www.youtube.com/watch?v=ekmefY3pxG0,3873,ekmefY3pxG0,RAP BATTLE,
GEMIN1,JOSEPH STEINSCHLEUDER,,,,Accapella,2026,FOB,2026-01-30,https://www.youtube.com/watch?v=ka-zuxLIE_A,24030,ka-zuxLIE_A,RAP BATTLE ENGLISH,
Meidi,Robscure,,,,Accapella,2025,DLTLLY,2026-01-25,https://www.youtube.com/watch?v=wmnWMO8RvBQ,58952,wmnWMO8RvBQ,  München 2025,
Meidi,Robscure,,,,Accapella,2026,DLTLLY,2026-01-25,https://www.youtube.com/watch?v=YMvNjnH6hbQ,10444,YMvNjnH6hbQ,Das Interview zum Battle,
BURST & T-WAY,HIDING JOHN & HEINZ87,,,,Accapella,2026,FOB,2026-01-23,https://www.youtube.com/watch?v=zjRJDG0Xn_Q,17544,zjRJDG0Xn_Q,RAP BATTLE,
Ripa,Hoodoo,,,,Accapella,2026,DLTLLY,2026-01-22,https://www.youtube.com/watch?v=4nEjyUsmMvg,4159,4nEjyUsmMvg,  Proving Grounds,
Dyas,Baretta,,,,On Beat,2025,DLTLLY,2026-01-20,https://www.youtube.com/watch?v=LkTHgzc4mwg,6318,LkTHgzc4mwg,  Battlerap Taxi BDay Bash 2025,
Jäl,Frozen,,,,Accapella,2026,DLTLLY,2026-01-18,https://www.youtube.com/watch?v=Z9mdqmXnDnM,11485,Z9mdqmXnDnM,could not identify event,
KATER99,SA7VA,,,,Accapella,2026,FOB,2026-01-16,https://www.youtube.com/watch?v=6ExQMS0Po20,3639,6ExQMS0Po20,RAP BATTLE,
Dascha,Mave,,,,Accapella,2026,DLTLLY,2026-01-13,https://www.youtube.com/watch?v=P8bFGQP2P4k,27613,P8bFGQP2P4k,  Hamburg,
Davie Jones,Kitana,,,,Accapella,2025,DLTLLY,2026-01-11,https://www.youtube.com/watch?v=lg04k4t6rmQ,89027,lg04k4t6rmQ,  München 2025,
MÄST,TESSTIMONY,,,,Accapella,2026,FOB,2026-01-11,https://www.youtube.com/watch?v=roEE44_9vT4,3780,roEE44_9vT4,RAP BATTLE,
Davie Jones,Kitana,,,,Accapella,2026,DLTLLY,2026-01-11,https://www.youtube.com/watch?v=cmdMkO1KqVI,13470,cmdMkO1KqVI,Das Interview zum Battle,
TAREK,MAMO,,,,Accapella,2026,FOB,2026-01-09,https://www.youtube.com/watch?v=7u4sLILDFkg,3964,7u4sLILDFkg,RAP BATTLE,
Shizu,Requiem,,,,Accapella,2025,DLTLLY,2026-01-04,https://www.youtube.com/watch?v=G58OamfHFF4,29935,G58OamfHFF4,  München 2025,
MOODY,WANDELBARZ,,,,Accapella,2026,FOB,2026-01-02,https://www.youtube.com/watch?v=3PKu2m4H8vc,9998,3PKu2m4H8vc,RAP BATTLE,
🥶 SSYNIC,BEASTBOY #dltlly Duration:PT1M45S Uploaded:2025-12-31 Views:32184 Channel:DLTLLY,,,,Accapella,2025,DLTLLY,2025-12-31,https://www.youtube.com/watch?v=5Dh1E_ojpus,1139199,5Dh1E_ojpus,battlerap culture Thumbnail:https:,
BEASTBOY,SSYNIC,,,,Accapella,2025,DLTLLY,2025-12-28,https://www.youtube.com/watch?v=q6vZn31er_8,1072426,q6vZn31er_8,could not identify event,
Ssynic,Beastboy,,,,Accapella,2025,DLTLLY,2025-12-28,https://www.youtube.com/watch?v=9u3vcQdMjeU,260438,9u3vcQdMjeU,Das Interview zum Battle,
FAIVEL,CAPCO JONES,,,,Accapella,2025,FOB,2025-12-26,https://www.youtube.com/watch?v=qQDPoPyCtw0,7501,qQDPoPyCtw0,RAP BATTLE,
Young Kennedy,Gerro,,,,Accapella,2025,DLTLLY,2025-12-24,https://www.youtube.com/watch?v=w1eGiZ53t3o,14897,w1eGiZ53t3o,  München 2025,
F!O,DANDROID,,,,Accapella,2025,FOB,2025-12-24,https://www.youtube.com/watch?v=D1OHI0iDq4U,11120,D1OHI0iDq4U,RAP BATTLE,
Musio,Schlawin0r,,,,Accapella,2025,DLTLLY,2025-12-21,https://www.youtube.com/watch?v=yTmz0h0MajE,10975,yTmz0h0MajE,  München 2025,
Allmani,Oudhini,,,,Accapella,2025,DLTLLY,2025-12-20,https://www.youtube.com/watch?v=WEm3ENIce48,6596,WEm3ENIce48,  Zürich,
MERLIN,BONG TEGGY,,,,Accapella,2025,FOB,2025-12-19,https://www.youtube.com/watch?v=M15yikG8_wg,60531,M15yikG8_wg,RAP BATTLE,
Cashus K & Mazzikaner,Pennakind & Tyler Bourbon,,,,Accapella,2025,DLTLLY,2025-12-14,https://www.youtube.com/watch?v=xlg81_gzpa0,9165,xlg81_gzpa0,2on2  München,
ZATO,TRIPLE,,,,Accapella,2025,FOB,2025-12-14,https://www.youtube.com/watch?v=xkK9n7Et5mA,2723,xkK9n7Et5mA,FREESTYLE BATTLE,
DAVIE JONES,FATE,,,,Accapella,2025,FOB,2025-12-12,https://www.youtube.com/watch?v=7tsHTdjf1vo,21251,7tsHTdjf1vo,RAP BATTLE,
JÄL,VON FELIX,,,,Accapella,2025,FOB,2025-12-11,https://www.youtube.com/watch?v=1sloAOBJ7X0,4572,1sloAOBJ7X0,TRAILER,
JAMAIKA KLAUS,BARETTA,,,,Accapella,2025,FOB,2025-12-09,https://www.youtube.com/watch?v=lQLcEUQHcYs,4825,lQLcEUQHcYs,could not identify event,
JOSEPH STEINSCHLEUDER,CASHISCLAY,,,,Accapella,2025,FOB,2025-12-08,https://www.youtube.com/watch?v=nLAIi1shXNs,16507,nLAIi1shXNs,FREESTYLE RAP BATTLE,
Notyzze,Triple,,,,Accapella,2025,DLTLLY,2025-12-07,https://www.youtube.com/watch?v=l9g0AAt7q0E,22968,l9g0AAt7q0E,  München 2025,
CASHUS K,HERR SÖREN,,,,Accapella,2025,FOB,2025-12-06,https://www.youtube.com/watch?v=-cBzvbMHBzY,2059,-cBzvbMHBzY,RAP BATTLE,
BAULT,FYNN,,,,Accapella,2025,FOB,2025-12-05,https://www.youtube.com/watch?v=YuOlOphdUDk,21966,YuOlOphdUDk,RAP BATTLE,
ZATO,BARETTA,,,,Accapella,2025,FOB,2025-12-02,https://www.youtube.com/watch?v=LkbaM1tUn7w,7681,LkbaM1tUn7w,RAP BATTLE,
Riesenlauch,Frax One,,,,Accapella,2025,DLTLLY,2025-11-30,https://www.youtube.com/watch?v=UIn4teZtMTU,10231,UIn4teZtMTU,  Zürich,
Saimon Disko,Lerou,,,,Accapella,2025,DLTLLY,2025-11-29,https://www.youtube.com/watch?v=HiTF8Df5bk0,5699,HiTF8Df5bk0,  Zürich,
ENYO,JÄL,,,,Accapella,2025,FOB,2025-11-28,https://www.youtube.com/watch?v=ImLeWMYysh8,9743,ImLeWMYysh8,RAP BATTLE,
Morgana & Shizu,Mighty P & Lamin,,,,On Beat,2025,DLTLLY,2025-11-25,https://www.youtube.com/watch?v=32n-EysbDX4,9826,32n-EysbDX4,  Splash Festival 2025,
Gregpipe,Meidi,,,,Accapella,2025,DLTLLY,2025-11-23,https://www.youtube.com/watch?v=jcY3FFWtCTs,136050,jcY3FFWtCTs,  Bday 12,
Gregpipe,Meidi,,,,Accapella,2025,DLTLLY,2025-11-23,https://www.youtube.com/watch?v=Mlrf7lvO0Oo,14582,Mlrf7lvO0Oo,Das Interview zum Battle,
Nastic & Valik,Requiem & Frozen,,,,On Beat,2025,DLTLLY,2025-11-22,https://www.youtube.com/watch?v=xjEyfYb_hVA,6539,xjEyfYb_hVA,  Feel &#39;25,
VON FELIX,MZUDEMK,,,,Accapella,2025,FOB,2025-11-21,https://www.youtube.com/watch?v=khE4zsuxInQ,37115,khE4zsuxInQ,RAP BATTLE,
Calli,Quame65,,,,On Beat,2025,DLTLLY,2025-11-18,https://www.youtube.com/watch?v=Q61s3Q-OkLc,6497,Q61s3Q-OkLc,  Splash Festival 2025,
Joseph Steinschleuder,Duff,,,,Accapella,2025,DLTLLY,2025-11-16,https://www.youtube.com/watch?v=1J3FJJPZ4fc,48905,1J3FJJPZ4fc,  Bday 12,
VYRUS,KRISO,,,,Accapella,2025,FOB,2025-11-14,https://www.youtube.com/watch?v=qERNJ3ZjU08,14812,qERNJ3ZjU08,RAP BATTLE,
Faivel & Young Kennedy,Andres Kaliba & A.GE,,,,On Beat,2025,DLTLLY,2025-11-14,https://www.youtube.com/watch?v=rs_J2p-5Nxk,6966,rs_J2p-5Nxk,  Splash Festival 2025,
Aytee,Pablo,,,,On Beat,2025,DLTLLY,2025-11-09,https://www.youtube.com/watch?v=JGZ6QQPKibE,81530,JGZ6QQPKibE,  Bday 12,
BUNGEE,ADAM RIESE,,,,Accapella,2025,FOB,2025-11-07,https://www.youtube.com/watch?v=gWvK_yWD0Hk,2320,gWvK_yWD0Hk,RAP BATTLE,
SSYNIC,???,,,,Accapella,2025,DLTLLY,2025-11-03,https://www.youtube.com/watch?v=mHV0ECZZEz8,217983,mHV0ECZZEz8,06.12.2025 Berlin - DISSember 9,
El Cambio,Purp Division,,,,Accapella,2025,DLTLLY,2025-11-02,https://www.youtube.com/watch?v=TUTpf3Z3o9Q,6656,TUTpf3Z3o9Q,  Zürich,
DER KATER,LUI,,,,Accapella,2025,FOB,2025-10-31,https://www.youtube.com/watch?v=hSQ1gJ0Oi2Y,2350,hSQ1gJ0Oi2Y,RAP BATTLE,
Bdad,Shizu,,,,Accapella,2025,DLTLLY,2025-10-26,https://www.youtube.com/watch?v=J0qDMBdgcGM,43068,J0qDMBdgcGM,  Bday 12,
KITANA,BDAD,,,,Accapella,2025,DLTLLY,2025-10-25,https://www.youtube.com/watch?v=TgW6YAp_izg,9286,TgW6YAp_izg,#,
MECHTHILD,TRIPLE,,,,Accapella,2025,FOB,2025-10-24,https://www.youtube.com/watch?v=5XXhcodxypE,3924,5XXhcodxypE,RAP BATTLE,
Leyla Lamour & Liuz,Ano-Nym & Grave40,,,,On Beat,2025,DLTLLY,2025-10-21,https://www.youtube.com/watch?v=B2Lew8ozYmY,17006,B2Lew8ozYmY,  Splash Festival 2025,
Yuah & LuckyLily,Gerro & Tokz,,,,On Beat,2025,DLTLLY,2025-10-19,https://www.youtube.com/watch?v=RwBm7UZ77zI,20845,RwBm7UZ77zI,  Splash! Festival,
ADY ASADICT,EMSTACC,,,,Accapella,2025,FOB,2025-10-17,https://www.youtube.com/watch?v=P4rUdIq44Go,2390,P4rUdIq44Go,RAP BATTLE,
Mordrake,Despo,,,,On Beat,2025,DLTLLY,2025-10-16,https://www.youtube.com/watch?v=SsMrGSWEH3k,7799,SsMrGSWEH3k,  Taped!,
Ano-Nym,Vyrus,,,,Accapella,2025,DLTLLY,2025-10-12,https://www.youtube.com/watch?v=9TFVhqPyL68,12467,9TFVhqPyL68,INTERVIEW 12th Bday,
Ano-Nym,Vyrus,,,,On Beat,2025,DLTLLY,2025-10-12,https://www.youtube.com/watch?v=-z0hxHuJbOc,87181,-z0hxHuJbOc,TITLE CONTENDERMATCH 12th Bday,
FYNN,DYAS,,,,Accapella,2025,FOB,2025-10-10,https://www.youtube.com/watch?v=N7Esy4XcFy0,4694,N7Esy4XcFy0,RAP BATTLE,
Dizaster,Gemin1,,,,Accapella,2025,DLTLLY,2025-10-05,https://www.youtube.com/watch?v=ENLOY68s_Uc,69585,ENLOY68s_Uc,  Berlin,
Dizaster,Gemin1,,,,Accapella,2025,DLTLLY,2025-10-05,https://www.youtube.com/watch?v=rg4vAZ-6uzs,4897,rg4vAZ-6uzs,INTERVIEW  Berlin 12th Birthday Event,
MAC,FÄNNO,,,,Accapella,2025,FOB,2025-10-05,https://www.youtube.com/watch?v=wJEEjaUDmU0,2793,wJEEjaUDmU0,RAP BATTLE,
BAULT,SA7VA,,,,Accapella,2025,FOB,2025-10-03,https://www.youtube.com/watch?v=4986AsKH2yY,4473,4986AsKH2yY,RAP BATTLE,
BlaDesa,Calli,,,,Accapella,2025,DLTLLY,2025-09-30,https://www.youtube.com/watch?v=rUTpW0OuRUQ,18464,rUTpW0OuRUQ,  Tapefabrik,
BlaDesa,Calli,,,,Accapella,2025,DLTLLY,2025-09-30,https://www.youtube.com/watch?v=oWDx4eWUlvI,2251,oWDx4eWUlvI,INTERVIEW Tapefabrik,
Kato & Ryko J,CashisClay & 4Tune,,,,Accapella,2025,DLTLLY,2025-09-28,https://www.youtube.com/watch?v=rRlHL7A6GsY,20542,rRlHL7A6GsY,  Splash 2025!,
TOBO,JAVAS,,,,Accapella,2025,FOB,2025-09-26,https://www.youtube.com/watch?v=aS2dhmR_Q9U,3435,aS2dhmR_Q9U,RAP BATTLE,
Lara Soft,Freezy,,,,Accapella,2025,DLTLLY,2025-09-23,https://www.youtube.com/watch?v=_luCDi3t-3w,16948,_luCDi3t-3w,  Taped!,
Fate & Sh@wdy Sh@f,Cashus K & Mazzikaner,,,,Accapella,2025,DLTLLY,2025-09-21,https://www.youtube.com/watch?v=r794ZPxMINc,37924,r794ZPxMINc,  Feel,
TOMMY GUN,T-WAY,,,,Accapella,2025,FOB,2025-09-19,https://www.youtube.com/watch?v=w61w1samU4k,4444,w61w1samU4k,RAP BATTLE,
Jepain,Papa TR,,,,Accapella,2025,DLTLLY,2025-09-14,https://www.youtube.com/watch?v=Q8hyICBnNQI,12193,Q8hyICBnNQI,  Freiburg,
MUSIO,TOLLSCHOCK,,,,Accapella,2025,FOB,2025-09-12,https://www.youtube.com/watch?v=XjPwbYieUQs,8211,XjPwbYieUQs,RAP BATTLE,
Capco Jonnes,Riesenlauch,,,,Accapella,2025,DLTLLY,2025-09-07,https://www.youtube.com/watch?v=nKZSBk5adnI,14863,nKZSBk5adnI,  Freiburg,
RIMA,MANEK,,,,Accapella,2025,FOB,2025-09-07,https://www.youtube.com/watch?v=Wn_Tm08TPlo,4125,Wn_Tm08TPlo,RAP BATTLE,
FAIVEL,YUNA L,,,,Accapella,2025,FOB,2025-09-05,https://www.youtube.com/watch?v=J0nUHgX5410,10440,J0nUHgX5410,RAP BATTLE,
Bdad,Kato,,,,Accapella,2025,DLTLLY,2025-08-31,https://www.youtube.com/watch?v=BaWlVU_CqR0,9712,BaWlVU_CqR0,Interview Event Name oder Stadt,
BAULT,SILVER,,,,Accapella,2025,FOB,2025-08-31,https://www.youtube.com/watch?v=SzXSJYcHl80,5527,SzXSJYcHl80,RAP BATTLE,
Bdad,Kato,,,,Accapella,2025,DLTLLY,2025-08-30,https://www.youtube.com/watch?v=GpW1688ARg0,82263,GpW1688ARg0,  Freiburg,
JIZI,KEULE257,,,,Accapella,2025,FOB,2025-08-29,https://www.youtube.com/watch?v=PlRe0-7MdtE,35333,PlRe0-7MdtE,RAP BATTLE,
BanDan,Aladin,,,,Accapella,2025,DLTLLY,2025-08-28,https://www.youtube.com/watch?v=MmlbdfDGL_M,8188,MmlbdfDGL_M,  Wien,
L-SUPREMA,LYT,,,,Accapella,2025,FOB,2025-08-24,https://www.youtube.com/watch?v=f4lsqfYo37M,5850,f4lsqfYo37M,RAP BATTLE,
Shortworth,Ryko-J,,,,Accapella,2025,DLTLLY,2025-08-24,https://www.youtube.com/watch?v=smdHGVGCCF0,52314,smdHGVGCCF0,  Freiburg,
LIUZ,DESPO,,,,Accapella,2025,FOB,2025-08-22,https://www.youtube.com/watch?v=22XkM2AtGc4,6344,22XkM2AtGc4,RAP BATTLE,
Frax One,Danny Deadweight,,,,Accapella,2025,DLTLLY,2025-08-21,https://www.youtube.com/watch?v=8DkFnov9Fow,5905,8DkFnov9Fow,  Proving Grounds,
Notyzze,Yuah,,,,Accapella,2025,DLTLLY,2025-08-20,https://www.youtube.com/watch?v=rPs1RarY43I,17790,rPs1RarY43I,Freestyle Battle NRWeekend 8,
Duff,MC Geuner,,,,Accapella,2025,DLTLLY,2025-08-19,https://www.youtube.com/watch?v=A8B7NIVqUlg,21794,A8B7NIVqUlg,  Freiburg,
TRIPLE,RALLE,,,,Accapella,2025,FOB,2025-08-17,https://www.youtube.com/watch?v=VlMReN-CMX0,3213,VlMReN-CMX0,RAP BATTLE,
Wolff,Hiding John,,,,Accapella,2025,DLTLLY,2025-08-17,https://www.youtube.com/watch?v=p46mDmjoHfg,88679,p46mDmjoHfg,Title Contender Match Freiburg,
TICC,ROOL,,,,Accapella,2025,FOB,2025-08-15,https://www.youtube.com/watch?v=NyoxA5ATQ3w,8006,NyoxA5ATQ3w,RAP BATTLE,
TRACY,MZUDEMK,,,,Accapella,2025,FOB,2025-08-10,https://www.youtube.com/watch?v=QyQ2poDBDYM,19430,QyQ2poDBDYM,GAME CHANGER VIERTELFINALE,
AMS,JÄL,,,,Accapella,2025,FOB,2025-08-09,https://www.youtube.com/watch?v=eZLTR2OLG7M,10789,eZLTR2OLG7M,GAME CHANGER VIERTELFINALE,
ENYO,DER SANDMANN,,,,Accapella,2025,FOB,2025-08-08,https://www.youtube.com/watch?v=IWWtO2HfY8g,9582,IWWtO2HfY8g,GAME CHANGER VIERTELFINALE,
H1,VON FELIX,,,,Accapella,2025,FOB,2025-08-05,https://www.youtube.com/watch?v=r5JmVhtUvho,14515,r5JmVhtUvho,GAME CHANGER VIERTELFINALE,
REQUIEM,VYRUS,,,,Accapella,2025,FOB,2025-08-01,https://www.youtube.com/watch?v=1RahrZ7_-48,22646,1RahrZ7_-48,RAP BATTLE,
YUAH,ILHAN,,,,Accapella,2025,FOB,2025-07-25,https://www.youtube.com/watch?v=_CDt4MYPi9w,14356,_CDt4MYPi9w,RAP BATTLE,
STEEL,MORGANA,,,,On Beat,2025,FOB,2025-07-18,https://www.youtube.com/watch?v=nFIMoUOATCw,27457,nFIMoUOATCw,ON BEAT TITLE MATCH,
KIRUMA,WOLFF,,,,Accapella,2025,FOB,2025-07-11,https://www.youtube.com/watch?v=cpaSwgCqRaU,66568,cpaSwgCqRaU,RAP BATTLE,
RIESENLAUCH,PALEIACCI,,,,Accapella,2025,FOB,2025-07-06,https://www.youtube.com/watch?v=PFt4LwqBAsU,8102,PFt4LwqBAsU,RAP BATTLE,
NATALI,SNAKEHEADRHYME,,,,Accapella,2025,FOB,2025-07-04,https://www.youtube.com/watch?v=-8W4n_PWzAA,13462,-8W4n_PWzAA,RAP BATTLE,
JOSEPH STEINSCHLEUDER,HARLEM T,,,,Accapella,2025,FOB,2025-06-27,https://www.youtube.com/watch?v=j6NgJDz5Pac,42209,j6NgJDz5Pac,RAP BATTLE,
Jilly,SIC68,,,,Accapella,2025,DLTLLY,2025-06-24,https://www.youtube.com/watch?v=uE5ThbpbSck,6038,uE5ThbpbSck,  Proving Grounds,
Despo,Shorteh Taunton,,,,On Beat,2025,DLTLLY,2025-06-23,https://www.youtube.com/watch?v=9btj3F3T-oo,8196,9btj3F3T-oo,   Only,
Faivel,Mellow,,,,Accapella,2025,DLTLLY,2025-06-22,https://www.youtube.com/watch?v=tCdymUD7qjk,9652,tCdymUD7qjk,  WIEN,
MC GEUNER,KRISO,,,,Accapella,2025,FOB,2025-06-20,https://www.youtube.com/watch?v=PJJZYHWUjUg,10577,PJJZYHWUjUg,RAP BATTLE,
Lazlo Mxrphine,Mighty P.,,,,On Beat,2025,DLTLLY,2025-06-19,https://www.youtube.com/watch?v=5O4q1loFp_Q,27176,5O4q1loFp_Q,   Only,
Gundalf,Purp Division,,,,Accapella,2025,DLTLLY,2025-06-17,https://www.youtube.com/watch?v=si8gDwlPxEo,9082,si8gDwlPxEo,  Proving Grounds,
Riesenlauch,Tyler Bourbon,,,,Accapella,2025,DLTLLY,2025-06-15,https://www.youtube.com/watch?v=ohUZmNFrR3g,12873,ohUZmNFrR3g,  Wien,
MOODY,YOUNG KENNEDY,,,,Accapella,2025,FOB,2025-06-13,https://www.youtube.com/watch?v=BqM7oeYeegs,6931,BqM7oeYeegs,RAP BATTLE,
Joseph Steinschleuder,Pamflit,,,,Accapella,2025,DLTLLY,2025-06-07,https://www.youtube.com/watch?v=uXTSyzP-XI0,33664,uXTSyzP-XI0,International  NRWeekend 8,
EYNAK,WANDELBARZ,,,,Accapella,2025,FOB,2025-06-06,https://www.youtube.com/watch?v=R81FPAW0Cy8,9744,R81FPAW0Cy8,RAP BATTLE,
Ticc,Mordrake,,,,On Beat,2025,DLTLLY,2025-06-05,https://www.youtube.com/watch?v=KCDHP8wl1RM,18399,KCDHP8wl1RM,Only! Panke Berlin,
RYKO-J,LUCKYLILY,,,,Accapella,2025,DLTLLY,2025-06-01,https://www.youtube.com/watch?v=QApiZWI3i6U,117126,QApiZWI3i6U,  NRWeekend 8,
YUMI,DER SANDMANN,,,,Accapella,2025,FOB,2025-06-01,https://www.youtube.com/watch?v=NCYKUvpxs-s,5260,NCYKUvpxs-s,RAP BATTLE,
Ryko-J,LuckyLily,,,,Accapella,2025,DLTLLY,2025-06-01,https://www.youtube.com/watch?v=9gVR1RPK4cY,22101,9gVR1RPK4cY,INTERVIEW NRWeekend 8,
H1,MÄST,,,,Accapella,2025,FOB,2025-05-30,https://www.youtube.com/watch?v=KiFGlNKnLw8,7300,KiFGlNKnLw8,RAP BATTLE,
Gerro,TOKZ,,,,On Beat,2025,DLTLLY,2025-05-29,https://www.youtube.com/watch?v=qO64q_vBrqU,14737,qO64q_vBrqU,  Berlin,
Vyrus,Snakeheadrhyme,,,,Accapella,2025,DLTLLY,2025-05-25,https://www.youtube.com/watch?v=TaYG3fYqX6c,27252,TaYG3fYqX6c,  NRWeekend 8,
Vyrus,Snakeheadrhyme,,,,Accapella,2025,DLTLLY,2025-05-25,https://www.youtube.com/watch?v=HzaSD52w0qw,2007,HzaSD52w0qw,INTERVIEW NRWeekend 8,
VON FELIX,TESSTIMONY,,,,Accapella,2025,FOB,2025-05-25,https://www.youtube.com/watch?v=L51lZHRiuYc,8296,L51lZHRiuYc,RAP BATTLE,
AMS,KAZRAEL,,,,Accapella,2025,FOB,2025-05-23,https://www.youtube.com/watch?v=Ioq_13OB1Vg,6998,Ioq_13OB1Vg,RAP BATTLE,
Herr Sören,Johnny Schewski,,,,On Beat,2025,DLTLLY,2025-05-22,https://www.youtube.com/watch?v=5QWp-ZmPxFw,7527,5QWp-ZmPxFw,Battle Panke Berlin,
Unanymous,Jeevz,,,,Accapella,2025,DLTLLY,2025-05-18,https://www.youtube.com/watch?v=f3JE-AzU-0c,8389,f3JE-AzU-0c,International  NRWeekend 8,
JERRY VSAN,MZUDEMK,,,,Accapella,2025,FOB,2025-05-16,https://www.youtube.com/watch?v=9T_8MnL4888,72576,9T_8MnL4888,RAP BATTLE,
Capco Jones,Heinz87,,,,Accapella,2025,DLTLLY,2025-05-15,https://www.youtube.com/watch?v=qG0_r9p6Muc,9107,qG0_r9p6Muc,  Kassel,
🏆 PPV OUT NOW - MIT TITLE MATCH STEEL,MORGANA VYRUS YUAH REQUIEM UVM.,,,,Accapella,2025,FOB,2025-05-15,https://www.youtube.com/watch?v=8SKi-c2pj1c,6945,8SKi-c2pj1c,could not identify event,
Zeuge,Moody,,,,Accapella,2025,DLTLLY,2025-05-11,https://www.youtube.com/watch?v=TXyS6b-GDFE,20784,TXyS6b-GDFE,NRWeekend 8,
JÄL,SHAWN MORENO,,,,Accapella,2025,FOB,2025-05-09,https://www.youtube.com/watch?v=HotnxCt_Y98,8834,HotnxCt_Y98,RAP BATTLE,
Ano-Nym,Morgana,,,,On Beat,2025,DLTLLY,2025-05-04,https://www.youtube.com/watch?v=4GcjUISJthk,117733,4GcjUISJthk,   Only &#39;25,
Morgana,Ano-Nym,,,,On Beat,2025,DLTLLY,2025-05-04,https://www.youtube.com/watch?v=3Bc_tXH0MQM,7948,3Bc_tXH0MQM,Interview  Only &#39;25,
RIMA,TRACY,,,,Accapella,2025,FOB,2025-05-04,https://www.youtube.com/watch?v=BGPIQFIZTa8,8494,BGPIQFIZTa8,RAP BATTLE,
THUNDER HUSTLE,ENYO,,,,Accapella,2025,FOB,2025-05-02,https://www.youtube.com/watch?v=EFQVEjRMQBc,14514,EFQVEjRMQBc,RAP BATTLE,
Bdad,Kato,,,,Accapella,2025,DLTLLY,2025-05-02,https://www.youtube.com/watch?v=A4YmPpLy6SQ,9402,A4YmPpLy6SQ,Teaser Mayhem 8,
Cashus K,Mazzikaner,,,,Accapella,2025,DLTLLY,2025-05-01,https://www.youtube.com/watch?v=8-4oBnK0qvw,9096,8-4oBnK0qvw,One Rounder  Kassel,
MAURITS,DARIO,,,,Accapella,2025,FOB,2025-04-29,https://www.youtube.com/watch?v=yY5T08XY69M,3254,yY5T08XY69M,RAP BATTLE,
Lyrico,Kiruma,,,,Accapella,2025,DLTLLY,2025-04-28,https://www.youtube.com/watch?v=Mc2aXEyvTCU,8654,Mc2aXEyvTCU,Match-Teaser für MAYhem 8 - 03.05.25 - Berlin,
Emenes,Joseph Steinschleuder,,,,Accapella,2025,DLTLLY,2025-04-27,https://www.youtube.com/watch?v=dmih32mOqvI,152385,dmih32mOqvI,   Berlin,
MOKO,HARLEM T,,,,Accapella,2025,FOB,2025-04-27,https://www.youtube.com/watch?v=Z7zbdw0lQE0,4387,Z7zbdw0lQE0,RAP BATTLE,
FAIVEL,KRISO,,,,Accapella,2025,FOB,2025-04-25,https://www.youtube.com/watch?v=FfSCHXhfYMw,7844,FfSCHXhfYMw,RAP BATTLE,
Sizyphos,Wolff,,,,Accapella,2025,DLTLLY,2025-04-20,https://www.youtube.com/watch?v=XBXwa0j6NAY,12894,XBXwa0j6NAY,Interview Kassel,
BARETTA,LYT,,,,Accapella,2025,FOB,2025-04-20,https://www.youtube.com/watch?v=gDMtxVnkhjM,5573,gDMtxVnkhjM,RAP BATTLE,
Sizyphos,Wolff,,,,Accapella,2025,DLTLLY,2025-04-20,https://www.youtube.com/watch?v=LvFNAUPx3bo,114398,LvFNAUPx3bo,  Kassel,
LAVAS,FYNN,,,,Accapella,2025,FOB,2025-04-18,https://www.youtube.com/watch?v=VjmsWn79FUw,9610,VjmsWn79FUw,RAP BATTLE,
Ferry,Shizu,,,,Accapella,2025,DLTLLY,2025-04-13,https://www.youtube.com/watch?v=g2pFv1bIBXE,29950,g2pFv1bIBXE,  Kassel,
CELUNE,BDAD,,,,Accapella,2025,FOB,2025-04-11,https://www.youtube.com/watch?v=q7sXw-FC4YY,36032,q7sXw-FC4YY,RAP BATTLE,
Ryko J,Fate,,,,Accapella,2025,DLTLLY,2025-04-10,https://www.youtube.com/watch?v=lKGDAMNjHLE,37211,lKGDAMNjHLE,  DISSember 8,
Bdad,Kitana,,,,Accapella,2025,DLTLLY,2025-04-09,https://www.youtube.com/watch?v=__C8BljtrHc,11530,__C8BljtrHc,Teaser Wien 12.04.,
Yarambo,Meidi,,,,Accapella,2025,DLTLLY,2025-04-06,https://www.youtube.com/watch?v=kxIw0Z2ZA6k,12679,kxIw0Z2ZA6k,Interview DISSember8,
Yarambo,Meidi,,,,Accapella,2025,DLTLLY,2025-04-06,https://www.youtube.com/watch?v=UxQTqBKXUfI,141038,UxQTqBKXUfI,  DISSember 8,
HIDING JOHN,JIZI,,,,Accapella,2025,FOB,2025-04-04,https://www.youtube.com/watch?v=GFEPBGtw94I,84160,GFEPBGtw94I,RAP BATTLE,
Craze,Neilz,,,,Accapella,2025,DLTLLY,2025-03-30,https://www.youtube.com/watch?v=lVopiPk8pfE,27225,lVopiPk8pfE,Interview Dissember8,
Craze,Neilz,,,,Accapella,2025,DLTLLY,2025-03-30,https://www.youtube.com/watch?v=3p2GdJMQ6GA,150821,3p2GdJMQ6GA,  Dissember 8,
OREGANO,DAVIE JONES,,,,Accapella,2025,FOB,2025-03-28,https://www.youtube.com/watch?v=vJvkxeKeC3w,87656,vJvkxeKeC3w,RAP BATTLE,
DAVIE JONES,BEASTBOY,,,,Accapella,2025,DLTLLY,2025-03-23,https://www.youtube.com/watch?v=E2s4ZnUUzWo,306996,E2s4ZnUUzWo,Interview NRWeekend 8,
Davie Jones,BEASTBOY,,,,Accapella,2025,DLTLLY,2025-03-23,https://www.youtube.com/watch?v=2gujsLjMnU0,3068933,2gujsLjMnU0,  NRWeekend 8,
JOSEPH STEINSCHLEUDER,VYRUS,,,,Accapella,2025,FOB,2025-03-21,https://www.youtube.com/watch?v=VW9JWWYWTAc,75132,VW9JWWYWTAc,RAP BATTLE,
Aytee,Karanova,,,,Accapella,2025,DLTLLY,2025-03-16,https://www.youtube.com/watch?v=s501ewLwo1w,9946,s501ewLwo1w,Interview Berlin &#39;25,
Aytee,Karanova,,,,On Beat,2025,DLTLLY,2025-03-16,https://www.youtube.com/watch?v=SYo3zBQzwtQ,275983,SYo3zBQzwtQ,🏆 ON BEAT TITLE MATCH 2025 🏆,
KALP ONE,VALIK,,,,Accapella,2024,FOB,2025-03-14,https://www.youtube.com/watch?v=pJA2VSeUyrw,7657,pJA2VSeUyrw,RAP BATTLE,
Kato,Tobi High,DISSember 8,Festsaal Kreuzberg,Berlin,Accapella,2024,DLTLLY,2025-03-09,https://www.youtube.com/watch?v=KYE2dCsI8oU,118721,KYE2dCsI8oU,🏆 Title Match 2024 DISSember 8 🏆 ,
Kato,Tobi High,DISSember 8,Festsaal Kreuzberg,Berlin,Accapella,2025,DLTLLY,2025-03-09,https://www.youtube.com/watch?v=Se4aQd0xzL4,25320,Se4aQd0xzL4,Interview zum Title Match Dissember 8,
LUCKYLILY,T-WAY,Unbeatable,,,Accapella,2025,FOB,2025-03-07,https://www.youtube.com/watch?v=jogDDg8UrT0,15311,jogDDg8UrT0,RAP BATTLE,
Hiding John,Requiem,DISSember 8,Festsaal Kreuzberg,Berlin,Accapella,2025,DLTLLY,2025-03-02,https://www.youtube.com/watch?v=sVftXy-84ME,60346,sVftXy-84ME,  DISSember 8,
TICC,FEEL.IKX,Unbeatable,,,Accapella,2025,FOB,2025-02-28,https://www.youtube.com/watch?v=AFaZPkRlbVQ,6917,AFaZPkRlbVQ,RAP BATTLE,
Robscure,Karkobi,,,Kassel,Accapella,2025,DLTLLY,2025-02-23,https://www.youtube.com/watch?v=cPiNUjyXRv4,56634,cPiNUjyXRv4,  Kassel,
ALADIN,KOOZY,,,,Accapella,2025,FOB,2025-02-21,https://www.youtube.com/watch?v=90w3P4aaCew,5718,90w3P4aaCew,RAP BATTLE,
Requiem,Sizyphos,,,,Accapella,2025,DLTLLY,2025-02-16,https://www.youtube.com/watch?v=nkkgsZG1RTI,75074,nkkgsZG1RTI,  Freiburg &#39;24,
Requiem,Sizyphos,,,,Accapella,2025,DLTLLY,2025-02-16,https://www.youtube.com/watch?v=J0tMmTZQYlo,4317,J0tMmTZQYlo,Interview Freiburg,
MAZZIKANER & CASHUS K,LAZLO MXRPHINE & DOKTOR LUKAS FRANK,,,,Accapella,2025,FOB,2025-02-14,https://www.youtube.com/watch?v=3_KX2HILsCU,6999,3_KX2HILsCU,RAP BATTLE,
Davie Jones,Craze,,,,Accapella,2025,DLTLLY,2025-02-09,https://www.youtube.com/watch?v=cTXwSOqrZXY,73221,cTXwSOqrZXY,  Freiburg &#39;24,
Craze,Davie Jones,,,,Accapella,2025,DLTLLY,2025-02-09,https://www.youtube.com/watch?v=7Viv4hq0jEo,6696,7Viv4hq0jEo,Interview Freiburg &#39;24,
NOTYZZE,YUAH,,,,Accapella,2025,FOB,2025-02-07,https://www.youtube.com/watch?v=BvO2sdUm1q4,43379,BvO2sdUm1q4,RAP BATTLE,
Moody,Celune,,,,Accapella,2025,DLTLLY,2025-02-06,https://www.youtube.com/watch?v=wytgWL8RCEA,27529,wytgWL8RCEA,  Freiburg &#39;24,
Moody,Celune,,,,Accapella,2025,DLTLLY,2025-02-06,https://www.youtube.com/watch?v=e_BdozUEAf8,3350,e_BdozUEAf8,Interview Freiburg &#39;24,
Aytee,Karanova,,,,On Beat,2025,DLTLLY,2025-02-04,https://www.youtube.com/watch?v=Zp6mL0C23YM,11462,Zp6mL0C23YM,Title Match - Provokation  Only Berlin,
Shortworth,Young Kennedy,,,,Accapella,2025,DLTLLY,2025-02-02,https://www.youtube.com/watch?v=Jb7nLnvt9xk,948,Jb7nLnvt9xk,Interview Freiburg &#39;24,
Young Kennedy,Shortworth,,,,Accapella,2025,DLTLLY,2025-02-02,https://www.youtube.com/watch?v=AtYLF4rn1R8,16138,AtYLF4rn1R8,  Freiburg &#39;24,
HEINZ87,LATIK,,,,Accapella,2025,FOB,2025-01-31,https://www.youtube.com/watch?v=NDHVCiqnl1c,5308,NDHVCiqnl1c,RAP BATTLE,
Faivel,Riesenlauch,,,Freiburg,Accapella,2025,DLTLLY,2025-01-26,https://www.youtube.com/watch?v=5WnR6TDxAhg,15994,5WnR6TDxAhg,  Freiburg 24,
Faivel,Riesenlauch,,,,Accapella,2025,DLTLLY,2025-01-26,https://www.youtube.com/watch?v=ECj6jzGhp2Q,1271,ECj6jzGhp2Q,Interview Freiburg 24,
NRG,FROZEN,,,,Accapella,2025,FOB,2025-01-24,https://www.youtube.com/watch?v=lr-V4CfntNI,4442,lr-V4CfntNI,RAP BATTLE,
Bdad,Indoor Stan,,,Freiburg,Accapella,2025,DLTLLY,2025-01-19,https://www.youtube.com/watch?v=PEXAziy1EDo,52245,PEXAziy1EDo,  Freiburg 24,
Bdad,Indoor Stan,,,,Accapella,2025,DLTLLY,2025-01-19,https://www.youtube.com/watch?v=kb2BDEOUYwA,3812,kb2BDEOUYwA,Interview Freiburg,
MOODY,ROOL,,,,Accapella,2025,FOB,2025-01-17,https://www.youtube.com/watch?v=14zNL0MQ9XQ,5669,14zNL0MQ9XQ,RAP BATTLE,
Kiruma,Notyzze,,,,Accapella,2025,DLTLLY,2025-01-12,https://www.youtube.com/watch?v=KUwb8QdHF0w,37938,KUwb8QdHF0w,  BORA Duisburg,
Notyzze,Kiruma,,,,Accapella,2025,DLTLLY,2025-01-12,https://www.youtube.com/watch?v=IIUieRMUmxo,6215,IIUieRMUmxo,Interview BORA Duisburg,
CUBSAOUI,WATNKERL,,,,Accapella,2025,FOB,2025-01-10,https://www.youtube.com/watch?v=qpFKueKM-Bs,4921,qpFKueKM-Bs,RAP BATTLE,
Despo,LAZLO MXRPHINE,,,,On Beat,2025,DLTLLY,2025-01-09,https://www.youtube.com/watch?v=w9fzWlAcwio,28487,w9fzWlAcwio,Full   Duisburg,
Mighty P,Duff,,,,Accapella,2024,DLTLLY,2025-01-05,https://www.youtube.com/watch?v=iP82Tmhs7QA,20911,iP82Tmhs7QA,  Duisburg 2024,
YUNA L,LUG,,,,Accapella,2025,FOB,2025-01-03,https://www.youtube.com/watch?v=kmIj06LSgh8,12183,kmIj06LSgh8,RAP BATTLE,
Zeptah,Shorteh Taunton,,,,On Beat,2025,DLTLLY,2025-01-02,https://www.youtube.com/watch?v=p36W5ErNVMs,17477,p36W5ErNVMs,Full Live   Feel Festival,
Ryko J,Nastic,,,,Accapella,2024,DLTLLY,2024-12-29,https://www.youtube.com/watch?v=r1gs-4umHNM,28864,r1gs-4umHNM,  Duisburg,
MUSIO,TAO,,,,Accapella,2024,FOB,2024-12-27,https://www.youtube.com/watch?v=H7fxAgomU4g,10002,H7fxAgomU4g,RAP BATTLE,
CSN Galactico & Nastic,Shizu & Morgana,,,,On Beat,2024,DLTLLY,2024-12-26,https://www.youtube.com/watch?v=jv29TjM8rpI,19894,jv29TjM8rpI,Live   Splash Festival 2024,
OREGANO,NATALI,,,,Accapella,2024,FOB,2024-12-24,https://www.youtube.com/watch?v=Hv3vSoclkiU,51359,Hv3vSoclkiU,RAP BATTLE,
Aytee,Davie Jones,,,,Accapella,2024,DLTLLY,2024-12-22,https://www.youtube.com/watch?v=Cte96RAY8Eg,175622,Cte96RAY8Eg,  Duisburg 2024,
KATO,EZRA,,,,Accapella,2024,FOB,2024-12-22,https://www.youtube.com/watch?v=tzoyIe03xrY,21479,tzoyIe03xrY,RAP BATTLE,
CLOCKWORK,PALEIACCI,,,,Accapella,2024,FOB,2024-12-21,https://www.youtube.com/watch?v=iVFXKkpYfIs,5772,iVFXKkpYfIs,LEVEL UP FINALE,
JOSEPH STEINSCHLEUDER,CSN GALACTICO,,,,Accapella,2024,FOB,2024-12-20,https://www.youtube.com/watch?v=bJ8227BsnDk,95210,bJ8227BsnDk,RAP BATTLE,
MATTIS,CRAZYO,,,,Accapella,2024,FOB,2024-12-19,https://www.youtube.com/watch?v=h7mOdHjhmKY,7316,h7mOdHjhmKY,RAP BATTLE,
Karanova,Ano-Nym,,,,On Beat,2024,DLTLLY,2024-12-19,https://www.youtube.com/watch?v=DHK_5lqwzJY,44477,DHK_5lqwzJY, splashfest  2024,
FYNN,SACHMA,,,,Accapella,2024,FOB,2024-12-18,https://www.youtube.com/watch?v=_djYJf_aEMc,5906,_djYJf_aEMc,RAP BATTLE,
BDAD,STEEL,,,,Accapella,2024,FOB,2024-12-16,https://www.youtube.com/watch?v=P3N0ynzvueM,17304,P3N0ynzvueM,RAP BATTLE,
Freekno,Gerro,,,,Accapella,2024,DLTLLY,2024-12-15,https://www.youtube.com/watch?v=9gqaV2Oygk8,13308,9gqaV2Oygk8,  Duisburg,
DANNY DEADWEIGHT,HERR SÖREN,,,,Accapella,2024,FOB,2024-12-15,https://www.youtube.com/watch?v=LH8Jm328qJ8,7457,LH8Jm328qJ8,RAP BATTLE,
PAPI SCHLAUCH,SIZYPHOS,,,,Accapella,2024,FOB,2024-12-13,https://www.youtube.com/watch?v=yTCdd3uhIFw,103496,yTCdd3uhIFw,RAP BATTLE,
P-HAZE,SID,,,,Accapella,2024,FOB,2024-12-09,https://www.youtube.com/watch?v=qDRNB1U0k0Y,2417,qDRNB1U0k0Y,RAP BATTLE,
Tobi High,Karma,,,,Accapella,2024,DLTLLY,2024-12-08,https://www.youtube.com/watch?v=Qfi3sqsUs-Y,15057,Qfi3sqsUs-Y,&amp; Interview Splash Festival 2024,
CRAZE,HIDING JOHN,,,,Accapella,2024,FOB,2024-12-06,https://www.youtube.com/watch?v=XwzQlYQviOY,119250,XwzQlYQviOY,RAP BATTLE,
EIN LETZTES MAL: Yarambo,Meidi,,,,Accapella,2024,DLTLLY,2024-12-04,https://www.youtube.com/watch?v=-dUVckiODDg,26922,-dUVckiODDg,07. Dezember Festsaal Kreuzberg SOLD OUT,
Bong Teggy,Fate,,,,On Beat,2024,DLTLLY,2024-12-01,https://www.youtube.com/watch?v=uwVdRxPLKtk,67576,uwVdRxPLKtk,  Feel Festival,
VYRUS,MORGANA,,,,Accapella,2024,FOB,2024-11-29,https://www.youtube.com/watch?v=9YCHMLzIcus,42543,9YCHMLzIcus,RAP BATTLE,
Joseph Steinschleuder,BanDan,,,,On Beat,2024,DLTLLY,2024-11-28,https://www.youtube.com/watch?v=GV0mRT9rTv0,28014,GV0mRT9rTv0,  Feel Festival,
Ferry & Duzoe,Sizyphos & Fate,,,,On Beat,2024,DLTLLY,2024-11-24,https://www.youtube.com/watch?v=fZyWsFSPtxE,106512,fZyWsFSPtxE,2on2   Splash,
3 &quot;ZINZITYS&quot;,NATALI,,,,Accapella,2024,FOB,2024-11-24,https://www.youtube.com/watch?v=AnW-N-13mEk,11272,AnW-N-13mEk,RAP BATTLE,
KARANOVA,STEEL,,,,Accapella,2024,FOB,2024-11-22,https://www.youtube.com/watch?v=hCjCg8iUEiM,23452,hCjCg8iUEiM,RAP BATTLE,
Kid Soldier,Lyrico,,,,Accapella,2024,DLTLLY,2024-11-21,https://www.youtube.com/watch?v=rh_32fJVF_Y,19862,rh_32fJVF_Y,&amp; Interview Splash Festival,
Freestyle Turnier 4/7: Fate,Shizu,,,,Accapella,2024,DLTLLY,2024-11-19,https://www.youtube.com/watch?v=9W-6Wv-_xC0,9576,9W-6Wv-_xC0,Vorrunde B-DAY 11,
DER KATER,JAMAIKA KLAUS,,,,Accapella,2024,FOB,2024-11-17,https://www.youtube.com/watch?v=znyQsdCEmYA,4044,znyQsdCEmYA,RAP BATTLE,
Bong Teggy,Hiding John,,,,Accapella,2024,DLTLLY,2024-11-17,https://www.youtube.com/watch?v=-XMBtTEwHcc,246177,-XMBtTEwHcc,  Bday 11,
Bong Teggy,Hiding John,,,,Accapella,2024,DLTLLY,2024-11-17,https://www.youtube.com/watch?v=B4qGn4U-Ju4,13549,B4qGn4U-Ju4,Interview Event Name oder Stadt,
FABS,YOUNG KENNEDY,,,,Accapella,2024,FOB,2024-11-15,https://www.youtube.com/watch?v=jyYNsrDR9BQ,9536,jyYNsrDR9BQ,RAP BATTLE,
TICC,GEORGIE,,,,Accapella,2024,FOB,2024-11-10,https://www.youtube.com/watch?v=mxTayKYnmQk,5728,mxTayKYnmQk,RAP BATTLE,
LuckyLily & Sh@wdy Sh@f,Shizu & Morgana,,,,On Beat,2024,DLTLLY,2024-11-10,https://www.youtube.com/watch?v=YeUReNWt9ho,185037,YeUReNWt9ho,Battle + Interview Feel Festival,
KIRUMA,TOKZ,,,,Accapella,2024,FOB,2024-11-08,https://www.youtube.com/watch?v=hRe2Ze0d9oY,8386,hRe2Ze0d9oY,RAP BATTLE,
Moonshadow,Riesenlauch,,,,Accapella,2024,DLTLLY,2024-11-07,https://www.youtube.com/watch?v=4TPCafzSUg4,8078,4TPCafzSUg4,  Proving Grounds,
Freestyle Turnier 3/7: Papi Schlauch,Yuah,,,,Accapella,2024,DLTLLY,2024-11-05,https://www.youtube.com/watch?v=HMzkYuFqc-Q,15055,HMzkYuFqc-Q,Vorrunde B-DAY 11,
Cashisclay & 4Tune,Freezy & Vyrus,,,,Accapella,2024,DLTLLY,2024-11-03,https://www.youtube.com/watch?v=mmcJqPP9m8c,50090,mmcJqPP9m8c,#ERROR!,
LAVAŞ,CUBSAOUI,,,,Accapella,2024,FOB,2024-11-03,https://www.youtube.com/watch?v=DiDEe5uvyaU,5058,DiDEe5uvyaU,RAP BATTLE,
ZATO,HEYZEN,,,,Accapella,2024,FOB,2024-11-01,https://www.youtube.com/watch?v=Eu2QW0x-9A0,4817,Eu2QW0x-9A0,RAP BATTLE,
Mattis & Sid,Aladin & Natali,,,,Accapella,2024,DLTLLY,2024-10-31,https://www.youtube.com/watch?v=c05Xip_nkxM,7652,c05Xip_nkxM,2on2  Proving Grounds,
Freestyle Turnier 2/7: Nastic,Mighty P,,,,Accapella,2024,DLTLLY,2024-10-29,https://www.youtube.com/watch?v=KYCo-Z656io,10802,KYCo-Z656io,Vorrunde B-DAY 11,2024-10-31T00:40:22.269-04:00
Oregano,Karanova,,,,Accapella,2024,DLTLLY,2024-10-27,https://www.youtube.com/watch?v=OQVvKIQSGAc,77841,OQVvKIQSGAc,  Bday 11,2024-10-28T00:47:37.561-04:00
Oregano,Karanova,,,,Accapella,2024,DLTLLY,2024-10-27,https://www.youtube.com/watch?v=IYFcf4pRKCM,8591,IYFcf4pRKCM,Interview Bday 11,2024-10-28T00:47:37.564-04:00
SHADYX,HOODOO,,,,Accapella,2024,FOB,2024-10-27,https://www.youtube.com/watch?v=BKtyaBhlrKk,2693,BKtyaBhlrKk,RAP BATTLE,2024-10-28T12:47:37.070-04:00
BURST & T-WAY,DER SERGEANT & EZRA,,,,Accapella,2024,FOB,2024-10-25,https://www.youtube.com/watch?v=8kr6kd2gUkI,4245,8kr6kd2gUkI,RAP BATTLE,2024-10-26T13:13:45.896-04:00
Der Sergeant,Capco Jones,,,,Accapella,2024,DLTLLY,2024-10-24,https://www.youtube.com/watch?v=VxEGTR28vXE,9677,VxEGTR28vXE,  Proving Grounds,2024-10-25T13:13:45.438-04:00
Freestyle Turnier 1/7: Joseph Steinschleuder,N&#39;Antinein,,,,Accapella,2024,DLTLLY,2024-10-22,https://www.youtube.com/watch?v=awJH7gu-mXo,18658,awJH7gu-mXo,Vorrunde B-DAY 11,2024-10-23T13:13:45.762-04:00
JILLY,LUG,,,,Accapella,2024,FOB,2024-10-20,https://www.youtube.com/watch?v=H33I5G3bHdo,3177,H33I5G3bHdo,RAP BATTLE,2024-10-21T13:13:44.937-04:00
Kid Soldier,Requiem,BDAY 11,Festsaal Kreuzberg,Berlin,Accapella,2024,DLTLLY,2024-10-20,https://www.youtube.com/watch?v=0Ps66ihY4P4,3742,0Ps66ihY4P4,Interview BDay 11,2024-10-21T13:13:44.937-04:00
Kid Soldier,Requiem,,,,Accapella,2024,DLTLLY,2024-10-20,https://www.youtube.com/watch?v=6Ef4eIXn3iI,31752,6Ef4eIXn3iI,  BDay 11,2024-10-22T13:13:45.186-04:00
PALEIACCI,FAIVEL,,,,Accapella,2024,FOB,2024-10-18,https://www.youtube.com/watch?v=LCS1uMgU5no,7400,LCS1uMgU5no,RAP BATTLE,2024-10-19T13:13:44.452-04:00
CLOCKWORK,PALEIACCI,,,,Accapella,2024,FOB,2024-10-16,https://www.youtube.com/watch?v=JCWqh80-yYQ,1857,JCWqh80-yYQ,TEASER LEVEL UP FINALE,2024-10-17T13:13:44.416-04:00
CLOCKWORK,KRISO,,,,Accapella,2024,FOB,2024-10-13,https://www.youtube.com/watch?v=XPg7-YRYs-0,5425,XPg7-YRYs-0,RAP BATTLE,2024-10-14T13:13:45.727-04:00
Fate,Bayze,,,,Accapella,2024,DLTLLY,2024-10-13,https://www.youtube.com/watch?v=PO9Fv7MYRx4,31922,PO9Fv7MYRx4,#ERROR!,2024-10-14T13:13:45.729-04:00
FREEKNO,CELUNE,,,,Accapella,2024,FOB,2024-10-11,https://www.youtube.com/watch?v=XTbwRNMD4f8,19381,XTbwRNMD4f8,RAP BATTLE,2024-10-12T13:13:44.677-04:00
S-Staticx,Dascha,,,,Accapella,2024,DLTLLY,2024-10-10,https://www.youtube.com/watch?v=bw0R9iSxx30,12303,bw0R9iSxx30,#ERROR!,2024-10-12T13:13:44.678-04:00
Yarambo,Mc Geuner,,,,Accapella,2024,DLTLLY,2024-10-06,https://www.youtube.com/watch?v=VUm9SSe15rA,65057,VUm9SSe15rA,  München,2024-10-06T13:13:45.104-04:00
Yarambo,Mc Geuner,,,,Accapella,2024,DLTLLY,2024-10-06,https://www.youtube.com/watch?v=dG-NXwKzz0I,6173,dG-NXwKzz0I,Interview München,2024-10-06T13:13:45.108-04:00
SCHLAWINOR,PESC,,,,Accapella,2024,FOB,2024-10-06,https://www.youtube.com/watch?v=pt4vLRUCPp4,4496,pt4vLRUCPp4,RAP BATTLE,2024-10-07T13:13:44.839-04:00
LAVAŞ,WINK,,,,Accapella,2024,FOB,2024-10-04,https://www.youtube.com/watch?v=avYJLB-3MB0,3872,avYJLB-3MB0,RAP BATTLE,2024-10-05T15:41:07.857-04:00
Karanova,N&#39;Antinein,,,,Accapella,2024,DLTLLY,2024-09-29,https://www.youtube.com/watch?v=jshtk1lHnSw,3531,jshtk1lHnSw,Interview München,2024-09-29T04:27:37.915-04:00
N&#39;Antinein,Karanova,,,,Accapella,2024,DLTLLY,2024-09-29,https://www.youtube.com/watch?v=IKwLwUyWO6A,29867,IKwLwUyWO6A,  München,2024-09-29T04:27:37.916-04:00
MALIK,SIC68,,,,Accapella,2024,FOB,2024-09-29,https://www.youtube.com/watch?v=zOx16rImWoA,2909,zOx16rImWoA,RAP BATTLE,2024-09-30T04:11:25.874-04:00
DAVID ARDOR,BARETTA,,,,Accapella,2024,FOB,2024-09-27,https://www.youtube.com/watch?v=lcLaJCLDByE,4973,lcLaJCLDByE,RAP BATTLE,2024-09-29T04:27:37.916-04:00
Onkel Fränk,Drunk,,,,Accapella,2024,DLTLLY,2024-09-24,https://www.youtube.com/watch?v=Po2-Ba8ug9I,8538,Po2-Ba8ug9I,#ERROR!,2024-09-25T04:11:27.253-04:00
Neilz,Davie Jones,,,,Accapella,2024,DUDL,2024-09-22,https://www.youtube.com/watch?v=fB5JK8nZ4pw,37136,fB5JK8nZ4pw,D&amp;DL,2024-09-23T04:11:34.582-04:00
DADDA,MAZZIKANER,,,,Accapella,2024,FOB,2024-09-22,https://www.youtube.com/watch?v=xuMwrAwxjuM,7866,xuMwrAwxjuM,RAP BATTLE,2024-09-23T04:11:34.582-04:00
Hiding John,Kid Soldier,,,,Accapella,2024,DLTLLY,2024-09-22,https://www.youtube.com/watch?v=GQcwz2t0yJA,75451,GQcwz2t0yJA,Bad Bars  München,2024-09-23T04:11:34.582-04:00
Hiding John,Kid Soldier,,,,Accapella,2024,DLTLLY,2024-09-22,https://www.youtube.com/watch?v=BHgMmZaslMM,8688,BHgMmZaslMM,Interview München,2024-09-23T04:11:34.582-04:00
KIRUMA,MOODY,,,,Accapella,2024,FOB,2024-09-20,https://www.youtube.com/watch?v=D5UKLm3tSj4,17204,D5UKLm3tSj4,FSK 0 BATTLE,2024-09-21T04:11:32.429-04:00
DANNY DEADWEIGHT,ROOL,,,,Accapella,2024,FOB,2024-09-15,https://www.youtube.com/watch?v=eJic21oJAKo,4307,eJic21oJAKo,RAP BATTLE,2024-09-16T04:11:35.894-04:00
Craze,Liuz,,,,On Beat,2024,DLTLLY,2024-09-15,https://www.youtube.com/watch?v=5JMXVlNWVdI,29137,5JMXVlNWVdI,#ERROR!,2024-09-16T04:11:35.895-04:00
PATO G,YUAH,,,,Accapella,2024,FOB,2024-09-13,https://www.youtube.com/watch?v=Ht2ioZWrWJw,5174,Ht2ioZWrWJw,FINALE,2024-09-14T04:11:31.813-04:00
Punjizz,Shizu aka. DeeLah,,,,Accapella,2024,DLTLLY,2024-09-12,https://www.youtube.com/watch?v=LLmwMQb1CQI,16669,LLmwMQb1CQI,#ERROR!,2024-09-13T04:11:29.678-04:00
NOTYZZE,YAAMANN (Battle um Platz 3),,,,Accapella,2024,FOB,2024-09-10,https://www.youtube.com/watch?v=2Z3LaxE89EI,3701,2Z3LaxE89EI,FREESTYLE TURNIER,2024-09-11T04:11:27.943-04:00
Morgana,Jeystone,,,,Accapella,2024,DUDL,2024-09-08,https://www.youtube.com/watch?v=3wGCnFTZFzs,9049,3wGCnFTZFzs,D&amp;DL,2024-09-09T09:53:18.733-04:00
Joseph Steinschleuder,Davie Jones,,,,Accapella,2024,DLTLLY,2024-09-08,https://www.youtube.com/watch?v=6ommjEnW9vI,60112,6ommjEnW9vI,#ERROR!,2024-09-09T09:53:18.733-04:00
Rool,Dyas,,,,Accapella,2024,DLTLLY,2024-09-05,https://www.youtube.com/watch?v=jagpHG4EWME,6707,jagpHG4EWME,#ERROR!,2024-09-06T09:53:19.133-04:00
T-Way,Gerro,,,,Accapella,2024,DUDL,2024-09-01,https://www.youtube.com/watch?v=z-q8BX6Mxrs,8217,z-q8BX6Mxrs,D&amp;DL,2024-09-03T09:53:19.066-04:00
Kato,SnakeHeadRhyme,,,,Accapella,2024,DLTLLY,2024-09-01,https://www.youtube.com/watch?v=68QK0Kf8Lck,43499,68QK0Kf8Lck,  München,2024-09-03T09:53:19.069-04:00
Kato,SnakeHeadRhyme,,,,Accapella,2024,DLTLLY,2024-09-01,https://www.youtube.com/watch?v=topFWR2QQZo,4347,topFWR2QQZo,Interview München,2024-09-03T09:53:19.069-04:00
Baretta,Herr Sören,,,,Accapella,2024,DLTLLY,2024-08-29,https://www.youtube.com/watch?v=kcm0rdCOar4,9112,kcm0rdCOar4,#ERROR!,2024-09-03T09:53:19.070-04:00
InzaneMane,Leon Vinyard,,,,Accapella,2024,DUDL,2024-08-25,https://www.youtube.com/watch?v=115Cl3vTrPM,6995,115Cl3vTrPM,D&amp;DL,2024-08-25T16:43:44.733-04:00
Ilhan,Kitana,,,,On Beat,2024,DLTLLY,2024-08-25,https://www.youtube.com/watch?v=AtqetyTbheI,75579,AtqetyTbheI,#ERROR!,2024-08-25T16:43:44.735-04:00
JEPAIN,A-RON,,,,Accapella,2024,FOB,2024-08-23,https://www.youtube.com/watch?v=XrEZxw8z5bM,6018,XrEZxw8z5bM,RAP BATTLE,2024-08-25T16:43:44.735-04:00
Notyzze,Lyrico,,,,On Beat,2024,DLTLLY,2024-08-22,https://www.youtube.com/watch?v=Tgmq3_4RhjE,31885,Tgmq3_4RhjE,#ERROR!,2024-08-23T13:43:21.152-04:00
Ezra,Jilly,,,,Accapella,2024,DUDL,2024-08-18,https://www.youtube.com/watch?v=q8bh5WVlnew,4046,q8bh5WVlnew,D&amp;DL,2024-08-19T10:11:42.006-04:00
DANNY DEADWEIGHT,ONKEL FRÄNK,,,,Accapella,2024,FOB,2024-08-18,https://www.youtube.com/watch?v=Mkz8nufAVUo,5537,Mkz8nufAVUo,RAP BATTLE,2024-08-25T16:43:44.735-04:00
Meidi,Craze,,,,Accapella,2024,DLTLLY,2024-08-17,https://www.youtube.com/watch?v=-iUQflbZjj4,169343,-iUQflbZjj4,  MAYhem #7,2024-08-19T10:11:42.007-04:00
Meidi,Craze,,,,Accapella,2024,DLTLLY,2024-08-17,https://www.youtube.com/watch?v=vnq0PZiNHpM,21910,vnq0PZiNHpM,Interview MAYhem #7,2024-08-19T10:11:42.007-04:00
MC COLOGNE & PATO G,REQUIEM & FROZEN,,,,Accapella,2024,FOB,2024-08-16,https://www.youtube.com/watch?v=TWJGch9t_tk,9617,TWJGch9t_tk,RAP BATTLE,2024-08-25T16:43:44.735-04:00
Ssynic,Tobi High,,,,Accapella,2024,DLTLLY,2024-08-11,https://www.youtube.com/watch?v=uq5t-evaHBs,40955,uq5t-evaHBs,Interview MAYhem #7,2024-08-12T10:11:41.547-04:00
FraxOne,Georgie,,,,Accapella,2024,DUDL,2024-08-11,https://www.youtube.com/watch?v=WQKX9rMwfPs,3729,WQKX9rMwfPs,D&amp;DL,2024-08-12T10:11:41.543-04:00
Ssynic,Tobi High,,,,Accapella,2024,DLTLLY,2024-08-11,https://www.youtube.com/watch?v=_2mNNkIfRww,353002,_2mNNkIfRww,  MAYhem #7,2024-08-12T10:11:41.546-04:00
Hiding John,Shizu,,,,Accapella,2024,DLTLLY,2024-08-04,https://www.youtube.com/watch?v=5wYtTi39xh8,10551,5wYtTi39xh8,Interview MAYhem #7,2024-08-04T14:53:21.567-04:00
Hiding John,Shizu,,,,Accapella,2024,DLTLLY,2024-08-04,https://www.youtube.com/watch?v=ZIH7h0e7aWg,96469,ZIH7h0e7aWg,  MAYhem #7,2024-08-04T14:53:21.568-04:00
Requiem,Ilhan,MAYhem 7,Festsaal Kreuzberg,Berlin,Accapella,2024,DLTLLY,2024-07-28,https://www.youtube.com/watch?v=9Po9A8VvDFs,29822,9Po9A8VvDFs,#ERROR!,2024-08-03T02:43:42.998-04:00
VYRUS & FREEZY,SIZYPHOS & SH@WDY SH@F,Co-Event DLTLLY & FOB,Jugendzentrum.Digital Deutz,Köln,Accapella,2024,FOB,2024-07-26,https://www.youtube.com/watch?v=yC4KF5j4SC0,134096,yC4KF5j4SC0,RAP BATTLE,2024-08-03T02:51:37.683-04:00
Quill,Hollow Da Don,MAYhem 7,Festsaal Kreuzberg,Berlin,Accapella,2024,DLTLLY,2024-07-21,https://www.youtube.com/watch?v=L4bqv0Z187s,69967,L4bqv0Z187s,International  + Interview MAYhem #7,2024-08-03T02:48:16.283-04:00
MOODY,EZRA,Co-Event DLTLLY & FOB,Jugendzentrum.Digital Deutz,Köln,Accapella,2024,FOB,2024-07-21,https://www.youtube.com/watch?v=_xZ5PG4OiQ4,4360,_xZ5PG4OiQ4,ONE-ROUNDER,2024-08-03T02:48:16.283-04:00
DAVIE JONES,BDAD,Co-Event DLTLLY & FOB,Kulturbunker Mülheim,Köln,Accapella,2024,FOB,2024-07-19,https://www.youtube.com/watch?v=j0UoUGbmxcQ,37917,j0UoUGbmxcQ,ACAPELLA BATTLE,2024-08-03T02:43:42.859-04:00
Wolff,T-Way,Co-Event DLTLLY & FOB,Kulturbunker Mülheim,Köln,Accapella,2024,DLTLLY,2024-07-14,https://www.youtube.com/watch?v=zOWZq8nG75U,48884,zOWZq8nG75U,Co-Event,2024-08-03T02:43:42.859-04:00
HOODOO,GEERAH,Co-Event DLTLLY & FOB,Kulturbunker Mülheim,Köln,Accapella,2024,FOB,2024-07-14,https://www.youtube.com/watch?v=SooZ6KbCv4I,2819,SooZ6KbCv4I,ACAPELLA BATLLE,2024-08-03T02:43:42.859-04:00
Wolff,T-Way,,,,Accapella,2024,DLTLLY,2024-07-14,https://www.youtube.com/watch?v=haDRNN288xI,3310,haDRNN288xI,Co-Event,2024-08-28T04:11:30.470-04:00
ZEPTAH,REQUIEM,Co-Event DLTLLY & FOB,Jugendzentrum.Digital Deutz,Köln,On Beat,2024,FOB,2024-07-12,https://www.youtube.com/watch?v=EJdpjtbvjEo,15449,EJdpjtbvjEo,ON BEAT BATTLE,2024-08-03T02:43:42.859-04:00
MC Cologne,Bandan,Co-Event DLTLLY & FOB,Jugendzentrum.Digital Deutz,Köln,On Beat,2024,DLTLLY,2024-07-11,https://www.youtube.com/watch?v=6nV5CVQoKLo,8804,6nV5CVQoKLo,Co-Event,2024-08-03T02:43:42.859-04:00
Duff,Neilz,Co-Event DLTLLY & FOB,Kulturbunker Mülheim,Köln,On Beat,2024,DLTLLY,2024-07-07,https://www.youtube.com/watch?v=1MsrFX-bPC4,26789,1MsrFX-bPC4,Co-Event,2024-08-03T02:43:42.860-04:00
LUCKYLILY,MC GEUNER,Co-Event DLTLLY & FOB,Jugendzentrum.Digital Deutz,Köln,Accapella,2024,FOB,2024-07-05,https://www.youtube.com/watch?v=G3O29FB4itk,42928,G3O29FB4itk,ACAPELLA BATTLE,2024-08-03T02:43:42.860-04:00
Proton,Koozy,Co-Event DLTLLY & FOB,Kulturbunker Mülheim,Köln,On Beat,2024,DLTLLY,2024-07-04,https://www.youtube.com/watch?v=JCMIDlfCDjY,17697,JCMIDlfCDjY,Co-Event,2024-08-03T02:43:42.860-04:00
Mighty P & Lamin,FFFelix & Nastic,,,,Accapella,2024,DLTLLY,2024-06-27,https://www.youtube.com/watch?v=q3gQy17LHC0,13681,q3gQy17LHC0,2on2  + Interview  x  Co-Event,2024-08-03T02:43:42.860-04:00
Karma,Hiding John (One Rounder),,,,Accapella,2024,DLTLLY,2024-06-21,https://www.youtube.com/watch?v=7Vmk5up-5Fo,36659,7Vmk5up-5Fo,NRWeekend,2024-08-03T02:43:42.860-04:00
PESC,FAIVEL,LEVEL UP TURNIER,,Köln,Accapella,2024,FOB,2024-06-18,https://www.youtube.com/watch?v=EVKPjgMgfJg,5625,EVKPjgMgfJg,LEVEL UP TURNIER,2024-08-03T02:43:42.861-04:00
NATALI,KRISO,,,,Accapella,2024,FOB,2024-06-17,https://www.youtube.com/watch?v=lcDcZyVhX5Y,9080,lcDcZyVhX5Y,LEVEL UP TURNIER,2024-08-03T02:43:42.861-04:00
Kato & Yarambo,Joseph Steinschleuder & Sizyphos,NRWeekend 7,,,Accapella,2024,DLTLLY,2024-06-16,https://www.youtube.com/watch?v=4j1hDSpgsFw,206822,4j1hDSpgsFw,2on2  NRWeekend,2024-08-03T02:43:42.861-04:00
Kiruma,Karanova,D&DL Title-Match,Panke,Berlin,Accapella,2024,DUDL,2024-06-10,https://www.youtube.com/watch?v=rv_yat0fWhE,45245,rv_yat0fWhE, 🏆 ,2024-08-03T02:43:42.861-04:00
Jeystone,N'antinein,,,,On Beat,2024,DUDL,2024-06-09,https://www.youtube.com/watch?v=IuwaIOsyTXs,8409,IuwaIOsyTXs,Battle,2024-08-03T02:43:42.861-04:00
Liuz,T-Way,NRWeekend 7,,,Accapella,2024,DLTLLY,2024-06-09,https://www.youtube.com/watch?v=J8bcbhLcKq8,19460,J8bcbhLcKq8,  NRWeekend,2024-08-03T02:43:42.862-04:00
Ryko-J,Olio,NRWeekend 7,,,Accapella,2024,DLTLLY,2024-06-07,https://www.youtube.com/watch?v=6oGgSiAVu4I,43554,6oGgSiAVu4I,  NRWeekend,2024-08-03T02:43:42.862-04:00
Holu,Zeuge,,Panke,,Accapella,2024,DUDL,2024-06-02,https://www.youtube.com/watch?v=bf94Ffg-3F4,8852,bf94Ffg-3F4,Battle,2024-08-03T02:43:42.862-04:00
Requiem,Fate,NRWeekend 7,Spektakulum,Düsseldorf,Accapella,2024,DLTLLY,2024-06-02,https://www.youtube.com/watch?v=OPSI5Jy-AVQ,23586,OPSI5Jy-AVQ,NRWeekend,2024-08-03T02:43:42.862-04:00
KATO,T-WAY,,,,Accapella,2024,FOB,2024-05-30,https://www.youtube.com/watch?v=nxx7jX1ylPc,12607,nxx7jX1ylPc,GAMING BARS RELOADED,2024-08-03T02:43:42.862-04:00
Franz Flaute,MC Rabiat,,,,Accapella,2024,DUDL,2024-05-26,https://www.youtube.com/watch?v=ca_rG-4NbNw,5099,ca_rG-4NbNw,Battle,2024-08-03T02:43:42.862-04:00
KRISO,CIZERO,,,,Accapella,2024,FOB,2024-05-26,https://www.youtube.com/watch?v=JZ87q10gvnM,2974,JZ87q10gvnM,ACAPELLA BATTLE,2024-08-03T02:43:42.862-04:00
DER SERGEANT,EZRA,,,,Accapella,2024,FOB,2024-05-26,https://www.youtube.com/watch?v=hp9kbzK2ugs,5121,hp9kbzK2ugs,ACAPELLA BATTLE,2024-08-03T02:43:42.862-04:00
PHILLIE.45,NASTIC (Freestyle als MAT),,,,On Beat,2024,FOB,2024-05-24,https://www.youtube.com/watch?v=RzVabkX8At8,4697,RzVabkX8At8,ON BEAT BATTLE,2024-08-03T02:43:42.862-04:00
Capco Jones,Schlawin0r,,,,Accapella,2024,DUDL,2024-05-19,https://www.youtube.com/watch?v=-zVGbTf4cXQ,3651,-zVGbTf4cXQ,Battle,2024-08-03T02:43:42.862-04:00
Moitz,Wenzel Washington,,,,Accapella,2024,DLTLLY,2024-05-19,https://www.youtube.com/watch?v=X2oW-AVnu_k,13933,X2oW-AVnu_k,NRWeekend,2024-08-03T02:43:42.863-04:00
Pablo,Morgana,,,,On Beat,2024,DLTLLY,2024-05-17,https://www.youtube.com/watch?v=wMIpuP755BM,29187,wMIpuP755BM,Berlin,2024-08-03T02:43:42.863-04:00
ILYA FLOYD,CRYSTAL MAX,,,,Accapella,2024,FOB,2024-05-16,https://www.youtube.com/watch?v=uTnZqyleXUo,3058,uTnZqyleXUo,ACAPELLA BATTLE,2024-08-03T02:43:42.863-04:00
JILLY,ROOL,,,,Accapella,2024,FOB,2024-05-16,https://www.youtube.com/watch?v=oy7yIMl1ZNA,3662,oy7yIMl1ZNA,ACAPELLA BATTLE,2024-08-03T02:43:42.863-04:00
Georgie,Günti,,,,Accapella,2024,DUDL,2024-05-12,https://www.youtube.com/watch?v=CvxlkVUxyCQ,4417,CvxlkVUxyCQ,Battle,2024-08-03T02:43:42.863-04:00
MC Geuner,Bayze,NRWeekend 7,,,Accapella,2024,DLTLLY,2024-05-12,https://www.youtube.com/watch?v=me9eYSwqDfM,46574,me9eYSwqDfM,NRWeekend #7,2024-08-03T02:43:42.863-04:00
MC GEUNER (SPECKTITTE MINO),RIPA,,,,Accapella,2024,FOB,2024-05-12,https://www.youtube.com/watch?v=6Fq9WuxhADc,4415,6Fq9WuxhADc,ACAPELLA BATTLE,2024-08-03T02:43:42.863-04:00
LARA SOFT,FROZEN,,,,On Beat,2024,FOB,2024-05-09,https://www.youtube.com/watch?v=hcwjr_srOXM,18822,hcwjr_srOXM,ON BEAT BATTLE,2024-08-03T02:43:42.863-04:00
David Ardor,Jilly,,,,Accapella,2024,DUDL,2024-05-05,https://www.youtube.com/watch?v=BxFo9Cnh4GI,3372,BxFo9Cnh4GI,Battle,2024-08-03T02:43:42.863-04:00
Steel,Davie Jones,,,Berlin,On Beat,2024,DLTLLY,2024-05-05,https://www.youtube.com/watch?v=uz5v_Bn_TzY,41671,uz5v_Bn_TzY,Berlin,2024-08-03T02:43:42.864-04:00
Notyzze,Tommy2Late,,,Berlin,On Beat,2024,DLTLLY,2024-05-05,https://www.youtube.com/watch?v=DDBzGJrY2Ds,64508,DDBzGJrY2Ds,Berlin,2024-08-03T02:43:42.864-04:00
CSN GALACTICO,SIC68,,,,Accapella,2024,FOB,2024-05-03,https://www.youtube.com/watch?v=cUb4Sq_nyLo,13264,cUb4Sq_nyLo,ACAPELLA BATTLE,2024-08-03T02:43:42.864-04:00
Tobi High,Papa TR,,,Berlin,On Beat,2024,DLTLLY,2024-04-28,https://www.youtube.com/watch?v=F5E_sF7XD7I,48739,F5E_sF7XD7I,Berlin,2024-08-03T02:43:42.864-04:00
HEYZEN,TOKZ,,,,On Beat,2024,FOB,2024-04-25,https://www.youtube.com/watch?v=QboOw6vfu5Q,5455,QboOw6vfu5Q,ON BEAT + ACAPELLA BATTLE,2024-08-03T02:43:42.864-04:00
Karanova,Bong Teggy,,,Berlin,On Beat,2024,DLTLLY,2024-04-21,https://www.youtube.com/watch?v=LN1Lv62vzbI,131584,LN1Lv62vzbI,🏆 ON BEAT TITLE MATCH 🏆,2024-08-03T02:43:42.864-04:00
TOLLSCHOCK,MALIK,,,,Accapella,2024,FOB,2024-04-21,https://www.youtube.com/watch?v=zH1kJVuX8QU,6451,zH1kJVuX8QU,ACAPELLA BATTLE,2024-08-03T02:43:42.864-04:00
Bong Teggy,Karanova,,,,Accapella,2024,DLTLLY,2024-04-21,https://www.youtube.com/watch?v=nJxEfSgOaFE,8039,nJxEfSgOaFE,Interview Berlin,2024-08-03T02:43:42.864-04:00
MC GEUNER,BANDAN,,,,Accapella,2024,FOB,2024-04-19,https://www.youtube.com/watch?v=8W6w_1IMHSQ,12034,8W6w_1IMHSQ,ACAPELLA BATTLE,2024-08-03T02:43:42.864-04:00
DOC,Mordrake,,,Berlin,On Beat,2024,DLTLLY,2024-04-19,https://www.youtube.com/watch?v=f-Cp3n-LCyw,10630,f-Cp3n-LCyw,Berlin,2024-08-03T02:43:42.864-04:00
FABS,DUFF,,,,Accapella,2024,FOB,2024-04-12,https://www.youtube.com/watch?v=PGneFiKoVf4,17527,PGneFiKoVf4,ACAPELLA BATTLE,2024-08-03T02:43:42.865-04:00
Tobi High,Meidi,,,Kassel,Accapella,2024,DLTLLY,2024-04-07,https://www.youtube.com/watch?v=SJ4P0J0u3o0,137547,SJ4P0J0u3o0,Kassel,2024-08-03T02:43:42.865-04:00
Zeptah,Tokz,,,Berlin,On Beat,2024,DLTLLY,2024-04-07,https://www.youtube.com/watch?v=sGN8Hll0T3M,19686,sGN8Hll0T3M,Berlin,2024-08-03T02:43:42.865-04:00
Yarambo,Karanova,,,Kassel,Accapella,2024,DLTLLY,2024-04-07,https://www.youtube.com/watch?v=JWaIWpR7cuA,96251,JWaIWpR7cuA,Kassel,2024-08-03T02:43:42.865-04:00
Aladin,Shorteh Taunton,,,Berlin,On Beat,2024,DLTLLY,2024-04-05,https://www.youtube.com/watch?v=yf72pQ4T_ak,11292,yf72pQ4T_ak,Berlin,2024-08-03T02:43:42.865-04:00
MC Maik,Snakeheadrhyme,,,Kassel,Accapella,2024,DLTLLY,2024-03-31,https://www.youtube.com/watch?v=meY3np8DlTQ,21878,meY3np8DlTQ,Kassel,2024-08-03T02:43:42.865-04:00
LARA SOFT,M.F.L.,,,,On Beat,2024,FOB,2024-03-31,https://www.youtube.com/watch?v=CZXKeqr26RQ,8057,CZXKeqr26RQ,ON BEAT BATTLE,2024-08-03T02:43:42.865-04:00
Dadda,Lazlo Mxrphine,,,Berlin,On Beat,2024,DLTLLY,2024-03-29,https://www.youtube.com/watch?v=xcw2vuJLPZs,114397,xcw2vuJLPZs,Berlin,2024-08-03T02:43:42.865-04:00
CLOCKWORK,DADDA,,,,Accapella,2024,FOB,2024-03-24,https://www.youtube.com/watch?v=f2TI2M5UaXc,10212,f2TI2M5UaXc,ACAPELLA BATTLE,2024-08-03T02:43:42.865-04:00
ONKEL FRÄNK,SHADYX,,,,Accapella,2024,FOB,2024-03-24,https://www.youtube.com/watch?v=wfBBTAqUHis,8380,wfBBTAqUHis,ACAPELLA BATTLE,2024-08-03T02:43:42.866-04:00
FreeKno,Young Kennedy,,,Kassel,Accapella,2024,DLTLLY,2024-03-24,https://www.youtube.com/watch?v=GPMI--gNB08,15163,GPMI--gNB08,Kassel,2024-08-03T02:43:42.866-04:00
DANNY DEADWEIGHT,SKILLZ,,,,Accapella,2024,FOB,2024-03-24,https://www.youtube.com/watch?v=ehyGYTo24ro,4794,ehyGYTo24ro,ACAPELLA BATLLE,2024-08-03T02:43:42.866-04:00
SIZYPHOS,MOODY,,,,Accapella,2024,FOB,2024-03-24,https://www.youtube.com/watch?v=QYrhse-D5VI,37796,QYrhse-D5VI,ACAPELLA BATTLE,2024-08-03T02:43:42.866-04:00
JOSEPH STEINSCHLEUDER,MORGANA,,,,On Beat,2024,FOB,2024-03-21,https://www.youtube.com/watch?v=fo8uzP3EIvw,39387,fo8uzP3EIvw,ON BEAT BATTLE,2024-08-03T02:43:42.866-04:00
OREGANO,HIDING JOHN,,,,Accapella,2024,FOB,2024-03-18,https://www.youtube.com/watch?v=rAqwIxumi3s,127821,rAqwIxumi3s,ACAPELLA BATTLE,2024-08-03T02:43:42.866-04:00
Karma,Kiruma,NRWeekend 6,,,Accapella,2024,DLTLLY,2024-03-17,https://www.youtube.com/watch?v=3PCiOm1e0F8,59179,3PCiOm1e0F8,NRWeekend 6,2024-08-03T02:43:42.866-04:00
Zeuge,Niza,,,Kassel,Accapella,2024,DLTLLY,2024-03-17,https://www.youtube.com/watch?v=j6S8n5bSC4k,23862,j6S8n5bSC4k,Kassel,2024-08-03T02:43:42.866-04:00
Der Sergeant,Diamond,Proving Grounds,Panke,Berlin,Accapella,2024,DLTLLY,2024-03-15,https://www.youtube.com/watch?v=YdQh67kKjA0,12866,YdQh67kKjA0,Proving Grounds,2024-08-03T02:43:42.867-04:00
PABLO,YAAMANN,,,,On Beat,2024,FOB,2024-03-14,https://www.youtube.com/watch?v=AWCwWr_DDKI,8864,AWCwWr_DDKI,ON BEAT BATTLE,2024-08-03T02:43:42.867-04:00
Vesso,Malik,Proving Grounds,Panke,Berlin,Accapella,2024,DLTLLY,2024-03-10,https://www.youtube.com/watch?v=iK-Oth0jFOo,7155,iK-Oth0jFOo,Proving Grounds,2024-08-03T02:43:42.867-04:00
CSN Galactico,Nastic,Proving Grounds,Panke,Berlin,Accapella,2024,DLTLLY,2024-03-10,https://www.youtube.com/watch?v=jKHgj_RAMZA,27504,jKHgj_RAMZA,Proving Grounds,2024-08-03T02:43:42.867-04:00
Moody,Ikks,Proving Grounds,Panke,Berlin,Accapella,2024,DLTLLY,2024-03-07,https://www.youtube.com/watch?v=oFHFbG4e604,7263,oFHFbG4e604,Proving Grounds,2024-08-03T02:43:42.867-04:00
Jepain,Rolling G,Proving Grounds Vol. 5,Panke,Berlin,Accapella,2024,DLTLLY,2024-03-07,https://www.youtube.com/watch?v=1tMIG22ggG0,10048,1tMIG22ggG0,Proving Grounds,2024-08-03T02:43:42.867-04:00
Sizyphos,Hiding John,DISSember 7,Festsaal Kreuzberg,Berlin,Accapella,2024,DLTLLY,2024-03-07,https://www.youtube.com/watch?v=LBbPEElYxGA,341026,LBbPEElYxGA,DISSember #7,2024-08-03T02:43:42.867-04:00
ZATO,ZEPTAH,,,,On Beat,2024,FOB,2024-03-01,https://www.youtube.com/watch?v=nMeqvIpjfOE,11659,nMeqvIpjfOE,ON BEAT BATTLE,2024-08-03T02:43:42.868-04:00
Belial,Kid Soldier,DISSember 7,Festsaal Kreuzberg,Berlin,Accapella,2024,DLTLLY,2024-02-25,https://www.youtube.com/watch?v=fN0PgIxzhC8,39533,fN0PgIxzhC8,DISSember #7,2024-08-03T02:43:42.868-04:00
FREEZY,DADDA,,,,On Beat,2024,FOB,2024-02-23,https://www.youtube.com/watch?v=QBSRI86VMs8,18767,QBSRI86VMs8,ON BEAT BATTLE,2024-08-03T02:43:42.868-04:00
The Saurus,Quill,DISSember 7,Festsaal Kreuzberg,Berlin,Accapella,2024,DLTLLY,2024-02-19,https://www.youtube.com/watch?v=9z2aEljjMtQ,11617,9z2aEljjMtQ,DISSember #7,2024-08-03T02:43:42.868-04:00
KOOZY,MAN IN BLACK,,,,On Beat,2024,FOB,2024-02-09,https://www.youtube.com/watch?v=6_YUEKAjkng,9856,6_YUEKAjkng,ON BEAT BATTLE,2024-08-03T02:43:42.868-04:00
Clockwork,Sachma,Proving Grounds,Panke,Berlin,Accapella,2024,DLTLLY,2024-02-09,https://www.youtube.com/watch?v=bwbDyjtPJCc,8291,bwbDyjtPJCc,Proving Grounds,2024-08-03T02:43:42.868-04:00
CapcoJones,Cristosaurus Rex,Proving Grounds,Panke,Berlin,Accapella,2024,DLTLLY,2024-02-04,https://www.youtube.com/watch?v=NNUTrbddBwo,10034,NNUTrbddBwo,Proving Grounds,2024-08-03T02:43:42.868-04:00
Ricochet,Riesenlauch,Proving Grounds,Panke,Berlin,Accapella,2024,DLTLLY,2024-02-04,https://www.youtube.com/watch?v=NjX3eisi5XU,11788,NjX3eisi5XU,Proving Grounds Berlin,2024-08-03T02:43:42.868-04:00
Kato,Neilz,,,,Accapella,2024,DLTLLY,2024-02-04,https://www.youtube.com/watch?v=ykfHhWbi7Jk,106250,ykfHhWbi7Jk,🏆 TITLE MATCH 🏆,2024-08-03T02:43:42.869-04:00
VYRUS,STEEL,,,,On Beat,2024,FOB,2024-02-02,https://www.youtube.com/watch?v=hupa7KpyOm8,71279,hupa7KpyOm8,ON BEAT TITLEMATCH,2024-08-03T02:43:42.869-04:00
FAITH MC,ROLLING G,,,,Accapella,2024,FOB,2024-01-27,https://www.youtube.com/watch?v=AQ61cQjpA4U,7174,AQ61cQjpA4U,ACAPELLA BATTLE,2024-08-03T02:43:42.869-04:00
ROOL,DAVID ARDOR,,,,Accapella,2024,FOB,2024-01-21,https://www.youtube.com/watch?v=_TQee46RR5U,2755,_TQee46RR5U,NEWCOMER BATTLE,2024-08-03T02:43:42.869-04:00
FRAX ONE & DJANGO,NATALI & ALADIN,,,,Accapella,2024,FOB,2024-01-19,https://www.youtube.com/watch?v=6ZzLdfNphns,7115,6ZzLdfNphns,ACAPELLA BATTLE,2024-08-03T02:43:42.869-04:00
JOSEPH STEINSCHLEUDER & ROMIK WRONG,ZEPTAH & ORPHXN,,,,On Beat,2024,FOB,2024-01-12,https://www.youtube.com/watch?v=hDQFXey6gXI,32583,hDQFXey6gXI,ON BEAT BATTLE,2024-08-03T02:43:42.869-04:00
Heinz87 & Hiding John,Mazzikaner & Cashus K,,,,Accapella,2024,DLTLLY,2024-01-11,https://www.youtube.com/watch?v=Ue5h955l2Ew,26403,Ue5h955l2Ew,Hamburg,2024-08-03T02:43:42.869-04:00
Yarambo,Karma,,,,Accapella,2024,DLTLLY,2024-01-11,https://www.youtube.com/watch?v=Y523u1xAcmo,68918,Y523u1xAcmo,Hamburg,2024-08-03T02:43:42.870-04:00
Celune,Sizyphos,,,,Accapella,2024,DLTLLY,2024-01-11,https://www.youtube.com/watch?v=wwKW8EaM0W4,80494,wwKW8EaM0W4,Hamburg,2024-08-03T02:43:42.870-04:00
Faivel,Bilal,,,,Accapella,2024,DLTLLY,2024-01-07,https://www.youtube.com/watch?v=mHPNeE8Tkbo,14812,mHPNeE8Tkbo,Hamburg,2024-08-03T02:43:42.870-04:00
Holu,Moody,,,,Accapella,2023,DUDL,2024-01-06,https://www.youtube.com/watch?v=ZgVgROhjl5o,6417,ZgVgROhjl5o,Battle,2024-08-03T02:43:42.870-04:00
Shizu,Morgana,,,,On Beat,2024,DLTLLY,2024-01-05,https://www.youtube.com/watch?v=uZC6ZAOqvss,36293,uZC6ZAOqvss,Hamburg,2024-08-03T02:43:42.870-04:00
BURST & T-WAY,LEANDERS & DESPO,,,,Accapella,2024,FOB,2024-01-05,https://www.youtube.com/watch?v=_RaLw94QJSI,9507,_RaLw94QJSI,ACAPELLA BATTLE,2024-08-03T02:43:42.870-04:00
KRISO,ILYA FLOYD,,,,Accapella,2023,FOB,2023-12-31,https://www.youtube.com/watch?v=eSLYneqD0vg,3725,eSLYneqD0vg,NEWCOMER BATTLE,2024-08-03T02:43:42.870-04:00
Liuz,Herr Kuchen,,Oma Doris,Dortmund,Accapella,2023,DLTLLY,2023-12-30,https://www.youtube.com/watch?v=vPgMlVOgMYs,75854,vPgMlVOgMYs,Dortmund,2024-08-03T02:43:42.871-04:00
Onkel Oktomusch,Jindo109,,Oma Doris,Dortmund,Accapella,2023,DLTLLY,2023-12-30,https://www.youtube.com/watch?v=NXAh7HMMM-0,136396,NXAh7HMMM-0,Dortmund,2024-08-03T02:43:42.871-04:00
Mc Geuner,T-Way,,Oma Doris,Dortmund,Accapella,2023,DLTLLY,2023-12-30,https://www.youtube.com/watch?v=rsMrgC9k9jk,18832,rsMrgC9k9jk,Dortmund,2024-08-03T02:43:42.871-04:00
Notyzze,BanDan,,,,On Beat,2023,DLTLLY,2023-12-30,https://www.youtube.com/watch?v=ryfJjGNbbR8,24305,ryfJjGNbbR8,Wien,2024-08-03T02:43:42.871-04:00
Flashus Christus,K9NE,,,,Accapella,2023,DLTLLY,2023-12-30,https://www.youtube.com/watch?v=chUp4X6Isbo,8708,chUp4X6Isbo,Wien,2024-08-03T02:43:42.871-04:00
Bilal,Joseph Steinschleuder,,,,Accapella,2023,DUDL,2023-12-30,https://www.youtube.com/watch?v=MmgJGhyrfbc,18508,MmgJGhyrfbc,Battle,2024-08-03T02:43:42.871-04:00
Karkobi,Requiem,,,,Accapella,2023,DLTLLY,2023-12-30,https://www.youtube.com/watch?v=dpC_mfZVDrc,42165,dpC_mfZVDrc,Wien,2024-08-03T02:43:42.871-04:00
Barbee & Flow,Fate & Joseph Steinschleuder,,,,Accapella,2023,DLTLLY,2023-12-30,https://www.youtube.com/watch?v=o0oMk_6Sj60,38578,o0oMk_6Sj60,2on2  Wien,2024-08-03T02:43:42.871-04:00
Neilz,Kiruma,,Oma Doris,Dortmund,Accapella,2023,DLTLLY,2023-12-30,https://www.youtube.com/watch?v=k5MyH3qffzk,92192,k5MyH3qffzk,Dortmund,2024-08-03T02:43:42.872-04:00
LUCKYLILY & BAYZE,CRAZE & MOITZ,,,,Accapella,2023,FOB,2023-12-28,https://www.youtube.com/watch?v=B7Ge3bBMaZ4,68495,B7Ge3bBMaZ4,ACAPELLA BATTLE,2024-08-03T02:43:42.872-04:00
MORGANA,ZEPTAH,,,,On Beat,2023,FOB,2023-12-26,https://www.youtube.com/watch?v=VSjE_QHcZBU,11129,VSjE_QHcZBU,ON BEAT BATTLE,2024-08-03T02:43:42.872-04:00
Kane,David Ardor,,,,Accapella,2023,DUDL,2023-12-23,https://www.youtube.com/watch?v=5NWHlFDIezw,3417,5NWHlFDIezw,Battle,2024-08-03T02:43:42.872-04:00
CLOCKWORK,CSN GALACTICO,,,,Accapella,2023,FOB,2023-12-21,https://www.youtube.com/watch?v=8t_wR5YYayI,10069,8t_wR5YYayI,ACAPELLA BATTLE,2024-08-03T02:43:42.872-04:00
SNAKEHEADRHYME,A-RON,,,,Accapella,2023,FOB,2023-12-17,https://www.youtube.com/watch?v=q4fXhfjI2ZU,10330,q4fXhfjI2ZU,ACAPELLA BATTLE,2024-08-03T02:43:42.872-04:00
KIRUMA,HIDING JOHN,BRRRR!,,,Accapella,2023,FOB,2023-12-17,https://www.youtube.com/watch?v=-z8Kz8svvR4,79786,-z8Kz8svvR4,ACAPELLA BATTLE,2024-08-03T02:43:42.872-04:00
KARKOBI,MOODY,,,,Accapella,2024,FOB,2023-12-17,https://www.youtube.com/watch?v=hvEti6vXuXY,17813,hvEti6vXuXY,ACAPELLA BATTLE,2024-08-03T02:43:42.873-04:00
SHAOLUM,EZRA,,,,Accapella,2023,FOB,2023-12-10,https://www.youtube.com/watch?v=tzwE0B9OquY,5217,tzwE0B9OquY,ONE-ROUNDER,2024-08-03T02:43:42.873-04:00
KahVauWeh,Jilly,,,,Accapella,2023,DUDL,2023-12-09,https://www.youtube.com/watch?v=0qrxZCr5CMg,4572,0qrxZCr5CMg,Battle,2024-08-03T02:43:42.874-04:00
FREEKNO,MORGANA,,,,Accapella,2023,FOB,2023-12-08,https://www.youtube.com/watch?v=WtgPudDeZj8,6545,WtgPudDeZj8,ACAPELLA BATTLE,2024-08-03T02:43:42.874-04:00
VYRUS,KARANOVA,,,,On Beat,2023,FOB,2023-12-01,https://www.youtube.com/watch?v=_rMFRoKcs6M,57169,_rMFRoKcs6M,ON BEAT BATTLE,2024-08-03T02:43:42.874-04:00
MOODY,TECEY,,,,Accapella,2023,FOB,2023-11-26,https://www.youtube.com/watch?v=rbNeALMPEKo,3753,rbNeALMPEKo,ACAPELLA BATTLE,2024-08-03T02:43:42.874-04:00
JOE PHARO,LITTLE SEDO,,,,Accapella,2023,FOB,2023-11-24,https://www.youtube.com/watch?v=5Z35PNEQB_I,10522,5Z35PNEQB_I,ACAPELLA BATTLE,2024-08-03T02:43:42.874-04:00
Schalle,Shortworth,,,,Accapella,2023,DLTLLY,2023-11-24,https://www.youtube.com/watch?v=3_aVuejj-KM,13445,3_aVuejj-KM,Wien,2024-08-03T02:43:42.874-04:00
Duff,Joe Pharo,,Oma Doris,Dortmund,Accapella,2023,DLTLLY,2023-11-22,https://www.youtube.com/watch?v=m0MkvcPDluI,25565,m0MkvcPDluI,Dortmund,2024-08-03T02:43:42.874-04:00
NASTIC,STEEL,,,,On Beat,2023,FOB,2023-11-19,https://www.youtube.com/watch?v=w0kK3zXnnK0,149625,w0kK3zXnnK0,ON BEAT BATTLE,2024-08-03T02:43:42.874-04:00
JEPAIN,CELUNE,,,,Accapella,2023,FOB,2023-11-16,https://www.youtube.com/watch?v=01-L9OSECRY,12275,01-L9OSECRY,ACAPELLA BATTLE,2024-08-03T02:43:42.875-04:00
Grandmaster Flow,Kalp One,,,,Accapella,2023,DLTLLY,2023-11-16,https://www.youtube.com/watch?v=Kw40l5aHPI4,8371,Kw40l5aHPI4,Wien,2024-08-03T02:43:42.874-04:00
Belial,Julo,,Oma Doris,Dortmund,Accapella,2023,DLTLLY,2023-11-16,https://www.youtube.com/watch?v=I9J8qYJCcno,29733,I9J8qYJCcno,Dortmund,2024-08-03T02:43:42.875-04:00
Wenzel Washington,Davis,,,,Accapella,2023,DLTLLY,2023-11-16,https://www.youtube.com/watch?v=BNOhkxQXuyM,11685,BNOhkxQXuyM,Wien,2024-08-03T02:43:42.875-04:00
BAYZE,M.F.L.,,,,Accapella,2023,FOB,2023-11-12,https://www.youtube.com/watch?v=paqgtJnfItw,13181,paqgtJnfItw,ACAPELLA BATTLE,2024-08-03T02:43:42.875-04:00
KOOZY,ZEPTAH,,,,On Beat,2023,FOB,2023-11-10,https://www.youtube.com/watch?v=GGu6kpSltiw,13476,GGu6kpSltiw,ON BEAT BATTLE,2024-08-03T02:43:42.875-04:00
LUCKYLILY,IKKS,,,,Accapella,2023,FOB,2023-11-10,https://www.youtube.com/watch?v=kgZww6Ailfs,19689,kgZww6Ailfs,ACAPELLA BATTLE,2024-08-03T02:43:42.875-04:00
Lyrico,Tobi High,splash! 25,Splash,Ferropolis,On Beat,2023,DLTLLY,2023-11-07,https://www.youtube.com/watch?v=tR63ErqqK-E,54772,tR63ErqqK-E,splash! 25,2024-08-03T02:43:42.876-04:00
Kid Soldier,Krom,splash! 25,Splash,Ferropolis,On Beat,2023,DLTLLY,2023-11-07,https://www.youtube.com/watch?v=BDxFLIkPoGM,23955,BDxFLIkPoGM,splash! 25,2024-08-03T02:43:42.875-04:00
Notyzze,Pablo,Living HipHop,,München,On Beat,2023,DLTLLY,2023-11-07,https://www.youtube.com/watch?v=2oGok3bnO3g,32070,2oGok3bnO3g,München,2024-08-03T02:43:42.875-04:00
Shizu,Mave,splash! 25,Splash,Ferropolis,Accapella,2023,DLTLLY,2023-11-07,https://www.youtube.com/watch?v=0VnFsg9akkE,20927,0VnFsg9akkE,splash! 25,2024-08-03T02:43:42.875-04:00
Falki,Davie Jones,Living HipHop,,München,On Beat,2023,DLTLLY,2023-11-07,https://www.youtube.com/watch?v=PEZM8D30ogU,58565,PEZM8D30ogU,München,2024-08-03T02:43:42.875-04:00
N'antinein,Bahamakarma,splash! 25,Splash,Ferropolis,On Beat,2023,DLTLLY,2023-11-07,https://www.youtube.com/watch?v=hxlKFtVRKTw,20086,hxlKFtVRKTw,splash! 25,2024-08-03T02:43:42.876-04:00
Joseph Steinschleuder,Steel,,,,On Beat,2023,DLTLLY,2023-11-07,https://www.youtube.com/watch?v=o-gu-0j52H4,47315,o-gu-0j52H4,Düsseldorf,2024-08-03T02:43:42.876-04:00
Pablo,Mordrake,splash! 25,Splash,Ferropolis,On Beat,2023,DLTLLY,2023-11-07,https://www.youtube.com/watch?v=eTL6zktMYR4,15385,eTL6zktMYR4,splash! 25,2024-08-03T02:43:42.876-04:00
Phasenkind,Vyrus,,,,On Beat,2023,DLTLLY,2023-11-07,https://www.youtube.com/watch?v=9bTN83Isy_g,69480,9bTN83Isy_g,Battle,2024-08-03T02:43:42.876-04:00
Tokz,Tisos,,,,On Beat,2023,DLTLLY,2023-11-07,https://www.youtube.com/watch?v=Nx1dG5NYYSM,12615,Nx1dG5NYYSM,Match,2024-08-03T02:43:42.876-04:00
Krom,Craze,splash! 25,Splash,Ferropolis,On Beat,2023,DLTLLY,2023-11-07,https://www.youtube.com/watch?v=OFxzZdybSN8,40911,OFxzZdybSN8,Splash! Festival,2024-08-03T02:43:42.876-04:00
Cris Kotzen & Escape,Vyrus & Freezy,splash! 25,Splash,Ferropolis,On Beat,2023,DLTLLY,2023-11-07,https://www.youtube.com/watch?v=o63uOeCfr44,58498,o63uOeCfr44,2on2   splash! 25,2024-08-03T02:43:42.876-04:00
Mavgic,Notyzze,splash! 23,Splash,Ferropolis,On Beat,2023,DLTLLY,2023-11-07,https://www.youtube.com/watch?v=zfz6RCjGq9Q,82284,zfz6RCjGq9Q,Splash! Festival,2024-08-03T02:43:42.876-04:00
Aytee,Phasenkind,Living HipHop,,München,On Beat,2023,DLTLLY,2023-11-07,https://www.youtube.com/watch?v=E-5qSwv5Z0Q,220377,E-5qSwv5Z0Q,München,2024-08-03T02:43:42.876-04:00
Ssynic,Craze,,,,Accapella,2023,DLTLLY,2023-11-06,https://www.youtube.com/watch?v=FwsahytRilk,253238,FwsahytRilk,B-Day #10,2024-08-03T02:43:42.877-04:00
SUZIE SUH,MALIK,,,,Accapella,2023,FOB,2023-11-05,https://www.youtube.com/watch?v=XdxsQ5ZkBl0,6060,XdxsQ5ZkBl0,ACAPELLA BATTLE,2024-08-03T02:43:42.877-04:00
Yarambo,JollyJay,,,,Accapella,2023,DLTLLY,2023-10-29,https://www.youtube.com/watch?v=u6NT4ynzzXY,133455,u6NT4ynzzXY,B-Day #10,2024-08-03T02:43:42.877-04:00
SIC68,LEOQUENT,,,,Accapella,2023,FOB,2023-10-29,https://www.youtube.com/watch?v=Aagl3mzXYHE,2591,Aagl3mzXYHE,ACAPELLA BATTLE,2024-08-03T02:43:42.877-04:00
TEACH,SHORTWORTH,,,,Accapella,2023,FOB,2023-10-27,https://www.youtube.com/watch?v=v3gjheBRFdw,5847,v3gjheBRFdw,ACAPELLA BATTLE,2024-08-03T02:43:42.877-04:00
Kato,Bong Teggy,,,,Accapella,2023,DLTLLY,2023-10-25,https://www.youtube.com/watch?v=9-PHpWXpad8,87274,9-PHpWXpad8,B-Day #10,2024-08-03T02:43:42.877-04:00
M.F.L.,CLOCKWORK,,,,Accapella,2023,FOB,2023-10-21,https://www.youtube.com/watch?v=GrwKC49yyCQ,3343,GrwKC49yyCQ,ACAPELLA BATTLE,2024-08-03T02:43:42.877-04:00
DEELAH,DADDA,,,,Accapella,2023,FOB,2023-10-20,https://www.youtube.com/watch?v=1hXJvRr5-v0,15725,1hXJvRr5-v0,ACAPELLA BATTLE,2024-08-03T02:43:42.877-04:00
Karanova,Mc Geuner,,,,Accapella,2023,DLTLLY,2023-10-15,https://www.youtube.com/watch?v=EuuQTa_BAPs,37564,EuuQTa_BAPs,B-Day #10,2024-08-03T02:43:42.877-04:00
Jeystone,Karanova,,,,Accapella,2023,DUDL,2023-10-14,https://www.youtube.com/watch?v=RDIgvgVX2XE,16628,RDIgvgVX2XE,Battle,2024-08-03T02:43:42.878-04:00
DIAMOND,NATALI,,,,Accapella,2023,FOB,2023-10-13,https://www.youtube.com/watch?v=p8xbu9v5EZw,41288,p8xbu9v5EZw,ACAPELLA BATTLE,2024-08-03T02:43:42.878-04:00
Mighty P,Karma,,,,Accapella,2023,DLTLLY,2023-10-08,https://www.youtube.com/watch?v=9h9mrGmjNkE,24494,9h9mrGmjNkE,B-Day #10,2024-08-03T02:43:42.878-04:00
Flashus Christus,Béla Garbage,,,,Accapella,2023,DUDL,2023-10-07,https://www.youtube.com/watch?v=ZYJzYXtGpjk,6193,ZYJzYXtGpjk,Battle,2024-08-03T02:43:42.878-04:00
ShadyX,David Ardor,,,,Accapella,2023,DUDL,2023-09-30,https://www.youtube.com/watch?v=yyTA-Qjyo8k,4077,yyTA-Qjyo8k,Battle,2024-08-03T02:43:42.878-04:00
FAIVEL,MAZZIKANER,,,,Accapella,2023,FOB,2023-09-24,https://www.youtube.com/watch?v=jjoHn6PxuHo,4391,jjoHn6PxuHo,ACAPELLA BATTLE,2024-08-03T02:43:42.878-04:00
DEZ,MC Rabiat,,,,Accapella,2023,DUDL,2023-09-23,https://www.youtube.com/watch?v=7OxvBQs2I9U,5837,7OxvBQs2I9U,Battle,2024-08-03T02:43:42.878-04:00
JOSEPH STEINSCHLEUDER,ALADIN,,,,On Beat,2023,FOB,2023-09-21,https://www.youtube.com/watch?v=1JJayQ1V2h4,54243,1JJayQ1V2h4,ON BEAT BATTLE,2024-08-03T02:43:42.878-04:00
Wolff,Requiem,,,München,Accapella,2023,DLTLLY,2023-09-15,https://www.youtube.com/watch?v=ET-J69Ip5-E,50557,ET-J69Ip5-E,München,2024-08-03T02:43:42.878-04:00
Mc Geuner,Snakeheadrhyme,,,München,Accapella,2023,DLTLLY,2023-09-15,https://www.youtube.com/watch?v=i1B9-AWslJg,31633,i1B9-AWslJg,München,2024-08-03T02:43:42.879-04:00
Tobi High,Yarambo,,,München,Accapella,2023,DLTLLY,2023-08-28,https://www.youtube.com/watch?v=DmiECBflC1Y,178847,DmiECBflC1Y,München,2024-08-03T02:43:42.879-04:00
T-Way,Julo,,,München,Accapella,2023,DLTLLY,2023-08-21,https://www.youtube.com/watch?v=SsiMPL9Pxvc,21898,SsiMPL9Pxvc,München,2024-08-03T02:43:42.879-04:00
REQUIEM,ALADIN,,,,On Beat,2023,FOB,2023-08-10,https://www.youtube.com/watch?v=pu3AO8kGZhI,6261,pu3AO8kGZhI,ON BEAT BATTLE,2024-08-03T02:43:42.880-04:00
NASTIC (FINNASTIC),CRIPSTA,,,,On Beat,2023,FOB,2023-08-10,https://www.youtube.com/watch?v=cQD1k_AzQvY,6834,cQD1k_AzQvY,ON BEAT BATTLE,2024-08-03T02:43:42.879-04:00
NOTYZZE,PATO G (FINALE),,,,Accapella,2023,FOB,2023-08-10,https://www.youtube.com/watch?v=P-J6-smmJlE,10576,P-J6-smmJlE,FREESTYLE BATTLE,2024-08-03T02:43:42.879-04:00
DER SERGEANT,MUSIO,,,,Accapella,2023,FOB,2023-08-10,https://www.youtube.com/watch?v=oxWTBgiZXYo,4964,oxWTBgiZXYo,ACAPELLA BATTLE,2024-08-03T02:43:42.879-04:00
ROLLING G,ATROPATRAP,,,,Accapella,2023,FOB,2023-08-10,https://www.youtube.com/watch?v=qMDgBCsXSKk,19867,qMDgBCsXSKk,ACAPELLA BATTLE,2024-08-03T02:43:42.879-04:00
TEACH,DJANGO (BATTLE UM PLATZ 3),,,,Accapella,2023,FOB,2023-08-10,https://www.youtube.com/watch?v=Gw-PKej8GDs,3401,Gw-PKej8GDs,FREESTYLE BATTLE,2024-08-03T02:43:42.880-04:00
DAVIE JONES,KIRUMA,,,,Accapella,2023,FOB,2023-08-10,https://www.youtube.com/watch?v=153UC-iaZuY,52427,153UC-iaZuY,ACAPELLA BATTLE,2024-08-03T02:43:42.880-04:00
FAIVEL,TRIPLE,,,,Accapella,2023,FOB,2023-08-10,https://www.youtube.com/watch?v=ruyoC9eeZe0,4935,ruyoC9eeZe0,MIXED MARTIAL BARS,2024-08-03T02:43:42.880-04:00
VYRUS,KOOZY,,,,On Beat,2023,FOB,2023-08-10,https://www.youtube.com/watch?v=alByBsxKWa4,17917,alByBsxKWa4,ON BEAT BATTLE,2024-08-03T02:43:42.879-04:00
Joseph Steinschleuder,Shizu,,,München,Accapella,2023,DLTLLY,2023-08-01,https://www.youtube.com/watch?v=Ar11aFXhaH0,45407,Ar11aFXhaH0,München,2024-08-03T02:43:42.880-04:00
Kato,Meidi,,,,Accapella,2023,DLTLLY,2023-07-31,https://www.youtube.com/watch?v=5RNjICLfMiU,220714,5RNjICLfMiU,MAYhem #6,2024-08-03T02:43:42.880-04:00
MALIK,JEPAIN,,,,Accapella,2023,FOB,2023-07-28,https://www.youtube.com/watch?v=RTYVYzqrrxU,2894,RTYVYzqrrxU,ACAPELLA BATTLE,2024-08-03T02:43:42.881-04:00
Craze,Karanova,,,,Accapella,2023,DLTLLY,2023-07-25,https://www.youtube.com/watch?v=SPWI95_uXlw,99992,SPWI95_uXlw,MAYhem #6,2024-08-03T02:43:42.881-04:00
RIPA,CIZERO,,,,Accapella,2023,FOB,2023-07-23,https://www.youtube.com/watch?v=Zyqjl-p0XVM,2021,Zyqjl-p0XVM,ACAPELLA BATTLE,2024-08-03T02:43:42.881-04:00
DER SERGEANT,CLOCKWORK,,,,Accapella,2023,FOB,2023-07-21,https://www.youtube.com/watch?v=LiwzGIfLQy4,3585,LiwzGIfLQy4,ACAPELLA BATTLE,2024-08-03T02:43:42.881-04:00
YOUNG KENNEDY,LIUZ,,,,Accapella,2023,FOB,2023-07-16,https://www.youtube.com/watch?v=SNVsQYlBxIE,4657,SNVsQYlBxIE,ACAPELLA BATTLE,2024-08-03T02:43:42.881-04:00
BARETTA,OLDBOY,,,,Accapella,2023,FOB,2023-07-14,https://www.youtube.com/watch?v=GWuP4kXR1Kg,2993,GWuP4kXR1Kg,ACAPELLA BATTLE,2024-08-03T02:43:42.881-04:00
Karkobi,Hiding John,,,,Accapella,2023,DLTLLY,2023-07-14,https://www.youtube.com/watch?v=MI6qkQeEBXE,111102,MI6qkQeEBXE,MAYhem #6,2024-08-03T02:43:42.881-04:00
Kid Soldier,Hansen,,,,Accapella,2023,DLTLLY,2023-07-09,https://www.youtube.com/watch?v=dF87SGCIRYU,63524,dF87SGCIRYU,MAYhem #6,2024-08-03T02:43:42.881-04:00
Zeuge,Joseph Steinschleuder,,,,Accapella,2023,DLTLLY,2023-07-08,https://www.youtube.com/watch?v=rOr6ZAP9SDU,51321,rOr6ZAP9SDU,MAYhem #6,2024-08-03T02:43:42.882-04:00
Jindo109,Liuz,Proving Grounds Vol. 3,,Berlin,Accapella,2023,DLTLLY,2023-07-07,https://www.youtube.com/watch?v=VcwX1YM5mTA,75323,VcwX1YM5mTA,Proving Grounds Berlin,2024-08-03T02:43:42.882-04:00
FINNASTIC,FAIVEL,,,,On Beat,2023,FOB,2023-07-07,https://www.youtube.com/watch?v=IvW0VwU-bD4,5206,IvW0VwU-bD4,ON BEAT BATTLE,2024-08-03T02:43:42.882-04:00
Mavgic,Bong Teggy,,,,On Beat,2023,DLTLLY,2023-07-02,https://www.youtube.com/watch?v=7cWynBFYZKo,185342,7cWynBFYZKo,🏆  Titlematch 🏆,2024-08-03T02:43:42.882-04:00
MOODY,CSN GALACTICO,,,,Accapella,2023,FOB,2023-06-30,https://www.youtube.com/watch?v=xsiNjqXkrmU,6965,xsiNjqXkrmU,ACAPELLA BATTLE,2024-08-03T02:43:42.882-04:00
EZRA,TECEY,,,,Accapella,2023,FOB,2023-06-30,https://www.youtube.com/watch?v=o6pKCGAZ8jg,2465,o6pKCGAZ8jg,ACAPELLA BATTLE,2024-08-03T02:43:42.882-04:00
Rolling G,Jeystone,Proving Grounds Vol. 3,,Berlin,Accapella,2023,DLTLLY,2023-06-25,https://www.youtube.com/watch?v=WTKQAIjN1Vc,22203,WTKQAIjN1Vc,Proving Grounds Berlin,2024-08-03T02:43:42.882-04:00
Kiruma,Jeystone,,,,Accapella,2023,DUDL,2023-06-24,https://www.youtube.com/watch?v=ri_S-oeZ_eY,28044,ri_S-oeZ_eY,Battle,2024-08-03T02:43:42.883-04:00
LARA SOFT,MAT052,,,,On Beat,2023,FOB,2023-06-21,https://www.youtube.com/watch?v=on745CtUTC8,6894,on745CtUTC8,ON BEAT BATTLE,2024-08-03T02:43:42.883-04:00
Mars,ZinZity,NRWeekend 6,,,Accapella,2023,DLTLLY,2023-06-18,https://www.youtube.com/watch?v=GlT7vWzBfgA,68813,GlT7vWzBfgA,NRWeekend 6,2024-08-03T02:43:42.883-04:00
Julo,SnakeHeadRhyme,,,,Accapella,2023,DUDL,2023-06-17,https://www.youtube.com/watch?v=-YKMqAAxT8o,13379,-YKMqAAxT8o,Battle,2024-08-03T02:43:42.883-04:00
Mc Geuner,DeeLah,NRWeekend 6,,,Accapella,2023,DLTLLY,2023-06-11,https://www.youtube.com/watch?v=OqlGnaMrdxE,35211,OqlGnaMrdxE,NRWeekend 6,2024-08-03T02:43:42.883-04:00
LUCKYLILY,CRAZYO,,,,Accapella,2023,FOB,2023-06-11,https://www.youtube.com/watch?v=UvS4sFibdO8,10324,UvS4sFibdO8,ACAPELLA BATTLE,2024-08-03T02:43:42.883-04:00
FreeKno,LevRudi,,,,Accapella,2023,DUDL,2023-06-10,https://www.youtube.com/watch?v=9hUmhQs6_Mo,11994,9hUmhQs6_Mo,Battle,2024-08-03T02:43:42.883-04:00
Swear Boss,Chaarlz,,,,On Beat,2023,DLTLLY,2023-06-09,https://www.youtube.com/watch?v=xsppHOOGjuE,37489,xsppHOOGjuE,Bars von Chaarlz,2024-08-03T02:43:42.884-04:00
MC GEUNER,JOSEPH STEINSCHLEUDER,,,,Accapella,2023,FOB,2023-06-08,https://www.youtube.com/watch?v=PqIW0yKlenc,43375,PqIW0yKlenc,ACAPELLA BATTLE,2024-08-03T02:43:42.884-04:00
Jack Dragon,Duff,NRWeekend 6,,,Accapella,2023,DLTLLY,2023-06-04,https://www.youtube.com/watch?v=DaR9eHH76rU,26118,DaR9eHH76rU,NRWeekend 6,2024-08-03T02:43:42.884-04:00
THORA,NICK SHIT,,,,Accapella,2023,FOB,2023-06-04,https://www.youtube.com/watch?v=YcZozCm_xbk,2914,YcZozCm_xbk,ACAPELLA BATTLE,2024-08-03T02:43:42.884-04:00
XtraHerb,Trunkenbold,,,,Accapella,2023,DUDL,2023-06-03,https://www.youtube.com/watch?v=wmR1ZNP60_s,9447,wmR1ZNP60_s,Battle,2024-08-03T02:43:42.884-04:00
MC Janosch,Quasi Infamous,Proving Grounds Vol. 3,,Berlin,Accapella,2023,DLTLLY,2023-05-31,https://www.youtube.com/watch?v=zP_94cQIw4U,17670,zP_94cQIw4U,Proving Grounds Berlin,2024-08-03T02:43:42.884-04:00
Bronko Banano,Young Kennedy,Proving Grounds Vol. 3,,Berlin,Accapella,2023,DLTLLY,2023-05-31,https://www.youtube.com/watch?v=djAFYil0UhI,10291,djAFYil0UhI,Proving Grounds Berlin,2024-08-03T02:43:42.884-04:00
T-WAY & TOLLSCHOCK & BURST & EZRA & HEINZ87,NATIF (& YAAMANN),,,,Accapella,2023,FOB,2023-05-31,https://www.youtube.com/watch?v=s8txdXxnA78,6945,s8txdXxnA78,5 GEGEN NATIF,2024-08-03T02:43:42.884-04:00
Yarambo,Craze,NRWeekend 6,,,Accapella,2023,DLTLLY,2023-05-28,https://www.youtube.com/watch?v=46OYZ6po0Ak,124439,46OYZ6po0Ak,NRWeekend 6,2024-08-03T02:43:42.885-04:00
Nio,Vesso,,,,Accapella,2023,DUDL,2023-05-27,https://www.youtube.com/watch?v=GiTmnInso14,6741,GiTmnInso14,Battle,2024-08-03T02:43:42.885-04:00
Celune,Wenzel Washington,Proving Grounds Vol. 3,,Berlin,Accapella,2023,DLTLLY,2023-05-26,https://www.youtube.com/watch?v=vrsYi_dzJAM,25383,vrsYi_dzJAM,Proving Grounds Berlin,2024-08-03T02:43:42.885-04:00
Joseph Steinschleuder,Requiem,NRWeekend 6,,,Accapella,2023,DLTLLY,2023-05-21,https://www.youtube.com/watch?v=b7Ous_8Wlug,48580,b7Ous_8Wlug,NRWeekend 6,2024-08-03T02:43:42.885-04:00
S-Staticx,Rebellion,,,,Accapella,2023,DUDL,2023-05-20,https://www.youtube.com/watch?v=CxLrqhH-DBk,6022,CxLrqhH-DBk,Battle,2024-08-03T02:43:42.886-04:00
Valik,Davis,Proving Grounds Vol. 3,,Berlin,Accapella,2023,DLTLLY,2023-05-19,https://www.youtube.com/watch?v=LyPTX5qeZD0,13048,LyPTX5qeZD0,Proving Grounds Berlin,2024-08-03T02:43:42.886-04:00
DADDA,P-HAZE,,,,Accapella,2023,FOB,2023-05-19,https://www.youtube.com/watch?v=AhJOsTxYeUE,5120,AhJOsTxYeUE,ACAPELLA BATTLE,2024-08-03T02:43:42.886-04:00
Neilz,Tobi High,NRWeekend 6,,,Accapella,2023,DLTLLY,2023-05-14,https://www.youtube.com/watch?v=jhhMGXy1LF8,77130,jhhMGXy1LF8,NRWeekend 6,2024-08-03T02:43:42.886-04:00
JANAUND,PESC,,,,Accapella,2023,FOB,2023-05-12,https://www.youtube.com/watch?v=rJEsiba2m2Y,5276,rJEsiba2m2Y,ACAPELLA BATTLE,2024-08-03T02:43:42.886-04:00
MOODY,NEOS,,,,Accapella,2023,FOB,2023-05-07,https://www.youtube.com/watch?v=iBL1KeH3-Zg,3019,iBL1KeH3-Zg,ACAPELLA BATTLE,2024-08-03T02:43:42.886-04:00
CLOUDSURFER,CSN GALACTICO,,,,Accapella,2023,FOB,2023-05-05,https://www.youtube.com/watch?v=91Ics6zQVbw,8072,91Ics6zQVbw,ACAPELLA BATTLE,2024-08-03T02:43:42.886-04:00
DER SERGEANT,M.F.L.,,,,Accapella,2023,FOB,2023-04-28,https://www.youtube.com/watch?v=G2FxBew9Jug,6808,G2FxBew9Jug,ACAPELLA BATTLE,2024-08-03T02:43:42.887-04:00
MORGANA,STEEL,Unbeatable,,,On Beat,2023,FOB,2023-04-21,https://www.youtube.com/watch?v=WAFnWLi2kQM,45044,WAFnWLi2kQM,ON BEAT BATTLE,2024-08-03T02:43:42.887-04:00
PHASENKIND,MC COLOGNE,Unbeatable,,,On Beat,2023,FOB,2023-04-14,https://www.youtube.com/watch?v=zJNkeDhTDJo,19792,zJNkeDhTDJo,ON BEAT BATTLE,2024-08-03T02:43:42.887-04:00
Maka,Zeptah,NRWeekend 6,Spektakulum,Düsseldorf,Accapella,2023,DLTLLY,2023-04-09,https://www.youtube.com/watch?v=tE_8ZrKkRL4,16342,tE_8ZrKkRL4,NRWeekend 6,2024-08-03T02:43:42.887-04:00
Niza,Heinz87,Proving Grounds,,Wiesbaden,Accapella,2023,DLTLLY,2023-04-02,https://www.youtube.com/watch?v=GwIj5C8bPBs,15715,GwIj5C8bPBs,Proving Grounds Kontext Wiesbaden,2024-08-03T02:43:42.887-04:00
S-Staticx,Der Sir (JollyJay),Proving Grounds,,Wiesbaden,Accapella,2023,DLTLLY,2023-03-31,https://www.youtube.com/watch?v=Od-__geija4,9618,Od-__geija4,Proving Grounds Kontext Wiesbaden,2024-08-03T02:43:42.887-04:00
LUG SERIOUS,BANDAN,,,,On Beat,2023,FOB,2023-03-29,https://www.youtube.com/watch?v=iCJvT7zXNfY,4162,iCJvT7zXNfY,ON BEAT BATTLE,2024-08-03T02:43:42.887-04:00
MEIDI,KATO,,,,Accapella,2023,DLTLLY,2023-03-27,https://www.youtube.com/watch?v=BzgruMrzHLE,21770,BzgruMrzHLE,MAYhem 6 - PROVOKATION 1/6,2024-08-03T02:43:42.887-04:00
Aladin,Oregano,Proving Grounds,,Wiesbaden,Accapella,2023,DLTLLY,2023-03-26,https://www.youtube.com/watch?v=34HlNq1_VfI,34385,34HlNq1_VfI,Proving Grounds Wiesbaden,2024-08-03T02:43:42.887-04:00
HEYZEN,TECEY,,,,On Beat,2023,FOB,2023-03-23,https://www.youtube.com/watch?v=Fw7e-M3WdOI,2962,Fw7e-M3WdOI,ON BEAT BATTLE,2024-08-03T02:43:42.888-04:00
Mordrake,Faivel,Proving Grounds,,Wiesbaden,Accapella,2023,DLTLLY,2023-03-19,https://www.youtube.com/watch?v=pxKAJ5Ivies,14444,pxKAJ5Ivies,Proving Grounds Wiesbaden,2024-08-03T02:43:42.888-04:00
Mighty P,Shizu,,,,Accapella,2023,DLTLLY,2023-03-17,https://www.youtube.com/watch?v=lqYWya5f8gM,10755,lqYWya5f8gM,Freestyle um 3. Platz,2024-08-03T02:43:42.888-04:00
PRYME,FINNASTIC,,,,On Beat,2023,FOB,2023-03-17,https://www.youtube.com/watch?v=SC4utzuA9ks,4922,SC4utzuA9ks,ON BEAT BATTLE,2024-08-03T02:43:42.888-04:00
FINNASTIC,VESSO,,,,On Beat,2023,FOB,2023-03-17,https://www.youtube.com/watch?v=djWWmOoyq4Q,3218,djWWmOoyq4Q,ON BEAT BATTLE,2024-08-03T02:43:42.888-04:00
DADDA,MAT052,,,,On Beat,2023,FOB,2023-03-15,https://www.youtube.com/watch?v=VrI_EoQAHb8,6080,VrI_EoQAHb8,ON BEAT BATTLE,2024-08-03T02:43:42.888-04:00
FREEZY & DESPO,ZEPTAH & ORPHXN,,,,On Beat,2023,FOB,2023-03-14,https://www.youtube.com/watch?v=bnrYiUeZcmc,17131,bnrYiUeZcmc,ON BEAT BATTLE,2024-08-03T02:43:42.888-04:00
PHASENKIND,MC COLOGNE,,,,On Beat,2023,FOB,2023-03-14,https://www.youtube.com/watch?v=wGVt1b9k1-s,1555,wGVt1b9k1-s,ON BEAT BATTLE,2024-08-03T02:43:42.888-04:00
Holu & Freekno,Joseph Steinschleuder & Triple Beat,,,,Accapella,2023,DLTLLY,2023-03-12,https://www.youtube.com/watch?v=wD1OXlkgxuo,41057,wD1OXlkgxuo,2on2,2024-08-03T02:43:42.888-04:00
Krom,Shizu,,,Kassel,Accapella,2023,DLTLLY,2023-03-10,https://www.youtube.com/watch?v=5At2_Fwibvw,13255,5At2_Fwibvw,Freestyle Halbfinale 2/2  Kassel,2024-08-03T02:43:42.889-04:00
Kairuzo,Freezy,,,Kassel,On Beat,2023,DLTLLY,2023-03-05,https://www.youtube.com/watch?v=TWFbqnebTV8,15556,TWFbqnebTV8,Kassel,2024-08-03T02:43:42.889-04:00
JOSEPH STEINSCHLEUDER,KAIRUZO,,,,On Beat,2023,FOB,2023-03-05,https://www.youtube.com/watch?v=6dsqwWjEHYs,36474,6dsqwWjEHYs,ON BEAT BATTLE,2024-08-03T02:43:42.889-04:00
Papi Schlauch,Mighty P,,,Kassel,Accapella,2023,DLTLLY,2023-03-03,https://www.youtube.com/watch?v=GvjjcKT6ht8,22302,GvjjcKT6ht8,Freestyle Halbfinale 1/2  Kassel,2024-08-03T02:43:42.889-04:00
Gerro,Bilal,,,Kassel,Accapella,2023,DLTLLY,2023-02-26,https://www.youtube.com/watch?v=PtphnbYBD-g,21197,PtphnbYBD-g,Kassel,2024-08-03T02:43:42.889-04:00
Muro,Mighty P,,,Kassel,Accapella,2023,DLTLLY,2023-02-24,https://www.youtube.com/watch?v=FjKugbIQk7w,14464,FjKugbIQk7w,Freestyle Viertelfinale 4/4 Kassel,2024-08-03T02:43:42.889-04:00
Krom,Notyzze,,,Kassel,Accapella,2023,DLTLLY,2023-02-21,https://www.youtube.com/watch?v=98g7Cy_XbxY,29998,98g7Cy_XbxY,Freestyle Viertelfinale 3/4  Kassel,2024-08-03T02:43:42.889-04:00
MC Geuner,Shizu,,,Kassel,Accapella,2023,DLTLLY,2023-02-17,https://www.youtube.com/watch?v=AvAcIKtEhwc,13759,AvAcIKtEhwc,Freestyle Viertelfinale 2/4 Kassel,2024-08-03T02:43:42.889-04:00
Craze,Papi Schlauch,,,Kassel,Accapella,2023,DLTLLY,2023-02-14,https://www.youtube.com/watch?v=cFxjz1ESlrA,25840,cFxjz1ESlrA,Freestyle Viertelfinale 1/4 Kassel,2024-08-03T02:43:42.889-04:00
Vyrus,Bong Teggy,DISSember 4,Festsaal Kreuzberg,Berlin,On Beat,2023,DLTLLY,2023-02-12,https://www.youtube.com/watch?v=0j2whdG-GRI,162876,0j2whdG-GRI,DISSember 6,2024-08-03T02:43:42.889-04:00
Julo,Kid Soldier,DISSember 4,Festsaal Kreuzberg,Berlin,Accapella,2023,DLTLLY,2023-02-05,https://www.youtube.com/watch?v=9sm6ohBf5jM,43011,9sm6ohBf5jM,DISSember 6,2024-08-03T02:43:42.890-04:00
Kiruma,LevRudi,,,,Accapella,2022,DUDL,2023-02-04,https://www.youtube.com/watch?v=cy4tB0dKQvQ,23630,cy4tB0dKQvQ,Battle,2024-08-03T02:43:42.890-04:00
Neilz,Wolff,DISSember 4,Festsaal Kreuzberg,Berlin,Accapella,2023,DLTLLY,2023-02-02,https://www.youtube.com/watch?v=haZz6DTu_-g,66329,haZz6DTu_-g,DISSember 6,2024-08-03T02:43:42.890-04:00
Kato,Robscure,,,,Accapella,2023,DLTLLY,2023-01-29,https://www.youtube.com/watch?v=N2dkTa_mUcg,69102,N2dkTa_mUcg,🏆 TITLE MATCH 🏆,2024-08-03T02:43:42.890-04:00
MC Rabiat,Morgana,,,,Accapella,2022,DUDL,2023-01-28,https://www.youtube.com/watch?v=YZjDfu6_Hq4,6187,YZjDfu6_Hq4,Battle,2024-08-03T02:43:42.890-04:00
Hiding John,MC Geuner,DISSember 4,Festsaal Kreuzberg,Berlin,Accapella,2023,DLTLLY,2023-01-22,https://www.youtube.com/watch?v=grXVswnsBUY,66536,grXVswnsBUY,DISSember 6,2024-08-03T02:43:42.890-04:00
Jindo109,Quasi,,,,Accapella,2022,DUDL,2023-01-21,https://www.youtube.com/watch?v=tBp6PGi6uno,102445,tBp6PGi6uno,Battle,2024-08-03T02:43:42.890-04:00
Karanova,BanDan,DISSember 4,Festsaal Kreuzberg,Berlin,On Beat,2023,DLTLLY,2023-01-15,https://www.youtube.com/watch?v=4wcUZ0dY-LA,24412,4wcUZ0dY-LA,DISSember 6,2024-08-03T02:43:42.890-04:00
Jeystone,Vorstadtflokati,,,,Accapella,2022,DUDL,2023-01-14,https://www.youtube.com/watch?v=VvxXsgtdpE0,7245,VvxXsgtdpE0,Battle,2024-08-03T02:43:42.891-04:00
Mars B.,JollyJay,,,Kassel,Accapella,2023,DLTLLY,2023-01-08,https://www.youtube.com/watch?v=gGQdvDUSOpo,126411,gGQdvDUSOpo,Kassel,2024-08-03T02:43:42.891-04:00
Flashus Christus,Schlawin0r,,,,Accapella,2022,DUDL,2023-01-07,https://www.youtube.com/watch?v=NmmCLoAfZ5k,7498,NmmCLoAfZ5k,Battle,2024-08-03T02:43:42.891-04:00
YAAMANN,TOMMY2LATE (BATTLE UM PLATZ 3),,,,Accapella,2023,FOB,2023-01-02,https://www.youtube.com/watch?v=01BN8cP4K2s,2910,01BN8cP4K2s,FREESTYLE BATTLE,2024-08-03T02:43:42.891-04:00
CRAZE,MURO (FINALE),,,,Accapella,2023,FOB,2023-01-02,https://www.youtube.com/watch?v=38oHMQzefu4,7354,38oHMQzefu4,FREESTYLE BATTLE,2024-08-03T02:43:42.891-04:00
T-Way,Neilz,,,Kassel,Accapella,2023,DLTLLY,2023-01-01,https://www.youtube.com/watch?v=RlbPNOCmPdg,54826,RlbPNOCmPdg,Kassel,2024-08-03T02:43:42.891-04:00
Duff,B-Dad,,,Kassel,Accapella,2022,DLTLLY,2022-12-25,https://www.youtube.com/watch?v=vs4tNDMiQbE,28525,vs4tNDMiQbE,Kassel,2024-08-03T02:43:42.891-04:00
Pulsar,Shaolum,,,Kassel,Accapella,2022,DLTLLY,2022-12-11,https://www.youtube.com/watch?v=xhm1GaoEThA,19813,xhm1GaoEThA,Kassel,2024-08-03T02:43:42.891-04:00
T-WAY,KOOZY,,,,On Beat,2022,FOB,2022-12-09,https://www.youtube.com/watch?v=pZQtoF-rlXI,10165,pZQtoF-rlXI,ON BEAT BATTLE,2024-08-03T02:43:42.891-04:00
ZEPTAH,NOAH263,,,,Accapella,2022,FOB,2022-12-04,https://www.youtube.com/watch?v=Do5mGT8p3rQ,2570,Do5mGT8p3rQ,FREESTYLE BATTLE,2024-08-03T02:43:42.892-04:00
TEACH,VESSO,,,,Accapella,2022,FOB,2022-12-04,https://www.youtube.com/watch?v=FDh0UdIX-3g,2888,FDh0UdIX-3g,FREESTYLE BATTLE,2024-08-03T02:43:42.892-04:00
Papi Schlauch,Craze,,,,Accapella,2022,DLTLLY,2022-12-04,https://www.youtube.com/watch?v=8MwhxBFd0rk,97193,8MwhxBFd0rk,Stellwerk Hamburg,2024-08-03T02:43:42.892-04:00
Shizu,Niza,,,Kassel,Accapella,2022,DLTLLY,2022-11-30,https://www.youtube.com/watch?v=nB5MCOERYgw,25614,nB5MCOERYgw,Kassel,2024-08-03T02:43:42.892-04:00
MORGANA,DESPO,,,,Accapella,2022,FOB,2022-11-28,https://www.youtube.com/watch?v=cr7jeZoQa4Y,5227,cr7jeZoQa4Y,ACAPELLA BATTLE,2024-08-03T02:43:42.892-04:00
MC COLOGNE,LEOQUENT,,,,Accapella,2022,FOB,2022-11-28,https://www.youtube.com/watch?v=srliH-T5M4I,2804,srliH-T5M4I,ACAPELLA BATTLE,2024-08-03T02:43:42.892-04:00
LEONNN,CLOUDSURFER,,,,Accapella,2022,FOB,2022-11-28,https://www.youtube.com/watch?v=YdcZBjLyUdQ,3031,YdcZBjLyUdQ,ACAPELLA BATTLE,2024-08-03T02:43:42.892-04:00
Jack Dragon,Tollschock,,,,Accapella,2022,DLTLLY,2022-11-27,https://www.youtube.com/watch?v=BJFMwGvMeqY,17818,BJFMwGvMeqY,Stellwerk Hamburg,2024-08-03T02:43:42.892-04:00
Shortworth,Kairuzo,Proving Grounds Vol. 2,,Berlin,Accapella,2022,DLTLLY,2022-11-25,https://www.youtube.com/watch?v=moff7jTB0Hk,10905,moff7jTB0Hk,Proving Grounds  Panke Berlin,2024-08-03T02:43:42.892-04:00
DASCHA,NOTYZZE,,,,Accapella,2022,FOB,2022-11-20,https://www.youtube.com/watch?v=Rn3E7Ggt1eI,16905,Rn3E7Ggt1eI,FREESTYLE BATTLE,2024-08-03T02:43:42.893-04:00
Zeuge,D-Kay,,,,Accapella,2022,DLTLLY,2022-11-20,https://www.youtube.com/watch?v=lY1e8yfkpa8,19796,lY1e8yfkpa8,Stellwerk Hamburg,2024-08-03T02:43:42.893-04:00
Der Sir,Bronko Banano aka Street,Proving Grounds Vol. 2,,Berlin,Accapella,2022,DLTLLY,2022-11-18,https://www.youtube.com/watch?v=ZS28WqvU5SM,8494,ZS28WqvU5SM,Proving Grounds  Panke Berlin,2024-08-03T02:43:42.893-04:00
NOTYZZE,DIZZEPTICON,,,,Accapella,2022,FOB,2022-11-14,https://www.youtube.com/watch?v=bJE9flpMmRE,6229,bJE9flpMmRE,FREESTYLE BATTLE,2024-08-03T02:43:42.893-04:00
Joseph Steinschleuder,Hiding John,,,,Accapella,2022,DLTLLY,2022-11-13,https://www.youtube.com/watch?v=y6t8jKfD-AE,74643,y6t8jKfD-AE,Stellwerk Hamburg,2024-08-03T02:43:42.893-04:00
Mazzikaner,Requiem,Proving Grounds Vol. 2,,Berlin,Accapella,2022,DLTLLY,2022-11-06,https://www.youtube.com/watch?v=TAm558704I4,15944,TAm558704I4,Proving Grounds  Panke Berlin,2024-08-03T02:43:42.893-04:00
KIRUMA,ZEPTAH,,,,Accapella,2022,FOB,2022-11-04,https://www.youtube.com/watch?v=fWJTrdnzJrg,17404,fWJTrdnzJrg,ACAPELLA BATTLE,2024-08-03T02:43:42.893-04:00
MC GEUNER,ROLLING G,,,,Accapella,2022,FOB,2022-11-03,https://www.youtube.com/watch?v=uu0PY0v7IFQ,40118,uu0PY0v7IFQ,ACAPELLA BATTLE,2024-08-03T02:43:42.893-04:00
Krom,Fate,,,,Accapella,2022,DLTLLY,2022-10-23,https://www.youtube.com/watch?v=Li-qeNs1KpU,16469,Li-qeNs1KpU,Freestyle Halbfinale 2/2,2024-08-03T02:43:42.893-04:00
Hiding John,Lyrico,,Festsaal Kreuzberg,Berlin,Accapella,2022,DLTLLY,2022-10-16,https://www.youtube.com/watch?v=DfqZW-U6Pt8,99229,DfqZW-U6Pt8,Berlin 9th Birthday,2024-08-03T02:43:42.893-04:00
CRAZE & PHILLIE.45,VYRUS & FREEZY,,,,On Beat,2022,FOB,2022-10-14,https://www.youtube.com/watch?v=ldSXHCj1nOM,86885,ldSXHCj1nOM,ON BEAT BATTLE,2024-08-03T02:43:42.894-04:00
HOLU,MC RABIAT,,,,Accapella,2022,FOB,2022-10-14,https://www.youtube.com/watch?v=N9pjDq1PXRU,2334,N9pjDq1PXRU,ACAPELLA BATTLE,2024-08-03T02:43:42.894-04:00
Kato,Craze,,,,Accapella,2022,DLTLLY,2022-10-14,https://www.youtube.com/watch?v=EutFE-eb8sc,17642,EutFE-eb8sc,Freestyle Viertelfinale 4/4,2024-08-03T02:43:42.894-04:00
HEINZ87,OREGANO,,,,Accapella,2022,FOB,2022-10-14,https://www.youtube.com/watch?v=TRUrdcR5wIw,18241,TRUrdcR5wIw,ACAPELLA BATTLE,2024-08-03T02:43:42.894-04:00
Aytee,Galv,,Festsaal Kreuzberg,Berlin,On Beat,2022,DLTLLY,2022-10-09,https://www.youtube.com/watch?v=jD054e2cdBw,53612,jD054e2cdBw,Berlin 9th Birthday,2024-08-03T02:43:42.894-04:00
Fate,Davie Jones,,,,Accapella,2022,DLTLLY,2022-10-07,https://www.youtube.com/watch?v=05TK5EPBr0Y,16973,05TK5EPBr0Y,Freestyle Viertelfinale 3/4,2024-08-03T02:43:42.894-04:00
Tobi High,Wolff,,Festsaal Kreuzberg,Berlin,Accapella,2022,DLTLLY,2022-10-03,https://www.youtube.com/watch?v=k3BrRmzQiho,71419,k3BrRmzQiho,Berlin 9th Birthday,2024-08-03T02:43:42.894-04:00
Notyzze,Shizu,,,,Accapella,2022,DLTLLY,2022-10-02,https://www.youtube.com/watch?v=ZrSdgJqcZoE,19007,ZrSdgJqcZoE,Freestyle Viertelfinale 2/4,2024-08-03T02:43:42.894-04:00
Julo,Joseph Steinschleuder,,Badehaus Berlin,Berlin,Accapella,2022,DUDL,2022-10-01,https://www.youtube.com/watch?v=OZXeAAAO5J4,44600,OZXeAAAO5J4,Battle,2024-08-03T02:43:42.894-04:00
Krom,Mighty P,,,,Accapella,2022,DLTLLY,2022-09-30,https://www.youtube.com/watch?v=Jh54jeD5YeU,16633,Jh54jeD5YeU,Freestyle Viertelfinale 1/4,2024-08-03T02:43:42.894-04:00
T-WAY,FREEKNO,,,,Accapella,2022,FOB,2022-09-28,https://www.youtube.com/watch?v=9l3DT26cxe8,4320,9l3DT26cxe8,ACAPELLA BATTLE,2024-08-03T02:43:42.895-04:00
JOSEPH STEINSCHLEUDER,FAIVEL,,,,Accapella,2022,FOB,2022-09-27,https://www.youtube.com/watch?v=aUwkQJY2Rf8,28637,aUwkQJY2Rf8,ACAPELLA BATTLE,2024-08-03T02:43:42.895-04:00
TOLLSCHOCK,PESC,,,,Accapella,2022,FOB,2022-09-27,https://www.youtube.com/watch?v=BwRs5JfDleQ,5835,BwRs5JfDleQ,ACAPELLA BATTLE,2024-08-03T02:43:42.895-04:00
Morgana,Kiruma,,,,Accapella,2022,DUDL,2022-09-24,https://www.youtube.com/watch?v=sAEdAkJMRdU,20364,sAEdAkJMRdU,Battle,2024-08-03T02:43:42.895-04:00
MC Rabiat,Pulsar,,,,Accapella,2022,DUDL,2022-09-17,https://www.youtube.com/watch?v=dkTL_Nv3G8Q,6119,dkTL_Nv3G8Q,Battle,2024-08-03T02:43:42.895-04:00
MC COLOGNE,.TECEY,,,,On Beat,2022,FOB,2022-09-14,https://www.youtube.com/watch?v=r1F9bbM1oKU,2840,r1F9bbM1oKU,ON BEAT BATTLE,2024-08-03T02:43:42.895-04:00
VYRUS,ZEPTAH,,,,On Beat,2022,FOB,2022-09-14,https://www.youtube.com/watch?v=Zm6fOMQaFS0,59197,Zm6fOMQaFS0,ON BEAT BATTLE,2024-08-03T02:43:42.895-04:00
Bong Teggy,Davie Jones,splash! 23,Splash,Ferropolis,On Beat,2022,DLTLLY,2022-09-11,https://www.youtube.com/watch?v=pdhbmLWMwyg,222204,pdhbmLWMwyg,Splash! Festival,2024-08-03T02:43:42.895-04:00
DEZ,LevRudi,,,,Accapella,2022,DUDL,2022-09-10,https://www.youtube.com/watch?v=4hkL_gTsuBc,9236,4hkL_gTsuBc,Battle,2024-08-03T02:43:42.895-04:00
Karanova,Aytee,splash! 23,Splash,Ferropolis,On Beat,2022,DLTLLY,2022-09-04,https://www.youtube.com/watch?v=n6c9Qv8P-C8,81804,n6c9Qv8P-C8,Splash! Festival,2024-08-03T02:43:42.896-04:00
Trunkenbold,Flashus Christus,,,,Accapella,2022,DUDL,2022-09-03,https://www.youtube.com/watch?v=NIohlGTNge8,8427,NIohlGTNge8,Battle,2024-08-03T02:43:42.896-04:00
MORGANA,LUG SERIOUS,,,,On Beat,2022,FOB,2022-09-02,https://www.youtube.com/watch?v=y4yjYAZK7JE,20724,y4yjYAZK7JE,ON BEAT BATTLE,2024-08-03T02:43:42.896-04:00
FROZEN,FREEZY,,,,On Beat,2022,FOB,2022-08-30,https://www.youtube.com/watch?v=Gsl1naOWydI,4280,Gsl1naOWydI,ON BEAT BATTLE,2024-08-03T02:43:42.896-04:00
PHILLIE.45,BANDAN,,,,On Beat,2022,FOB,2022-08-30,https://www.youtube.com/watch?v=XXSqvOu2WQs,6525,XXSqvOu2WQs,ON BEAT BATTLE,2024-08-03T02:43:42.896-04:00
PHASENKIND,LUG SERIOUS,,,,On Beat,2022,FOB,2022-08-30,https://www.youtube.com/watch?v=FlPpnQ-dKD8,9803,FlPpnQ-dKD8,ON BEAT BATTLE,2024-08-03T02:43:42.896-04:00
Khacoby,DirtySanchez,splash! 23,Splash,Ferropolis,On Beat,2022,DLTLLY,2022-08-28,https://www.youtube.com/watch?v=s-zpW3jQqTo,33341,s-zpW3jQqTo,Splash! Festival,2024-08-03T02:43:42.896-04:00
Jeystone,Jesazz K,,,,Accapella,2022,DUDL,2022-08-27,https://www.youtube.com/watch?v=Hz69rjg3Kw8,9706,Hz69rjg3Kw8,Battle,2024-08-03T02:43:42.897-04:00
BURST,KAIRUZO,,,,On Beat,2022,FOB,2022-08-26,https://www.youtube.com/watch?v=CiPxzTK1pqw,2022,CiPxzTK1pqw,ON BEAT BATTLE,2024-08-03T02:43:42.897-04:00
REQUIEM,HEYZEN,,,,On Beat,2022,FOB,2022-08-25,https://www.youtube.com/watch?v=z83Zw2aMjkI,7484,z83Zw2aMjkI,ON BEAT BATTLE,2024-08-03T02:43:42.897-04:00
T-Way,Tobi High,splash! 23,Splash,Ferropolis,On Beat,2022,DLTLLY,2022-08-21,https://www.youtube.com/watch?v=tEhjlNLOuFA,22260,tEhjlNLOuFA,Splash! Festival,2024-08-03T02:43:42.897-04:00
SnakeHeadRhyme,D-Kay,,,,Accapella,2022,DUDL,2022-08-20,https://www.youtube.com/watch?v=huG-hq7KSZg,11005,huG-hq7KSZg,Battle,2024-08-03T02:43:42.898-04:00
VYRUS,JOLLE (BATTLE UM PLATZ 3),,,,Accapella,2022,FOB,2022-08-18,https://www.youtube.com/watch?v=iOJVqrGOgso,4576,iOJVqrGOgso,FREESTYLE BATTLE,2024-08-03T02:43:42.898-04:00
CRAZE,PATO G (FINALE),,,,Accapella,2022,FOB,2022-08-18,https://www.youtube.com/watch?v=hr1SredLhhU,5781,hr1SredLhhU,FREESTYLE BATTLE,2024-08-03T02:43:42.898-04:00
NOTYZZE,CRAZE  (BONUS BATTLE),,,,Accapella,2022,FOB,2022-08-18,https://www.youtube.com/watch?v=KHCHHB0LHHM,11465,KHCHHB0LHHM,FREESTYLE BATTLE,2024-08-03T02:43:42.898-04:00
Vorstadtflokati,Latik,,,,Accapella,2022,DUDL,2022-08-13,https://www.youtube.com/watch?v=dRDcUTdB7nE,6316,dRDcUTdB7nE,Battle,2024-08-03T02:43:42.898-04:00
STEEL,MC COLOGNE,,,,On Beat,2022,FOB,2022-08-12,https://www.youtube.com/watch?v=9gdlkHCY6ks,24890,9gdlkHCY6ks,ON BEAT BATTLE,2024-08-03T02:43:42.898-04:00
Holu,Mazzikaner,,,,Accapella,2022,DUDL,2022-08-06,https://www.youtube.com/watch?v=1JCgK26bVhA,5683,1JCgK26bVhA,Battle,2024-08-03T02:43:42.898-04:00
Julo,Cashus K.,,,,Accapella,2022,DUDL,2022-07-30,https://www.youtube.com/watch?v=syTuhtmBwRg,8713,syTuhtmBwRg,Battle,2024-08-03T02:43:42.898-04:00
Alko,Bilal,,,,Accapella,2022,DUDL,2022-07-23,https://www.youtube.com/watch?v=02mF_h347nk,11222,02mF_h347nk,Battle,2024-08-03T02:43:42.898-04:00
Shizu,Tao,,Backstage,München,Accapella,2022,DLTLLY,2022-07-17,https://www.youtube.com/watch?v=pbJaLLca8ec,24962,pbJaLLca8ec,Backstage München,2024-08-03T02:43:42.898-04:00
LevRudi,Jesazz K,,,,Accapella,2022,DUDL,2022-07-16,https://www.youtube.com/watch?v=LAUYmanP_6I,11936,LAUYmanP_6I,Battle,2024-08-03T02:43:42.899-04:00
NOTYZZE,YAAMANN,,,,Accapella,2022,FOB,2022-07-14,https://www.youtube.com/watch?v=HY-hSTOAFvc,8260,HY-hSTOAFvc,FREESTYLE BATTLE,2024-08-03T02:43:42.899-04:00
KALP ONE,FREEKNO,,,,Accapella,2022,FOB,2022-07-14,https://www.youtube.com/watch?v=yU99ToSTBps,3741,yU99ToSTBps,ACAPELLA BATTLE,2024-08-03T02:43:42.899-04:00
KOOZY,KAIRUZO,,,,On Beat,2022,FOB,2022-07-14,https://www.youtube.com/watch?v=5TCfzkPBF-o,13130,5TCfzkPBF-o,ON BEAT BATTLE,2024-08-03T02:43:42.899-04:00
BARETTA,OREGANO,,,,Accapella,2022,FOB,2022-07-14,https://www.youtube.com/watch?v=B6RjjHg62QE,11939,B6RjjHg62QE,ACAPELLA BATTLE,2024-08-03T02:43:42.899-04:00
NOTYZZE,PHASENKIND,,,,Accapella,2022,FOB,2022-07-14,https://www.youtube.com/watch?v=HD98boSKqCM,5812,HD98boSKqCM,FREESTYLE BATTLE,2024-08-03T02:43:42.899-04:00
DOCMO,BEZEY,,,,Accapella,2022,FOB,2022-07-14,https://www.youtube.com/watch?v=pVZjfqP3MvU,1195,pVZjfqP3MvU,FREESTYLE BATTLE,2024-08-03T02:43:42.899-04:00
MIKESH,SSYNIC,Mayhem 5,,,Accapella,2022,DLTLLY,2022-07-10,https://www.youtube.com/watch?v=ccC4G3Ox27Y,655732,ccC4G3Ox27Y,MAYhem #5,2024-08-03T02:43:42.899-04:00
Mars B.,Neilz,,Backstage,München,Accapella,2022,DLTLLY,2022-07-10,https://www.youtube.com/watch?v=-iJVkN6FDbs,105392,-iJVkN6FDbs,Backstage München,2024-08-03T02:43:42.899-04:00
Hiding John,Neilz,,Crack Bellmer,Berlin,Accapella,2022,DUDL,2022-07-09,https://www.youtube.com/watch?v=O_9B-Ip_kkg,86154,O_9B-Ip_kkg,Battle,2024-08-03T02:43:42.900-04:00
Robscure,Falki,,,,Accapella,2022,DLTLLY,2022-07-03,https://www.youtube.com/watch?v=f-mF2l3hDjY,57746,f-mF2l3hDjY,MAYhem 5 Festsaal Kreuzberg,2024-08-03T02:43:42.900-04:00
McLuvin,GR8,,,,Accapella,2022,DUDL,2022-07-02,https://www.youtube.com/watch?v=regYrzxAfGs,9685,regYrzxAfGs,Battle,2024-08-03T02:43:42.900-04:00
ROBEAZY,M.F.L.,,,,Accapella,2022,FOB,2022-06-30,https://www.youtube.com/watch?v=d0qAuLNmQQc,1995,d0qAuLNmQQc,ACAPELLA BATTLE,2024-08-03T02:43:42.900-04:00
Tobi High,Aytee,,,,Accapella,2022,DLTLLY,2022-06-26,https://www.youtube.com/watch?v=ZPeaBwUwty4,72966,ZPeaBwUwty4,MAYhem 5 Festsaal Kreuzberg,2024-08-03T02:43:42.900-04:00
Béla Garbage,Franz Flaute,,,,Accapella,2022,DUDL,2022-06-25,https://www.youtube.com/watch?v=e4VyBRJ4Fk4,10233,e4VyBRJ4Fk4,Battle,2024-08-03T02:43:42.900-04:00
DASCHA,PATO G,,,,Accapella,2022,FOB,2022-06-24,https://www.youtube.com/watch?v=jaQXn1IHhcU,2601,jaQXn1IHhcU,FREESTYLE BATTLE,2024-08-03T02:43:42.900-04:00
PESC,LEOQUENT,,,,Accapella,2022,FOB,2022-06-21,https://www.youtube.com/watch?v=dsD2zPtl9UQ,1807,dsD2zPtl9UQ,ACAPELLA BATTLE,2024-08-03T02:43:42.900-04:00
MORGANA,TECEY,,,,Accapella,2022,FOB,2022-06-20,https://www.youtube.com/watch?v=rXsbY1b41N4,3504,rXsbY1b41N4,ACAPELLA BATTLE,2024-08-03T02:43:42.901-04:00
Pablo2k,Jeystone,,,,Accapella,2022,DUDL,2022-06-18,https://www.youtube.com/watch?v=tuxr36FJOPs,9614,tuxr36FJOPs,Battle,2024-08-03T02:43:42.901-04:00
OREGANO,FAIVEL,,,,Accapella,2022,FOB,2022-06-17,https://www.youtube.com/watch?v=ahNsdBtoNVw,14493,ahNsdBtoNVw,ACAPELLA BATTLE,2024-08-03T02:43:42.901-04:00
SnakeHeadRhyme,Kid Soldier,,,,Accapella,2022,DLTLLY,2022-06-12,https://www.youtube.com/watch?v=3haA6pKjg5I,51294,3haA6pKjg5I,MAYhem 5,2024-08-03T02:43:42.901-04:00
ZinZity,Karanova,,,,Accapella,2022,DUDL,2022-06-11,https://www.youtube.com/watch?v=jY18iQanWaI,67411,jY18iQanWaI,Battle,2024-08-03T02:43:42.901-04:00
Django,Zeuge,,,,Accapella,2022,DUDL,2022-06-04,https://www.youtube.com/watch?v=rM3mXY5wEuA,13395,rM3mXY5wEuA,Battle,2024-08-03T02:43:42.901-04:00
LATIK,NIKA,,,,Accapella,2022,FOB,2022-06-04,https://www.youtube.com/watch?v=ughb98BsdD8,3725,ughb98BsdD8,ACAPELLA BATTLE,2024-08-03T02:43:42.901-04:00
NICK SHIT,EZRA,,,,Accapella,2022,FOB,2022-05-31,https://www.youtube.com/watch?v=-gNJ3ZjYgj0,1543,-gNJ3ZjYgj0,ACAPELLA BATTLE,2024-08-03T02:43:42.901-04:00
Kiruma,BunGee,,,,Accapella,2022,DUDL,2022-05-28,https://www.youtube.com/watch?v=aRMwOCghSCI,18543,aRMwOCghSCI,Battle,2024-08-03T02:43:42.901-04:00
ALKO,EMBA,,,,On Beat,2022,FOB,2022-05-24,https://www.youtube.com/watch?v=XedbsyzqXvg,4937,XedbsyzqXvg,ON BEAT BATTLE,2024-08-03T02:43:42.902-04:00
Bong Teggy & Papi Schlauch,Cris Kotzen & Ano-nym,DISSember 4,Festsaal Kreuzberg,Berlin,Accapella,2022,DLTLLY,2022-05-15,https://www.youtube.com/watch?v=kXPVliglFLM,141512,kXPVliglFLM,2on2  Dissember5 Berlin,2024-08-03T02:43:42.902-04:00
Deytona,Maka,,,,Accapella,2022,DLTLLY,2022-05-08,https://www.youtube.com/watch?v=nhXxVQrDp3E,18796,nhXxVQrDp3E,Spektakulum Düsseldorf,2024-08-03T02:43:42.902-04:00
Hiding John,Julo,,,,Accapella,2022,DLTLLY,2022-05-06,https://www.youtube.com/watch?v=8Rg-OYpHnz8,49929,8Rg-OYpHnz8,Spektakulum Düsseldorf,2024-08-03T02:43:42.902-04:00
Bilal,RNGD,DISSember 5,Festsaal Kreuzberg,Berlin,Accapella,2022,DLTLLY,2022-05-06,https://www.youtube.com/watch?v=A15mdm79cLI,13246,A15mdm79cLI,Bonus Battle DISSember 5 Berlin,2024-08-03T02:43:42.902-04:00
Davie Jones,Khacoby,DISSember 5,Festsaal Kreuzberg,Berlin,Accapella,2022,DLTLLY,2022-05-01,https://www.youtube.com/watch?v=x-LvLkEzs8k,59987,x-LvLkEzs8k,DISSember 5 Berlin,2024-08-03T02:43:42.902-04:00
LITTLE SEDO,MALIK (NEWCOMER BATTLE),,,,Accapella,2022,FOB,2022-04-28,https://www.youtube.com/watch?v=qTnU1JNsn1Q,2163,qTnU1JNsn1Q,ACAPELLA BATTLE,2024-08-03T02:43:42.902-04:00
Hiding John,Karanova,DISSember 5,Festsaal Kreuzberg,Berlin,Accapella,2022,DLTLLY,2022-04-24,https://www.youtube.com/watch?v=0AWRxf_O7N0,49572,0AWRxf_O7N0,DISSember 5 Berlin,2024-08-03T02:43:42.902-04:00
OREGANO,BUNNEE (NEWCOMER BATTLE),,,,Accapella,2022,FOB,2022-04-22,https://www.youtube.com/watch?v=IpAK7JAG9aY,6032,IpAK7JAG9aY,ACAPELLA BATTLE,2024-08-03T02:43:42.902-04:00
Niza,Despo,DISSember 5,Festsaal Kreuzberg,Berlin,Accapella,2022,DLTLLY,2022-04-17,https://www.youtube.com/watch?v=QOkXwlYdbQI,18251,QOkXwlYdbQI,DISSember 5 Berlin,2024-08-03T02:43:42.903-04:00
NICK SHIT,BARETTA (NEWCOMER BATTLE),,,,Accapella,2022,FOB,2022-04-15,https://www.youtube.com/watch?v=UHTFPhhnook,1653,UHTFPhhnook,ACAPELLA BATTLE,2024-08-03T02:43:42.903-04:00
T-Way,DeeLah,DISSember 5,Festsaal Kreuzberg,Berlin,Accapella,2022,DLTLLY,2022-04-10,https://www.youtube.com/watch?v=pc0see3ZJrM,33532,pc0see3ZJrM,DISSember 5 Berlin,2024-08-03T02:43:42.903-04:00
CRAZYO,M.F.L. (NEWCOMER BATTLE),,,,Accapella,2022,FOB,2022-04-08,https://www.youtube.com/watch?v=dwxhHY6EU6Y,1957,dwxhHY6EU6Y,ACAPELLA BATTLE,2024-08-03T02:43:42.903-04:00
Ankündigung MIKESH,SSYNIC,,,,Accapella,2022,DLTLLY,2022-03-27,https://www.youtube.com/watch?v=8SdOlGCSiyQ,51138,8SdOlGCSiyQ,MAYhem 5,2024-08-03T02:43:42.903-04:00
PESC,LEOQUENT (NEWCOMER BATTLE),,,,Accapella,2022,FOB,2022-03-25,https://www.youtube.com/watch?v=1FsbrboRc0c,1642,1FsbrboRc0c,ACAPELLA BATTLE,2024-08-03T02:43:42.903-04:00
FROZEN,EZRA (NEWCOMER BATTLE),,,,Accapella,2022,FOB,2022-03-24,https://www.youtube.com/watch?v=6LKmFzyGKjs,1727,6LKmFzyGKjs,ACAPELLA BATTLE,2024-08-03T02:43:42.903-04:00
BURST,A-RON,,,,On Beat,2022,FOB,2022-02-09,https://www.youtube.com/watch?v=R8lbxhWiq-M,2750,R8lbxhWiq-M,ON BEAT BATTLE,2024-08-03T02:43:42.903-04:00
ZEPTAH,PHILLIE.45,,,,On Beat,2022,FOB,2022-02-04,https://www.youtube.com/watch?v=ICuy8oTOBKw,6411,ICuy8oTOBKw,ON BEAT BATTLE,2024-08-03T02:43:42.903-04:00
FREEZY,DESPO,,,,On Beat,2022,FOB,2022-02-04,https://www.youtube.com/watch?v=elnma98FBPM,6418,elnma98FBPM,ON BEAT BATTLE,2024-08-03T02:43:42.903-04:00
KAIRUZO,FROZEN,,,,On Beat,2022,FOB,2022-02-02,https://www.youtube.com/watch?v=kLzU7By3Z48,3799,kLzU7By3Z48,ON BEAT BATTLE,2024-08-03T02:43:42.904-04:00
BANDAN,T-WAY,,,,On Beat,2022,FOB,2022-01-31,https://www.youtube.com/watch?v=yuTFKFCHHRs,4677,yuTFKFCHHRs,ON BEAT BATTLE,2024-08-03T02:43:42.904-04:00
LATIK,TEACH,,,,Accapella,2022,FOB,2022-01-30,https://www.youtube.com/watch?v=m5T71FIBKeE,4842,m5T71FIBKeE,ACAPELLA BATTLE,2024-08-03T02:43:42.904-04:00
TOLLSCHOCK,BURST,,,,Accapella,2022,FOB,2022-01-27,https://www.youtube.com/watch?v=0Nu4Vs4yFik,6334,0Nu4Vs4yFik,ACAPELLA BATTLE,2024-08-03T02:43:42.904-04:00
Joseph Steinschleuder,Tobi High,,,,Accapella,2021,DUDL,2022-01-08,https://www.youtube.com/watch?v=cblMd5dP52g,71770,cblMd5dP52g,Battle,2024-08-03T02:43:42.904-04:00
T-Way,Karanova,,,,Accapella,2021,DUDL,2022-01-01,https://www.youtube.com/watch?v=O1gK-lc2744,25794,O1gK-lc2744,Battle,2024-08-03T02:43:42.904-04:00
Khacoby,DeeLah,NRWeekend 5,,,Accapella,2021,DLTLLY,2021-12-26,https://www.youtube.com/watch?v=0TzaYVDPlWs,49494,0TzaYVDPlWs,NRWeekend 5,2024-08-03T02:43:42.904-04:00
Lug Serious,Zeuge,,,,Accapella,2021,DUDL,2021-12-25,https://www.youtube.com/watch?v=eZEkBQHj1Zw,12064,eZEkBQHj1Zw,Battle,2024-08-03T02:43:42.904-04:00
Maka,Heinz87,NRWeekend 5,,,Accapella,2021,DLTLLY,2021-12-24,https://www.youtube.com/watch?v=M9ljmm81bj8,16113,M9ljmm81bj8,NRWeekend 5,2024-08-03T02:43:42.904-04:00
MADAME CHAOT,REQUIEM,,,,Accapella,2021,FOB,2021-12-23,https://www.youtube.com/watch?v=f7Ie40PCgKE,19001,f7Ie40PCgKE,ACAPELLA BATTLE,2024-08-03T02:43:42.905-04:00
Mc Geuner,Phasenkind,NRWeekend 5,,,Accapella,2021,DLTLLY,2021-12-19,https://www.youtube.com/watch?v=8XF0GNuX43c,33512,8XF0GNuX43c,NRWeekend 5,2024-08-03T02:43:42.905-04:00
Craze,ZinZity,NRWeekend 5,,,Accapella,2021,DLTLLY,2021-12-19,https://www.youtube.com/watch?v=BFpaIJJRZpo,149600,BFpaIJJRZpo,NRWeekend 5,2024-08-03T02:43:42.905-04:00
Herr Sören,Holu,,,,Accapella,2021,DUDL,2021-12-18,https://www.youtube.com/watch?v=kSiZzKaRn_M,9241,kSiZzKaRn_M,Battle,2024-08-03T02:43:42.905-04:00
Hiding John,Mars B.,NRWeekend 5,,,Accapella,2021,DLTLLY,2021-12-12,https://www.youtube.com/watch?v=waIf0MlTjyA,142255,waIf0MlTjyA,NRWeekend 5,2024-08-03T02:43:42.905-04:00
Joe Pharo,Kid Soldier,,,,Accapella,2021,DUDL,2021-12-11,https://www.youtube.com/watch?v=v-UUweDkH68,36784,v-UUweDkH68,Battle,2024-08-03T02:43:42.905-04:00
Atropatrap,Natif,NRWeekend 5,,,Accapella,2021,DLTLLY,2021-12-10,https://www.youtube.com/watch?v=mLz-MOsV9eY,44609,mLz-MOsV9eY,NRWeekend 5,2024-08-03T02:43:42.905-04:00
Niza,Devasberg,NRWeekend 5,,,Accapella,2021,DLTLLY,2021-12-05,https://www.youtube.com/watch?v=_QVu_4_lKPw,17972,_QVu_4_lKPw,NRWeekend 5,2024-08-03T02:43:42.905-04:00
Wolff,MC Geuner,,,,Accapella,2021,DUDL,2021-12-04,https://www.youtube.com/watch?v=b-UoZVuRk8o,29968,b-UoZVuRk8o,Battle,2024-08-03T02:43:42.906-04:00
Dizzepticon,Koozy,NRWeekend 5,,,On Beat,2021,DLTLLY,2021-11-28,https://www.youtube.com/watch?v=44GWsXgZyNs,20651,44GWsXgZyNs,NRWeekend 5,2024-08-03T02:43:42.906-04:00
Phasenkind,SnakeHeadRhyme,,,,Accapella,2021,DUDL,2021-11-27,https://www.youtube.com/watch?v=rnhrlt8rjHo,15928,rnhrlt8rjHo,Battle,2024-08-03T02:43:42.906-04:00
Julo,Gerro,NRWeekend 5,,,Accapella,2021,DLTLLY,2021-11-21,https://www.youtube.com/watch?v=JFRhtS_YE9A,28376,JFRhtS_YE9A,NRWeekend 5,2024-08-03T02:43:42.906-04:00
Latik,Julo,,,,Accapella,2021,DUDL,2021-11-20,https://www.youtube.com/watch?v=JsYSZtd2KMg,6529,JsYSZtd2KMg,Battle,2024-08-03T02:43:42.906-04:00
DEMUTRAS,REQUIEM,,,,Accapella,2021,FOB,2021-11-18,https://www.youtube.com/watch?v=SGn3uMPhtTk,3212,SGn3uMPhtTk,ACAPELLA BATTLE,2024-08-03T02:43:42.906-04:00
EKHEAD,PESC,,,,Accapella,2021,FOB,2021-11-18,https://www.youtube.com/watch?v=0J9DKWtyvQ0,3839,0J9DKWtyvQ0,ACAPELLA BATTLE,2024-08-03T02:43:42.906-04:00
Davie Jones,Shizu,,,,Accapella,2021,DLTLLY,2021-11-12,https://www.youtube.com/watch?v=00PsDnNc0tE,18977,00PsDnNc0tE,Viertelfinale - Freestyle Turnier,2024-08-03T02:43:42.906-04:00
Requiem,Malik,,,,Accapella,2021,DUDL,2021-11-12,https://www.youtube.com/watch?v=nAOzsb5R0jQ,8386,nAOzsb5R0jQ,Battle,2024-08-03T02:43:42.906-04:00
Mighty P,Papi Schlauch / Viertelfinale - Freestyle Turnier / ProvingGrounds 2 Rapbattles / DLTLLY DurationPT5M Uploaded2021-11-9 Views19396 ChannelDLTLLY,,,,Accapella,2021,DLTLLY,2021-11-09,https://www.youtube.com/watch?v=MkO4Kivu-oc,19472,MkO4Kivu-oc,battlerap culture Thumbnail:https:,2024-08-03T02:43:42.906-04:00
Kato,Craze,,,,Accapella,2021,DLTLLY,2021-11-07,https://www.youtube.com/watch?v=tQxf0_g0Qyo,111413,tQxf0_g0Qyo,B-DAY #8,2024-08-03T02:43:42.907-04:00
Schlawin0r,Franciss,,,,Accapella,2021,DUDL,2021-11-06,https://www.youtube.com/watch?v=UJw2kUbdKRc,6845,UJw2kUbdKRc,Battle,2024-08-03T02:43:42.907-04:00
Notyzze,Leanders,,,,Accapella,2021,DLTLLY,2021-11-05,https://www.youtube.com/watch?v=P3jJnu84jso,20968,P3jJnu84jso,Viertelfinale - Freestyle Turnier,2024-08-03T02:43:42.907-04:00
Karanova,Mars B.,,,,Accapella,2021,DLTLLY,2021-10-31,https://www.youtube.com/watch?v=XW5F33vQEBE,56667,XW5F33vQEBE,B-DAY #8,2024-08-03T02:43:42.907-04:00
MC Rabiat,P.S. Jiggy,,,,Accapella,2021,DUDL,2021-10-29,https://www.youtube.com/watch?v=SAsznYYz40M,9682,SAsznYYz40M,Battle,2024-08-03T02:43:42.907-04:00
Aura,Desperados,Proving Grounds Vol. 2,,,Accapella,2021,DLTLLY,2021-10-29,https://www.youtube.com/watch?v=L-11Ys1jPbk,21426,L-11Ys1jPbk,Proving Grounds #2,2024-08-03T02:43:42.907-04:00
DESPO,MC COLOGNE,,,,On Beat,2021,FOB,2021-10-24,https://www.youtube.com/watch?v=l5WLfkde9bY,2901,l5WLfkde9bY,ON BEAT BATTLE,2024-08-03T02:43:42.907-04:00
TRIPLE (TRIPLEBEAT),DASCHA,,,,Accapella,2021,FOB,2021-10-24,https://www.youtube.com/watch?v=DR_Ah6-tL4A,9135,DR_Ah6-tL4A,ACAPELLA BATTLE,2024-08-03T02:43:42.908-04:00
DESPO,DOCMO,,,,Accapella,2020,FOB,2021-10-24,https://www.youtube.com/watch?v=iOCwuBA9Bm0,3332,iOCwuBA9Bm0,ACAPELLA BATTLE,2024-08-03T02:43:42.907-04:00
MUSIO,NATIF,,,,Accapella,2021,FOB,2021-10-24,https://www.youtube.com/watch?v=76GHLjt3_Q4,8711,76GHLjt3_Q4,ACAPELLA BATTLE,2024-08-03T02:43:42.907-04:00
LATIK,TECEY,,,,Accapella,2021,FOB,2021-10-24,https://www.youtube.com/watch?v=yOKjgjTx598,4529,yOKjgjTx598,ACAPELLA BATTLE,2024-08-03T02:43:42.907-04:00
Neilz,Deytona,,,,Accapella,2021,DLTLLY,2021-10-24,https://www.youtube.com/watch?v=Uo9V26OqyLw,54383,Uo9V26OqyLw,B-DAY #8,2024-08-03T02:43:42.909-04:00
DESPO & LEANDERS,BANDAN & RINGELNATZ,,,,Accapella,2021,FOB,2021-10-24,https://www.youtube.com/watch?v=Lmsc-4QD8cU,7040,Lmsc-4QD8cU,ACAPELLA BATTLE,2024-08-03T02:43:42.909-04:00
LEANDERS,TEACH,,,,Accapella,2021,FOB,2021-10-24,https://www.youtube.com/watch?v=YNP98QxWD9A,5650,YNP98QxWD9A,ACAPELLA BATTLE,2024-08-03T02:43:42.909-04:00
RALLE,DASCHA,,,,Accapella,2020,FOB,2021-10-24,https://www.youtube.com/watch?v=isjvzmQO3MI,4140,isjvzmQO3MI,ACAPELLA BATTLE,2024-08-03T02:43:42.908-04:00
MC GEUNER,JULO,,,,Accapella,2021,FOB,2021-10-24,https://www.youtube.com/watch?v=EOkj_xbRKyo,16914,EOkj_xbRKyo,ACAPELLA BATTLE,2024-08-03T02:43:42.909-04:00
Joseph Steinschleuder,A-Ron,,,,Accapella,2021,DLTLLY,2021-10-22,https://www.youtube.com/watch?v=11038rqoQr0,31681,11038rqoQr0,B-DAY #8,2024-08-03T02:43:42.909-04:00
Bong Teggy,Koozy,,,,On Beat,2021,DLTLLY,2021-10-17,https://www.youtube.com/watch?v=ADHXjLh3t58,183403,ADHXjLh3t58,B-Day #8,2024-08-03T02:43:42.909-04:00
Joseph Steinschleuder (aka Merlin),Tobi High,,,Berlin,Accapella,2021,DLTLLY,2021-10-15,https://www.youtube.com/watch?v=ErS3GzWV5EI,41271,ErS3GzWV5EI,B-DAY #8 Berlin,2024-08-03T02:43:42.909-04:00
Proton,Bandan,,,München,On Beat,2021,DLTLLY,2021-09-24,https://www.youtube.com/watch?v=2ZpsOZntjdQ,17052,2ZpsOZntjdQ,München,2024-08-03T02:43:42.909-04:00
Tollschock,MC Geuner,Proving Grounds Vol. 1,Panke Backyard,,Accapella,2021,DLTLLY,2021-09-12,https://www.youtube.com/watch?v=EPxRnWn0yFM,27718,EPxRnWn0yFM,Proving Grounds Vol. 1,2024-08-03T02:43:42.909-04:00
Vorstadtflokati,Maka,Proving Grounds Vol. 1,Panke Backyard,,Accapella,2021,DLTLLY,2021-09-05,https://www.youtube.com/watch?v=1a8hepLi7tM,13671,1a8hepLi7tM,Proving Grounds Vol. 1,2024-08-03T02:43:42.910-04:00
Julo,BDad,Proving Grounds Vol. 1,Panke Backyard,,Accapella,2021,DLTLLY,2021-08-29,https://www.youtube.com/watch?v=tcNaMgkL0ds,25392,tcNaMgkL0ds,Proving Grounds Vol. 1,2024-08-03T02:43:42.910-04:00
Moitz,Heinz87,Proving Grounds Vol. 1,Panke Backyard,,Accapella,2021,DLTLLY,2021-08-22,https://www.youtube.com/watch?v=HqgNJu5VcGI,14655,HqgNJu5VcGI,Proving Grounds Vol. 1,2024-08-03T02:43:42.910-04:00
Liser,Niza,Proving Grounds Vol. 1,Panke Backyard,,Accapella,2021,DLTLLY,2021-08-15,https://www.youtube.com/watch?v=d50Tv7s_7zY,40167,d50Tv7s_7zY,Proving Grounds Vol. 1,2024-08-03T02:43:42.910-04:00
Robscure,Hiding John,,,,Accapella,2021,DLTLLY,2021-08-08,https://www.youtube.com/watch?v=S4QLxawNqdA,41593,S4QLxawNqdA,Summer Vibes 2021,2024-08-03T02:43:42.910-04:00
Kato,Indoor Stan (OnBeat),,,,On Beat,2021,DLTLLY,2021-08-01,https://www.youtube.com/watch?v=X6kOp_8oxBU,29504,X6kOp_8oxBU,Summer Vibes 2021,2024-08-03T02:43:42.910-04:00
Joseph Steinschleuder,Natif,,,,Accapella,2021,DLTLLY,2021-07-25,https://www.youtube.com/watch?v=RPMJJLT995U,47060,RPMJJLT995U,Summer Vibes 2021,2024-08-03T02:43:42.910-04:00
Phasenkind,Ryko-J,,,,On Beat,2021,DLTLLY,2021-07-18,https://www.youtube.com/watch?v=LVHZ_t-xy48,29507,LVHZ_t-xy48,Battle,2024-08-03T02:43:42.910-04:00
Karanova,D-Kay,,,,Accapella,2021,DLTLLY,2021-07-11,https://www.youtube.com/watch?v=OB3JEUHn9uc,13783,OB3JEUHn9uc,Summer Vibes,2024-08-03T02:43:42.910-04:00
Mars B.,BX,,,,Accapella,2021,DLTLLY,2021-07-04,https://www.youtube.com/watch?v=_pAlmhNLPgk,22956,_pAlmhNLPgk,Hidden Gems 2,2024-08-03T02:43:42.911-04:00
SnakeHeadRhyme,Hiding John,,,,Accapella,2021,DLTLLY,2021-06-27,https://www.youtube.com/watch?v=bDWcsbukE34,34564,bDWcsbukE34,Hidden Gems 2,2024-08-03T02:43:42.911-04:00
Gerro,Tao,,,,Accapella,2021,DLTLLY,2021-06-13,https://www.youtube.com/watch?v=OedxSC21Q7c,12065,OedxSC21Q7c,Hidden Gems 2,2024-08-03T02:43:42.911-04:00
Phasenkind,Ferry,,,,Accapella,2021,DLTLLY,2021-06-06,https://www.youtube.com/watch?v=W77oeyxkAqU,14470,W77oeyxkAqU,Hidden Gems 2,2024-08-03T02:43:42.911-04:00
Wolff,Craze,,,,Accapella,2021,DLTLLY,2021-05-30,https://www.youtube.com/watch?v=8uoJU-abyag,40259,8uoJU-abyag,Hidden Gems,2024-08-03T02:43:42.911-04:00
Joseph Steinschleuder,Bahamakarma,,,,Accapella,2021,DLTLLY,2021-05-23,https://www.youtube.com/watch?v=UnPT7EzAH8I,32816,UnPT7EzAH8I,Hidden Gems,2024-08-03T02:43:42.911-04:00
Indoor Stan,DeeLah,,,,On Beat,2021,DLTLLY,2021-05-16,https://www.youtube.com/watch?v=fPBGqZNJ1ho,20418,fPBGqZNJ1ho,could not identify event,2024-08-03T02:43:42.911-04:00
Joe Pharo,SnakeHeadRhyme,,,,Accapella,2021,DLTLLY,2021-05-02,https://www.youtube.com/watch?v=otH1IrojW_o,20029,otH1IrojW_o,Hidden Gems,2024-08-03T02:43:42.911-04:00
Neilz,FreeKno,,,,Accapella,2021,DLTLLY,2021-04-25,https://www.youtube.com/watch?v=wZYLJenaGyg,20889,wZYLJenaGyg,Breakthrough Halbfinale,2024-08-03T02:43:42.912-04:00
Requiem,Deytona,,,,Accapella,2021,DLTLLY,2021-04-18,https://www.youtube.com/watch?v=heWtcrlwRbg,11320,heWtcrlwRbg,Breakthrough Halbfinale,2024-08-03T02:43:42.912-04:00
Mars B.,MC Geuner,,,,Accapella,2021,DLTLLY,2021-03-28,https://www.youtube.com/watch?v=-Drz-WlVUYY,49458,-Drz-WlVUYY,STREET BATTLES 2021,2024-08-03T02:43:42.912-04:00
Tollschock,D-Kay,,,,Accapella,2021,DLTLLY,2021-03-21,https://www.youtube.com/watch?v=ERCFAPYNCJI,11681,ERCFAPYNCJI,STREET BATTLES 2021,2024-08-03T02:43:42.912-04:00
Henrey,Hiding John,,,,Accapella,2021,DLTLLY,2021-03-14,https://www.youtube.com/watch?v=c8QaTxQRHMs,30132,c8QaTxQRHMs,STREET BATTLES 2021,2024-08-03T02:43:42.912-04:00
Karanova,YAMANN,,,,Accapella,2021,DLTLLY,2021-03-07,https://www.youtube.com/watch?v=4T4o-m4wRWQ,13702,4T4o-m4wRWQ,STREET BATTLES 2021,2024-08-03T02:43:42.912-04:00
Falki,Phasenkind,,,,On Beat,2021,DLTLLY,2021-02-07,https://www.youtube.com/watch?v=AgQGgjkkwBo,33252,AgQGgjkkwBo,Video Battle,2024-08-03T02:43:42.912-04:00
DOC,Gerro (aka RenetixX),,,,On Beat,2021,DLTLLY,2021-02-07,https://www.youtube.com/watch?v=FYm1CMj1TJQ,11099,FYm1CMj1TJQ,Video Battle,2024-08-03T02:43:42.912-04:00
Wandelbarz,YAAMANN,,,,On Beat,2021,DLTLLY,2021-02-07,https://www.youtube.com/watch?v=u_3tUhl9fXM,17983,u_3tUhl9fXM,Video Battle,2024-08-03T02:43:42.912-04:00
Khacoby,Peat,,,,On Beat,2021,DLTLLY,2021-01-24,https://www.youtube.com/watch?v=tlBRazaZShg,76938,tlBRazaZShg,Video Battle,2024-08-03T02:43:42.913-04:00
Holu,Kairuzo,,,,Accapella,2020,DLTLLY,2020-11-27,https://www.youtube.com/watch?v=lsb-FSjlsA0,9231,lsb-FSjlsA0,ExtraMatch,2024-08-03T02:43:42.913-04:00
Robscure,Sizyphos,,,,Accapella,2020,DLTLLY,2020-11-08,https://www.youtube.com/watch?v=2-xOBUKTmkk,91360,2-xOBUKTmkk,B.Day#7,2024-08-03T02:43:42.913-04:00
Kato,N'antinein,,,,Accapella,2020,DLTLLY,2020-11-01,https://www.youtube.com/watch?v=R5aGasnH0OM,58814,R5aGasnH0OM,B.Day#7,2024-08-03T02:43:42.913-04:00
DeeLah,Mars B.,,,,Accapella,2020,DLTLLY,2020-10-25,https://www.youtube.com/watch?v=Ia6Bsae_kEg,62596,Ia6Bsae_kEg,B.Day#7,2024-08-03T02:43:42.913-04:00
Joe Pharo,Hiding John,,,,Accapella,2020,DLTLLY,2020-10-18,https://www.youtube.com/watch?v=cBUqmJ_i5qY,60523,cBUqmJ_i5qY,B.Day#7,2024-08-03T02:43:42.913-04:00
Karma,Khacoby,,,,Accapella,2020,DLTLLY,2020-10-11,https://www.youtube.com/watch?v=YS82RpCtbS4,48045,YS82RpCtbS4,B.Day#7,2024-08-03T02:43:42.913-04:00
Joseph Steinschleuder,Indoor Stan,,Panke Backyard,Berlin,Accapella,2020,DLTLLY,2020-10-04,https://www.youtube.com/watch?v=5UjDGUy3PQI,52896,5UjDGUy3PQI,Panke,2024-08-03T02:43:42.913-04:00
Brian Damage,Craze,,Panke Backyard,Berlin,Accapella,2020,DLTLLY,2020-09-27,https://www.youtube.com/watch?v=iGUe8Sblwgw,45130,iGUe8Sblwgw,Panke,2024-08-03T02:43:42.913-04:00
DeeLah,SnakeHeadRhyme,,Panke Backyard,Berlin,Accapella,2020,DLTLLY,2020-09-20,https://www.youtube.com/watch?v=fi8fsxG1OcE,28987,fi8fsxG1OcE,Panke,2024-08-03T02:43:42.913-04:00
Steel,Karanova,,Panke Backyard,Berlin,Accapella,2020,DLTLLY,2020-09-13,https://www.youtube.com/watch?v=yHbnx2fuG5c,20619,yHbnx2fuG5c,Panke,2024-08-03T02:43:42.914-04:00
Bong Teggy,Robscure,,Panke Backyard,Berlin,Accapella,2020,DLTLLY,2020-08-16,https://www.youtube.com/watch?v=pZ6pnu5hf0A,55567,pZ6pnu5hf0A,Panke,2024-08-03T02:43:42.914-04:00
Vorstadtflokati,Shizu,,Panke Backyard,Berlin,Accapella,2020,DLTLLY,2020-08-14,https://www.youtube.com/watch?v=y9ncsceHW3M,9586,y9ncsceHW3M,Panke,2024-08-03T02:43:42.914-04:00
Kid Soldier,Hiding John,,Panke Backyard,Berlin,Accapella,2020,DLTLLY,2020-08-09,https://www.youtube.com/watch?v=Wdgl_Cg9GKU,48056,Wdgl_Cg9GKU,Panke,2024-08-03T02:43:42.914-04:00
Falk,Karanova,,,,On Beat,2020,DLTLLY,2020-08-02,https://www.youtube.com/watch?v=2ruMpOhxrRs,22472,2ruMpOhxrRs,Virtual  Battle,2024-08-03T02:43:42.914-04:00
Phasenkind,Peat,,,,On Beat,2020,DLTLLY,2020-07-26,https://www.youtube.com/watch?v=fvaZ9P2KRLE,32973,fvaZ9P2KRLE,Virtual  Battle,2024-08-03T02:43:42.914-04:00
Kato,Mr. Whyte,,,,Accapella,2020,DLTLLY,2020-07-19,https://www.youtube.com/watch?v=FgFwq0icwso,28161,FgFwq0icwso,Fussball Battle,2024-08-03T02:43:42.914-04:00
Papi Schlauch,Master Marv,,,,Accapella,2020,DLTLLY,2020-07-03,https://www.youtube.com/watch?v=eVQd_FWdloE,15353,eVQd_FWdloE,could not identify event,2024-08-03T02:43:42.914-04:00
Khacoby,Notyzze,,,,Accapella,2020,DLTLLY,2020-06-28,https://www.youtube.com/watch?v=Tm9vJh_dk9k,28108,Tm9vJh_dk9k,Corona Battle Package,2024-08-03T02:43:42.914-04:00
Mars B.,BX,,,,Accapella,2020,DLTLLY,2020-06-26,https://www.youtube.com/watch?v=LOOhH4_OvNE,11222,LOOhH4_OvNE,Corona Battle Package,2024-08-03T02:43:42.914-04:00
Craze,Burst,,,,Accapella,2020,DLTLLY,2020-06-23,https://www.youtube.com/watch?v=bMXRfRmgPTA,6296,bMXRfRmgPTA,English 1 Rounder,2024-08-03T02:43:42.915-04:00
Falk,Ano-nym,,,,Accapella,2020,DLTLLY,2020-06-21,https://www.youtube.com/watch?v=dYmfj_BzrgY,56530,dYmfj_BzrgY,OnlineBattle,2024-08-03T02:43:42.915-04:00
Zeptah,Gammel,,,,Accapella,2020,DLTLLY,2020-06-14,https://www.youtube.com/watch?v=uekZr7zXv-o,9502,uekZr7zXv-o,OnlineBattle,2024-08-03T02:43:42.915-04:00
Sizyphos,Robscure,,,,Accapella,2020,DLTLLY,2020-06-12,https://www.youtube.com/watch?v=Ldc4PM7uECU,18728,Ldc4PM7uECU,Online Battle,2024-08-03T02:43:42.915-04:00
Hiding John,A-Ron,,,,Accapella,2020,DLTLLY,2020-06-09,https://www.youtube.com/watch?v=a70lYjBMMGc,12932,a70lYjBMMGc,Onlie Battle,2024-08-03T02:43:42.915-04:00
Proton,Craze,,,,On Beat,2020,DLTLLY,2020-06-07,https://www.youtube.com/watch?v=vb_w46X0rGE,21162,vb_w46X0rGE,+ Accapella,2024-08-03T02:43:42.915-04:00
Pablo,Jolle,,,,Accapella,2020,DLTLLY,2020-05-31,https://www.youtube.com/watch?v=5HaB0pBqyX0,12881,5HaB0pBqyX0,Online Battle,2024-08-03T02:43:42.915-04:00
T-Way,Kid Soldier,,,,Accapella,2020,DLTLLY,2020-05-31,https://www.youtube.com/watch?v=cohcA2h186c,14455,cohcA2h186c,Online Battle,2024-08-03T02:43:42.915-04:00
Phasenkind,Karanova,,,,Accapella,2020,DLTLLY,2020-05-24,https://www.youtube.com/watch?v=5BgRzwhN2PI,26004,5BgRzwhN2PI,OnlineBattle,2024-08-03T02:43:42.915-04:00
Proton,Notyzze,NRWeekend 4,,,On Beat,2020,DLTLLY,2020-04-26,https://www.youtube.com/watch?v=lKlZmLtrRaw,178804,lKlZmLtrRaw,NRWeekend4,2024-08-03T02:43:42.915-04:00
Craze' Parts,Merlin,NRWeekend 4,,,Accapella,2020,DLTLLY,2020-04-24,https://www.youtube.com/watch?v=u21MvmyqRFg,29316,u21MvmyqRFg,NRWeekend4,2024-08-03T02:43:42.916-04:00
Falk + Khacoby,DNA + Ringelnatz,NRWeekend 4,,,Accapella,2020,DLTLLY,2020-04-19,https://www.youtube.com/watch?v=WeQISeOD2oI,48663,WeQISeOD2oI,NRWeekend4,2024-08-03T02:43:42.916-04:00
Ali Smart,Pulsar,,,,Accapella,2020,DLTLLY,2020-04-12,https://www.youtube.com/watch?v=xFD__wFE9vU,21006,xFD__wFE9vU,D&DL CoEvent,2024-08-03T02:43:42.916-04:00
Silence,Franz Flaute,,,Berlin,Accapella,2020,DUDL,2020-04-08,https://www.youtube.com/watch?v=AkDqmXszYWA,9837,AkDqmXszYWA,-CoEvent,2024-08-03T02:43:42.916-04:00
DeeLah,Wandelbarz,NRWeekend 4,,,Accapella,2020,DLTLLY,2020-04-05,https://www.youtube.com/watch?v=qW9luXAQXRI,30810,qW9luXAQXRI,NRWeekend4,2024-08-03T02:43:42.916-04:00
Davie Jones,Fresh Polakke,,,Berlin,On Beat,2020,DLTLLY,2020-04-03,https://www.youtube.com/watch?v=UUyqMyjB2bM,129898,UUyqMyjB2bM,Berlin,2024-08-03T02:43:42.916-04:00
MC Rabiat,Jepain,,,Berlin,Accapella,2020,DUDL,2020-04-01,https://www.youtube.com/watch?v=S-QZgsCSZd8,10413,S-QZgsCSZd8,-CoEvent,2024-08-03T02:43:42.916-04:00
Alko,Baretta,,,Berlin,Accapella,2020,DUDL,2020-03-30,https://www.youtube.com/watch?v=4oV8qkTZtmQ,13220,4oV8qkTZtmQ,-CoEvent,2024-08-03T02:43:42.916-04:00
Django,Leanders,NRWeekend 4,,,Accapella,2020,DLTLLY,2020-03-29,https://www.youtube.com/watch?v=t0mOqEll75s,19744,t0mOqEll75s,NRWeekend4,2024-08-03T02:43:42.916-04:00
Mazzikaner,DNA,,,Berlin,On Beat,2020,DLTLLY,2020-03-27,https://www.youtube.com/watch?v=Ekk3MCWp-ZU,22051,Ekk3MCWp-ZU,Berlin,2024-08-03T02:43:42.917-04:00
Corner,Maka,,,Berlin,Accapella,2020,DUDL,2020-03-25,https://www.youtube.com/watch?v=2Alsg7pneZU,13397,2Alsg7pneZU,-CoEvent,2024-08-03T02:43:42.917-04:00
Kato,Ano-nym,NRWeekend 4,,,Accapella,2020,DLTLLY,2020-03-22,https://www.youtube.com/watch?v=US8gUcwYuDc,119328,US8gUcwYuDc,NRWeekend4,2024-08-03T02:43:42.917-04:00
Phasenkind,Steel,,,Berlin,On Beat,2020,DLTLLY,2020-03-20,https://www.youtube.com/watch?v=5E8wtuc_gPo,75842,5E8wtuc_gPo,Berlin,2024-08-03T02:43:42.917-04:00
DOC,Vorstadtflokati,NRWeekend 4,,,Accapella,2020,DLTLLY,2020-03-18,https://www.youtube.com/watch?v=jzFuHDCB_3Q,21887,jzFuHDCB_3Q,NRWeekend4,2024-08-03T02:43:42.917-04:00
Tollschock,Kid Soldier,NRWeekend 4,,,Accapella,2020,DLTLLY,2020-03-17,https://www.youtube.com/watch?v=hy0Njy_aODY,63887,hy0Njy_aODY,NRWeekend4,2024-08-03T02:43:42.917-04:00
Fate,Sizyphos,,,Berlin,On Beat,2020,DLTLLY,2020-03-13,https://www.youtube.com/watch?v=LNYeG_rxNyY,45124,LNYeG_rxNyY,Berlin,2024-08-03T02:43:42.917-04:00
Natif,Ryko-J,NRWeekend 4,,,Accapella,2020,DLTLLY,2020-03-11,https://www.youtube.com/watch?v=2oTsMFm6BZY,49424,2oTsMFm6BZY,NRWeekend4,2024-08-03T02:43:42.917-04:00
RenetiXX,A-Ron,NRWeekend 4,,,Accapella,2020,DLTLLY,2020-03-08,https://www.youtube.com/watch?v=3kT6ZzpMmbI,29140,3kT6ZzpMmbI,NRWeekend4,2024-08-03T02:43:42.917-04:00
Craze,Pablo,,,Berlin,On Beat,2020,DLTLLY,2020-03-07,https://www.youtube.com/watch?v=fJNspy5iVA4,80816,fJNspy5iVA4,Berlin,2024-08-03T02:43:42.917-04:00
Wolff,Mars B.,,,Kassel,Accapella,2020,DLTLLY,2020-03-01,https://www.youtube.com/watch?v=FFBaDPuErfc,143041,FFBaDPuErfc,Kassel,2024-08-03T02:43:42.918-04:00
Jolle,Falk,,,Berlin,On Beat,2020,DLTLLY,2020-02-28,https://www.youtube.com/watch?v=9DEOJ6f0UL8,49082,9DEOJ6f0UL8,Berlin,2024-08-03T02:43:42.918-04:00
Hiding John,ZinZity,,,Kassel,Accapella,2020,DLTLLY,2020-02-23,https://www.youtube.com/watch?v=-WkDV5RsdSo,256133,-WkDV5RsdSo,Kassel,2024-08-03T02:43:42.918-04:00
Papa TR,Karanova,,,Berlin,On Beat,2020,DLTLLY,2020-02-21,https://www.youtube.com/watch?v=1awgzzB19e0,28501,1awgzzB19e0,Berlin,2024-08-03T02:43:42.918-04:00
Joe Pharo,Tobi High,,,Kassel,Accapella,2020,DLTLLY,2020-02-16,https://www.youtube.com/watch?v=l4_E1OTEa4Q,65224,l4_E1OTEa4Q,Kassel,2024-08-03T02:43:42.918-04:00
Paleiacci,PrettyShittyJiggy,,,Kassel,Accapella,2020,DLTLLY,2020-02-09,https://www.youtube.com/watch?v=cnzRnRAL2pQ,29359,cnzRnRAL2pQ,Kassel,2024-08-03T02:43:42.918-04:00
Yarambo,Robscure,DISSember 4,Schräglage,Stuttgart,Accapella,2019,DLTLLY,2020-02-02,https://www.youtube.com/watch?v=K_jqoyHG2cE,126291,K_jqoyHG2cE,DISSember4,2024-08-03T02:43:42.918-04:00
Cris Kotzen,Merlin,DISSember 4,Schräglage,Stuttgart,Accapella,2019,DLTLLY,2020-01-26,https://www.youtube.com/watch?v=M9-nikWIC48,98143,M9-nikWIC48,DISSember4,2024-08-03T02:43:42.918-04:00
Ano-nym,Davie Jones,DISSember 4,Schräglage,Stuttgart,Accapella,2019,DLTLLY,2020-01-19,https://www.youtube.com/watch?v=UKr_lNJHApg,80037,UKr_lNJHApg,DISSember4,2024-08-03T02:43:42.919-04:00
Steel,Tollschock,DISSember 4,Schräglage,Stuttgart,Accapella,2019,DLTLLY,2020-01-12,https://www.youtube.com/watch?v=QmnDTvpqWao,32137,QmnDTvpqWao,Finale DISSember4,2024-08-03T02:43:42.919-04:00
Falk + Khacoby,Sizyphos + Joseph Steinschleuder,DISSember 4,Schräglage,Stuttgart,Accapella,2019,DLTLLY,2020-01-05,https://www.youtube.com/watch?v=Y3aA4xBE8cQ,149250,Y3aA4xBE8cQ,DltllyBattle DISSember4,2024-08-03T02:43:42.919-04:00
Ryko-J,T-Way,,,,Accapella,2019,DLTLLY,2020-01-03,https://www.youtube.com/watch?v=v7SE0M4nEtM,31325,v7SE0M4nEtM,Krefeld,2024-08-03T02:43:42.919-04:00
Julo,Django,,,Krefeld,Accapella,2019,DUDL,2020-01-01,https://www.youtube.com/watch?v=p-4EgTDFaAg,8982,p-4EgTDFaAg,-CoEvent,2024-08-03T02:43:42.919-04:00
Stepho,Sejo,,,Krefeld,Accapella,2019,DUDL,2019-12-30,https://www.youtube.com/watch?v=VN2Jj5wdzf8,4466,VN2Jj5wdzf8,-CoEvent,2024-08-03T02:43:42.920-04:00
Joseph Steinschleuder,Craze,,,Köln,Accapella,2019,DLTLLY,2019-12-29,https://www.youtube.com/watch?v=aQsnPZjXxBI,118110,aQsnPZjXxBI,Köln,2024-08-03T02:43:42.921-04:00
DeeLah,Zeuge,,,,Accapella,2019,DLTLLY,2019-12-27,https://www.youtube.com/watch?v=wauI8sMOOjY,44184,wauI8sMOOjY,Krefeld,2024-08-03T02:43:42.921-04:00
SiC68,Lug Serious,,,Krefeld,Accapella,2019,DUDL,2019-12-25,https://www.youtube.com/watch?v=hiVeDwqBMAU,6192,hiVeDwqBMAU,-CoEvent,2024-08-03T02:43:42.921-04:00
Trafalgar47,Vorstadtflokati,,,Krefeld,Accapella,2019,DUDL,2019-12-23,https://www.youtube.com/watch?v=EjBaQPaVBB4,6908,EjBaQPaVBB4,-CoEvent,2024-08-03T02:43:42.921-04:00
Mr. Whyte,Sizyphos,,,Köln,Accapella,2019,DLTLLY,2019-12-22,https://www.youtube.com/watch?v=9eyIS57O1X0,84344,9eyIS57O1X0,Köln,2024-08-03T02:43:42.921-04:00
Kid Soldier,Khacoby,,,Köln,Accapella,2019,DLTLLY,2019-12-20,https://www.youtube.com/watch?v=hf7bzyZKBLo,84919,hf7bzyZKBLo,Köln,2024-08-03T02:43:42.921-04:00
Ralle,Herr Sören,,,Krefeld,Accapella,2019,DUDL,2019-12-18,https://www.youtube.com/watch?v=RgsfS0R9Zw4,8253,RgsfS0R9Zw4,-CoEvent,2024-08-03T02:43:42.922-04:00
RenetiXX,MC Geuner,,,Köln,Accapella,2019,DLTLLY,2019-12-15,https://www.youtube.com/watch?v=BUef8obuDf0,46547,BUef8obuDf0,Köln,2024-08-03T02:43:42.922-04:00
Master Marv,MC Rabiat,,,Berlin,Accapella,2019,DLTLLY,2019-12-13,https://www.youtube.com/watch?v=JWY0UT09k64,21355,JWY0UT09k64,Berlin,2024-08-03T02:43:42.922-04:00
Milio,Plural,,,Berlin,Accapella,2019,DUDL,2019-12-11,https://www.youtube.com/watch?v=Kb1di9tsUg4,5480,Kb1di9tsUg4,-CoEvent,2024-08-03T02:43:42.922-04:00
Cashus K. + Mac Horn,DNA + Ringelnatz,,,Köln,Accapella,2019,DLTLLY,2019-12-10,https://www.youtube.com/watch?v=9pjW5JyzG-Q,32119,9pjW5JyzG-Q,Köln,2024-08-03T02:43:42.922-04:00
A-Ron,Nika,,,Berlin,Accapella,2019,DLTLLY,2019-12-06,https://www.youtube.com/watch?v=e9mAswMAQGg,18669,e9mAswMAQGg,Berlin,2024-08-03T02:43:42.922-04:00
Cartoon,Schlawin0r,,,Berlin,Accapella,2019,DUDL,2019-12-04,https://www.youtube.com/watch?v=uHhCVo5FaXA,7334,uHhCVo5FaXA,-CoEvent,2024-08-03T02:43:42.923-04:00
Nick Shit,Morgana,,,Berlin,Accapella,2019,DUDL,2019-12-02,https://www.youtube.com/watch?v=XIGXQ1nDR7s,6890,XIGXQ1nDR7s,-CoEvent,2024-08-03T02:43:42.923-04:00
SnakeHeadRhyme,Karanova,,,Berlin,Accapella,2019,DLTLLY,2019-12-01,https://www.youtube.com/watch?v=a2oB09-ACww,40760,a2oB09-ACww,Berlin,2024-08-03T02:43:42.923-04:00
Phasenkind,PrettyShittyJiggy,Co-Event Dltlly & D&DL,,Ludwigshafen,Accapella,2019,DLTLLY,2019-11-29,https://www.youtube.com/watch?v=On_47ye4fI0,23545,On_47ye4fI0,Ludwigshafen,2024-08-03T02:43:42.923-04:00
Ekta,Frozen,,,Ludwigshafen,Accapella,2019,DUDL,2019-11-27,https://www.youtube.com/watch?v=0hphYeZF-7E,6667,0hphYeZF-7E,MusicGourmétz-CoEvent,2024-08-03T02:43:42.923-04:00
Papi Schlauch,Proton,,,,Accapella,2019,DLTLLY,2019-11-24,https://www.youtube.com/watch?v=pdOgI2ZzRFE,81759,pdOgI2ZzRFE,Frankfurt,2024-08-03T02:43:42.923-04:00
MC Maik,Fate,,,,Accapella,2019,DLTLLY,2019-11-22,https://www.youtube.com/watch?v=VdSYdtJK1SY,28729,VdSYdtJK1SY,Frankfurt,2024-08-03T02:43:42.923-04:00
Jepain,Kaliba,,,Ludwigshafen,Accapella,2019,DUDL,2019-11-20,https://www.youtube.com/watch?v=FLpo3lNamXs,6268,FLpo3lNamXs,MusicGourmétz-CoEvent,2024-08-03T02:43:42.924-04:00
XtraHerb,Zheka,,,Ludwigshafen,Accapella,2019,DUDL,2019-11-18,https://www.youtube.com/watch?v=rRxKa443nq0,9702,rRxKa443nq0,MusicGourmétz-CoEvent,2024-08-03T02:43:42.924-04:00
Steel,Hiding John,,,,Accapella,2019,DLTLLY,2019-11-17,https://www.youtube.com/watch?v=8jPhByN4nMY,53829,8jPhByN4nMY,Halbfinale Frankfurt,2024-08-03T02:43:42.924-04:00
Paleiacci,Baretta,Co-Event Dltlly & D&DL,,Ludwigshafen,Accapella,2019,DLTLLY,2019-11-15,https://www.youtube.com/watch?v=Ty7p2q_B-xA,17201,Ty7p2q_B-xA,Ludwigshafen,2024-08-03T02:43:42.924-04:00
Joe Pharo,Ryko-J,,,,Accapella,2019,DLTLLY,2019-11-08,https://www.youtube.com/watch?v=NlgHm8PC2JU,53615,NlgHm8PC2JU,Frankfurt,2024-08-03T02:43:42.924-04:00
Nimeon,DOC,,,,Accapella,2019,DLTLLY,2019-11-03,https://www.youtube.com/watch?v=DFz9IJOx7KA,17113,DFz9IJOx7KA,DUDL+DerNorden CoEvent,2024-08-03T02:43:42.924-04:00
Friedrich Chilla,Tommen,,,Bremen,Accapella,2019,DUDL,2019-11-01,https://www.youtube.com/watch?v=eTJ6O-3pFE4,7558,eTJ6O-3pFE4,Der Norden-CoEvent,2024-08-03T02:43:42.924-04:00
Ali Smart,Gin Tomek,,,Bremen,Accapella,2019,DUDL,2019-10-30,https://www.youtube.com/watch?v=Yl14HGtptyM,6252,Yl14HGtptyM,Der Norden-CoEvent,2024-08-03T02:43:42.924-04:00
Alko,Maru,,,Bremen,Accapella,2019,DUDL,2019-10-28,https://www.youtube.com/watch?v=7-zmJH0dxho,5605,7-zmJH0dxho,Der Norden-CoEvent,2024-08-03T02:43:42.924-04:00
Dizaster,JollyJay,,,,Accapella,2019,DLTLLY,2019-10-26,https://www.youtube.com/watch?v=1ap7X5HV54k,106077,1ap7X5HV54k,international Battle B.Day#6,2024-08-03T02:43:42.924-04:00
P-Haze,Torbäng,,,Bremen,Accapella,2019,DUDL,2019-10-25,https://www.youtube.com/watch?v=yJJZjoZqHyU,5565,yJJZjoZqHyU,Der Norden-CoEvent,2024-08-03T02:43:42.925-04:00
BrahMC,Moby Deep,,,Bremen,Accapella,2019,DUDL,2019-10-23,https://www.youtube.com/watch?v=43Ko11ZOZTE,5602,43Ko11ZOZTE,Der Norden-CoEvent,2024-08-03T02:43:42.925-04:00
Yarambo,Mikesh,,,,Accapella,2019,DLTLLY,2019-10-20,https://www.youtube.com/watch?v=g4vk0dkD2-U,396043,g4vk0dkD2-U,🏆 TITLE-MATCH 🏆,2024-08-03T02:43:42.925-04:00
Audienzz,Béla Garbage,Move 'n' Culture Festival,,Halle,Accapella,2019,DUDL,2019-10-18,https://www.youtube.com/watch?v=uLpUUufc6rE,4171,uLpUUufc6rE,Move &#39;n&#39; Culture Festival-CoEvent,2024-08-03T02:43:42.925-04:00
Ortcutt,Mazzikaner,Move 'n' Culture Festival,,Halle,Accapella,2019,DUDL,2019-10-16,https://www.youtube.com/watch?v=gNn3O1N0tos,5978,gNn3O1N0tos,Move &#39;n&#39; Culture Festival-CoEvent,2024-08-03T02:43:42.925-04:00
Brian Damage,Merlin,,,,Accapella,2019,DLTLLY,2019-10-13,https://www.youtube.com/watch?v=Td7-cUxlJlI,137561,Td7-cUxlJlI,B.Day#6,2024-08-03T02:43:42.925-04:00
Franz Flaute,Nika,Move 'n' Culture Festival,,Halle,Accapella,2019,DUDL,2019-10-09,https://www.youtube.com/watch?v=H5cwWICWP9Q,9426,H5cwWICWP9Q,Move &#39;n&#39; Culture Festival-CoEvent,2024-08-03T02:43:42.925-04:00
Cris Kotzen,Robscure,,,,Accapella,2019,DLTLLY,2019-10-06,https://www.youtube.com/watch?v=359kHeVVIy4,91749,359kHeVVIy4,B.Day#6,2024-08-03T02:43:42.925-04:00
Doga,Malik,Move 'n' Culture Festival,,Halle,Accapella,2019,DUDL,2019-10-02,https://www.youtube.com/watch?v=4mFYhFng1AE,5319,4mFYhFng1AE,Move &#39;n&#39; Culture Festival-CoEvent,2024-08-03T02:43:42.925-04:00
Henrey,Craze,,,,Accapella,2019,DLTLLY,2019-09-29,https://www.youtube.com/watch?v=Nk4nGx2_8dk,79634,Nk4nGx2_8dk,B.Day#6,2024-08-03T02:43:42.926-04:00
Pulsar,Shker,Move 'n' Culture Festival,,Halle,Accapella,2019,DUDL,2019-09-25,https://www.youtube.com/watch?v=so7-Y7-fv7Y,6850,so7-Y7-fv7Y,Move &#39;n&#39; Culture Festival-CoEvent,2024-08-03T02:43:42.926-04:00
DNA + Ringelnatz,Fesas + Krom,,,Berlin,Accapella,2019,DLTLLY,2019-09-22,https://www.youtube.com/watch?v=rpVKWVj_RWw,42055,rpVKWVj_RWw,Berlin,2024-08-03T02:43:42.926-04:00
Lucky Number,Ortcutt,,,Berlin,Accapella,2019,DLTLLY,2019-09-20,https://www.youtube.com/watch?v=FA1DpTyD_dM,16573,FA1DpTyD_dM,Berlin,2024-08-03T02:43:42.926-04:00
ZinZity,Mazzikaner,,,Berlin,Accapella,2019,DLTLLY,2019-09-15,https://www.youtube.com/watch?v=z-gyAcxHO3Q,85695,z-gyAcxHO3Q,Runde2 Berlin,2024-08-03T02:43:42.926-04:00
Ano-nym,Aytee,splash! 22,Splash,Ferropolis,On Beat,2019,DLTLLY,2019-09-13,https://www.youtube.com/watch?v=zdfjO-EkI-I,329657,zdfjO-EkI-I,Splash22,2024-08-03T02:43:42.926-04:00
Steel,Driss,,,Berlin,Accapella,2019,DLTLLY,2019-09-08,https://www.youtube.com/watch?v=so7auaBTczQ,20038,so7auaBTczQ,Runde2 Berlin,2024-08-03T02:43:42.926-04:00
Mavgic,Davie Jones,splash! 22,Splash,Ferropolis,On Beat,2019,DLTLLY,2019-09-06,https://www.youtube.com/watch?v=R5c3gVn0MTI,242939,R5c3gVn0MTI,Splash22,2024-08-03T02:43:42.926-04:00
SnakeHeadRhyme,Lug Serious,,,Berlin,Accapella,2019,DLTLLY,2019-09-04,https://www.youtube.com/watch?v=c33Tdb62OaY,24471,c33Tdb62OaY,HIPinside Berlin,2024-08-03T02:43:42.927-04:00
Hiding John,Phasenkind,,,Berlin,Accapella,2019,DLTLLY,2019-09-01,https://www.youtube.com/watch?v=a0VIIAdkQiw,52408,a0VIIAdkQiw,Runde2 Berlin,2024-08-03T02:43:42.927-04:00
Cris Kotzen,Pablo,splash! 22,Splash,Ferropolis,On Beat,2019,DLTLLY,2019-08-30,https://www.youtube.com/watch?v=7IG1ogWO5Iw,96387,7IG1ogWO5Iw,Splash22,2024-08-03T02:43:42.927-04:00
Silence,K.O. Ray,,,Berlin,Accapella,2019,DLTLLY,2019-08-28,https://www.youtube.com/watch?v=D6dGz3CbY9w,16152,D6dGz3CbY9w,HIPinside Berlin,2024-08-03T02:43:42.927-04:00
Tollschock,Paleiacci,,,Berlin,Accapella,2019,DLTLLY,2019-08-25,https://www.youtube.com/watch?v=SroLejedLS8,19679,SroLejedLS8,Runde2 Berlin,2024-08-03T02:43:42.927-04:00
Kato,Rino Mandingo,splash! 22,Splash,Ferropolis,On Beat,2019,DLTLLY,2019-08-23,https://www.youtube.com/watch?v=2OPxY-WJQ00,74287,2OPxY-WJQ00,Splash22,2024-08-03T02:43:42.927-04:00
Yarambo,Cris Kotzen,,,,Accapella,2019,DLTLLY,2019-08-17,https://www.youtube.com/watch?v=rXtu_yTsNyY,272042,rXtu_yTsNyY,Hamburg,2024-08-03T02:43:42.927-04:00
Ano-nym,Joe Pharo,,,,On Beat,2019,DLTLLY,2019-08-14,https://www.youtube.com/watch?v=k_PFZFeAvqo,43630,k_PFZFeAvqo,Hamburg,2024-08-03T02:43:42.927-04:00
Mars B.,Tobi High,,,,Accapella,2019,DLTLLY,2019-08-10,https://www.youtube.com/watch?v=08a7zIL-Kq4,275707,08a7zIL-Kq4,Hamburg,2024-08-03T02:43:42.927-04:00
Nikiz,Fabiga,,,,On Beat,2019,DLTLLY,2019-08-09,https://www.youtube.com/watch?v=QuVClodstF8,30476,QuVClodstF8,Hamburg,2024-08-03T02:43:42.927-04:00
Merlin,Khacoby,,,,Accapella,2019,DLTLLY,2019-08-04,https://www.youtube.com/watch?v=yJyAb9r0ntI,130880,yJyAb9r0ntI,Hamburg,2024-08-03T02:43:42.928-04:00
Aris,Julo,,,,Accapella,2019,DLTLLY,2019-08-02,https://www.youtube.com/watch?v=h51TEe9214k,24504,h51TEe9214k,Hamburg,2024-08-03T02:43:42.928-04:00
Mighty Mo,Hansen,,,,Accapella,2014,DLTLLY,2019-07-29,https://www.youtube.com/watch?v=Y5U4LUK-82o,183311,Y5U4LUK-82o,EOW-Tour,2024-08-03T02:43:42.928-04:00
Joseph Steinschleuder,Falk,,,,Accapella,2019,DLTLLY,2019-07-26,https://www.youtube.com/watch?v=7gndCUN-t1A,124170,7gndCUN-t1A,Hamburg,2024-08-03T02:43:42.928-04:00
Cashus K + Mac Horn,MC Geuner + Natif,,,,Accapella,2019,DLTLLY,2019-07-25,https://www.youtube.com/watch?v=2EgAMk2CWIo,41154,2EgAMk2CWIo,Hamburg,2024-08-03T02:43:42.928-04:00
RenetiXX,Shizu,,,,Accapella,2019,DLTLLY,2019-07-20,https://www.youtube.com/watch?v=49jN1g_l4sw,33879,49jN1g_l4sw,Hamburg,2024-08-03T02:43:42.928-04:00
DXXDSTXCK,TableddnTimmy,,,,Accapella,2019,DLTLLY,2019-07-20,https://www.youtube.com/watch?v=6gf6DGRGPco,50096,6gf6DGRGPco,Hamburg,2024-08-03T02:43:42.928-04:00
Bong Teggy,Mikesh,,,,Accapella,2019,DLTLLY,2019-07-09,https://www.youtube.com/watch?v=iytAxUC689k,760282,iytAxUC689k,MAYhem #4,2024-08-03T02:43:42.928-04:00
DLTLLY+D&DL   Ortcutt,Steel,,,,Accapella,2019,DUDL,2019-07-05,https://www.youtube.com/watch?v=CPwOU-cEeE0,16126,CPwOU-cEeE0,Runde1 Berlin,2024-08-03T02:43:42.928-04:00
JerMC,Robscure,,,,Accapella,2019,DLTLLY,2019-07-04,https://www.youtube.com/watch?v=jsa8A68JWHc,69568,jsa8A68JWHc,MAYhem4,2024-08-03T02:43:42.929-04:00
DLTLLY+D&DL   Phasenkind,Klö10,,,,Accapella,2019,DUDL,2019-07-03,https://www.youtube.com/watch?v=6tEH2aGB7_Y,17849,6tEH2aGB7_Y,Runde1 Berlin,2024-08-03T02:43:42.929-04:00
Sizyphos,Davie Jones,,,,Accapella,2019,DLTLLY,2019-06-29,https://www.youtube.com/watch?v=qv_Vf5YwFao,183525,qv_Vf5YwFao,MAYhem4,2024-08-03T02:43:42.929-04:00
DLTLLY+D&DL   Arbeitstitel,Hiding John,,,,Accapella,2019,DUDL,2019-06-26,https://www.youtube.com/watch?v=rWZkTI11c8Y,26743,rWZkTI11c8Y,Runde1 Berlin,2024-08-03T02:43:42.929-04:00
Fate,Craze,,,,Accapella,2019,DLTLLY,2019-06-23,https://www.youtube.com/watch?v=UiaCJXNCthY,46473,UiaCJXNCthY,MAYhem4,2024-08-03T02:43:42.929-04:00
DLTLLY+D&DL   Tollschock,Silence,,,,Accapella,2019,DUDL,2019-06-21,https://www.youtube.com/watch?v=zV3N2PCfxac,16736,zV3N2PCfxac,Runde1 Berlin,2024-08-03T02:43:42.929-04:00
DLTLLY+D&DL   Mazzikaner,K.O. Ray,,,,Accapella,2019,DUDL,2019-06-19,https://www.youtube.com/watch?v=sS6-j7wbm6o,14726,sS6-j7wbm6o,Runde1 Berlin,2024-08-03T02:43:42.929-04:00
Yarambo + Kato,Wolff + Joe Pharo,NRWeekend 3,,,Accapella,2019,DLTLLY,2019-06-16,https://www.youtube.com/watch?v=a4WsKK9UKeU,131489,a4WsKK9UKeU,NRWeekend3,2024-08-03T02:43:42.929-04:00
DLTLLY+D&DL   Lucky Number,ZinZity,,,,Accapella,2019,DUDL,2019-06-14,https://www.youtube.com/watch?v=c0j-SjApuO0,97601,c0j-SjApuO0,Runde1 Berlin,2024-08-03T02:43:42.929-04:00
DLTLLY+D&DL   Paleiacci,Sikk Whalee,,,,Accapella,2019,DUDL,2019-06-12,https://www.youtube.com/watch?v=8mePOEi9G-4,15329,8mePOEi9G-4,Runde1 Berlin,2024-08-03T02:43:42.929-04:00
Duff,Lyrico,NRWeekend 3,,,Accapella,2019,DLTLLY,2019-06-08,https://www.youtube.com/watch?v=4x-ouPt32k0,147766,4x-ouPt32k0,NRWeekend3,2024-08-03T02:43:42.930-04:00
N'antinein,Joseph Steinschleuder,NRWeekend 3,,,Accapella,2019,DLTLLY,2019-06-02,https://www.youtube.com/watch?v=fK-LjuDqkGo,80801,fK-LjuDqkGo,NRWeekend3,2024-08-03T02:43:42.930-04:00
Ryko-J,Highdemann,NRWeekend 3,,,Accapella,2019,DLTLLY,2019-05-31,https://www.youtube.com/watch?v=qUe3WkuFvUI,53095,qUe3WkuFvUI,NRWeekend3,2024-08-03T02:43:42.930-04:00
Indoor Stan,Kid Soldier,NRWeekend 3,,,Accapella,2019,DLTLLY,2019-05-26,https://www.youtube.com/watch?v=bDd23OyQj8U,76716,bDd23OyQj8U,NRWeekend3,2024-08-03T02:43:42.930-04:00
Alice,Karma,NRWeekend 3,,,Accapella,2019,DLTLLY,2019-05-19,https://www.youtube.com/watch?v=w-brgVQJxjo,75656,w-brgVQJxjo,NRWeekend3,2024-08-03T02:43:42.930-04:00
MC Geuner,Mave,NRWeekend 3,,,Accapella,2019,DLTLLY,2019-05-17,https://www.youtube.com/watch?v=UDctKKtso3U,55266,UDctKKtso3U,NRWeekend3,2024-08-03T02:43:42.930-04:00
Pablo,Khacoby,NRWeekend 3,,,Accapella,2019,DLTLLY,2019-05-12,https://www.youtube.com/watch?v=iJ5-bv361rw,50290,iJ5-bv361rw,NRWeekend3,2024-08-03T02:43:42.930-04:00
Proton,Vinci,NRWeekend 3,,,Accapella,2019,DLTLLY,2019-05-05,https://www.youtube.com/watch?v=YtSL7gzo2x4,50386,YtSL7gzo2x4,NRWeekend3,2024-08-03T02:43:42.931-04:00
T-Jey,Papa TR,NRWeekend 3,,,Accapella,2019,DLTLLY,2019-05-03,https://www.youtube.com/watch?v=c7keDhs479s,23880,c7keDhs479s,NRWeekend3,2024-08-03T02:43:42.931-04:00
T-Way + Burst,Cashus K + Mac Horn,NRWeekend 3,,,Accapella,2019,DLTLLY,2019-04-28,https://www.youtube.com/watch?v=LlgDB0N8P7k,33847,LlgDB0N8P7k,NRWeekend3,2024-08-03T02:43:42.931-04:00
Herr Kuchen,Tao,,,,Accapella,2019,DLTLLY,2019-04-21,https://www.youtube.com/watch?v=e0KjoxB51EI,94506,e0KjoxB51EI,Wiesbaden,2024-08-03T02:43:42.931-04:00
Julo,PrettyShittyJiggy,,,,Accapella,2019,DLTLLY,2019-04-14,https://www.youtube.com/watch?v=q2QSW6dxCxI,17528,q2QSW6dxCxI,Wiesbaden,2024-08-03T02:43:42.931-04:00
Nais,Ano-nym,,,,On Beat,2019,DLTLLY,2019-04-12,https://www.youtube.com/watch?v=Gt0tcF5aBhw,76667,Gt0tcF5aBhw,Tapefabrik,2024-08-03T02:43:42.931-04:00
Shortworth,Craze,,,,Accapella,2019,DLTLLY,2019-04-07,https://www.youtube.com/watch?v=_iIiMTUBDuo,39085,_iIiMTUBDuo,Wiesbaden,2024-08-03T02:43:42.931-04:00
Vyrus,Pablo,,,,On Beat,2019,DLTLLY,2019-04-05,https://www.youtube.com/watch?v=JRAeJtv2KAI,75282,JRAeJtv2KAI,Tapefabrik,2024-08-03T02:43:42.931-04:00
A-Ron,Mr. Whyte,,,,Accapella,2019,DLTLLY,2019-03-31,https://www.youtube.com/watch?v=KZC0Boi1V1A,20222,KZC0Boi1V1A,Wiesbaden,2024-08-03T02:43:42.931-04:00
Robscure,VT,,,Kassel,Accapella,2019,DLTLLY,2019-03-24,https://www.youtube.com/watch?v=suRzrcwwp10,52341,suRzrcwwp10,Kassel,2024-08-03T02:43:42.932-04:00
Aris,Fate,,,Kassel,Accapella,2019,DLTLLY,2019-03-17,https://www.youtube.com/watch?v=_hlEJQGceVI,25112,_hlEJQGceVI,Kassel,2024-08-03T02:43:42.932-04:00
Papi Schlauch,Joe Pharo,,,Kassel,Accapella,2019,DLTLLY,2019-03-10,https://www.youtube.com/watch?v=jlAGipbHY3o,100615,jlAGipbHY3o,Kassel,2024-08-03T02:43:42.932-04:00
Mars B.,Joseph Steinschleuder,,,Kassel,Accapella,2019,DLTLLY,2019-03-03,https://www.youtube.com/watch?v=52TG99ZhujQ,104404,52TG99ZhujQ,Kassel,2024-08-03T02:43:42.932-04:00
Julo,Senad,,,,Accapella,2019,DLTLLY,2019-03-01,https://www.youtube.com/watch?v=fzChU9ifmpM,16309,fzChU9ifmpM,CoEvent4,2024-08-03T02:43:42.932-04:00
Béla Garbage,Eddie Tude ,,,Berlin,Accapella,2019,DUDL,2019-02-27,https://www.youtube.com/watch?v=QKTtGKUnz-Q,7502,QKTtGKUnz-Q,-CoEvent,2024-08-03T02:43:42.932-04:00
Kid Soldier,Karma,,,Kassel,Accapella,2019,DLTLLY,2019-02-24,https://www.youtube.com/watch?v=FiNK7Ip2G7M,54895,FiNK7Ip2G7M,Kassel,2024-08-03T02:43:42.933-04:00
Lug Serious,Audienzz,,,,Accapella,2019,DLTLLY,2019-02-22,https://www.youtube.com/watch?v=Rj9OPzOXGEo,11439,Rj9OPzOXGEo,CoEvent4,2024-08-03T02:43:42.933-04:00
OstrichO,MC Rabiat,,,Berlin,Accapella,2019,DUDL,2019-02-20,https://www.youtube.com/watch?v=riW57gZu4wA,6510,riW57gZu4wA,-CoEvent,2024-08-03T02:43:42.933-04:00
Django,Craze,,,,Accapella,2019,DLTLLY,2019-02-17,https://www.youtube.com/watch?v=MbEatFFA6Ws,24167,MbEatFFA6Ws,CoEvent4,2024-08-03T02:43:42.933-04:00
SnakeHeadRhyme,Shizu,,,,Accapella,2019,DLTLLY,2019-02-10,https://www.youtube.com/watch?v=DRGeTbZNyVM,24039,DRGeTbZNyVM,CoEvent4,2024-08-03T02:43:42.934-04:00
Robscure,Mikesh,DISSember 3,Festsaal Kreuzberg,Berlin,Accapella,2019,DLTLLY,2019-02-03,https://www.youtube.com/watch?v=ZIt1ck2SkpY,412604,ZIt1ck2SkpY,DISSember #3,2024-08-03T02:43:42.934-04:00
Onkel Oktomusch + Die Zwetschke,Cris Kotzen + Ano-nym,DISSember 3,Festsaal Kreuzberg,Berlin,Accapella,2019,DLTLLY,2019-01-27,https://www.youtube.com/watch?v=oBCM0_x5BTw,374199,oBCM0_x5BTw,DISSember #3,2024-08-03T02:43:42.934-04:00
Yarambo,Nedal Nib,,,,Accapella,2019,DLTLLY,2019-01-18,https://www.youtube.com/watch?v=b9WiPNutmcs,451897,b9WiPNutmcs,🏆 TITLE-MATCH 🏆,2024-08-03T02:43:42.934-04:00
Brian Damage,Wolff,DISSember 3,Festsaal Kreuzberg,Berlin,Accapella,2019,DLTLLY,2019-01-13,https://www.youtube.com/watch?v=l1A7Frzc6Yc,441492,l1A7Frzc6Yc,DISSember #3,2024-08-03T02:43:42.934-04:00
JollyJay,Buddi,,Oma Doris,Dortmund,Accapella,2018,DLTLLY,2018-12-30,https://www.youtube.com/watch?v=g7CZ_KeNQBg,72960,g7CZ_KeNQBg,Dortmund,2024-08-03T02:43:42.934-04:00
Akanoo,MC Geuner,,Oma Doris,Dortmund,Accapella,2018,DLTLLY,2018-12-28,https://www.youtube.com/watch?v=9caXz-M8C-w,30619,9caXz-M8C-w,Dortmund,2024-08-03T02:43:42.934-04:00
Craze,Lug Serious,,Oma Doris,Dortmund,Accapella,2018,DLTLLY,2018-12-26,https://www.youtube.com/watch?v=d35ARcB-cRI,18321,d35ARcB-cRI,Dortmund,2024-08-03T02:43:42.934-04:00
Mr. Whyte,Bruda Tuck,,Oma Doris,Dortmund,Accapella,2018,DLTLLY,2018-12-23,https://www.youtube.com/watch?v=dB_h2U7U56Y,10963,dB_h2U7U56Y,Dortmund,2024-08-03T02:43:42.934-04:00
Joseph Steinschleuder,Vinci,,Oma Doris,Dortmund,Accapella,2018,DLTLLY,2018-12-23,https://www.youtube.com/watch?v=M36xibQ16Pw,129580,M36xibQ16Pw,Dortmund,2024-08-03T02:43:42.935-04:00
Django,Ryko-J,,Oma Doris,Dortmund,Accapella,2018,DLTLLY,2018-12-21,https://www.youtube.com/watch?v=L4-rMBVV-zE,22908,L4-rMBVV-zE,Dortmund,2024-08-03T02:43:42.935-04:00
T-Way,N'antinein,,Oma Doris,Dortmund,Accapella,2018,DLTLLY,2018-12-16,https://www.youtube.com/watch?v=Gu-rZ_etxcA,30366,Gu-rZ_etxcA,Dortmund,2024-08-03T02:43:42.935-04:00
Wandelbarz,Tao,,Oma Doris,Dortmund,Accapella,2018,DLTLLY,2018-12-14,https://www.youtube.com/watch?v=_cnUi80QTEA,20356,_cnUi80QTEA,Dortmund,2024-08-03T02:43:42.935-04:00
Henker,Highdemann,,Oma Doris,Dortmund,Accapella,2018,DLTLLY,2018-12-12,https://www.youtube.com/watch?v=KjXgHLwZ2Pg,21501,KjXgHLwZ2Pg,Dortmund,2024-08-03T02:43:42.935-04:00
Lyrico,Henrey,,Oma Doris,Dortmund,Accapella,2018,DLTLLY,2018-12-09,https://www.youtube.com/watch?v=DYsdE49UH84,50314,DYsdE49UH84,Dortmund,2024-08-03T02:43:42.935-04:00
Olio,Indoor Stan,,Naumanns,Leipzig,On Beat,2018,DLTLLY,2018-12-07,https://www.youtube.com/watch?v=KJBUkAShgN0,19270,KJBUkAShgN0,Leipzig,2024-08-03T02:43:42.935-04:00
A-Ron,Chinooka,,Alter Weinkeller,Dortmund,Accapella,2018,DLTLLY,2018-12-05,https://www.youtube.com/watch?v=nzLpekudhsA,12355,nzLpekudhsA,Dortmund,2024-08-03T02:43:42.935-04:00
Cris Kotzen,Mighty Mo,,,München,Accapella,2018,DLTLLY,2018-12-02,https://www.youtube.com/watch?v=WoRse1CULWQ,416778,WoRse1CULWQ,München BDAY # 5,2024-08-03T02:43:42.936-04:00
SnakeHeadRhyme,RenetiXX,,Naumanns,Leipzig,Accapella,2018,DLTLLY,2018-11-30,https://www.youtube.com/watch?v=b-nM1nsvYGo,22609,b-nM1nsvYGo,Leipzig,2024-08-03T02:43:42.936-04:00
Leonidas,Zeuge,,Alter Weinkeller,Dortmund,Accapella,2018,DLTLLY,2018-11-28,https://www.youtube.com/watch?v=doMfLOBrGH0,17332,doMfLOBrGH0,Dortmund,2024-08-03T02:43:42.936-04:00
Yarambo,Bong Teggy,,,,Accapella,2018,DLTLLY,2018-11-25,https://www.youtube.com/watch?v=X41Ie96tRCQ,262710,X41Ie96tRCQ,B.Day#5,2024-08-03T02:43:42.936-04:00
Der Stockinger,Skilla199,,Naumanns,Leipzig,On Beat,2018,DLTLLY,2018-11-23,https://www.youtube.com/watch?v=yun-riliTHU,29352,yun-riliTHU,Leipzig,2024-08-03T02:43:42.936-04:00
Pilz,Davie Jones,,,,Accapella,2018,DLTLLY,2018-11-18,https://www.youtube.com/watch?v=lk2jv_AamfU,168900,lk2jv_AamfU,B.Day#5,2024-08-03T02:43:42.936-04:00
Ringelnatz + DNA,Verz + Andi B.,Move 'n' Culture Festival,,Halle,Accapella,2018,DUDL,2018-11-14,https://www.youtube.com/watch?v=wTM1FhA1mww,9900,wTM1FhA1mww,Move &#39;n&#39; Culture Festival-CoEvent,2024-08-03T02:43:42.936-04:00
Kid Soldier,DXXDSTXCK,,Naumanns,Leipzig,Accapella,2018,DLTLLY,2018-11-12,https://www.youtube.com/watch?v=oIxlJcgrYdw,55309,oIxlJcgrYdw,Leipzig,2024-08-03T02:43:42.936-04:00
Ano-nym,Pueblo Escobar,,Naumanns,Leipzig,On Beat,2018,DLTLLY,2018-11-09,https://www.youtube.com/watch?v=1w7pZ_Bbd9k,80161,1w7pZ_Bbd9k,Leipzig,2024-08-03T02:43:42.937-04:00
Mikesh,Papi Schlauch,,,,Accapella,2018,DLTLLY,2018-11-04,https://www.youtube.com/watch?v=YkKG0MkHNXs,336353,YkKG0MkHNXs,BDay #5,2024-08-03T02:43:42.937-04:00
Plural,T-Jey,,Naumanns,Leipzig,Accapella,2018,DLTLLY,2018-11-02,https://www.youtube.com/watch?v=SnFk4SUScd4,16805,SnFk4SUScd4,Leipzig,2024-08-03T02:43:42.937-04:00
Gregg,Audienzz,Move 'n' Culture Festival,,Halle,Accapella,2018,DUDL,2018-10-31,https://www.youtube.com/watch?v=USUTGcYZFdk,3594,USUTGcYZFdk,Move &#39;n&#39; Culture Festival-CoEvent,2024-08-03T02:43:42.937-04:00
Robscure,Vyrus,,,,Accapella,2018,DLTLLY,2018-10-28,https://www.youtube.com/watch?v=Zn-y-VSA3u0,95649,Zn-y-VSA3u0,B.Day#5,2024-08-03T02:43:42.937-04:00
Mave,Kato,,,,Accapella,2018,DLTLLY,2018-10-26,https://www.youtube.com/watch?v=FJNKKo_PoJ0,27739,FJNKKo_PoJ0,Freestyle- HipHopKemp,2024-08-03T02:43:42.937-04:00
Josen,Dexta,Move 'n' Culture Festival,,Halle,Accapella,2018,DUDL,2018-10-24,https://www.youtube.com/watch?v=gmWKQ2I8wpU,3071,gmWKQ2I8wpU,Move &#39;n&#39; Culture Festival-CoEvent,2024-08-03T02:43:42.937-04:00
Kato,Mars B.,,,Frankfurt am Main,Accapella,2018,DLTLLY,2018-10-21,https://www.youtube.com/watch?v=7wCrQqYeOqQ,199347,7wCrQqYeOqQ,FFM,2024-08-03T02:43:42.937-04:00
Fabelouis,RenetiXX,,,Frankfurt am Main,Accapella,2018,DLTLLY,2018-10-19,https://www.youtube.com/watch?v=GD7sRHxZKB8,18776,GD7sRHxZKB8,FFM,2024-08-03T02:43:42.937-04:00
Virus,IZL,Move 'n' Culture Festival,,Halle,Accapella,2018,DUDL,2018-10-18,https://www.youtube.com/watch?v=Vr9WJVfLnwU,3069,Vr9WJVfLnwU,Move &#39;n&#39; Culture Festival-CoEvent,2024-08-03T02:43:42.938-04:00
Ano-nym,Wolff,,,,Accapella,2018,DLTLLY,2018-10-14,https://www.youtube.com/watch?v=ShO3UZLEDc0,149299,ShO3UZLEDc0,NextGeneration Finale FFM,2024-08-03T02:43:42.938-04:00
Pueblo Escobar,Mave,,,,On Beat,2018,DLTLLY,2018-10-12,https://www.youtube.com/watch?v=fJe8hxIVt70,15612,fJe8hxIVt70,HipHopKemp,2024-08-03T02:43:42.938-04:00
SnakeHeadRhyme,Chinooka,Move 'n' Culture Festival,,Halle,Accapella,2018,DUDL,2018-10-10,https://www.youtube.com/watch?v=BuzP2YHdC4w,6062,BuzP2YHdC4w,Move &#39;n&#39; Culture Festival-CoEvent,2024-08-03T02:43:42.938-04:00
Joe Pharo,Joseph Steinschleuder,,,Frankfurt am Main,Accapella,2018,DLTLLY,2018-10-07,https://www.youtube.com/watch?v=rSqxELamrxc,67308,rSqxELamrxc,FFM,2024-08-03T02:43:42.938-04:00
Cashus K,Barracuda,,,Frankfurt am Main,Accapella,2018,DLTLLY,2018-10-05,https://www.youtube.com/watch?v=Jgma5I9y1VY,20236,Jgma5I9y1VY,FFM,2024-08-03T02:43:42.938-04:00
Béla Garbage,Lug Serious,Move 'n' Culture Festival,,Halle,Accapella,2018,DUDL,2018-10-03,https://www.youtube.com/watch?v=Aaiz_iVu6_Q,5084,Aaiz_iVu6_Q,Move &#39;n&#39; Culture Festival-CoEvent,2024-08-03T02:43:42.938-04:00
Brian Damage + Karma,Lyrico + Bauda,,,,On Beat,2018,DLTLLY,2018-09-28,https://www.youtube.com/watch?v=FWgPT8F6Ano,56480,FWgPT8F6Ano,HipHopKemp,2024-08-03T02:43:42.938-04:00
Tao,Shortworth,,,Frankfurt am Main,Accapella,2018,DLTLLY,2018-09-23,https://www.youtube.com/watch?v=A-iuNHPKkDw,20230,A-iuNHPKkDw,FFM,2024-08-03T02:43:42.938-04:00
Pretty Shitty Jiggy,Zeuge,,,Berlin,Accapella,2018,DUDL,2018-09-21,https://www.youtube.com/watch?v=Ptf2GjS1Heg,6014,Ptf2GjS1Heg,-CoEvent,2024-08-03T02:43:42.938-04:00
DXXDSTXCK,Bruda Tuck,,,,Accapella,2018,DLTLLY,2018-09-16,https://www.youtube.com/watch?v=eItAIkth52U,22134,eItAIkth52U,NewcomerBattle  D&DL-Co-Event3,2024-08-03T02:43:42.939-04:00
Nedal Nib,CLEP,,,,Accapella,2018,DLTLLY,2018-09-15,https://www.youtube.com/watch?v=iVLMjsx6cuw,113607,iVLMjsx6cuw,Studio Version + Extra 4. Runde,2024-08-03T02:43:42.939-04:00
Farmer,Splopf,,,,Accapella,2018,DLTLLY,2018-09-14,https://www.youtube.com/watch?v=PoLsM528T2Q,9837,PoLsM528T2Q,NewcomerBattle  D&DL-Co-Event3,2024-08-03T02:43:42.939-04:00
Craze,Eddie Tude,,,Berlin,Accapella,2018,DUDL,2018-09-12,https://www.youtube.com/watch?v=pPKq1J_fk5g,8689,pPKq1J_fk5g,-CoEvent,2024-08-03T02:43:42.939-04:00
MC Rabiat,Private Max,,,Berlin,Accapella,2018,DUDL,2018-09-05,https://www.youtube.com/watch?v=3_DeFI2Jst0,4711,3_DeFI2Jst0,-CoEvent,2024-08-03T02:43:42.939-04:00
Tecey,Kid Soldier,,,,Accapella,2018,DLTLLY,2018-09-02,https://www.youtube.com/watch?v=cgjF2l3C_88,25311,cgjF2l3C_88,NewcomerBattle  D&DL-Co-Event3,2024-08-03T02:43:42.939-04:00
A-Ron,Shizu,,,,Accapella,2018,DLTLLY,2018-08-31,https://www.youtube.com/watch?v=Mj-ae6wrEnU,13203,Mj-ae6wrEnU,NewcomerBattle  D&DL-Co-Event3,2024-08-03T02:43:42.939-04:00
Clep,Nedal Nib,splash! 21,Splash,Ferropolis,On Beat,2018,DLTLLY,2018-08-26,https://www.youtube.com/watch?v=IYOzBAtlps8,109757,IYOzBAtlps8,Splash21,2024-08-03T02:43:42.939-04:00
Yarambo,Clep,,,,Accapella,2018,DLTLLY,2018-08-19,https://www.youtube.com/watch?v=34-uHYmnIr8,229257,34-uHYmnIr8,REMATCH!,2024-08-03T02:43:42.939-04:00
N'antinein,Bong Teggy,splash! 21,Splash,Ferropolis,On Beat,2018,DLTLLY,2018-08-11,https://www.youtube.com/watch?v=ZPy3zoBFfqg,57982,ZPy3zoBFfqg,Splash21,2024-08-03T02:43:42.939-04:00
Robscure + Karma,Wolff + Joe Pharo,,,,Accapella,2018,DLTLLY,2018-08-05,https://www.youtube.com/watch?v=16dUvQ0Obak,66911,16dUvQ0Obak,Hamburg,2024-08-03T02:43:42.940-04:00
J.W. Goethe,DFVK,,,Hamburg,Accapella,2018,DUDL,2018-08-01,https://www.youtube.com/watch?v=XiEaDXbgTOc,4727,XiEaDXbgTOc,2018,2024-08-03T02:43:42.940-04:00
MC Geuner,Vinci,,,,Accapella,2018,DLTLLY,2018-07-29,https://www.youtube.com/watch?v=UP1fTaup1-c,44645,UP1fTaup1-c,Hamburg,2024-08-03T02:43:42.940-04:00
RenetiXX,Karanova,,,,Accapella,2018,DLTLLY,2018-07-27,https://www.youtube.com/watch?v=XzbKLReHfls,21159,XzbKLReHfls,Hamburg,2024-08-03T02:43:42.940-04:00
Indoor Stan,Mikesh,,,,Accapella,2018,DLTLLY,2018-07-22,https://www.youtube.com/watch?v=FuavftTf3sw,113148,FuavftTf3sw,Hamburg,2024-08-03T02:43:42.940-04:00
Josen,Kid Soldier,,,Hamburg,Accapella,2018,DUDL,2018-07-18,https://www.youtube.com/watch?v=zO_sCdE_GC4,11840,zO_sCdE_GC4,2018,2024-08-03T02:43:42.940-04:00
Cashus K,Aris,,,,Accapella,2018,DLTLLY,2018-07-15,https://www.youtube.com/watch?v=SipsDmDHBOs,18382,SipsDmDHBOs,Hamburg,2024-08-03T02:43:42.940-04:00
VT,Bong Teggy,,,,Accapella,2018,DLTLLY,2018-07-08,https://www.youtube.com/watch?v=O4Y60KkxIK0,121425,O4Y60KkxIK0,MAYhem3,2024-08-03T02:43:42.940-04:00
Tao,A-Ron,,,Berlin,Accapella,2018,DUDL,2018-07-04,https://www.youtube.com/watch?v=kVXQiE09o5Q,6312,kVXQiE09o5Q,-CoEvent,2024-08-03T02:43:42.940-04:00
Davie Jones,Karma,,,,Accapella,2018,DLTLLY,2018-07-01,https://www.youtube.com/watch?v=WjdC1A9Hke0,33388,WjdC1A9Hke0,MAYhem3,2024-08-03T02:43:42.940-04:00
O&#39;spella,Rupert69,,,Berlin,Accapella,2018,DUDL,2018-06-30,https://www.youtube.com/watch?v=thvwa2GA4TY,4066,thvwa2GA4TY,-CoEvent,2024-08-03T02:43:42.941-04:00
LBB,Ssynic,,,,Accapella,2018,DLTLLY,2018-06-24,https://www.youtube.com/watch?v=6_bXVyjHLF4,165663,6_bXVyjHLF4,Kato vs Brian Damage,2024-08-03T02:43:42.941-04:00
Highdemann,Julo,,,Essen,Accapella,2018,DUDL,2018-06-13,https://www.youtube.com/watch?v=SGZT5qPenuM,7999,SGZT5qPenuM,2018,2024-08-03T02:43:42.941-04:00
Sizyphos,Henrey,,,,Accapella,2018,DLTLLY,2018-06-10,https://www.youtube.com/watch?v=ACCMjHqPhYE,59899,ACCMjHqPhYE,MAYhem3,2024-08-03T02:43:42.941-04:00
Henker,SeBa,,,Essen,Accapella,2018,DUDL,2018-06-06,https://www.youtube.com/watch?v=EaBkot2Iumk,6041,EaBkot2Iumk,2018,2024-08-03T02:43:42.941-04:00
Merlin,BX,,,,Accapella,2018,DLTLLY,2018-06-03,https://www.youtube.com/watch?v=oT4k9OlTdTM,31671,oT4k9OlTdTM,Stuttgart,2024-08-03T02:43:42.941-04:00
LBB,MC GEUNER,,,,Accapella,2018,RAM,2018-06-03,https://www.youtube.com/watch?v=9r-_GoSvDAw,1887932,9r-_GoSvDAw,BMCL,2024-08-03T02:43:42.941-04:00
MC Lauch,Herr Sören,,,Essen,Accapella,2018,DUDL,2018-06-02,https://www.youtube.com/watch?v=Cyxilq52yW8,8331,Cyxilq52yW8,2018,2024-08-03T02:43:42.941-04:00
Pueblo Escobar + Morizz Fizzl,Schalle + Alcantara,,,,On Beat,2018,DLTLLY,2018-06-01,https://www.youtube.com/watch?v=8jwJwsdYaoM,25249,8jwJwsdYaoM,Stuttgart,2024-08-03T02:43:42.941-04:00
Paze,Zeuge,,,Essen,Accapella,2018,DUDL,2018-05-30,https://www.youtube.com/watch?v=cMme7MVfzlk,5264,cMme7MVfzlk,2018,2024-08-03T02:43:42.942-04:00
Mikesh,Akanoo,,,,Accapella,2018,DLTLLY,2018-05-27,https://www.youtube.com/watch?v=fADGoxfLmoU,104928,fADGoxfLmoU,Stuttgart,2024-08-03T02:43:42.942-04:00
Bdad,Nikiz,,,,On Beat,2018,DLTLLY,2018-05-25,https://www.youtube.com/watch?v=X9NqPZCIV64,32574,X9NqPZCIV64,Stuttgart,2024-08-03T02:43:42.942-04:00
Vyrus,Mavgic,NRWeekend 2,,,On Beat,2018,DLTLLY,2018-05-20,https://www.youtube.com/watch?v=izMlExusQww,534248,izMlExusQww,NRWeekend #2,2024-08-03T02:43:42.942-04:00
Fabelouis,Farmer,,,,Accapella,2018,DLTLLY,2018-05-18,https://www.youtube.com/watch?v=D_bw-AJEGpE,21900,D_bw-AJEGpE,Stuttgart,2024-08-03T02:43:42.942-04:00
Malik N.,Hillston,,,Berlin,Accapella,2018,DUDL,2018-05-16,https://www.youtube.com/watch?v=XQVJrBoiwPk,3465,XQVJrBoiwPk,2018,2024-08-03T02:43:42.942-04:00
Proton,Robscure,NRWeekend 2,,,Accapella,2018,DLTLLY,2018-05-13,https://www.youtube.com/watch?v=zp-NPxt-Y0w,48446,zp-NPxt-Y0w,NRWeekend2,2024-08-03T02:43:42.942-04:00
Change,Tommy2Late,,,,On Beat,2018,DLTLLY,2018-05-13,https://www.youtube.com/watch?v=n-8IV_68dVs,23281,n-8IV_68dVs,Stuttgart,2024-08-03T02:43:42.942-04:00
Kyu,Tommen,,,Berlin,Accapella,2018,DUDL,2018-05-12,https://www.youtube.com/watch?v=vcdMwQZNFIA,4015,vcdMwQZNFIA,2018,2024-08-03T02:43:42.942-04:00
Kato,Mave,NRWeekend 2,,,Accapella,2018,DLTLLY,2018-05-06,https://www.youtube.com/watch?v=ISMH_t00yWU,82104,ISMH_t00yWU,NRWeekend2,2024-08-03T02:43:42.942-04:00
Dyas,SnakeHeadRhyme,,,Berlin,Accapella,2018,DUDL,2018-05-05,https://www.youtube.com/watch?v=DrGC8vf46YE,6251,DrGC8vf46YE,2018,2024-08-03T02:43:42.943-04:00
Buddi,VT,NRWeekend 2,,,On Beat,2018,DLTLLY,2018-05-04,https://www.youtube.com/watch?v=MYBbVI9103A,24700,MYBbVI9103A,NRWeekend2,2024-08-03T02:43:42.943-04:00
Gusy,Micky Haze,,,Stuttgart,Accapella,2018,DUDL,2018-05-02,https://www.youtube.com/watch?v=04_j-wKwruQ,4694,04_j-wKwruQ,2018,2024-08-03T02:43:42.943-04:00
Yarambo,Davie Jones,NRWeekend 2,,,Accapella,2018,DLTLLY,2018-04-29,https://www.youtube.com/watch?v=eBbEez8gLpY,334049,eBbEez8gLpY,NRWeekend #2,2024-08-03T02:43:42.943-04:00
RV,CASHISCLAY,,,,Accapella,2018,RAM,2018-04-29,https://www.youtube.com/watch?v=mNFeSKs8-Zw,91590,mNFeSKs8-Zw,BMCL,2024-08-03T02:43:42.943-04:00
FARE,Dizzepticon,,,Stuttgart,Accapella,2018,DUDL,2018-04-28,https://www.youtube.com/watch?v=VvM1Iz5Zo6o,5518,VvM1Iz5Zo6o,2018,2024-08-03T02:43:42.943-04:00
Tuncmann,Wandelbarz,NRWeekend 2,,,Accapella,2018,DLTLLY,2018-04-27,https://www.youtube.com/watch?v=YvVuLQ-ntwo,33878,YvVuLQ-ntwo,NRWeekend2,2024-08-03T02:43:42.943-04:00
Slappy,Tao,,,Stuttgart,Accapella,2018,DUDL,2018-04-25,https://www.youtube.com/watch?v=Y0UEpKbuN04,3759,Y0UEpKbuN04,2018,2024-08-03T02:43:42.943-04:00
Wolff,NichtDeinTyp,,,,Accapella,2018,DLTLLY,2018-04-22,https://www.youtube.com/watch?v=DtPnL171Y1U,50424,DtPnL171Y1U,NextGeneration VR 4/4 Stuttgart,2024-08-03T02:43:42.943-04:00
ChinookA,Michael Dope,,,Stuttgart,Accapella,2018,DUDL,2018-04-21,https://www.youtube.com/watch?v=H9QpMaRaOuw,4126,H9QpMaRaOuw,2018,2024-08-03T02:43:42.944-04:00
Karanova,OE,NRWeekend 2,,,Accapella,2018,DLTLLY,2018-04-20,https://www.youtube.com/watch?v=u8rydX8Eo7A,17356,u8rydX8Eo7A,NRWeekend2,2024-08-03T02:43:42.944-04:00
A-Ron,PrettyShittyJiggy,,,Stuttgart,Accapella,2018,DUDL,2018-04-18,https://www.youtube.com/watch?v=k6DLGl60vUE,6376,k6DLGl60vUE,2018,2024-08-03T02:43:42.944-04:00
Ano-Nym,RenetiXX,NRWeekend 2,,,Accapella,2018,DLTLLY,2018-04-15,https://www.youtube.com/watch?v=9rVRBR8i80o,67020,9rVRBR8i80o,NextGeneration VR 3/4 NRWeekend2,2024-08-03T02:43:42.944-04:00
Jolle,Joseph Steinschleuder,NRWeekend 2,,,Accapella,2018,DLTLLY,2018-04-13,https://www.youtube.com/watch?v=wKdWtqAf10A,75827,wKdWtqAf10A,NextGeneration VR 2/4 NRWeekend2,2024-08-03T02:43:42.945-04:00
Duff,T-Way,NRWeekend 2,,,Accapella,2018,DLTLLY,2018-04-08,https://www.youtube.com/watch?v=QA2y20az1C4,25859,QA2y20az1C4,NRWeekend2,2024-08-03T02:43:42.945-04:00
Falk,Khacoby,NRWeekend 2,,,Accapella,2018,DLTLLY,2018-04-06,https://www.youtube.com/watch?v=Rt_1IAP9zQc,101955,Rt_1IAP9zQc,ComplimentBattle NRWeekend2,2024-08-03T02:43:42.945-04:00
Schleswig-Prollstein,Opti + Rö,,,Berlin,Accapella,2018,DUDL,2018-04-04,https://www.youtube.com/watch?v=s04C_8fOsJA,10192,s04C_8fOsJA,-CoEvent,2024-08-03T02:43:42.945-04:00
ViruS + KingPin,Eczo + Heynsch,,,Berlin,Accapella,2018,DUDL,2018-04-02,https://www.youtube.com/watch?v=wImLFbzyPBs,8230,wImLFbzyPBs,-CoEvent,2024-08-03T02:43:42.945-04:00
BDAD,VYRUS,,,,Accapella,2018,RAM,2018-04-01,https://www.youtube.com/watch?v=edSol4qguUE,56650,edSol4qguUE,BMCL,2024-08-03T02:43:42.945-04:00
Wolff + Joe Pharo,Ilhan + TableddnTimmy,,,,Accapella,2018,DLTLLY,2018-04-01,https://www.youtube.com/watch?v=PfLQiBTvd-4,56608,PfLQiBTvd-4,D&DL CoEvent 1,2024-08-03T02:43:42.945-04:00
Wolle der Grobe,Jakzta,,,,Accapella,2018,DLTLLY,2018-03-30,https://www.youtube.com/watch?v=yZOihBj5VYk,14545,yZOihBj5VYk,NextGeneration VR 1/4 D&DL CoEvent 1,2024-08-03T02:43:42.945-04:00
Galv,Schote,,,,On Beat,2018,DLTLLY,2018-03-25,https://www.youtube.com/watch?v=WDxHLb71RF0,149685,WDxHLb71RF0,Tapefabrik,2024-08-03T02:43:42.946-04:00
CPE,AKANOO,,,,Accapella,2018,RAM,2018-03-25,https://www.youtube.com/watch?v=bGSiQtKl7zc,35411,bGSiQtKl7zc,BMCL,2024-08-03T02:43:42.946-04:00
Notyzze,LUX,,,,On Beat,2018,DLTLLY,2018-03-21,https://www.youtube.com/watch?v=869cf3bg49k,56917,869cf3bg49k,Tapefabrik,2024-08-03T02:43:42.946-04:00
Davie Jones,Vyrus,,,Kassel,Accapella,2018,DLTLLY,2018-03-19,https://www.youtube.com/watch?v=Absp5IK_V9k,121125,Absp5IK_V9k,Kassel,2024-08-03T02:43:42.946-04:00
VT,Mars B.,,,Kassel,Accapella,2018,DLTLLY,2018-03-18,https://www.youtube.com/watch?v=pkrXAzvIRl0,67088,pkrXAzvIRl0,Kassel,2024-08-03T02:43:42.946-04:00
Olio,Kato,,,Kassel,Accapella,2018,DLTLLY,2018-03-03,https://www.youtube.com/watch?v=pwzr2W-YntY,85434,pwzr2W-YntY,Kassel,2024-08-03T02:43:42.946-04:00
Bauda,Seby Tone,,,Kassel,Accapella,2018,DLTLLY,2018-02-25,https://www.youtube.com/watch?v=fAou_OoLduY,24822,fAou_OoLduY,Kassel,2024-08-03T02:43:42.946-04:00
TOMMY2LATE,CASHUS K,,,,Accapella,2018,RAM,2018-02-25,https://www.youtube.com/watch?v=5jIGrJnIlrs,35333,5jIGrJnIlrs,BMCL,2024-08-03T02:43:42.946-04:00
TRIPLEBEAT,FOURSEVEN,,,,Accapella,2018,RAM,2018-02-25,https://www.youtube.com/watch?v=ViFTDD0HHEk,488821,ViFTDD0HHEk,BMCL,2024-08-03T02:43:42.946-04:00
Krom,Wolff,,,Kassel,Accapella,2018,DLTLLY,2018-02-18,https://www.youtube.com/watch?v=fE0SEINZpDg,73669,fE0SEINZpDg,Kassel,2024-08-03T02:43:42.946-04:00
Schalle,Joe Pharo,,,Kassel,Accapella,2018,DLTLLY,2018-02-11,https://www.youtube.com/watch?v=OU423DQtcD4,30293,OU423DQtcD4,Kassel,2024-08-03T02:43:42.947-04:00
JollyJay,Brian Damage,DISSember 2,Backstage,München,Accapella,2017,DLTLLY,2018-02-04,https://www.youtube.com/watch?v=jK6Kcpse9o0,224825,jK6Kcpse9o0,Bilingual Battle DISSember2,2024-08-03T02:43:42.947-04:00
TableddnTimmy,Joseph Steinschleuder,,,Berlin,Accapella,2017,DUDL,2018-01-31,https://www.youtube.com/watch?v=7XEQc4Uixvg,44693,7XEQc4Uixvg,2017,2024-08-03T02:43:42.947-04:00
KROM,SEVA,,,,Accapella,2018,RAM,2018-01-29,https://www.youtube.com/watch?v=FwNISDJyry4,59485,FwNISDJyry4,BMCL,2024-08-03T02:43:42.947-04:00
CLEP,Robscure,DISSember 2,Backstage,München,Accapella,2017,DLTLLY,2018-01-28,https://www.youtube.com/watch?v=0lS6QaFGybw,138763,0lS6QaFGybw,DISSember2,2024-08-03T02:43:42.947-04:00
DEZ,Noone,,,Berlin,Accapella,2017,DUDL,2018-01-24,https://www.youtube.com/watch?v=0tkSP6s8_uM,4757,0tkSP6s8_uM,2017,2024-08-03T02:43:42.947-04:00
Karma,Mars B.,DISSember 2,Backstage,München,Accapella,2017,DLTLLY,2018-01-21,https://www.youtube.com/watch?v=2d1RlPosOF0,59835,2d1RlPosOF0,DISSember2,2024-08-03T02:43:42.947-04:00
Splopf,Shizu,,,Berlin,Accapella,2017,DUDL,2018-01-17,https://www.youtube.com/watch?v=C4xri1oyMvQ,4643,C4xri1oyMvQ,2017,2024-08-03T02:43:42.947-04:00
T-Way,VT,DISSember 2,Backstage,München,Accapella,2017,DLTLLY,2018-01-14,https://www.youtube.com/watch?v=NKFsOpcgMpo,28543,NKFsOpcgMpo,DISSember2,2024-08-03T02:43:42.947-04:00
Julo,SinTony,,,Berlin,Accapella,2017,DUDL,2018-01-10,https://www.youtube.com/watch?v=9TPjSYw4jbI,5077,9TPjSYw4jbI,2017,2024-08-03T02:43:42.947-04:00
Jack Dragon,Hansen,DISSember 2,Backstage,München,Accapella,2017,DLTLLY,2018-01-07,https://www.youtube.com/watch?v=lJ6whp-ADwU,39003,lJ6whp-ADwU,DISSember2,2024-08-03T02:43:42.948-04:00
Louis Beton,Hörsturz,,,Leipzig,Accapella,2017,DLTLLY,2018-01-04,https://www.youtube.com/watch?v=0_CFEJmm4i8,13868,0_CFEJmm4i8,Leipzig,2024-08-03T02:43:42.948-04:00
ShaoLum,Joe-L (Sport-Bars),,,,Accapella,2018,SPOX,2018-01-02,https://www.youtube.com/watch?v=y7s-nFdjpQg,35461,y7s-nFdjpQg,could not identify event,2024-08-03T02:43:42.948-04:00
DAVIE JONES,TOBI NICE,,,,Accapella,2018,RAM,2018-01-01,https://www.youtube.com/watch?v=C6G6zvJ-6ho,76303,C6G6zvJ-6ho,BMCL,2024-08-03T02:43:42.948-04:00
Cris Kotzen,Schote,,,Leipzig,On Beat,2017,DLTLLY,2017-12-31,https://www.youtube.com/watch?v=xxMx2BO8sww,151759,xxMx2BO8sww,Leipzig,2024-08-03T02:43:42.948-04:00
Wandelbarz,Mikesh,,,Leipzig,Accapella,2017,DLTLLY,2017-12-24,https://www.youtube.com/watch?v=BVIWJYptGjk,80595,BVIWJYptGjk,Leipzig,2024-08-03T02:43:42.948-04:00
Sizyphos,Ilhan,,,Leipzig,Accapella,2017,DLTLLY,2017-12-17,https://www.youtube.com/watch?v=LqO0Og4pNHQ,60255,LqO0Og4pNHQ,Leipzig,2024-08-03T02:43:42.948-04:00
Wolff,IZL,,,Erfurt,Accapella,2017,DUDL,2017-12-16,https://www.youtube.com/watch?v=Q92uBy-sybk,16278,Q92uBy-sybk,2017,2024-08-03T02:43:42.948-04:00
FU!,Terra Pete,,,Leipzig,On Beat,2017,DLTLLY,2017-12-14,https://www.youtube.com/watch?v=xeyQgA45-nQ,21417,xeyQgA45-nQ,Leipzig,2024-08-03T02:43:42.948-04:00
MC Maik,Akanoo,,,Leipzig,Accapella,2017,DLTLLY,2017-12-10,https://www.youtube.com/watch?v=dofZoRLuze0,18409,dofZoRLuze0,Leipzig,2024-08-03T02:43:42.948-04:00
Leonidas,MC Geuner,,,Erfurt,Accapella,2017,DUDL,2017-12-09,https://www.youtube.com/watch?v=i0cry-GK_n4,10107,i0cry-GK_n4,2017,2024-08-03T02:43:42.949-04:00
Jotti (Schalke 04),Mave (Chemnitzer FC),,,,Accapella,2017,SPOX,2017-12-08,https://www.youtube.com/watch?v=AFityNagM_k,70853,AFityNagM_k,could not identify event,2024-08-03T02:43:42.949-04:00
Papi Schlauch,JerMC,,,,Accapella,2017,DLTLLY,2017-12-03,https://www.youtube.com/watch?v=vdpnmXQ8IwQ,118966,vdpnmXQ8IwQ,Wien,2024-08-03T02:43:42.949-04:00
SnakeHeadRhyme,KingPin,,,Erfurt,Accapella,2017,DUDL,2017-12-02,https://www.youtube.com/watch?v=8Zlalomq-GE,7591,8Zlalomq-GE,2017,2024-08-03T02:43:42.949-04:00
Bong Teggy (Fußball),Lyrico (Eishockey),,,,Accapella,2017,SPOX,2017-12-01,https://www.youtube.com/watch?v=3ndLIgcKMk8,143827,3ndLIgcKMk8,could not identify event,2024-08-03T02:43:42.949-04:00
DEZ,Eczo,,,Erfurt,Accapella,2017,DUDL,2017-11-29,https://www.youtube.com/watch?v=Qgqkd6Tz7fA,3900,Qgqkd6Tz7fA,2017,2024-08-03T02:43:42.949-04:00
YARAMBO + T-WAY,CASHISCLAY + TWIZZY,,,,Accapella,2017,RAM,2017-11-26,https://www.youtube.com/watch?v=WDjqjWRXKEc,115479,WDjqjWRXKEc,BMCL,2024-08-03T02:43:42.949-04:00
Noone,Teach,,,Berlin,Accapella,2017,DUDL,2017-11-25,https://www.youtube.com/watch?v=_91WwhMuHRY,5289,_91WwhMuHRY,2017,2024-08-03T02:43:42.949-04:00
Demo MC,Hopeless MC,,,Berlin,Accapella,2017,DUDL,2017-11-22,https://www.youtube.com/watch?v=XtcGuHUZ6TQ,2936,XtcGuHUZ6TQ,2017,2024-08-03T02:43:42.949-04:00
DemoLux,Krom,,,,Accapella,2017,DLTLLY,2017-11-19,https://www.youtube.com/watch?v=zfb4pehw3J8,23611,zfb4pehw3J8,Wien,2024-08-03T02:43:42.949-04:00
Borussia Dortmund,FC Bayern München,,,,Accapella,2017,SPOX,2017-11-18,https://www.youtube.com/watch?v=Z-7dBXCQysI,261124,Z-7dBXCQysI,could not identify event,2024-08-03T02:43:42.950-04:00
Joe Pharo,Part-Tron,,,Hannover,Accapella,2017,DUDL,2017-11-18,https://www.youtube.com/watch?v=n0cCt2WhEZA,8149,n0cCt2WhEZA,2017,2024-08-03T02:43:42.950-04:00
Sirius Crack,Fate1,,,,Accapella,2017,DLTLLY,2017-11-16,https://www.youtube.com/watch?v=_7Dryn55kTw,15187,_7Dryn55kTw,Wien,2024-08-03T02:43:42.950-04:00
MC Lauch,Gusy,,,Berlin,Accapella,2017,DUDL,2017-11-15,https://www.youtube.com/watch?v=FLkRkegMFuI,4104,FLkRkegMFuI,2017,2024-08-03T02:43:42.950-04:00
ADHS-Andy,Shadow,,,Hannover,Accapella,2017,DUDL,2017-11-13,https://www.youtube.com/watch?v=iH078cExL8k,16686,iH078cExL8k,2017,2024-08-03T02:43:42.950-04:00
Proton,Tobi Nice,,,,On Beat,2017,DLTLLY,2017-11-12,https://www.youtube.com/watch?v=EFgSOM4IYPU,51818,EFgSOM4IYPU,s B.Day#4,2024-08-03T02:43:42.950-04:00
Rupert69,Pueblo Escobar,,,Berlin,Accapella,2017,DUDL,2017-11-11,https://www.youtube.com/watch?v=Bj_YDfyUkUI,4708,Bj_YDfyUkUI,2017,2024-08-03T02:43:42.950-04:00
Ano-nym,Wolle der Grobe,,,Hannover,Accapella,2017,DUDL,2017-11-08,https://www.youtube.com/watch?v=5UF2c4lBEF4,17494,5UF2c4lBEF4,2017,2024-08-03T02:43:42.950-04:00
Lyrico,Nedal Nib,,,,Accapella,2017,DLTLLY,2017-11-05,https://www.youtube.com/watch?v=zfEr6wUONDs,220610,zfEr6wUONDs,2nd TITLE-MATCH B.Day#4,2024-08-03T02:43:42.950-04:00
RenetiXX,Aris,,,Hannover,Accapella,2017,DUDL,2017-11-04,https://www.youtube.com/watch?v=ESbgxv4rwsU,7905,ESbgxv4rwsU,2017,2024-08-03T02:43:42.950-04:00
Spike,Akanoo,,,,Accapella,2017,DLTLLY,2017-11-02,https://www.youtube.com/watch?v=BYnvhhpJQgU,15605,BYnvhhpJQgU,s Wien,2024-08-03T02:43:42.951-04:00
Splopf,Mango,,,Hannover,Accapella,2017,DUDL,2017-11-01,https://www.youtube.com/watch?v=3GL_5yyuvdU,3717,3GL_5yyuvdU,2017,2024-08-03T02:43:42.951-04:00
Der Zigeunerbaron,Niemand,,,Berlin,Accapella,2017,DUDL,2017-10-30,https://www.youtube.com/watch?v=fCrWefuufkg,2837,fCrWefuufkg,2017,2024-08-03T02:43:42.951-04:00
CASHUS K,TISOS,,,,Accapella,2017,RAM,2017-10-29,https://www.youtube.com/watch?v=7JiS06qKZ64,53025,7JiS06qKZ64,BMCL,2024-08-03T02:43:42.951-04:00
Unanymous,JollyJay,,,,Accapella,2017,DLTLLY,2017-10-29,https://www.youtube.com/watch?v=E4_2vzM1SCE,29206,E4_2vzM1SCE,B.Day#4,2024-08-03T02:43:42.951-04:00
Bubba T,DEZ,,,Berlin,Accapella,2017,DUDL,2017-10-27,https://www.youtube.com/watch?v=X0xRGjcxL8w,5104,X0xRGjcxL8w,2017,2024-08-03T02:43:42.951-04:00
MAST,SnakeHeadRhyme,,,Berlin,Accapella,2017,DUDL,2017-10-25,https://www.youtube.com/watch?v=qaR-Ut82el8,4603,qaR-Ut82el8,2017,2024-08-03T02:43:42.951-04:00
Wandelbarz,Nicht Dein Typ,,,Bonn,Accapella,2017,DUDL,2017-10-21,https://www.youtube.com/watch?v=Yg02RTzal2E,8116,Yg02RTzal2E,2017,2024-08-03T02:43:42.951-04:00
Merlin,Yarambo,,,,Accapella,2017,DLTLLY,2017-10-21,https://www.youtube.com/watch?v=uGiKtuP4siw,201954,uGiKtuP4siw,B.Day#4,2024-08-03T02:43:42.951-04:00
Vyrus,Tommy2Late,,,,On Beat,2017,DLTLLY,2017-10-20,https://www.youtube.com/watch?v=OOI5QKfWSVU,46343,OOI5QKfWSVU,s B.Day#4,2024-08-03T02:43:42.952-04:00
Shizu,Jozef104,,,Berlin,Accapella,2017,DUDL,2017-10-18,https://www.youtube.com/watch?v=XVS8XZzvtBQ,5265,XVS8XZzvtBQ,2017,2024-08-03T02:43:42.952-04:00
BX,Ilhan,,,,Accapella,2017,DLTLLY,2017-10-15,https://www.youtube.com/watch?v=BuBDtfDtIFo,42403,BuBDtfDtIFo,B.Day #4,2024-08-03T02:43:42.952-04:00
Wolff,Mr. Whyte,,,Bonn,Accapella,2017,DUDL,2017-10-13,https://www.youtube.com/watch?v=5l9zBAdVOMc,23737,5l9zBAdVOMc,2017,2024-08-03T02:43:42.952-04:00
VT,Karma,,,Frankfurt am Main,Accapella,2017,DLTLLY,2017-10-09,https://www.youtube.com/watch?v=PAjBrklU_t8,35789,PAjBrklU_t8,FFM,2024-08-03T02:43:42.952-04:00
Gregpipe,Davie Jones,,,Frankfurt am Main,Accapella,2017,DLTLLY,2017-10-08,https://www.youtube.com/watch?v=zlunUmUwmX8,341390,zlunUmUwmX8,FFM,2024-08-03T02:43:42.952-04:00
Kato,FlaKiT,,,Bonn,Accapella,2017,DUDL,2017-10-07,https://www.youtube.com/watch?v=LGpYsR1Db-k,43176,LGpYsR1Db-k,2017,2024-08-03T02:43:42.952-04:00
Joe Pharo,Herrn Sören,,,Bonn,Accapella,2017,DUDL,2017-10-04,https://www.youtube.com/watch?v=HoQ5icymcgk,8887,HoQ5icymcgk,2017,2024-08-03T02:43:42.952-04:00
Saking,Akanoo,,,Frankfurt am Main,Accapella,2017,DLTLLY,2017-10-01,https://www.youtube.com/watch?v=lE8Fk77n_iM,15706,lE8Fk77n_iM,FFM,2024-08-03T02:43:42.952-04:00
FOUR SEVEN,INDOOR STAN,,,,Accapella,2017,RAM,2017-10-01,https://www.youtube.com/watch?v=52Atd4tpwJM,139667,52Atd4tpwJM,BMCL,2024-08-03T02:43:42.952-04:00
Ralle,Phillie,,,Bonn,Accapella,2017,DUDL,2017-09-30,https://www.youtube.com/watch?v=9WY-jqLTF2Y,3214,9WY-jqLTF2Y,2017,2024-08-03T02:43:42.953-04:00
EkHead,CPE,,,Frankfurt am Main,Accapella,2017,DLTLLY,2017-09-28,https://www.youtube.com/watch?v=5bOiatzTGbk,17432,5bOiatzTGbk,FFM,2024-08-03T02:43:42.953-04:00
Shortworth,RenetiXX,,,Berlin,Accapella,2017,DUDL,2017-09-23,https://www.youtube.com/watch?v=_SbPwHKWPCw,4629,_SbPwHKWPCw,2017,2024-08-03T02:43:42.953-04:00
Part-Tron,Paze,,,Berlin,Accapella,2017,DUDL,2017-09-20,https://www.youtube.com/watch?v=apTMCWrtJx0,3592,apTMCWrtJx0,2017,2024-08-03T02:43:42.953-04:00
Clep,Bong Teggy,splash! 20,Splash,Ferropolis,Accapella,2017,DLTLLY,2017-09-17,https://www.youtube.com/watch?v=d3IC3OUGlGA,130073,d3IC3OUGlGA,Splash 20,2024-08-03T02:43:42.953-04:00
Eczo,Jozef104,,,Berlin,Accapella,2017,DUDL,2017-09-16,https://www.youtube.com/watch?v=a4XDYKUDuAg,4352,a4XDYKUDuAg,2017,2024-08-03T02:43:42.953-04:00
Harry,Adam,,,Mannheim,Accapella,2017,DUDL,2017-09-13,https://www.youtube.com/watch?v=ggzh6IzcEHQ,3158,ggzh6IzcEHQ,2017,2024-08-03T02:43:42.953-04:00
Ars,Wux Brofer,,,Ludwigshafen,Accapella,2017,DUDL,2017-09-11,https://www.youtube.com/watch?v=sq-_SOiyZoA,4055,sq-_SOiyZoA,2017,2024-08-03T02:43:42.953-04:00
MC Maik,N'antinein,splash! 20,Splash,Ferropolis,Accapella,2017,DLTLLY,2017-09-10,https://www.youtube.com/watch?v=cMmNpNs82GA,18881,cMmNpNs82GA,Splash 20,2024-08-03T02:43:42.953-04:00
Lyrico + Buddi,Falk + Khacoby,splash! 20,Splash,Ferropolis,Accapella,2017,DLTLLY,2017-09-10,https://www.youtube.com/watch?v=5Bb7YQjNO8k,65696,5Bb7YQjNO8k,Splash 20,2024-08-03T02:43:42.953-04:00
Brian Damage + Robscure,Yarambo + T-Way,splash! 20,Splash,Ferropolis,Accapella,2017,DLTLLY,2017-09-10,https://www.youtube.com/watch?v=F5V3pnpODhw,56523,F5V3pnpODhw,Splash 20,2024-08-03T02:43:42.954-04:00
Hörsturz,Nicht Dein Typ,,,Ludwigshafen,Accapella,2017,DUDL,2017-09-09,https://www.youtube.com/watch?v=TpQrcZRl7rE,4513,TpQrcZRl7rE,2017,2024-08-03T02:43:42.954-04:00
Bubba T,MC Lauch,,,Ludwigshafen,Accapella,2017,DUDL,2017-09-06,https://www.youtube.com/watch?v=seh2mg2LFV8,4156,seh2mg2LFV8,2017,2024-08-03T02:43:42.954-04:00
Scamp,Paperbite,,,Ludwigshafen,Accapella,2017,DUDL,2017-09-01,https://www.youtube.com/watch?v=-mapSli5wm8,3975,-mapSli5wm8,2017,2024-08-03T02:43:42.954-04:00
Wolff,FlaKiT,,,Berlin,Accapella,2017,DUDL,2017-08-25,https://www.youtube.com/watch?v=LxqqUUX-HkI,14957,LxqqUUX-HkI,2017,2024-08-03T02:43:42.954-04:00
MIGHTY MO,CASHISCLAY,,,,Accapella,2017,RAM,2017-08-24,https://www.youtube.com/watch?v=N8iKapmZv5A,214920,N8iKapmZv5A,BMCL,2024-08-03T02:43:42.954-04:00
Hopeless MC,D.E.Z.,,,Berlin,Accapella,2017,DUDL,2017-08-23,https://www.youtube.com/watch?v=8jdukosjugQ,3963,8jdukosjugQ,2017,2024-08-03T02:43:42.954-04:00
MC Schub,O&#39;Spella,,,Berlin,Accapella,2017,DUDL,2017-08-21,https://www.youtube.com/watch?v=9rRmgC6mvyk,3093,9rRmgC6mvyk,2017,2024-08-03T02:43:42.954-04:00
Merlin,Peter Pogen,,,,Accapella,2017,DLTLLY,2017-08-20,https://www.youtube.com/watch?v=cBhojNDM-cY,46667,cBhojNDM-cY,Hamburg,2024-08-03T02:43:42.954-04:00
Demo MC,Cemo Dafuq,,,Berlin,Accapella,2017,DUDL,2017-08-19,https://www.youtube.com/watch?v=Qmsi3Hlj1Vc,3189,Qmsi3Hlj1Vc,2017,2024-08-03T02:43:42.954-04:00
JI-ZI,SSYNIC,,,,Accapella,2017,RAM,2017-08-18,https://www.youtube.com/watch?v=nWum8Xdxh9w,825660,nWum8Xdxh9w,BMCL,2024-08-03T02:43:42.955-04:00
Mave,Hörsturz,,,Halle,Accapella,2017,DUDL,2017-08-16,https://www.youtube.com/watch?v=CkFi6pao01E,17185,CkFi6pao01E,2017,2024-08-03T02:43:42.955-04:00
Papi Schlauch,Fabiga,,,,Accapella,2017,DLTLLY,2017-08-13,https://www.youtube.com/watch?v=uwohgd5dtuI,58649,uwohgd5dtuI,Hamburg,2024-08-03T02:43:42.955-04:00
RenetiXX,Fesas,,,Halle,Accapella,2017,DUDL,2017-08-12,https://www.youtube.com/watch?v=dihDC74TLD0,9257,dihDC74TLD0,2017,2024-08-03T02:43:42.955-04:00
VYRUS,FINCH,,,,Accapella,2017,RAM,2017-08-11,https://www.youtube.com/watch?v=ZWQ6wtTiKUc,211067,ZWQ6wtTiKUc,BMCL,2024-08-03T02:43:42.956-04:00
Reinecken,IZL,,,Halle,Accapella,2017,DUDL,2017-08-09,https://www.youtube.com/watch?v=VnUHcRdCdhI,3280,VnUHcRdCdhI,2017,2024-08-03T02:43:42.956-04:00
Noone,Fab,,,Berlin,Accapella,2017,DUDL,2017-08-07,https://www.youtube.com/watch?v=cS6ANNMsBvw,7454,cS6ANNMsBvw,2017,2024-08-03T02:43:42.956-04:00
Davie Jones,Schote,,,,On Beat,2017,DLTLLY,2017-08-06,https://www.youtube.com/watch?v=BH092XAZWGc,115565,BH092XAZWGc,Hamburg,2024-08-03T02:43:42.956-04:00
Ilhan,Balavababa,,,Berlin,Accapella,2017,DUDL,2017-08-05,https://www.youtube.com/watch?v=PRd0MOIgHkI,10326,PRd0MOIgHkI,2017,2024-08-03T02:43:42.956-04:00
TOBI NICE,FRESH POLAKKE,,,,Accapella,2017,RAM,2017-08-04,https://www.youtube.com/watch?v=lbL2I40Il9w,104328,lbL2I40Il9w,BMCL,2024-08-03T02:43:42.956-04:00
Abrupt,Gusy,,,Berlin,Accapella,2017,DUDL,2017-08-03,https://www.youtube.com/watch?v=HmfqmTGGWG0,3350,HmfqmTGGWG0,2017,2024-08-03T02:43:42.956-04:00
Nedal Nib,JerMc,,,,Accapella,2017,DLTLLY,2017-07-30,https://www.youtube.com/watch?v=Oh2i1ulWHoM,116326,Oh2i1ulWHoM,Mayhem2,2024-08-03T02:43:42.956-04:00
Andy Amnesia,Shortworth,,,Berlin,Accapella,2017,DUDL,2017-07-29,https://www.youtube.com/watch?v=2HK4NQdp9DY,9497,2HK4NQdp9DY,2017,2024-08-03T02:43:42.956-04:00
Butchbruda,Joseph Steinschleuder,,,Berlin,Accapella,2017,DUDL,2017-07-26,https://www.youtube.com/watch?v=tHEzlDKDqEg,11547,tHEzlDKDqEg,2017,2024-08-03T02:43:42.956-04:00
Nikiz,Stockinger,,,,Accapella,2017,DLTLLY,2017-07-23,https://www.youtube.com/watch?v=NX5YOcBtTM8,22609,NX5YOcBtTM8,Mayhem2,2024-08-03T02:43:42.957-04:00
Mikesh,Tuncmann,,,,Accapella,2017,DLTLLY,2017-07-20,https://www.youtube.com/watch?v=GzsFKgMwwIo,77243,GzsFKgMwwIo,Hamburg,2024-08-03T02:43:42.957-04:00
Johnny Camo,Lang&Sympathisch,,,Neubrandenburg,Accapella,2017,DUDL,2017-07-19,https://www.youtube.com/watch?v=HJ90C8nBaio,6124,HJ90C8nBaio,ReimWerkNord-CoEvent,2024-08-03T02:43:42.957-04:00
Henrey,Vyrus,,,,Accapella,2017,DLTLLY,2017-07-16,https://www.youtube.com/watch?v=LkkkwAmTjRk,42757,LkkkwAmTjRk,Hamburg,2024-08-03T02:43:42.957-04:00
Doktor Dave,Jack Dragon - REMATCH!,,,,Accapella,2017,DLTLLY,2017-07-16,https://www.youtube.com/watch?v=LSylroi2Toc,35588,LSylroi2Toc,could not identify event,2024-08-03T02:43:42.957-04:00
Triple Beat,Mr. Whyte,,,Neubrandenburg,Accapella,2017,DUDL,2017-07-15,https://www.youtube.com/watch?v=l7Y_objhRcA,7061,l7Y_objhRcA,ReimWerkNord-CoEvent,2024-08-03T02:43:42.957-04:00
Tableddn Timmy,Hopeless MC,,,Berlin,Accapella,2017,DUDL,2017-07-01,https://www.youtube.com/watch?v=eSZab6qlU6M,8207,eSZab6qlU6M,2017,2024-08-03T02:43:42.957-04:00
Lyrico,Robscure,,,,Accapella,2017,DLTLLY,2017-07-01,https://www.youtube.com/watch?v=aLe_BInOof0,130239,aLe_BInOof0,Mayhem2,2024-08-03T02:43:42.957-04:00
BMCL TITELMATCH: SSYNIC,MIGHTY MO,,,,Accapella,2017,RAM,2017-06-30,https://www.youtube.com/watch?v=FbeBGeRf4F0,700809,FbeBGeRf4F0,BMCL,2024-08-03T02:43:42.957-04:00
Promme,Rhyme Inspector,,,Berlin,Accapella,2017,DUDL,2017-06-26,https://www.youtube.com/watch?v=5L3MZyCpoMU,2800,5L3MZyCpoMU,2017,2024-08-03T02:43:42.957-04:00
N'antinein,Cris Kotzen,,,,Accapella,2017,DLTLLY,2017-06-25,https://www.youtube.com/watch?v=vr4dnObsxAE,106874,vr4dnObsxAE,Mayhem2,2024-08-03T02:43:42.958-04:00
FlaKiT,ViruS,,,Berlin,Accapella,2017,DUDL,2017-06-24,https://www.youtube.com/watch?v=q3uVXbV8kU4,5712,q3uVXbV8kU4,2017,2024-08-03T02:43:42.958-04:00
Porno Pete,Eczo,,,Berlin,Accapella,2017,DUDL,2017-06-21,https://www.youtube.com/watch?v=1mz3_aRDkPg,2809,1mz3_aRDkPg,2017,2024-08-03T02:43:42.958-04:00
MC Maik,Sizyphos,,,,Accapella,2017,DLTLLY,2017-06-18,https://www.youtube.com/watch?v=ByizH6xxKlk,31135,ByizH6xxKlk,Mayhem2,2024-08-03T02:43:42.958-04:00
T-Way,Merlin,,,München,Accapella,2017,DLTLLY,2017-06-11,https://www.youtube.com/watch?v=gLZJhvfjtE4,111200,gLZJhvfjtE4,München,2024-08-03T02:43:42.958-04:00
WandelBarZ,Ano-nym,,,Dortmund,Accapella,2017,DUDL,2017-06-10,https://www.youtube.com/watch?v=rFIvRmCe9FM,28760,rFIvRmCe9FM,Kupplyn-CoEvent,2024-08-03T02:43:42.958-04:00
Mosaik,OE,,,Dortmund,Accapella,2017,DUDL,2017-06-07,https://www.youtube.com/watch?v=ZrZKeWYQr1U,4401,ZrZKeWYQr1U,Kupplyn-CoEvent,2024-08-03T02:43:42.958-04:00
Phillie,BunGee,,,Dortmund,Accapella,2017,DUDL,2017-06-05,https://www.youtube.com/watch?v=cv9ES-KJk_8,4991,cv9ES-KJk_8,Kupplyn-CoEvent,2024-08-03T02:43:42.958-04:00
Schote,Jack Dragon,,,München,Accapella,2017,DLTLLY,2017-06-04,https://www.youtube.com/watch?v=ci-DKAMvD-k,25431,ci-DKAMvD-k,München,2024-08-03T02:43:42.958-04:00
Demo MC,Kato,,,Dortmund,Accapella,2017,DUDL,2017-06-03,https://www.youtube.com/watch?v=AhKQn8nD-9o,33485,AhKQn8nD-9o,Kupplyn-CoEvent,2024-08-03T02:43:42.958-04:00
MERLIN,FRESH POLAKKE,,,,Accapella,2017,RAM,2017-06-02,https://www.youtube.com/watch?v=wGfjTJPiTDY,212190,wGfjTJPiTDY,BMCL,2024-08-03T02:43:42.959-04:00
Karma,BDad,,,München,Accapella,2017,DLTLLY,2017-06-01,https://www.youtube.com/watch?v=ez72X6TNExA,24990,ez72X6TNExA,München,2024-08-03T02:43:42.959-04:00
RenetiXX,Dryno,,,Dortmund,Accapella,2017,DUDL,2017-05-31,https://www.youtube.com/watch?v=HI_dcCSnL14,6835,HI_dcCSnL14,Kupplyn-CoEvent,2024-08-03T02:43:42.959-04:00
Change19,Schalle,,,München,Accapella,2017,DLTLLY,2017-05-28,https://www.youtube.com/watch?v=m5NhYx3GfFs,18899,m5NhYx3GfFs,München,2024-08-03T02:43:42.959-04:00
Ilhan,Hörsturz,,,Berlin,Accapella,2017,DUDL,2017-05-27,https://www.youtube.com/watch?v=WNfwTsmOCyY,7962,WNfwTsmOCyY,2017,2024-08-03T02:43:42.959-04:00
Wolff,Aris,,,Berlin,Accapella,2017,DUDL,2017-05-24,https://www.youtube.com/watch?v=_c1nHOFVu9Y,12657,_c1nHOFVu9Y,2017,2024-08-03T02:43:42.959-04:00
Onkel Oktomusch & Die Zwetschke,Falk & Khacoby,NRWeekend 1,,,Accapella,2017,DLTLLY,2017-05-21,https://www.youtube.com/watch?v=1g89uVaen_4,592595,1g89uVaen_4,NRWeekend,2024-08-03T02:43:42.959-04:00
Wolle Der Grobe,Balavababa,,,München,Accapella,2017,DLTLLY,2017-05-18,https://www.youtube.com/watch?v=tZTLE8iBL4I,20465,tZTLE8iBL4I,NewcomerBattle München,2024-08-03T02:43:42.959-04:00
Mars B.,Yarambo,NRWeekend 1,,,Accapella,2017,DLTLLY,2017-05-14,https://www.youtube.com/watch?v=hx_YK4LaoJM,136083,hx_YK4LaoJM,NRWeekend,2024-08-03T02:43:42.959-04:00
Andres,Mikesh,,,Berlin,Accapella,2017,DUDL,2017-05-13,https://www.youtube.com/watch?v=mGJhMHg6B6k,19723,mGJhMHg6B6k,2017,2024-08-03T02:43:42.959-04:00
YARAMBO,NOTYZZE,,,,Accapella,2017,RAM,2017-05-12,https://www.youtube.com/watch?v=D2L-FyXYNCE,124646,D2L-FyXYNCE,BMCL,2024-08-03T02:43:42.960-04:00
Leonidas,IZL,,,Berlin,Accapella,2017,DUDL,2017-05-10,https://www.youtube.com/watch?v=6DksgfKA-rU,3927,6DksgfKA-rU,2017,2024-08-03T02:43:42.960-04:00
Wux Brofer,Eli,,,Berlin,Accapella,2017,DUDL,2017-05-08,https://www.youtube.com/watch?v=VflpvPsTY0s,3276,VflpvPsTY0s,2017,2024-08-03T02:43:42.960-04:00
DuFF,Doktor Dave,NRWeekend 1,,,Accapella,2017,DLTLLY,2017-05-07,https://www.youtube.com/watch?v=I9eODi7SoTw,53161,I9eODi7SoTw,NRWeekend,2024-08-03T02:43:42.960-04:00
Vinci,Shizu,,,Berlin,Accapella,2017,DUDL,2017-05-06,https://www.youtube.com/watch?v=vqAF6VxRldE,11165,vqAF6VxRldE,2017,2024-08-03T02:43:42.960-04:00
VT,Vyrus,NRWeekend 1,,,Accapella,2017,DLTLLY,2017-04-30,https://www.youtube.com/watch?v=B9rLr9Rus-Q,39455,B9rLr9Rus-Q,NRWeekend,2024-08-03T02:43:42.960-04:00
Ars,LNB,,,Berlin,Accapella,2017,DUDL,2017-04-29,https://www.youtube.com/watch?v=ZE-tNe-oCYY,6009,ZE-tNe-oCYY,2017,2024-08-03T02:43:42.960-04:00
Eczo,TableddnTimmy,,,Berlin,Accapella,2017,DUDL,2017-04-26,https://www.youtube.com/watch?v=3PzPdRfuiFc,6800,3PzPdRfuiFc,2017,2024-08-03T02:43:42.960-04:00
T-Rick,Red,,,Berlin,Accapella,2017,DUDL,2017-04-24,https://www.youtube.com/watch?v=g6kzkhNC4Do,10926,g6kzkhNC4Do,2017,2024-08-03T02:43:42.960-04:00
Tobi Nice,Notyzze,NRWeekend 1,,,Accapella,2017,DLTLLY,2017-04-23,https://www.youtube.com/watch?v=mSKRQjb-ZMk,34143,mSKRQjb-ZMk,NRWeekend,2024-08-03T02:43:42.960-04:00
D.E.Z.,Nicht dein Typ,,,Berlin,Accapella,2017,DUDL,2017-04-22,https://www.youtube.com/watch?v=I3LdGKVJ5dQ,9172,I3LdGKVJ5dQ,2017,2024-08-03T02:43:42.961-04:00
Barracuda,Mavgic,NRWeekend 1,,,Accapella,2017,DLTLLY,2017-04-20,https://www.youtube.com/watch?v=rQB3nOExFoM,139266,rQB3nOExFoM,NRWeekend,2024-08-03T02:43:42.961-04:00
Fabiga,Four Seven,NRWeekend 1,,,Accapella,2017,DLTLLY,2017-04-16,https://www.youtube.com/watch?v=Qkjxygmrf2w,107590,Qkjxygmrf2w,NRWeekend,2024-08-03T02:43:42.961-04:00
KROM,TOBI NICE,,,,Accapella,2017,RAM,2017-04-14,https://www.youtube.com/watch?v=wQngllMH3KM,86974,wQngllMH3KM,BMCL,2024-08-03T02:43:42.961-04:00
Pilz,Nedal Nib,,,,Accapella,2017,DLTLLY,2017-04-09,https://www.youtube.com/watch?v=8aBn-vWKhHk,302065,8aBn-vWKhHk,Tapefabrik,2024-08-03T02:43:42.961-04:00
Madame Chaot,Yori,,,Berlin,Accapella,2017,DUDL,2017-04-08,https://www.youtube.com/watch?v=XZTmT_gLq8U,71143,XZTmT_gLq8U,2017,2024-08-03T02:43:42.961-04:00
Noone,Hopeless MC,,,Berlin,Accapella,2017,DUDL,2017-04-05,https://www.youtube.com/watch?v=eGQLfZpCMHw,4524,eGQLfZpCMHw,2017,2024-08-03T02:43:42.961-04:00
Cryptax,JOSHKA106,,,Berlin,Accapella,2017,DUDL,2017-04-03,https://www.youtube.com/watch?v=rLwKdc4ZZRI,15984,rLwKdc4ZZRI,2017,2024-08-03T02:43:42.961-04:00
Henrey,N'antinein,,,,Accapella,2017,DLTLLY,2017-04-02,https://www.youtube.com/watch?v=NVjXIXIWAfw,27491,NVjXIXIWAfw,Tapefabrik,2024-08-03T02:43:42.961-04:00
Bruf,Cemo Dafuq,,,Berlin,Accapella,2017,DUDL,2017-04-01,https://www.youtube.com/watch?v=0A7QZXW_lk8,4381,0A7QZXW_lk8,2017,2024-08-03T02:43:42.962-04:00
Robscure,Merlin,,,Berlin,Accapella,2017,DLTLLY,2017-03-26,https://www.youtube.com/watch?v=KCrOGMu5w1s,75056,KCrOGMu5w1s,Berlin,2024-08-03T02:43:42.962-04:00
Saking,TripleBeat,,,Frankfurt am Main,Accapella,2017,DUDL,2017-03-25,https://www.youtube.com/watch?v=HnBA4UuuA0c,6508,HnBA4UuuA0c,-CoSession,2024-08-03T02:43:42.962-04:00
Tommy2Late,Hörsturz,,,Berlin,Accapella,2017,DLTLLY,2017-03-23,https://www.youtube.com/watch?v=zg1Qx-YlyWg,19120,zg1Qx-YlyWg,Berlin,2024-08-03T02:43:42.962-04:00
Porno Pete,Schenck OH,,,Frankfurt am Main,Accapella,2017,DUDL,2017-03-22,https://www.youtube.com/watch?v=GWNnMIu8hOM,2576,GWNnMIu8hOM,-CoSession,2024-08-03T02:43:42.962-04:00
Ciro,MC Geuner,,,Frankfurt am Main,Accapella,2017,DUDL,2017-03-20,https://www.youtube.com/watch?v=TxNJSk9ZCu8,18168,TxNJSk9ZCu8,-CoSession,2024-08-03T02:43:42.962-04:00
Rino Mandingo,Cris Kotzen,,,Berlin,Accapella,2017,DLTLLY,2017-03-19,https://www.youtube.com/watch?v=glYXcKNGuiM,178020,glYXcKNGuiM,Berlin,2024-08-03T02:43:42.962-04:00
Sizyphos,Akanoo,,,Berlin,Accapella,2017,DLTLLY,2017-03-16,https://www.youtube.com/watch?v=1WexX61mYaM,27352,1WexX61mYaM,Berlin,2024-08-03T02:43:42.962-04:00
Robscure,Mars B.,,,Kassel,Accapella,2017,DLTLLY,2017-03-12,https://www.youtube.com/watch?v=trVhEKQgMQg,97836,trVhEKQgMQg,Kassel,2024-08-03T02:43:42.962-04:00
FINCH,DAVIE JONES,,,,Accapella,2017,RAM,2017-03-10,https://www.youtube.com/watch?v=lGiH2B3GMAg,1229240,lGiH2B3GMAg,BMCL,2024-08-03T02:43:42.963-04:00
Lamin,Papa TR,,,Kassel,Accapella,2017,DLTLLY,2017-03-09,https://www.youtube.com/watch?v=UIWWhFIao_M,19353,UIWWhFIao_M,Kassel,2024-08-03T02:43:42.963-04:00
IZL,Ilhan,,,Berlin,Accapella,2017,DUDL,2017-03-08,https://www.youtube.com/watch?v=_v8Zq2cLFpM,4510,_v8Zq2cLFpM,2017,2024-08-03T02:43:42.963-04:00
Shizu,T-Tekk,,,Berlin,Accapella,2017,DUDL,2017-03-06,https://www.youtube.com/watch?v=tHM2qQC7Fnw,3722,tHM2qQC7Fnw,2017,2024-08-03T02:43:42.963-04:00
MC Maik,Bauda,,,Kassel,Accapella,2017,DLTLLY,2017-03-05,https://www.youtube.com/watch?v=6kVFEwuJuxQ,28699,6kVFEwuJuxQ,Kassel,2024-08-03T02:43:42.963-04:00
MSK,Mikesh,,,Berlin,Accapella,2017,DUDL,2017-03-04,https://www.youtube.com/watch?v=7MW5bobkjyc,21389,7MW5bobkjyc,2017,2024-08-03T02:43:42.963-04:00
Olio,CPE,,,Kassel,Accapella,2017,DLTLLY,2017-03-02,https://www.youtube.com/watch?v=m0tjUv3Hzr8,25422,m0tjUv3Hzr8,Kassel,2024-08-03T02:43:42.963-04:00
Shadow,OE,,,Berlin,Accapella,2017,DUDL,2017-03-01,https://www.youtube.com/watch?v=Rvbod2n6hPA,4907,Rvbod2n6hPA,2017,2024-08-03T02:43:42.963-04:00
VT,ShaoLum,,,Kassel,Accapella,2017,DLTLLY,2017-02-26,https://www.youtube.com/watch?v=3wnRMQSaho4,53710,3wnRMQSaho4,Kassel,2024-08-03T02:43:42.963-04:00
Crocodile Andi,Teach,,,Kassel,Accapella,2017,DLTLLY,2017-02-23,https://www.youtube.com/watch?v=Win4Mw0ryao,14732,Win4Mw0ryao,Kassel,2024-08-03T02:43:42.963-04:00
Davie Jones,Clepto,,,Leipzig,Accapella,2016,DLTLLY,2017-02-19,https://www.youtube.com/watch?v=-bkqaYNfedw,118938,-bkqaYNfedw,Leipzig,2024-08-03T02:43:42.964-04:00
Paperbite,D-OS,,,Kassel,Accapella,2017,DLTLLY,2017-02-16,https://www.youtube.com/watch?v=ruz4CLYrGJo,14021,ruz4CLYrGJo,NewcomerBattle Kassel,2024-08-03T02:43:42.964-04:00
Nedal Nib,Brian Damage,,,,Accapella,2017,DLTLLY,2017-02-12,https://www.youtube.com/watch?v=oBtWEmAeVio,255475,oBtWEmAeVio,🏆 TITLE-MATCH 🏆,2024-08-03T02:43:42.964-04:00
Natif,King Lil&#39;C,,,Berlin,Accapella,2017,DUDL,2017-02-11,https://www.youtube.com/watch?v=YSqxRl0Hu5E,4246,YSqxRl0Hu5E,2017,2024-08-03T02:43:42.964-04:00
BUDDI,VYRUS,,,,Accapella,2017,RAM,2017-02-10,https://www.youtube.com/watch?v=XyOCDNYrtDw,72943,XyOCDNYrtDw,BMCL,2024-08-03T02:43:42.964-04:00
BalavaBaba,Noone,,,Berlin,Accapella,2017,DUDL,2017-02-08,https://www.youtube.com/watch?v=kWANHYPCLcg,5993,kWANHYPCLcg,2017,2024-08-03T02:43:42.964-04:00
Andres,Jozef104,,,Berlin,Accapella,2017,DUDL,2017-02-06,https://www.youtube.com/watch?v=fB08F5-eki4,4821,fB08F5-eki4,2017,2024-08-03T02:43:42.964-04:00
Doktor Dave,Mave,,,Leipzig,Accapella,2016,DLTLLY,2017-02-05,https://www.youtube.com/watch?v=tdAsouzcgpU,53001,tdAsouzcgpU,Leipzig,2024-08-03T02:43:42.964-04:00
Papi Schlauch,Lyrico,DISSember 1,,Berlin,Accapella,2016,DLTLLY,2017-01-29,https://www.youtube.com/watch?v=QUo9YKuQu4c,166494,QUo9YKuQu4c,Dissember,2024-08-03T02:43:42.964-04:00
Louis Beton,Sizyphos,,,Leipzig,Accapella,2016,DLTLLY,2017-01-22,https://www.youtube.com/watch?v=54zZPo3m_Nc,22040,54zZPo3m_Nc,Leipzig,2024-08-03T02:43:42.964-04:00
Stock,Reinicken + Bossom,,,Leipzig,Accapella,2016,DLTLLY,2017-01-19,https://www.youtube.com/watch?v=7RBrghmeR9w,15433,7RBrghmeR9w,Leipzig,2024-08-03T02:43:42.965-04:00
Raptor Warhurst,Unanymous,DISSember 1,,Berlin,Accapella,2016,DLTLLY,2017-01-15,https://www.youtube.com/watch?v=_mMlNI6W100,31998,_mMlNI6W100,Dissember,2024-08-03T02:43:42.965-04:00
GUGO,INDOOR STAN,,,,Accapella,2017,RAM,2017-01-13,https://www.youtube.com/watch?v=PCZVblvzB8Q,65237,PCZVblvzB8Q,BMCL,2024-08-03T02:43:42.965-04:00
T-Way,JerMc,DISSember 1,,Berlin,Accapella,2016,DLTLLY,2017-01-08,https://www.youtube.com/watch?v=blKeiA-2lTU,57308,blKeiA-2lTU,Dissember,2024-08-03T02:43:42.965-04:00
Karma,Henrey,DISSember 1,,Berlin,Accapella,2016,DLTLLY,2017-01-01,https://www.youtube.com/watch?v=2tK6qwRvHxQ,27023,2tK6qwRvHxQ,Dissember,2024-08-03T02:43:42.965-04:00
Mäneken,D.E.Z,,,Berlin,Accapella,2016,DUDL,2016-12-31,https://www.youtube.com/watch?v=mxkdhn9Gdow,3393,mxkdhn9Gdow,IDNR-CoEvent,2024-08-03T02:43:42.966-04:00
Halk Hoden,Ka-Oz,,,Berlin,Accapella,2016,DUDL,2016-12-28,https://www.youtube.com/watch?v=-c4Mtrcz4Sk,4276,-c4Mtrcz4Sk,IDNR-CoEvent,2024-08-03T02:43:42.966-04:00
Blvck Light,Kol&#39;ja,,,Berlin,Accapella,2016,DUDL,2016-12-26,https://www.youtube.com/watch?v=D5CrbkP-Sh0,3562,D5CrbkP-Sh0,IDNR-CoEvent,2024-08-03T02:43:42.966-04:00
Tobi High & Max Stoned,CPE & Ekhead,,,,Accapella,2016,DLTLLY,2016-12-25,https://www.youtube.com/watch?v=cgqFWTRRsW8,41549,cgqFWTRRsW8,Stuttgart,2024-08-03T02:43:42.966-04:00
Yarambo,N'antinein,,,,Accapella,2016,DLTLLY,2016-12-18,https://www.youtube.com/watch?v=64Jp732JVUQ,106827,64Jp732JVUQ,Stuttgart,2024-08-03T02:43:42.966-04:00
Akanoo,Mr. Whyte,,,,Accapella,2016,DLTLLY,2016-12-16,https://www.youtube.com/watch?v=8OFDEaCCRgk,12980,8OFDEaCCRgk,3x in die Fresse,2024-08-03T02:43:42.966-04:00
4TUNE,FRESH POLAKKE,,,,Accapella,2016,RAM,2016-12-16,https://www.youtube.com/watch?v=VpmYqFARLMg,277224,VpmYqFARLMg,BMCL,2024-08-03T02:43:42.967-04:00
Change19,BX,,,,Accapella,2016,DLTLLY,2016-12-11,https://www.youtube.com/watch?v=ws5uTV9os-U,22420,ws5uTV9os-U,Stuttgart,2024-08-03T02:43:42.967-04:00
Gixtah,Street,,,,Accapella,2016,DLTLLY,2016-12-09,https://www.youtube.com/watch?v=wQUrPiTwWLo,13388,wQUrPiTwWLo,NewcomerBattle 3x in die Fresse,2024-08-03T02:43:42.967-04:00
Barracuda,Schalle,,,,Accapella,2016,DLTLLY,2016-12-08,https://www.youtube.com/watch?v=MvgtRJiCETQ,17594,MvgtRJiCETQ,Stuttgart,2024-08-03T02:43:42.967-04:00
Lyrico,Gregpipe,,,,Accapella,2016,DLTLLY,2016-12-04,https://www.youtube.com/watch?v=gNJ_BBj6YYY,343845,gNJ_BBj6YYY,BDay #3,2024-08-03T02:43:42.967-04:00
Nicht Dein Typ,Tommy2Late,,,,Accapella,2016,DLTLLY,2016-12-01,https://www.youtube.com/watch?v=8VzakpMLEx4,16844,8VzakpMLEx4,Stuttgart,2024-08-03T02:43:42.967-04:00
Vyrus,Four Seven,,,,Accapella,2016,DLTLLY,2016-11-27,https://www.youtube.com/watch?v=GzZApeO4vT4,130084,GzZApeO4vT4,Stuttgart,2024-08-03T02:43:42.967-04:00
Dawson,Solay,,,,Accapella,2016,DLTLLY,2016-11-24,https://www.youtube.com/watch?v=mcCYKAhN4fg,9641,mcCYKAhN4fg,NewcomerBattle Day 2/2,2024-08-03T02:43:42.967-04:00
Mosaik,Sizyphos,,,Berlin,Accapella,2016,DUDL,2016-11-23,https://www.youtube.com/watch?v=zLkiwYiGf9k,7197,zLkiwYiGf9k,2016,2024-08-03T02:43:42.967-04:00
Brian Damage & Harry Crotch,Robscure & Karma,,,,Accapella,2016,DLTLLY,2016-11-20,https://www.youtube.com/watch?v=KR9itjM-1sI,64979,KR9itjM-1sI,B.Day#3,2024-08-03T02:43:42.967-04:00
ANO-NYM,Dirty GommoraH,,,,Accapella,2016,DLTLLY,2016-11-17,https://www.youtube.com/watch?v=eSAUwWXl6Jc,22011,eSAUwWXl6Jc,Day 2/2,2024-08-03T02:43:42.967-04:00
Cris Kotzen,MC Maik,,,,Accapella,2016,DLTLLY,2016-11-13,https://www.youtube.com/watch?v=sQOlZJYDIkY,192058,sQOlZJYDIkY,Day 1/2,2024-08-03T02:43:42.968-04:00
JI-ZI,JEY JEY GLÜNDERLING,,,,Accapella,2016,RAM,2016-11-11,https://www.youtube.com/watch?v=dTmyLW9tEE0,416869,dTmyLW9tEE0,BMCL,2024-08-03T02:43:42.968-04:00
Natif,Hörsturz,,,Berlin,Accapella,2016,DUDL,2016-11-11,https://www.youtube.com/watch?v=ZDP0LlcDDb4,11586,ZDP0LlcDDb4,2016,2024-08-03T02:43:42.968-04:00
Mr. Whyte,Four Seven,,,,Accapella,2016,DLTLLY,2016-11-10,https://www.youtube.com/watch?v=LWaz2xpCbQM,19777,LWaz2xpCbQM,NewcomerBattle Day 2/2,2024-08-03T02:43:42.968-04:00
Sanja Alexis,Triple Beat,,,Berlin,Accapella,2016,DUDL,2016-11-09,https://www.youtube.com/watch?v=r_dMQ3e7tFE,4680,r_dMQ3e7tFE,2016,2024-08-03T02:43:42.968-04:00
Ilhan,Jay Pie,,,Berlin,Accapella,2016,DUDL,2016-11-07,https://www.youtube.com/watch?v=MFjaftO_xyM,7522,MFjaftO_xyM,2016,2024-08-03T02:43:42.968-04:00
Davie Jones,Mars B.,,,,Accapella,2016,DLTLLY,2016-11-06,https://www.youtube.com/watch?v=vwH6czsMTv4,83570,vwH6czsMTv4,B.Day#3,2024-08-03T02:43:42.968-04:00
Hansen,T-Way,,,,Accapella,2016,DLTLLY,2016-10-30,https://www.youtube.com/watch?v=tIPnTbtv-V4,38667,tIPnTbtv-V4,Day 1/2,2024-08-03T02:43:42.968-04:00
King Lil&#39; C,Drago51,,,Berlin,Accapella,2016,DUDL,2016-10-29,https://www.youtube.com/watch?v=-FngR7m7_08,5714,-FngR7m7_08,2016,2024-08-03T02:43:42.968-04:00
Joe-L,Schalle,,,,Accapella,2016,DLTLLY,2016-10-27,https://www.youtube.com/watch?v=ApT0XhylFoA,19382,ApT0XhylFoA,Day 1/2,2024-08-03T02:43:42.968-04:00
Apriori,Paperbite,,,,Accapella,2016,DUDL,2016-10-26,https://www.youtube.com/watch?v=5U2RQhxGZGI,3976,5U2RQhxGZGI,DUDL#0003 Berlin,2024-08-03T02:43:42.969-04:00
TK,T-Tekk,,,,Accapella,2016,DUDL,2016-10-24,https://www.youtube.com/watch?v=F05bbI13KsA,5497,F05bbI13KsA,DUDL#0001 Berlin,2024-08-03T02:43:42.969-04:00
Tobi High,Max Stoned,,,,Accapella,2016,DLTLLY,2016-10-23,https://www.youtube.com/watch?v=IJteo2N_UHs,31796,IJteo2N_UHs,B.Day#3,2024-08-03T02:43:42.969-04:00
ShaoLum,WandelBarZ,,,,Accapella,2016,DLTLLY,2016-10-20,https://www.youtube.com/watch?v=cXjp1UgVCWk,24618,cXjp1UgVCWk,Day 2/2,2024-08-03T02:43:42.969-04:00
Jack Dragon,Henrey,,,,Accapella,2016,DLTLLY,2016-10-20,https://www.youtube.com/watch?v=MvOwv1ioueY,24567,MvOwv1ioueY,B.Day#3,2024-08-03T02:43:42.969-04:00
S.B.G,Wolle Der Grobe,,,,Accapella,2016,DUDL,2016-10-15,https://www.youtube.com/watch?v=6jvuB2i2mCs,9733,6jvuB2i2mCs,DUDL#0002 Berlin,2024-08-03T02:43:42.969-04:00
FINCH,YARAMBO,,,,Accapella,2016,RAM,2016-10-14,https://www.youtube.com/watch?v=oJTk-fglZhA,1291291,oJTk-fglZhA,BMCL,2024-08-03T02:43:42.969-04:00
Bruf,Dirrdy D,,,,Accapella,2016,DLTLLY,2016-10-13,https://www.youtube.com/watch?v=Frg6QAYVgPA,15834,Frg6QAYVgPA,NewcomerBattle Day 2/2,2024-08-03T02:43:42.969-04:00
Aris,Popeye,,,Berlin,Accapella,2016,DUDL,2016-10-12,https://www.youtube.com/watch?v=Pz-PARaHi8I,5469,Pz-PARaHi8I,2016,2024-08-03T02:43:42.969-04:00
OstrichO,Sizyphos,,,Berlin,Accapella,2016,DUDL,2016-10-10,https://www.youtube.com/watch?v=J1aUQuxfL-Q,17504,J1aUQuxfL-Q,2016,2024-08-03T02:43:42.969-04:00
VT & Tobi Nice,Ekhead & CPE,,,,Accapella,2016,DLTLLY,2016-10-09,https://www.youtube.com/watch?v=X5D8-os0hXE,31010,X5D8-os0hXE,Day 1/2,2024-08-03T02:43:42.970-04:00
Falk & Khacoby,O.G.OhneGummi & Eric Ventura,,,,Accapella,2016,DLTLLY,2016-10-02,https://www.youtube.com/watch?v=IyDDNFH8COI,127577,IyDDNFH8COI,Day 1/2,2024-08-03T02:43:42.970-04:00
Barracuda,Olio,,,,Accapella,2016,DLTLLY,2016-09-25,https://www.youtube.com/watch?v=KgCdiNu_dIs,24362,KgCdiNu_dIs,Day 1/2,2024-08-03T02:43:42.970-04:00
Davie Jones,Doktor Dave,,,,Accapella,2016,DLTLLY,2016-09-18,https://www.youtube.com/watch?v=sF2wljyB_LE,24733,sF2wljyB_LE,The Base,2024-08-03T02:43:42.970-04:00
N'antinein,Besser,,,,Accapella,2016,DLTLLY,2016-09-11,https://www.youtube.com/watch?v=P7S-Blx2qKM,22534,P7S-Blx2qKM,The Base,2024-08-03T02:43:42.970-04:00
Atzenkalle,Main Moe,splash! 19,Splash,Ferropolis,Accapella,2016,DLTLLY,2016-09-04,https://www.youtube.com/watch?v=gu_G_N8TD4Y,86410,gu_G_N8TD4Y,Splash19,2024-08-03T02:43:42.970-04:00
Tobi Nice & Duff,Yarambo & Indoor Stan,splash! 19,Splash,Ferropolis,Accapella,2016,DLTLLY,2016-08-28,https://www.youtube.com/watch?v=Uv2oUfu6jhQ,34983,Uv2oUfu6jhQ,Splash19,2024-08-03T02:43:42.970-04:00
LYRICO,MIGHTY MO,,,,Accapella,2016,RAM,2016-08-26,https://www.youtube.com/watch?v=BHIV5gY0aLs,142214,BHIV5gY0aLs,BMCL,2024-08-03T02:43:42.970-04:00
SSYNIC,BUY SOME,,,,Accapella,2016,RAM,2016-08-26,https://www.youtube.com/watch?v=1CAK0B4s_r0,274763,1CAK0B4s_r0,BMCL,2024-08-03T02:43:42.970-04:00
Gregpipe + Mars B.,Bong Teggy + Brian Damage,splash! 19,Splash,Ferropolis,Accapella,2016,DLTLLY,2016-08-25,https://www.youtube.com/watch?v=0usuNF2yMJw,317807,0usuNF2yMJw,SPLASH #19,2024-08-03T02:43:42.970-04:00
FRESH POLAKKE,NOTYZZE,,,,Accapella,2016,RAM,2016-08-14,https://www.youtube.com/watch?v=wZfY-YVAcjI,174845,wZfY-YVAcjI,BMCL,2024-08-03T02:43:42.971-04:00
Schote & BDad,Buddi & Fabiga,splash! 19,Splash,Ferropolis,Accapella,2016,DLTLLY,2016-08-14,https://www.youtube.com/watch?v=AP4x9u89IPI,24508,AP4x9u89IPI,Splash19,2024-08-03T02:43:42.971-04:00
Cris Kotzen,Fab,,,,Accapella,2016,DLTLLY,2016-08-07,https://www.youtube.com/watch?v=eU-1x_dFcz4,70287,eU-1x_dFcz4,Fete de la HipHop,2024-08-03T02:43:42.971-04:00
NEDAL NIB,RV,,,,Accapella,2016,RAM,2016-08-05,https://www.youtube.com/watch?v=ymdiTG9zsNg,82914,ymdiTG9zsNg,BMCL,2024-08-03T02:43:42.971-04:00
Robscure,Davie Jones,,,,Accapella,2016,DLTLLY,2016-08-01,https://www.youtube.com/watch?v=aTSfJUKP2jk,111646,aTSfJUKP2jk,Wien,2024-08-03T02:43:42.971-04:00
Seby Tone,Karma,,,,Accapella,2016,DLTLLY,2016-07-24,https://www.youtube.com/watch?v=wUz34i4vAdQ,24465,wUz34i4vAdQ,Wien,2024-08-03T02:43:42.971-04:00
Battleboi Basti,Doktor Dave,,,,Accapella,2016,DLTLLY,2016-07-17,https://www.youtube.com/watch?v=jbIyI7bq-3w,229533,jbIyI7bq-3w,MAYhem,2024-08-03T02:43:42.971-04:00
Lyrico,Hansen,,,,Accapella,2016,DLTLLY,2016-07-10,https://www.youtube.com/watch?v=wxPLJE83D6A,107250,wxPLJE83D6A,MAYhem,2024-08-03T02:43:42.971-04:00
Jack Dragon,JerMc,,,,Accapella,2016,DLTLLY,2016-07-07,https://www.youtube.com/watch?v=Tb6dmZPRnSA,42823,Tb6dmZPRnSA,Wien,2024-08-03T02:43:42.971-04:00
Bong Teggy & Papi Schlauch,Onkel Oktomusch & Die Zwetschke,,,,Accapella,2016,DLTLLY,2016-07-03,https://www.youtube.com/watch?v=4xfAs26Cee4,418034,4xfAs26Cee4,MAYhem,2024-08-03T02:43:42.972-04:00
FellowSoph,Ekhead,,,,Accapella,2016,DLTLLY,2016-06-30,https://www.youtube.com/watch?v=9poWpKcnfyY,14166,9poWpKcnfyY,Wien,2024-08-03T02:43:42.972-04:00
Barbee n' Flow,Spello & Al Pone,,,,Accapella,2016,DLTLLY,2016-06-26,https://www.youtube.com/watch?v=sqvPg3sEN0I,18415,sqvPg3sEN0I,Wien,2024-08-03T02:43:42.972-04:00
Mave & MC Maik,Tobi Nice & Duff,,,,Accapella,2016,DLTLLY,2016-06-19,https://www.youtube.com/watch?v=NoR7sZLr9MA,21955,NoR7sZLr9MA,MAYhem,2024-08-03T02:43:42.972-04:00
Cleptomatic,Yarambo,,,,Accapella,2016,DLTLLY,2016-06-12,https://www.youtube.com/watch?v=ZH_LmIdBhAE,163858,ZH_LmIdBhAE,MAYhem,2024-08-03T02:43:42.972-04:00
GUGO,FINCH,,,,Accapella,2016,RAM,2016-06-10,https://www.youtube.com/watch?v=Vy8WHxOAHfQ,677167,Vy8WHxOAHfQ,BMCL,2024-08-03T02:43:42.972-04:00
Indoor Stan & Nikiz,N'antinein & BX,,,,Accapella,2016,DLTLLY,2016-06-05,https://www.youtube.com/watch?v=lQFIXdpBY5g,27862,lQFIXdpBY5g,MAYhem,2024-08-03T02:43:42.972-04:00
BDad,N'antinein,,,,Accapella,2016,DLTLLY,2016-05-29,https://www.youtube.com/watch?v=A6JXhwYcMQ8,29586,A6JXhwYcMQ8,DailyRapJam,2024-08-03T02:43:42.972-04:00
YARAMBO,BARRACUDA,,,,Accapella,2016,RAM,2016-05-27,https://www.youtube.com/watch?v=o8IWqT1Y95A,83762,o8IWqT1Y95A,BMCL,2024-08-03T02:43:42.972-04:00
Change19,Akanoo,,,,Accapella,2016,DLTLLY,2016-05-26,https://www.youtube.com/watch?v=Kg4y3iJBiGE,11024,Kg4y3iJBiGE,DailyRapJam,2024-08-03T02:43:42.972-04:00
T-Way,Mars B.,,,Kassel,Accapella,2016,DLTLLY,2016-05-22,https://www.youtube.com/watch?v=HhEXUrhCaok,46306,HhEXUrhCaok,Kassel,2024-08-03T02:43:42.973-04:00
Mavgic,Joe-L,,,Kassel,Accapella,2016,DLTLLY,2016-05-19,https://www.youtube.com/watch?v=4KvkXpIrMIA,80351,4KvkXpIrMIA,NewcomerBattle Kassel,2024-08-03T02:43:42.973-04:00
Eric Ventura & O.G. Ohne Gummi,Tobi High & Max Stoned,,,Kassel,Accapella,2016,DLTLLY,2016-05-15,https://www.youtube.com/watch?v=BwTd5Bwn7NE,23599,BwTd5Bwn7NE,Kassel,2024-08-03T02:43:42.973-04:00
Aladin,Khan G.,,,Kassel,Accapella,2016,DLTLLY,2016-05-12,https://www.youtube.com/watch?v=8BKS4n-WTlQ,14028,8BKS4n-WTlQ,Kassel,2024-08-03T02:43:42.973-04:00
Olio,VT,,,Kassel,Accapella,2016,DLTLLY,2016-05-12,https://www.youtube.com/watch?v=qIrNbzKyR6k,16968,qIrNbzKyR6k,Kassel,2024-08-03T02:43:42.973-04:00
Yarambo,Fabiga,,,Düsseldorf,Accapella,2016,DLTLLY,2016-05-08,https://www.youtube.com/watch?v=hl3iYzTbStQ,91971,hl3iYzTbStQ,Düsseldorf,2024-08-03T02:43:42.973-04:00
Akzent,Peat Pandora,,,Düsseldorf,Accapella,2016,DLTLLY,2016-05-03,https://www.youtube.com/watch?v=Dri82KcuNI4,11233,Dri82KcuNI4,Düsseldorf,2024-08-03T02:43:42.973-04:00
Wandelbarz,Cris Kotzen,,Alter Weinkeller,Dortmund,Accapella,2016,DLTLLY,2016-05-01,https://www.youtube.com/watch?v=le6XdSmVEIY,80416,le6XdSmVEIY,Dortmund,2024-08-03T02:43:42.973-04:00
Proton,Notyzze,,,Düsseldorf,Accapella,2016,DLTLLY,2016-05-01,https://www.youtube.com/watch?v=1nEKKoj1xXU,65464,1nEKKoj1xXU,Düsseldorf,2024-08-03T02:43:42.973-04:00
NOTYZZE,BUY SOME,,,,Accapella,2016,RAM,2016-04-29,https://www.youtube.com/watch?v=QrftoDX65MQ,119883,QrftoDX65MQ,BMCL,2024-08-03T02:43:42.973-04:00
Zeptah,Neit,,Alter Weinkeller,Dortmund,Accapella,2016,DLTLLY,2016-04-26,https://www.youtube.com/watch?v=m3vfESZ8AKQ,13240,m3vfESZ8AKQ,Dortmund,2024-08-03T02:43:42.974-04:00
Robscure,BX,,,Kassel,Accapella,2016,DLTLLY,2016-04-24,https://www.youtube.com/watch?v=0frBoMjSUZU,28242,0frBoMjSUZU,Kassel,2024-08-03T02:43:42.974-04:00
Falk & Khacoby,Ekhead & CPE,,,Düsseldorf,Accapella,2016,DLTLLY,2016-04-21,https://www.youtube.com/watch?v=0s7gLvY71tQ,67783,0s7gLvY71tQ,Düsseldorf,2024-08-03T02:43:42.974-04:00
Nedal Nib,Bong Teggy,,,Berlin,Accapella,2016,DLTLLY,2016-04-17,https://www.youtube.com/watch?v=nMI2m-Miyts,269839,nMI2m-Miyts,Berlin,2024-08-03T02:43:42.974-04:00
VYRUS,ALI AFFRONT,,,,Accapella,2016,RAM,2016-04-15,https://www.youtube.com/watch?v=qr9ModA-fjA,75268,qr9ModA-fjA,BMCL,2024-08-03T02:43:42.974-04:00
Bauda,Henrey,,,Düsseldorf,Accapella,2016,DLTLLY,2016-04-14,https://www.youtube.com/watch?v=R8HbJGoyhqw,22772,R8HbJGoyhqw,Düsseldorf,2024-08-03T02:43:42.974-04:00
Indoor Stan,Robscure,,,Berlin,Accapella,2016,DLTLLY,2016-04-12,https://www.youtube.com/watch?v=b1DojOrzF4M,44585,b1DojOrzF4M,Berlin,2024-08-03T02:43:42.974-04:00
Harlem T,MC Intifada,,Alter Weinkeller,Dortmund,Accapella,2016,DLTLLY,2016-04-12,https://www.youtube.com/watch?v=qoPBN9EsKBk,12691,qoPBN9EsKBk,FreestyleBattle Dortmund,2024-08-03T02:43:42.974-04:00
DirtySanchez,Karma,,,Berlin,Accapella,2016,DLTLLY,2016-04-07,https://www.youtube.com/watch?v=OYTYcxTXJok,22781,OYTYcxTXJok,Berlin,2024-08-03T02:43:42.974-04:00
Scumgod,Der Schwede,,,Berlin,Accapella,2016,DLTLLY,2016-04-05,https://www.youtube.com/watch?v=kOj2TLK1mPM,16219,kOj2TLK1mPM,Berlin,2024-08-03T02:43:42.974-04:00
Muro,Marc Zufall,,,Düsseldorf,Accapella,2016,DLTLLY,2016-04-03,https://www.youtube.com/watch?v=dW94881DddE,24934,dW94881DddE,Düsseldorf,2024-08-03T02:43:42.975-04:00
Saking,Black Snowman,,,,Accapella,2016,DLTLLY,2016-03-29,https://www.youtube.com/watch?v=9T7a78JZM5A,18479,9T7a78JZM5A,NewcomerBattle FFM,2024-08-03T02:43:42.975-04:00
Nikiz,Cleptomatic,,,Berlin,Accapella,2016,DLTLLY,2016-03-27,https://www.youtube.com/watch?v=74tp1mwwcf0,64189,74tp1mwwcf0,Berlin,2024-08-03T02:43:42.975-04:00
LYRICO,TOBI NICE,,,,Accapella,2016,RAM,2016-03-25,https://www.youtube.com/watch?v=hI4-2PPQRWo,77031,hI4-2PPQRWo,BMCL,2024-08-03T02:43:42.975-04:00
Mars B.,Jack Dragon,,,,Accapella,2016,DLTLLY,2016-03-20,https://www.youtube.com/watch?v=tNYcKfDpacg,24920,tNYcKfDpacg,Privat,2024-08-03T02:43:42.975-04:00
Schalle,Aladin,,,Frankfurt am Main,Accapella,2016,DLTLLY,2016-03-17,https://www.youtube.com/watch?v=PQKWPvQXOwE,12384,PQKWPvQXOwE,FFM,2024-08-03T02:43:42.975-04:00
MfGen,Ciro,,,,Accapella,2016,DLTLLY,2016-03-15,https://www.youtube.com/watch?v=XNHOH7JhBxQ,10720,XNHOH7JhBxQ,NewcomerBattle FFM,2024-08-03T02:43:42.975-04:00
DUFF,LE NERD,,,,Accapella,2016,RAM,2016-03-13,https://www.youtube.com/watch?v=ILHRGfFmwEU,50311,ILHRGfFmwEU,BMCL,2024-08-03T02:43:42.975-04:00
GUGO,YARAMBO,,,,Accapella,2016,RAM,2016-03-11,https://www.youtube.com/watch?v=F6kCIK5lQG0,114505,F6kCIK5lQG0,BMCL,2024-08-03T02:43:42.975-04:00
D-OS,Banal,,,,Accapella,2016,DLTLLY,2016-03-10,https://www.youtube.com/watch?v=kIrzaRvdVC4,8330,kIrzaRvdVC4,NewcomerBattle FFM,2024-08-03T02:43:42.975-04:00
BX,Patrick Enemy,,,Frankfurt am Main,Accapella,2016,DLTLLY,2016-03-08,https://www.youtube.com/watch?v=aTefZYUtprA,45208,aTefZYUtprA,FFM,2024-08-03T02:43:42.976-04:00
Tobi High & Max Stoned,Lockenkopf & Tschappy,,,Frankfurt am Main,Accapella,2016,DLTLLY,2016-03-06,https://www.youtube.com/watch?v=3gLHKfqk6yo,18703,3gLHKfqk6yo,FFM,2024-08-03T02:43:42.976-04:00
N'antinein,Dopex,,,Frankfurt am Main,Accapella,2016,DLTLLY,2016-03-06,https://www.youtube.com/watch?v=TvtQj3KDygg,15377,TvtQj3KDygg,FFM,2024-08-03T02:43:42.976-04:00
Johnny Rakete,Kex Kuhl,,,,Accapella,2016,DLTLLY,2016-02-28,https://www.youtube.com/watch?v=6mK2r5H3KxU,88083,6mK2r5H3KxU,ComplimentsBattle,2024-08-03T02:43:42.976-04:00
Karma,Akanoo,,,,Accapella,2016,DLTLLY,2016-02-21,https://www.youtube.com/watch?v=JazaORAoQrk,14471,JazaORAoQrk,could not identify event,2024-08-03T02:43:42.977-04:00
Indoor Stan,Yarambo,,,,Accapella,2015,DLTLLY,2016-02-14,https://www.youtube.com/watch?v=jagzt8m2Hf8,120421,jagzt8m2Hf8,Bochum,2024-08-03T02:43:42.977-04:00
MC MAIK,FRESH POLAKKE,,,,Accapella,2016,RAM,2016-02-12,https://www.youtube.com/watch?v=aPd7CtuL-m0,261595,aPd7CtuL-m0,BMCL,2024-08-03T02:43:42.977-04:00
FALK,FraX One,,,,Accapella,2015,DLTLLY,2016-02-04,https://www.youtube.com/watch?v=osXtwVnSD7E,25697,osXtwVnSD7E,Bochum,2024-08-03T02:43:42.977-04:00
BUY SOME,GEORGE MIDAS,,,,Accapella,2016,RAM,2016-02-01,https://www.youtube.com/watch?v=HBKjc7iMiu8,68865,HBKjc7iMiu8,BMCL,2024-08-03T02:43:42.977-04:00
Notyzze,Buddi,,,,Accapella,2015,DLTLLY,2016-01-31,https://www.youtube.com/watch?v=etdezVWG0_Y,30859,etdezVWG0_Y,Bochum,2024-08-03T02:43:42.977-04:00
Collapz & CPE,Aresst & D.ZUM.A,,,,Accapella,2015,DLTLLY,2016-01-28,https://www.youtube.com/watch?v=RdRLoOQj0gE,22127,RdRLoOQj0gE,NewcomerBattle Bochum,2024-08-03T02:43:42.977-04:00
Fabiga,Bauda,,,,Accapella,2015,DLTLLY,2016-01-24,https://www.youtube.com/watch?v=DfxmpTNvkyg,18364,DfxmpTNvkyg,Bochum,2024-08-03T02:43:42.977-04:00
Jack Dragon,Smoke Tüü,,,,Accapella,2015,DLTLLY,2016-01-17,https://www.youtube.com/watch?v=aUdGRgaSejE,17700,aUdGRgaSejE,Stuttgart,2024-08-03T02:43:42.977-04:00
SSYNIC,BONG TEGGY - REMATCH,,,,Accapella,2016,RAM,2016-01-15,https://www.youtube.com/watch?v=z0FlpflmILU,2453188,z0FlpflmILU,BMCL,2024-08-03T02:43:42.978-04:00
Dezzad,N'Antinein,,,,Accapella,2015,DLTLLY,2016-01-14,https://www.youtube.com/watch?v=0R6CgGZz5Ek,13073,0R6CgGZz5Ek,Stuttgart,2024-08-03T02:43:42.978-04:00
Bong Teggy,Brian Damage,,,München,Accapella,2016,DLTLLY,2016-01-10,https://www.youtube.com/watch?v=MGNDNQIOwwA,851168,MGNDNQIOwwA,Bad Bars  München,2024-08-03T02:43:42.978-04:00
Battleboi Basti & Dee Ho,Onkel Oktomusch & Die Zwetschke,,,,Accapella,2016,DLTLLY,2016-01-03,https://www.youtube.com/watch?v=I_lk5irw2Jc,416313,I_lk5irw2Jc,BDAY #3,2024-08-03T02:43:42.978-04:00
Nedal Nib,Mars B.,,,,Accapella,2015,DLTLLY,2015-12-27,https://www.youtube.com/watch?v=cCMR6HUQqUU,135342,cCMR6HUQqUU,B.day #2,2024-08-03T02:43:42.978-04:00
LYRICO,DAVIE JONES,,,,Accapella,2015,RAM,2015-12-25,https://www.youtube.com/watch?v=EepN4HuvLlA,98562,EepN4HuvLlA,BMCL,2024-08-03T02:43:42.978-04:00
Ali Affront,Seby Tone,,,,Accapella,2015,DLTLLY,2015-12-20,https://www.youtube.com/watch?v=us8MU7ZmmKI,26942,us8MU7ZmmKI,B.Day#2,2024-08-03T02:43:42.978-04:00
Change19 & Henrey,Tobi High & Max Stoned,,,,Accapella,2015,DLTLLY,2015-12-13,https://www.youtube.com/watch?v=hU7Q5aWUWuU,28154,hU7Q5aWUWuU,B.Day#2,2024-08-03T02:43:42.978-04:00
RV,TOBI NICE,,,,Accapella,2015,RAM,2015-12-11,https://www.youtube.com/watch?v=yqwOk88aRsI,50545,yqwOk88aRsI,BMCL,2024-08-03T02:43:42.978-04:00
Karma,Robscure,,,,Accapella,2015,DLTLLY,2015-12-06,https://www.youtube.com/watch?v=4yqAT8hW_-g,26346,4yqAT8hW_-g,B.Day#2,2024-08-03T02:43:42.978-04:00
AMAH,MCTWIST,,,,Accapella,2015,RAM,2015-11-28,https://www.youtube.com/watch?v=8gUddeSaqLU,70490,8gUddeSaqLU,BMCL,2024-08-03T02:43:42.979-04:00
Hansen,George Midas,,,Berlin,Accapella,2015,DLTLLY,2015-11-15,https://www.youtube.com/watch?v=G-T1yEG9Wc4,36620,G-T1yEG9Wc4,Berlin,2024-08-03T02:43:42.979-04:00
MIKZ,MC MAIK,,,,Accapella,2015,RAM,2015-11-13,https://www.youtube.com/watch?v=P1kYQfUxr4o,58091,P1kYQfUxr4o,BMCL,2024-08-03T02:43:42.979-04:00
Fab,Cemo,,,,Accapella,2015,DLTLLY,2015-11-12,https://www.youtube.com/watch?v=nVeWgyMQjtE,19370,nVeWgyMQjtE,NewcomerBattle DAYtime Event,2024-08-03T02:43:42.979-04:00
Dezzad,Schnaxler,,,,Accapella,2015,DLTLLY,2015-11-05,https://www.youtube.com/watch?v=Qmz-Tfcex_U,12980,Qmz-Tfcex_U,DAYtime Event,2024-08-03T02:43:42.979-04:00
Le Nerd,Tobi Nice,,,Berlin,Accapella,2015,DLTLLY,2015-11-01,https://www.youtube.com/watch?v=LA7Z4-6d83s,49106,LA7Z4-6d83s,Berlin,2024-08-03T02:43:42.979-04:00
BDAD,MERLIN,,,,Accapella,2015,RAM,2015-10-30,https://www.youtube.com/watch?v=t6Xp0bvI0og,58236,t6Xp0bvI0og,BMCL,2024-08-03T02:43:42.979-04:00
Pedro,Jean-Gough Frais,,,Berlin,Accapella,2015,DLTLLY,2015-10-25,https://www.youtube.com/watch?v=G5tqGvFuKpg,16980,G5tqGvFuKpg,Berlin,2024-08-03T02:43:42.979-04:00
T Way,Nikiz,,,Berlin,Accapella,2015,DLTLLY,2015-10-18,https://www.youtube.com/watch?v=wBS3BPDO3Js,18333,wBS3BPDO3Js,Berlin,2024-08-03T02:43:42.979-04:00
MIGHTY P.,NEDAL NIB,,,,Accapella,2015,RAM,2015-10-16,https://www.youtube.com/watch?v=XofXZxOln1E,111299,XofXZxOln1E,BMCL,2024-08-03T02:43:42.979-04:00
Mio Mao,Buddi,,,,Accapella,2015,DLTLLY,2015-10-11,https://www.youtube.com/watch?v=DZycRn9Ll10,49553,DZycRn9Ll10,Tapefabrik,2024-08-03T02:43:42.980-04:00
Lyrico,Mars B.,,,,Accapella,2015,DLTLLY,2015-10-04,https://www.youtube.com/watch?v=edwqNrm-dAA,73273,edwqNrm-dAA,Tapefabrik,2024-08-03T02:43:42.980-04:00
Karma,Limstar,,,München,Accapella,2015,DLTLLY,2015-09-27,https://www.youtube.com/watch?v=o-hSpdTPM1U,14040,o-hSpdTPM1U,NewcomerBattle München,2024-08-03T02:43:42.980-04:00
NOTYZZE,ALI AFFRONT,,,,Accapella,2015,RAM,2015-09-25,https://www.youtube.com/watch?v=ZBmqvUsdnyg,86161,ZBmqvUsdnyg,BMCL,2024-08-03T02:43:42.980-04:00
Henrey,Change19,,,München,Accapella,2015,DLTLLY,2015-09-20,https://www.youtube.com/watch?v=2uZd-H6oiYM,29942,2uZd-H6oiYM,NewcomerBattle München,2024-08-03T02:43:42.980-04:00
Z,DAVIE JONES,,,,Accapella,2015,RAM,2015-09-11,https://www.youtube.com/watch?v=ok6N3xcfNZg,481730,ok6N3xcfNZg,BMCL,2024-08-03T02:43:42.980-04:00
Le Nerd,Davie Jones,,,Berlin,Accapella,2015,DLTLLY,2015-08-09,https://www.youtube.com/watch?v=dTGwez2RVGs,139653,dTGwez2RVGs,Berlin,2024-08-03T02:43:42.980-04:00
Lyrico,Der Fischer,,,Berlin,Accapella,2015,DLTLLY,2015-08-06,https://www.youtube.com/watch?v=e2Udzmm8L8w,92348,e2Udzmm8L8w,Berlin,2024-08-03T02:43:42.980-04:00
JOLLYJAY,MR TONGUE TWISTER,,,,Accapella,2015,DON'T FLOP,2015-08-05,https://www.youtube.com/watch?v=u0sKIr74qNM,31102,u0sKIr74qNM,Dont Flop,2024-08-03T02:43:42.980-04:00
Mighty Mo & Nedal Nib,Duff,splash! 18,Splash,Ferropolis,Accapella,2015,DLTLLY,2015-08-02,https://www.youtube.com/watch?v=8f534bjTdPQ,52988,8f534bjTdPQ,Splash 18,2024-08-03T02:43:42.980-04:00
Gregpipe + Basic,Battleboi Basti + Besser,,,Berlin,Accapella,2015,DLTLLY,2015-07-26,https://www.youtube.com/watch?v=1hxM1bSTeBQ,316106,1hxM1bSTeBQ,Berlin,2024-08-03T02:43:42.980-04:00
Mars B.,Mirror,,,Berlin,Accapella,2015,DLTLLY,2015-07-19,https://www.youtube.com/watch?v=gR8kjMySBP4,26475,gR8kjMySBP4,Berlin,2024-08-03T02:43:42.981-04:00
Tis L,T-Way,,,Berlin,Accapella,2015,DLTLLY,2015-07-16,https://www.youtube.com/watch?v=F44bnk1YOCU,28300,F44bnk1YOCU,Berlin,2024-08-03T02:43:42.981-04:00
MC Maik + Mave,Scumgod + DirtySanchez,,,Berlin,Accapella,2015,DLTLLY,2015-07-12,https://www.youtube.com/watch?v=UH4PdAMGnQY,31980,UH4PdAMGnQY,Berlin,2024-08-03T02:43:42.981-04:00
BMCL MEETS DLTLLY RAP BATTLE: BESSER,PROTON,,,,Accapella,2015,RAM,2015-07-10,https://www.youtube.com/watch?v=G0k2SM7LB6Q,69945,G0k2SM7LB6Q,BMCL,2024-08-03T02:43:42.981-04:00
Merlin,Bong Teggy,,,München,Accapella,2015,DLTLLY,2015-07-05,https://www.youtube.com/watch?v=3f92lfia1Iw,224188,3f92lfia1Iw,München,2024-08-03T02:43:42.981-04:00
Jack Dragon,Demolux,,,München,Accapella,2015,DLTLLY,2015-06-28,https://www.youtube.com/watch?v=3M5hkitrUQY,14485,3M5hkitrUQY,München,2024-08-03T02:43:42.981-04:00
P-ZAK,BONG TEGGY,,,,Accapella,2015,RAM,2015-06-28,https://www.youtube.com/watch?v=uxnJ2v9nfhw,485845,uxnJ2v9nfhw,BMCL,2024-08-03T02:43:42.981-04:00
Brian Damage,Harry Crotch,,,München,Accapella,2015,DLTLLY,2015-06-21,https://www.youtube.com/watch?v=6LevyA-T6JM,149919,6LevyA-T6JM,ComplimentsBattle München,2024-08-03T02:43:42.981-04:00
GOZPEL,BATTLEBOI BASTI,,,,Accapella,2015,RAM,2015-06-12,https://www.youtube.com/watch?v=JpNxEeszyA8,934096,JpNxEeszyA8,BMCL,2024-08-03T02:43:42.981-04:00
Ali Affront,Fellowsoph,,,München,Accapella,2015,DLTLLY,2015-06-07,https://www.youtube.com/watch?v=fMLkNIgjsro,25546,fMLkNIgjsro,München,2024-08-03T02:43:42.982-04:00
PETSCHINO,MIGHTY MO,,,,Accapella,2015,RAM,2015-05-29,https://www.youtube.com/watch?v=Z56RuCO7frg,252435,Z56RuCO7frg,BMCL,2024-08-03T02:43:42.982-04:00
Brian Damage,Davie Jones,,,,Accapella,2015,DLTLLY,2015-05-24,https://www.youtube.com/watch?v=ac1sR229bak,98143,ac1sR229bak,Livin' HipHop Jam,2024-08-03T02:43:42.982-04:00
TIERSTAR,DIZASTER,,,,Accapella,2015,RAM,2015-05-15,https://www.youtube.com/watch?v=NEFFMcjJ3SQ,382919,NEFFMcjJ3SQ,powered by audio-technica,2024-08-03T02:43:42.982-04:00
Lyrico,Harry Crotch,,,,Accapella,2015,DLTLLY,2015-05-10,https://www.youtube.com/watch?v=e5huTSczyf4,29652,e5huTSczyf4,Livin' HipHop Jam,2024-08-03T02:43:42.982-04:00
Doktor Dave,George Midas (HipHop Convention),,,Berlin,Accapella,2015,DLTLLY,2015-05-07,https://www.youtube.com/watch?v=w6zCM9KpVBQ,15126,w6zCM9KpVBQ,Berlin,2024-08-03T02:43:42.982-04:00
Tis L,Bauda,,,Berlin,Accapella,2015,DLTLLY,2015-04-29,https://www.youtube.com/watch?v=tWUiuZc5p3Y,18596,tWUiuZc5p3Y,Berlin,2024-08-03T02:43:42.982-04:00
Nikiz,Le Nerd,,,Berlin,Accapella,2015,DLTLLY,2015-04-26,https://www.youtube.com/watch?v=-w9IPyHjXZo,47552,-w9IPyHjXZo,Berlin,2024-08-03T02:43:42.982-04:00
SSYNIC,CASHISCLAY,,,,Accapella,2015,RAM,2015-04-24,https://www.youtube.com/watch?v=PgFKjYcDtLs,1457053,PgFKjYcDtLs,BMCL,2024-08-03T02:43:42.982-04:00
Scumgod + DirtySanchez,Tschappy + Doktor Dave,,,Berlin,Accapella,2015,DLTLLY,2015-04-23,https://www.youtube.com/watch?v=a3YBKYlenFI,19109,a3YBKYlenFI,Berlin,2024-08-03T02:43:42.982-04:00
Mighty Mo,Hansen - REMATCH!,,,,Accapella,2015,DLTLLY,2015-04-19,https://www.youtube.com/watch?v=TADdGDpKWPs,150091,TADdGDpKWPs,Hamburg,2024-08-03T02:43:42.983-04:00
DeeLah,D.O.C.,,,,Accapella,2015,DLTLLY,2015-04-18,https://www.youtube.com/watch?v=a48W9qfgEr4,24974,a48W9qfgEr4,Hamburg,2024-08-03T02:43:42.983-04:00
Kenny Kansas,Core One,,,,Accapella,2015,DLTLLY,2015-04-18,https://www.youtube.com/watch?v=W1btY9KbOIo,15258,W1btY9KbOIo,Hamburg,2024-08-03T02:43:42.983-04:00
DOKTOR DAVE,DROB DYNAMIC,,,,Accapella,2015,RAM,2015-04-10,https://www.youtube.com/watch?v=3mIpymc2NhE,115133,3mIpymc2NhE,BMCL,2024-08-03T02:43:42.983-04:00
Onkel Oktomusch + Die Zwetschke,Mave + MC Maik,,,,Accapella,2015,DLTLLY,2015-04-05,https://www.youtube.com/watch?v=40MavNkdI0k,118256,40MavNkdI0k,Hamburg,2024-08-03T02:43:42.983-04:00
Nedal Nib,Der Fischer,,,,Accapella,2015,DLTLLY,2015-03-31,https://www.youtube.com/watch?v=neSX-I5XmyE,100706,neSX-I5XmyE,Hamburg,2024-08-03T02:43:42.983-04:00
Mac Horn + Cashus K.,PadaLash + SZD,,,,Accapella,2015,DLTLLY,2015-03-31,https://www.youtube.com/watch?v=1FO62qmqIc4,19408,1FO62qmqIc4,Hamburg,2024-08-03T02:43:42.983-04:00
MERLIN,DAVIE JONES,,,,Accapella,2015,RAM,2015-03-27,https://www.youtube.com/watch?v=6Gnzk5hivPU,98294,6Gnzk5hivPU,BMCL,2024-08-03T02:43:42.983-04:00
Aytee,Fabiga,,,,Accapella,2015,DLTLLY,2015-03-15,https://www.youtube.com/watch?v=9N2tKrPsVss,60890,9N2tKrPsVss,DAYtime Event,2024-08-03T02:43:42.983-04:00
P-ZAK,FRESH POLAKKE,,,,Accapella,2015,RAM,2015-03-13,https://www.youtube.com/watch?v=Q9zTtHXf8_Q,328590,Q9zTtHXf8_Q,BMCL,2024-08-03T02:43:42.983-04:00
Buddi,Duff,,,,Accapella,2015,DLTLLY,2015-03-08,https://www.youtube.com/watch?v=RQdqtBa7hUw,29924,RQdqtBa7hUw,DAYtime Event,2024-08-03T02:43:42.984-04:00
Proton,Heideck,,,,Accapella,2015,DLTLLY,2015-03-01,https://www.youtube.com/watch?v=E7biTSHPeBg,17482,E7biTSHPeBg,DAYtime Event,2024-08-03T02:43:42.984-04:00
BESSER,MARS B.,,,,Accapella,2015,RAM,2015-02-27,https://www.youtube.com/watch?v=Q1qDVN5ufWw,71226,Q1qDVN5ufWw,BMCL,2024-08-03T02:43:42.984-04:00
Buy Some,T-Way,,,,Accapella,2015,DLTLLY,2015-02-22,https://www.youtube.com/watch?v=nV3WY_BWZjw,37193,nV3WY_BWZjw,DAYtime Event,2024-08-03T02:43:42.984-04:00
BDAD,TOBI NICE,,,,Accapella,2015,RAM,2015-02-13,https://www.youtube.com/watch?v=I70pYTHXrH8,67594,I70pYTHXrH8,BMCL,2024-08-03T02:43:42.984-04:00
RAPSTA,FRESH POLAKKE,,,,Accapella,2015,RAM,2015-01-30,https://www.youtube.com/watch?v=NtjahY1x55w,714917,NtjahY1x55w,BMCL,2024-08-03T02:43:42.984-04:00
Juskah,BDad,,,,Accapella,2014,DLTLLY,2015-01-25,https://www.youtube.com/watch?v=gxa7WsZIoSM,22812,gxa7WsZIoSM,B.Day#1,2024-08-03T02:43:42.984-04:00
Merlin,Schote,,,,Accapella,2014,DLTLLY,2015-01-18,https://www.youtube.com/watch?v=-NpzvlH-ge4,41634,-NpzvlH-ge4,B.Day#1,2024-08-03T02:43:42.984-04:00
MC MAIK,RONI 87,,,,Accapella,2015,RAM,2015-01-16,https://www.youtube.com/watch?v=a8hVM0mGq_E,46707,a8hVM0mGq_E,BMCL,2024-08-03T02:43:42.984-04:00
George Midas,RV,,,,Accapella,2014,DLTLLY,2015-01-11,https://www.youtube.com/watch?v=6MQjesM1jh0,23117,6MQjesM1jh0,B.Day#1,2024-08-03T02:43:42.984-04:00
Bong Teggy,Papi Schlauch,,,,Accapella,2014,DLTLLY,2015-01-04,https://www.youtube.com/watch?v=U70JIQSZkNw,179602,U70JIQSZkNw,B.Day#1,2024-08-03T02:43:42.985-04:00
BONG TEGGY,MIGHTY MO,,,,Accapella,2014,RAM,2014-12-26,https://www.youtube.com/watch?v=XuuI1Uzmt3A,545852,XuuI1Uzmt3A,BMCL,2024-08-03T02:43:42.985-04:00
Buddi,Jack Dragon,,,,Accapella,2014,DLTLLY,2014-12-21,https://www.youtube.com/watch?v=a7BPokhefac,16600,a7BPokhefac,B.Day#1,2024-08-03T02:43:42.985-04:00
Rino Mandingo + Johnny Rakete,Onkel Oktomusch + Die Zwetschke,,,,Accapella,2014,DLTLLY,2014-12-14,https://www.youtube.com/watch?v=F7STdjMpxjI,96952,F7STdjMpxjI,B.Day,2024-08-03T02:43:42.985-04:00
MERLIN,SSYNIC,,,,Accapella,2014,RAM,2014-12-12,https://www.youtube.com/watch?v=cfvDlQ4_Tgo,561720,cfvDlQ4_Tgo,BMCL,2024-08-03T02:43:42.985-04:00
Doktor Dave,Nedal Nib,,,,Accapella,2014,DLTLLY,2014-12-07,https://www.youtube.com/watch?v=2C-98kSAnvA,90143,2C-98kSAnvA,B.Day#1,2024-08-03T02:43:42.985-04:00
PILLE,TOBI NICE,,,,Accapella,2014,RAM,2014-11-28,https://www.youtube.com/watch?v=dvHDvXMW0gs,65709,dvHDvXMW0gs,SPECIAL GUEST EKO FRESH,2024-08-03T02:43:42.985-04:00
BESSER,MC MAIK,,,,Accapella,2014,RAM,2014-11-14,https://www.youtube.com/watch?v=cxBjXzzu8UE,67859,cxBjXzzu8UE,BMCL,2024-08-03T02:43:42.985-04:00
Der Fischer,Harry Crotch,,,,Accapella,2014,DLTLLY,2014-11-09,https://www.youtube.com/watch?v=Y7aVsjvskZg,27451,Y7aVsjvskZg,Stuttgart,2024-08-03T02:43:42.985-04:00
BX,Crash Bundy,,,,Accapella,2014,DLTLLY,2014-11-02,https://www.youtube.com/watch?v=P7pIjWwY_GM,13831,P7pIjWwY_GM,Stuttgart,2024-08-03T02:43:42.985-04:00
Peter Pogen,Mars B.,,,,Accapella,2014,DLTLLY,2014-11-01,https://www.youtube.com/watch?v=nuB576G-0b4,43514,nuB576G-0b4,Stuttgart,2024-08-03T02:43:42.986-04:00
RV,JACK DRAGON,,,,Accapella,2014,RAM,2014-10-24,https://www.youtube.com/watch?v=1t4jYneSlMU,49664,1t4jYneSlMU,BMCL,2024-08-03T02:43:42.986-04:00
BDad,Smoke Tüü,,,,Accapella,2014,DLTLLY,2014-10-19,https://www.youtube.com/watch?v=RjFEs3w4x9k,45491,RjFEs3w4x9k,Stuttgart,2024-08-03T02:43:42.986-04:00
4TUNE,MERLIN,,,,Accapella,2014,RAM,2014-10-10,https://www.youtube.com/watch?v=FntcHYJRbJ8,271899,FntcHYJRbJ8,BMCL,2024-08-03T02:43:42.986-04:00
GREGPIPE,DAMION DAVIS,,,,Accapella,2014,RAM,2014-09-26,https://www.youtube.com/watch?v=aPZMBf0ZarU,433473,aPZMBf0ZarU,FEAT. DIZASTER,2024-08-03T02:43:42.986-04:00
JEAN GOUGH FRAIS,OGMIOS,,,,Accapella,2014,DON'T FLOP,2014-09-24,https://www.youtube.com/watch?v=xJh2enV5w5s,32925,xJh2enV5w5s,could not identify event,2024-08-03T02:43:42.986-04:00
IMPACT,MANIAC,,,,Accapella,2014,DON'T FLOP,2014-09-17,https://www.youtube.com/watch?v=vZU5vczCf3U,20579,vZU5vczCf3U,could not identify event,2024-08-03T02:43:42.986-04:00
Jack Dragon,Suza,,,,Accapella,2014,DLTLLY,2014-09-14,https://www.youtube.com/watch?v=bDEJXvF-nUI,15430,bDEJXvF-nUI,CoEvent,2024-08-03T02:43:42.986-04:00
SSYNIC,BONG TEGGY,,,,Accapella,2014,RAM,2014-09-12,https://www.youtube.com/watch?v=6iVykrPFKfg,1300166,6iVykrPFKfg,BMCL,2024-08-03T02:43:42.987-04:00
INNUENDO,JOLLYJAY,,,,Accapella,2014,DON'T FLOP,2014-09-10,https://www.youtube.com/watch?v=IHAEQ3v_qXg,29161,IHAEQ3v_qXg,could not identify event,2024-08-03T02:43:42.987-04:00
Nikiz,Luie-Die-Nadel,,,,Accapella,2014,DLTLLY,2014-09-07,https://www.youtube.com/watch?v=2_s20UfvW9E,14863,2_s20UfvW9E,CoEvent,2024-08-03T02:43:42.987-04:00
MR TONGUE TWISTER,BRIAN DAMAGE,,,,Accapella,2014,DON'T FLOP,2014-09-03,https://www.youtube.com/watch?v=LCVkClBmSK0,68880,LCVkClBmSK0,could not identify event,2024-08-03T02:43:42.987-04:00
Fatcap,Doktor Dave,,,,Accapella,2014,DLTLLY,2014-08-31,https://www.youtube.com/watch?v=5btIHEDh3Zg,41908,5btIHEDh3Zg,CoEvent,2024-08-03T02:43:42.987-04:00
MERLIN,RONI 87,,,,Accapella,2014,RAM,2014-08-29,https://www.youtube.com/watch?v=9YMIMdfVXII,84303,9YMIMdfVXII,BMCL,2024-08-03T02:43:42.987-04:00
Happy Beckmann & 4tune,Petschino & Juskah,splash! 17,Splash,Ferropolis,Accapella,2014,DLTLLY,2014-08-17,https://www.youtube.com/watch?v=gcvYmaoKYBs,329453,gcvYmaoKYBs,Splash #17,2024-08-03T02:43:42.988-04:00
Merlin,Gozpel,splash! 17,Splash,Ferropolis,Accapella,2014,DLTLLY,2014-08-10,https://www.youtube.com/watch?v=X6Etme4mfyY,140226,X6Etme4mfyY,Splash 17,2024-08-03T02:43:42.988-04:00
Mighty P,MC Maik,,,,Accapella,2014,DLTLLY,2014-08-07,https://www.youtube.com/watch?v=gGPgGMkU0vE,16669,gGPgGMkU0vE,EOW-Tour,2024-08-03T02:43:42.988-04:00
DuFF,Fresh Polakke,splash! 17,Splash,Ferropolis,Accapella,2014,DLTLLY,2014-08-02,https://www.youtube.com/watch?v=KVL-ldGpFlw,208467,KVL-ldGpFlw,Splash 17,2024-08-03T02:43:42.988-04:00
Duzoe & Dollar John,Der Fischer & Johnny Medez,,,,Accapella,2014,DLTLLY,2014-07-31,https://www.youtube.com/watch?v=0Dys8GpvON8,94833,0Dys8GpvON8,EOW-Tour,2024-08-03T02:43:42.988-04:00
Brian Damage + Philipp Quh,Mighty Mo + Nedal Nib,splash! 17,Splash,Ferropolis,Accapella,2014,DLTLLY,2014-07-26,https://www.youtube.com/watch?v=0uyM6aRubkg,123111,0uyM6aRubkg,Splash 17,2024-08-03T02:43:42.988-04:00
Pille,MisterOneTake,,,,Accapella,2014,DLTLLY,2014-07-24,https://www.youtube.com/watch?v=PK50fr4tGLE,22305,PK50fr4tGLE,EOW-Tour,2024-08-03T02:43:42.988-04:00
BDad,TWO,,,,Accapella,2014,DLTLLY,2014-07-17,https://www.youtube.com/watch?v=NjZpYHJ97HQ,18061,NjZpYHJ97HQ,EOW-Tour,2024-08-03T02:43:42.988-04:00
Proton,Koozy,,,,Accapella,2014,DLTLLY,2014-07-11,https://www.youtube.com/watch?v=4XKC8Ps7BgI,26844,4XKC8Ps7BgI,EOW-Tour,2024-08-03T02:43:42.988-04:00
Onkel Oktomusch & Die Zwetschke,DeeLah & MOH,,,,Accapella,2014,DLTLLY,2014-07-10,https://www.youtube.com/watch?v=L5Euo3LtaoI,70382,L5Euo3LtaoI,EOW-Tour,2024-08-03T02:43:42.988-04:00
Buddi,Veedel Kaztro,,,,Accapella,2014,DLTLLY,2014-06-29,https://www.youtube.com/watch?v=FJ_w_sSBM-4,28567,FJ_w_sSBM-4,EOW-Tour,2024-08-03T02:43:42.989-04:00
Mirko Fon,Kiddom,,,,Accapella,2014,DLTLLY,2014-06-26,https://www.youtube.com/watch?v=UDoGf75NbeY,9869,UDoGf75NbeY,EOW-Tour,2024-08-03T02:43:42.989-04:00
Salo,Tanguy,,,München,Accapella,2014,DLTLLY,2014-06-19,https://www.youtube.com/watch?v=xCGvPBzwfHk,15034,xCGvPBzwfHk,München,2024-08-03T02:43:42.989-04:00
Seby Tone,Manny Blanco,,,München,Accapella,2014,DLTLLY,2014-06-15,https://www.youtube.com/watch?v=a5cH4acRj8I,22949,a5cH4acRj8I,München,2024-08-03T02:43:42.989-04:00
MIGHTY MO,FRESH POLAKKE,,,,Accapella,2014,RAM,2014-06-13,https://www.youtube.com/watch?v=1G5Vmet6MPE,847004,1G5Vmet6MPE,BMCL,2024-08-03T02:43:42.989-04:00
Merlin,Trump,,,München,Accapella,2014,DLTLLY,2014-06-08,https://www.youtube.com/watch?v=cx87Qv4ZpMA,49909,cx87Qv4ZpMA,München,2024-08-03T02:43:42.989-04:00
Jack Dragon,Davie Jones,,,München,Accapella,2014,DLTLLY,2014-06-05,https://www.youtube.com/watch?v=cOl4rAK_Otc,31958,cOl4rAK_Otc,München,2024-08-03T02:43:42.989-04:00
Johnny Rakete,Philipp Quh,,,München,Accapella,2014,DLTLLY,2014-06-01,https://www.youtube.com/watch?v=rSc36pXcf1A,85946,rSc36pXcf1A,München,2024-08-03T02:43:42.989-04:00
P-ZAK,DEKZTER FRO,,,,Accapella,2014,RAM,2014-05-30,https://www.youtube.com/watch?v=2s8hiKZcZCM,91941,2s8hiKZcZCM,BMCL,2024-08-03T02:43:42.989-04:00
SSYNIC,JACK DRAGON,,,,Accapella,2014,RAM,2014-05-21,https://www.youtube.com/watch?v=qz915i6DQ2Q,546793,qz915i6DQ2Q,BMCL,2024-08-03T02:43:42.989-04:00
Nestor,Pirate,,,Berlin,Accapella,2014,DLTLLY,2014-05-11,https://www.youtube.com/watch?v=yqORBcs5UYY,11608,yqORBcs5UYY,Berlin,2024-08-03T02:43:42.990-04:00
Nikiz,Doktor Dave,,,Berlin,Accapella,2014,DLTLLY,2014-04-27,https://www.youtube.com/watch?v=u5z_5j3cXK8,38709,u5z_5j3cXK8,Berlin,2024-08-03T02:43:42.990-04:00
PILLE,GOZPEL,,,,Accapella,2014,RAM,2014-04-25,https://www.youtube.com/watch?v=lHq-Fzsr8Ac,243616,lHq-Fzsr8Ac,BMCL,2024-08-03T02:43:42.990-04:00
Micky Worthless,Jean-Gough Frais,,,,Accapella,2014,DLTLLY,2014-04-20,https://www.youtube.com/watch?v=OPLr7GGptLY,13887,OPLr7GGptLY,international,2024-08-03T02:43:42.990-04:00
George Midas,Der Fischer,,,Berlin,Accapella,2014,DLTLLY,2014-04-13,https://www.youtube.com/watch?v=YbkN0_nETaA,51689,YbkN0_nETaA,Berlin,2024-08-03T02:43:42.990-04:00
RONI 87,KEX KUHL,,,,Accapella,2014,RAM,2014-04-11,https://www.youtube.com/watch?v=x482UpQJG4Y,62761,x482UpQJG4Y,BMCL,2024-08-03T02:43:42.990-04:00
Brian Damage & Harry Crotch,Proton & Roni 87,,,Berlin,Accapella,2014,DLTLLY,2014-04-06,https://www.youtube.com/watch?v=yn7FJYKQC2Q,98177,yn7FJYKQC2Q,Berlin,2024-08-03T02:43:42.990-04:00
MERLIN,MC MIRROR,,,,Accapella,2014,RAM,2014-03-28,https://www.youtube.com/watch?v=BKIfTyJF1lI,73953,BKIfTyJF1lI,BMCL,2024-08-03T02:43:42.990-04:00
RV,MIGHTY P.,,,,Accapella,2014,RAM,2014-03-14,https://www.youtube.com/watch?v=9NjDEMuuDpU,75114,9NjDEMuuDpU,BMCL,2024-08-03T02:43:42.990-04:00
Amah,Koozy,,,München,Accapella,2014,DLTLLY,2014-03-09,https://www.youtube.com/watch?v=HUKdpTiE85w,35000,HUKdpTiE85w,München,2024-08-03T02:43:42.990-04:00
LeeWun,Trump,,,München,Accapella,2014,DLTLLY,2014-03-02,https://www.youtube.com/watch?v=q0awwVA6XtE,27456,q0awwVA6XtE,München,2024-08-03T02:43:42.991-04:00
BRIAN DAMAGE,DROB DYNAMIC,,,,Accapella,2014,RAM,2014-02-28,https://www.youtube.com/watch?v=RjwrnfiUHOg,205987,RjwrnfiUHOg,BMCL,2024-08-03T02:43:42.991-04:00
Harry Crotch,Jack Dragon,,,München,Accapella,2014,DLTLLY,2014-02-23,https://www.youtube.com/watch?v=vAwL9nL2Tws,24483,vAwL9nL2Tws,München,2024-08-03T02:43:42.991-04:00
Merlin,Mighty P,,,München,Accapella,2014,DLTLLY,2014-02-16,https://www.youtube.com/watch?v=pKPqvqAzf4Q,103376,pKPqvqAzf4Q,München,2024-08-03T02:43:42.991-04:00
KOOZY,MIGHTY MO,,,,Accapella,2014,RAM,2014-02-14,https://www.youtube.com/watch?v=D_aQnYfvCRA,150615,D_aQnYfvCRA,BMCL,2024-08-03T02:43:42.991-04:00
Johnny Rakete,Duff,,,München,Accapella,2014,DLTLLY,2014-02-09,https://www.youtube.com/watch?v=fUvelVlxcPo,104336,fUvelVlxcPo,München,2024-08-03T02:43:42.991-04:00
Hansen,Presto,,,Berlin,Accapella,2013,DLTLLY,2014-01-26,https://www.youtube.com/watch?v=YFaEYJxVZ2E,31160,YFaEYJxVZ2E,Berlin,2024-08-03T02:43:42.991-04:00
LE NERD,FRESH POLAKKE,,,,Accapella,2014,RAM,2014-01-24,https://www.youtube.com/watch?v=fJArtxDNhT4,876547,fJArtxDNhT4,BMCL,2024-08-03T02:43:42.991-04:00
Zero2012,Der Fischer,,,Berlin,Accapella,2013,DLTLLY,2014-01-19,https://www.youtube.com/watch?v=01tb9snEcZY,19665,01tb9snEcZY,Berlin,2024-08-03T02:43:42.991-04:00
Rino Mandingo,Breeze,,,Berlin,Accapella,2013,DLTLLY,2014-01-12,https://www.youtube.com/watch?v=WyB8pGBM6A8,52245,WyB8pGBM6A8,Berlin,2024-08-03T02:43:42.991-04:00
MC Mirror,Proton,,,Berlin,Accapella,2013,DLTLLY,2014-01-05,https://www.youtube.com/watch?v=jQEEjiaNiiE,23590,jQEEjiaNiiE,Berlin,2024-08-03T02:43:42.992-04:00
Mos Prob,Maniac,,,Berlin,Accapella,2013,DLTLLY,2013-12-29,https://www.youtube.com/watch?v=hY0tBCILguU,15222,hY0tBCILguU,Berlin,2024-08-03T02:43:42.992-04:00
P-ZAK,IRON BASIC,,,,Accapella,2013,RAM,2013-12-27,https://www.youtube.com/watch?v=0qAUK-MG2eg,257037,0qAUK-MG2eg,BMCL,2024-08-03T02:43:42.992-04:00
Brian Damage,Doktor Dave,,,Berlin,Accapella,2013,DLTLLY,2013-12-22,https://www.youtube.com/watch?v=XRyY1EePVF0,91219,XRyY1EePVF0,Berlin,2024-08-03T02:43:42.992-04:00
TIERSTAR,GREGPIPE,,,,Accapella,2013,RAM,2013-12-14,https://www.youtube.com/watch?v=qSQBrHXWTOY,649796,qSQBrHXWTOY,BMCL,2024-08-03T02:43:42.992-04:00
AMAH,MIGHTY P.,,,,Accapella,2013,RAM,2013-12-07,https://www.youtube.com/watch?v=pH9E5d8YsGk,73477,pH9E5d8YsGk,BMCL,2024-08-03T02:43:42.992-04:00
SEPARATE,TAKT32,,,,Accapella,2013,RAM,2013-11-15,https://www.youtube.com/watch?v=qbbibKd189w,245807,qbbibKd189w,BMCL,2024-08-03T02:43:42.992-04:00
LAAS UNLTD.,DROB DYNAMIC,,,,Accapella,2013,RAM,2013-10-25,https://www.youtube.com/watch?v=gVzPXJa4eTI,3103155,gVzPXJa4eTI,BMCL,2024-08-03T02:43:42.992-04:00
Kizu,Trump,,,Berlin,Accapella,2013,DLTLLY,2013-10-20,https://www.youtube.com/watch?v=THhMAgBOcN8,19383,THhMAgBOcN8,Berlin,2024-08-03T02:43:42.992-04:00
Doktor Dave,Jack Dragon,,,Berlin,Accapella,2013,DLTLLY,2013-10-13,https://www.youtube.com/watch?v=QB0ZXYSkZcw,37904,QB0ZXYSkZcw,Berlin,2024-08-03T02:43:42.993-04:00
KOOZY,FATCAP,,,,Accapella,2013,RAM,2013-10-10,https://www.youtube.com/watch?v=_cSsd58nwnk,96814,_cSsd58nwnk,BMCL,2024-08-03T02:43:42.993-04:00
Rob Really,Manekin Peace,,,Berlin,Accapella,2013,DLTLLY,2013-10-07,https://www.youtube.com/watch?v=7lUMhXH2ZgE,10763,7lUMhXH2ZgE,Berlin,2024-08-03T02:43:42.993-04:00
Brian Damage,Mighty P,,,Berlin,Accapella,2013,DLTLLY,2013-09-29,https://www.youtube.com/watch?v=Z3a9iIjuFmc,62319,Z3a9iIjuFmc,Berlin,2024-08-03T02:43:42.993-04:00
P-ZAK,BATTLEBOI BASTI,,,,Accapella,2013,RAM,2013-09-27,https://www.youtube.com/watch?v=6fAOSCXdMKM,1243710,6fAOSCXdMKM,BMCL,2024-08-03T02:43:42.993-04:00
Hansen,Kurzer Prozess,,,Berlin,Accapella,2013,DLTLLY,2013-09-24,https://www.youtube.com/watch?v=8Ui9Bl4LCBg,89044,8Ui9Bl4LCBg,Berlin,2024-08-03T02:43:42.993-04:00
TightamMic,Drob Dynamic,,,,Accapella,2013,RAM,2013-06-27,https://www.youtube.com/watch?v=HUIIteZgOEo,137718,HUIIteZgOEo,BMCL,2024-08-03T02:43:42.993-04:00
P-Zak,Drob Dynamic,,,,Accapella,2013,RAM,2013-06-13,https://www.youtube.com/watch?v=V_c4iLEr7VI,107308,V_c4iLEr7VI,BMCL,2024-08-03T02:43:42.993-04:00
Tierstar,Drob Dynamic,,,,Accapella,2013,RAM,2013-05-23,https://www.youtube.com/watch?v=3xIGQWw0yBc,76400,3xIGQWw0yBc,BMCL,2024-08-03T02:43:42.993-04:00
Tierstar,P-Zak,,,,Accapella,2013,RAM,2013-05-09,https://www.youtube.com/watch?v=W3ARbDcTOgA,214774,W3ARbDcTOgA,BMCL,2024-08-03T02:43:42.993-04:00
Le Nerd,P-Zak,,,,Accapella,2013,RAM,2013-04-26,https://www.youtube.com/watch?v=YR_hbQrJFBU,69059,YR_hbQrJFBU,BMCL,2024-08-03T02:43:42.994-04:00
Percee,Le Nerd,,,,Accapella,2013,RAM,2013-04-11,https://www.youtube.com/watch?v=7s6PZzdv0wg,207056,7s6PZzdv0wg,BMCL,2024-08-03T02:43:42.994-04:00
Karate Andi,Percee,,,,Accapella,2013,RAM,2013-03-29,https://www.youtube.com/watch?v=anmpoR_npR4,218447,anmpoR_npR4,BMCL,2024-08-03T02:43:42.994-04:00
Karate Andi,Main Moe,,,,Accapella,2013,RAM,2013-03-14,https://www.youtube.com/watch?v=i-oMO81YD5E,347321,i-oMO81YD5E,BMCL,2024-08-03T02:43:42.994-04:00
Mave,Karate Andi,,,,Accapella,2013,RAM,2013-02-28,https://www.youtube.com/watch?v=TxL9xYZoikE,295932,TxL9xYZoikE,BMCL,2024-08-03T02:43:42.994-04:00
Karate Andi,Gier,,,,Accapella,2013,RAM,2013-01-25,https://www.youtube.com/watch?v=6J_YbVMq6Tc,760446,6J_YbVMq6Tc,BMCL,2024-08-03T02:43:42.994-04:00
GIER,P-ZAK -,,,,Accapella,2012,RAM,2012-12-25,https://www.youtube.com/watch?v=VDxMffxIK9w,112093,VDxMffxIK9w,BMCL,2024-08-03T02:43:42.994-04:00
RV,P-ZAK -,,,,Accapella,2012,RAM,2012-12-12,https://www.youtube.com/watch?v=ZMAmrXDKC2k,57322,ZMAmrXDKC2k,BMCL,2024-08-03T02:43:42.994-04:00
P-ZAK,PAPI SCHLAUCH -,,,,Accapella,2012,RAM,2012-11-27,https://www.youtube.com/watch?v=JOE65_7ANE4,30524,JOE65_7ANE4,BMCL,2024-08-03T02:43:42.994-04:00
FATCAP,PAPI SCHLAUCH -,,,,Accapella,2012,RAM,2012-11-13,https://www.youtube.com/watch?v=0HL7X1MoDC8,27447,0HL7X1MoDC8,BMCL,2024-08-03T02:43:42.994-04:00
PAPI SCHLAUCH,MAIN MOE -,,,,Accapella,2012,RAM,2012-10-23,https://www.youtube.com/watch?v=jCugjz2O7XA,43140,jCugjz2O7XA,BMCL,2024-08-03T02:43:42.995-04:00
MAIN MOE,DER FISCHER -,,,,Accapella,2012,RAM,2012-10-09,https://www.youtube.com/watch?v=szcQuWucbf8,43132,szcQuWucbf8,BMCL,2024-08-03T02:43:42.995-04:00
MAIN MOE,TIGHTAMMIC -,,,,Accapella,2012,RAM,2010-10-14,https://www.youtube.com/watch?v=WgyEvY6d55g,56519,WgyEvY6d55g,BMCL,2024-08-03T02:43:42.995-04:00
P-ZAK,FATCAP -,,,,Accapella,2012,RAM,2010-10-14,https://www.youtube.com/watch?v=TXgYqbhPZbw,41183,TXgYqbhPZbw,BMCL,2024-08-03T02:43:42.996-04:00
P-ZAK,TIERSTAR -,,,,Accapella,2011,RAM,2010-10-14,https://www.youtube.com/watch?v=tNLkPJU_3Hc,70445,tNLkPJU_3Hc,BMCL,2024-08-03T02:43:42.996-04:00
ATZENKALLE,FATCAP -,,,,Accapella,2012,RAM,2010-10-14,https://www.youtube.com/watch?v=3_WNGbYAEGM,169625,3_WNGbYAEGM,BMCL OFFICIAL HD VERSION AGGROTV,2024-08-03T02:43:42.996-04:00
PAPI SCHLAUCH,ATZENKALLE -,,,,Accapella,2012,RAM,2010-10-14,https://www.youtube.com/watch?v=3P2OojCc83A,275130,3P2OojCc83A,BMCL,2024-08-03T02:43:42.995-04:00
Noize,Gier,,,,Accapella,2010,RAM,2010-10-14,https://www.youtube.com/watch?v=ibeHNtp8Qi4,25711,ibeHNtp8Qi4,BMCL,2024-08-03T02:43:42.995-04:00
GIER,MAIN MOE -,,,,Accapella,2012,RAM,2010-10-14,https://www.youtube.com/watch?v=0IoJTI3ijBw,149814,0IoJTI3ijBw,BMCL,2024-08-03T02:43:42.995-04:00
GIER,TIERSTAR -,,,,Accapella,2011,RAM,2010-10-14,https://www.youtube.com/watch?v=2XkODGxWvfE,147169,2XkODGxWvfE,BMCL,2024-08-03T02:43:42.995-04:00
TIGHTAMMIC,FATCAP -,,,,Accapella,2011,RAM,2010-10-14,https://www.youtube.com/watch?v=LTgCb1EIASk,42788,LTgCb1EIASk,BMCL,2024-08-03T02:43:42.995-04:00
FATCAP,MAIN MOE -,,,,Accapella,2012,RAM,2010-10-14,https://www.youtube.com/watch?v=gGuK4lK76oU,68170,gGuK4lK76oU,BMCL,2024-08-03T02:43:42.995-04:00
MAIN MOE,GIER -,,,,Accapella,2011,RAM,2010-10-14,https://www.youtube.com/watch?v=j851KMaKDyA,95665,j851KMaKDyA,BMCL,2024-08-03T02:43:42.995-04:00
GIER,PIRATE,,,,Accapella,2011,RAM,2010-10-14,https://www.youtube.com/watch?v=rLsM528iCvI,40772,rLsM528iCvI,BMCL,2024-08-03T02:43:42.996-04:00
PRESTO,TIGHTAMMIC -,,,,Accapella,2011,RAM,2010-10-14,https://www.youtube.com/watch?v=_zciyRJMT4I,48359,_zciyRJMT4I,BMCL,2024-08-03T02:43:42.996-04:00
ATZENKALLE,P-ZAK -,,,,Accapella,2012,RAM,2010-10-14,https://www.youtube.com/watch?v=1RlrFmJgUb0,384051,1RlrFmJgUb0,BMCL,2024-08-03T02:43:42.996-04:00
MAIN MOE,ATZENKALLE -,,,,Accapella,2012,RAM,2010-10-14,https://www.youtube.com/watch?v=xHaX18xKgAg,275566,xHaX18xKgAg,BMCL,2024-08-03T02:43:42.998-04:00
FURIOUS,TIERSTAR -,,,,Accapella,2011,RAM,2010-10-14,https://www.youtube.com/watch?v=V7xmt7en-NU,28038,V7xmt7en-NU,BMCL,2024-08-03T02:43:42.996-04:00
TIERSTAR,MAIN MOE -,,,,Accapella,2012,RAM,2010-10-14,https://www.youtube.com/watch?v=7vV91Bdl96U,83371,7vV91Bdl96U,BMCL,2024-08-03T02:43:42.998-04:00
NESTOR,PRESTO -,,,,Accapella,2011,RAM,2010-10-14,https://www.youtube.com/watch?v=7Id8LsNORpA,18349,7Id8LsNORpA,BMCL,2024-08-03T02:43:42.997-04:00
P-ZAK,FATCAP -,,,,Accapella,2011,RAM,2010-10-14,https://www.youtube.com/watch?v=NpQ5PfavOr4,38366,NpQ5PfavOr4,BMCL,2024-08-03T02:43:42.997-04:00
Tierstar,Gier,,,,Accapella,2010,RAM,2010-10-14,https://www.youtube.com/watch?v=Jx2HyJUI7UQ,58951,Jx2HyJUI7UQ,BMCL,2024-08-03T02:43:42.998-04:00
P-ZAK,TIERSTAR -,,,,Accapella,2011,RAM,2010-10-14,https://www.youtube.com/watch?v=ZVXJ36hbgRs,45478,ZVXJ36hbgRs,BMCL,2024-08-03T02:43:42.996-04:00
GIER,JUSE JU -,,,,Accapella,2011,RAM,2010-10-14,https://www.youtube.com/watch?v=1DyxMMREZ_s,66917,1DyxMMREZ_s,BMCL,2024-08-03T02:43:42.996-04:00
Tierstar,Gier,,,,Accapella,2010,RAM,2010-10-14,https://www.youtube.com/watch?v=wOsC6Irs9EY,33189,wOsC6Irs9EY,BMCL,2024-08-03T02:43:42.996-04:00
FATCAP,MAIN MOE -,,,,Accapella,2011,RAM,2010-10-14,https://www.youtube.com/watch?v=6ygV5kXXpOY,47719,6ygV5kXXpOY,BMCL,2024-08-03T02:43:42.997-04:00
Noize,Gier,,,,Accapella,2010,RAM,2010-10-14,https://www.youtube.com/watch?v=g65YfSomyZg,41942,g65YfSomyZg,BMCL,2024-08-03T02:43:42.998-04:00
