Name #1,Name #2,Event,Type,Year,Channel,Uploaded,URL,ID,Views,Location,Stadt,Event 2
DESPO,YUMI,RAP BATTLE,Accapella,2026,FOB,2026-10-04,https://www.youtube.com/watch?v=PfjVgJUet-I,PfjVgJUet-I,5894,,,
PA SPORTS,SSYNIC,  BDay 13,Accapella,2026,DLTLLY,2026-10-04,https://www.youtube.com/watch?v=5XeO9CDpv8s,5XeO9CDpv8s,624063,,,
Ssynic,PA Sports,Out Now #,Accapella,2026,DLTLLY,2026-10-04,https://www.youtube.com/watch?v=DhYYYeVJ8RU,DhYYYeVJ8RU,9206,,,
PA SPORTS,SSYNIC,Das Interview zum Battle BDay 13,Accapella,2026,DLTLLY,2026-10-04,https://www.youtube.com/watch?v=K92Gh3gC5M8,K92Gh3gC5M8,164877,,,
SIZYPHOS,MIKESH,INTERVIEW,Accapella,2026,FOB,2026-10-02,https://www.youtube.com/watch?v=Z0M-8X6wyeU,Z0M-8X6wyeU,28855,,,
Morgana & Shizu,Cashus K & Mazzikaner,2on2   München,On Beat,2026,DLTLLY,2026-10-01,https://www.youtube.com/watch?v=Z427fU4jRgA,Z427fU4jRgA,13036,,,
Haszcara,Faivel,  Splash ´26,On Beat,2026,DLTLLY,2026-09-29,https://www.youtube.com/watch?v=epza8e0NCw0,epza8e0NCw0,14436,,,
PHASENKIND,YUAH,INTERVIEW,Accapella,2026,FOB,2026-09-29,https://www.youtube.com/watch?v=1cj6VstWk08,1cj6VstWk08,4346,,,
PHASENKIND,YUAH,RAP BATTLE,Accapella,2026,FOB,2026-09-29,https://www.youtube.com/watch?v=Nmt67cqH7YM,Nmt67cqH7YM,30046,,,
Yarambo,Bdad,Das Interview zum Battle München,Accapella,2026,DLTLLY,2026-09-27,https://www.youtube.com/watch?v=XcwDDCughrk,XcwDDCughrk,14501,,,
Yarambo,Bdad,  München,Accapella,2026,DLTLLY,2026-09-27,https://www.youtube.com/watch?v=dnRNrxgxNWM,dnRNrxgxNWM,88055,,,
MIKESH,SIZYPHOS,RAP BATTLE,Accapella,2026,FOB,2026-09-26,https://www.youtube.com/watch?v=-DTi_KButbQ,-DTi_KButbQ,140931,,,
KITANA,WOLFF,INTERVIEW,Accapella,2026,FOB,2026-09-25,https://www.youtube.com/watch?v=ZKq782PlY6s,ZKq782PlY6s,25151,,,
KAZRAEL,H1,FACE-OFF,Accapella,2026,FOB,2026-09-24,https://www.youtube.com/watch?v=pDeZgX14aLU,pDeZgX14aLU,4608,,,
Joseph Steinschleuder,Niza,Das Interview zum Battle München,Accapella,2026,DLTLLY,2026-09-20,https://www.youtube.com/watch?v=uynqumUoKWs,uynqumUoKWs,11619,,,
Joseph Steinschleuder,Niza,  München,Accapella,2026,DLTLLY,2026-09-20,https://www.youtube.com/watch?v=L1P2iNzFgk8,L1P2iNzFgk8,51609,,,
HERR SÖREN,FLIMMER,RAP BATTLE,Accapella,2026,FOB,2026-09-18,https://www.youtube.com/watch?v=Whqrd-VxEOw,Whqrd-VxEOw,12893,,,
L-SUPREMA,ZATO,RAP BATTLE,Accapella,2026,FOB,2026-09-17,https://www.youtube.com/watch?v=qPugGiQc2q8,qPugGiQc2q8,N/A,,,
Mighty P,Pusha,  Splash ´26,On Beat,2026,DLTLLY,2026-09-17,https://www.youtube.com/watch?v=LTW6bwfUSJ4,LTW6bwfUSJ4,20783,,,
LEROU,VETO,RAP BATTLE,Accapella,2026,FOB,2026-09-15,https://www.youtube.com/watch?v=TPKcgVGSf2Y,TPKcgVGSf2Y,N/A,,,
GERRO,MUSIO,RAP BATTLE,Accapella,2026,FOB,2026-09-15,https://www.youtube.com/watch?v=N0jberfOjcc,N0jberfOjcc,N/A,,,
CALLI,FAIVEL,RAP BATTLE,Accapella,2026,FOB,2026-09-15,https://www.youtube.com/watch?v=oeNCc4KUSPM,oeNCc4KUSPM,N/A,,,
CAPTAIN SÄGE,ZOLA,RAP BATTLE,Accapella,2026,FOB,2026-09-15,https://www.youtube.com/watch?v=2AOHE79_6Og,2AOHE79_6Og,N/A,,,
WALTER DER G,RIESENLAUCH,RAP BATTLE,Accapella,2026,FOB,2026-09-15,https://www.youtube.com/watch?v=enJ2ErrrlT0,enJ2ErrrlT0,N/A,,,
H1,KAZRAEL,RAP BATTLE,Accapella,2026,FOB,2026-09-15,https://www.youtube.com/watch?v=ivpY6cy2A9k,ivpY6cy2A9k,N/A,,,
CASHUS K,VON FELIX,RAP BATTLE,Accapella,2026,FOB,2026-09-15,https://www.youtube.com/watch?v=OlTbg-M33F4,OlTbg-M33F4,N/A,,,
FYNN,FATE,RAP BATTLE,Accapella,2026,FOB,2026-09-15,https://www.youtube.com/watch?v=ZG6bLe52I4M,ZG6bLe52I4M,N/A,,,
LYLYTH,LONZO,RAP BATTLE,Accapella,2026,FOB,2026-09-15,https://www.youtube.com/watch?v=fI-tfwo8Q3A,fI-tfwo8Q3A,N/A,,,
ENYO,TAREK,RAP BATTLE,Accapella,2026,FOB,2026-09-15,https://www.youtube.com/watch?v=HLlDSLiflR4,HLlDSLiflR4,N/A,,,
HARDRADA - ONE ROUNDER (,APATUAL),RAP BATTLE,Accapella,2026,FOB,2026-09-15,https://www.youtube.com/watch?v=JPuXijwxHSo,JPuXijwxHSo,N/A,,,
DER SANDMANN,WANDELBARZ,RAP BATTLE,Accapella,2026,FOB,2026-09-15,https://www.youtube.com/watch?v=LVMQdEgyG2A,LVMQdEgyG2A,N/A,,,
Zeuge,Riesenlauch,  München,Accapella,2026,DLTLLY,2026-09-13,https://www.youtube.com/watch?v=FbxfJFvinzY,FbxfJFvinzY,32350,,,
BONG TEGGY,NATIF,FACE-OFF,Accapella,2026,FOB,2026-09-12,https://www.youtube.com/watch?v=sp0neWkCrjM,sp0neWkCrjM,33410,,,
BAULT,RIESENLAUCH,RAP BATTLE,Accapella,2026,FOB,2026-09-08,https://www.youtube.com/watch?v=Hf_t30pOxIE,Hf_t30pOxIE,40726,,,
YUAH,NASTIC,GAMESCOM RAP BATTLE,Accapella,2026,FOB,2026-09-08,https://www.youtube.com/watch?v=qvRk6YZIIac,qvRk6YZIIac,N/A,,,
SAM SOULJAH,PAROSE,RAP BATTLE,Accapella,2026,FOB,2026-09-07,https://www.youtube.com/watch?v=K_-_Q-eCNTk,K_-_Q-eCNTk,N/A,,,
Gerro,Enyo,  München,Accapella,2026,DLTLLY,2026-09-06,https://www.youtube.com/watch?v=G9dK5hjg_yY,G9dK5hjg_yY,41820,,,
TICC,VYRUS,RAP BATTLE,Accapella,2026,FOB,2026-09-04,https://www.youtube.com/watch?v=MqZWgbXxUXM,MqZWgbXxUXM,171494,,,
PA SPORTS,SSYNIC,Die Pressekonferenz vor dem Battle,Accapella,2026,DLTLLY,2026-09-01,https://www.youtube.com/watch?v=V9CpAMI6rG4,V9CpAMI6rG4,212513,,,
Tamarillo,Mordrake,   Overload,On Beat,2026,DLTLLY,2026-09-01,https://www.youtube.com/watch?v=P9e9rqq-MZ8,P9e9rqq-MZ8,24800,,,
PA SPORTS,SSYNIC,EXTENDED TRAILER,Accapella,2026,DLTLLY,2026-08-29,https://www.youtube.com/watch?v=WDa_44Ex1d4,WDa_44Ex1d4,221395,,,
JOSEPH STEINSCHLEUDER,JIZI,INTERVIEW,Accapella,2026,FOB,2026-08-28,https://www.youtube.com/watch?v=GCbBPX6U8Uw,GCbBPX6U8Uw,15680,,,
JOSEPH STEINSCHLEUDER,JIZI,RAP BATTLE,Accapella,2026,FOB,2026-08-28,https://www.youtube.com/watch?v=OWjZ1rKUdY4,OWjZ1rKUdY4,148197,,,
Lex177,AMS,   Overload,On Beat,2026,DLTLLY,2026-08-27,https://www.youtube.com/watch?v=KinnuU4vtyg,KinnuU4vtyg,17751,,,
Neilz & Veto,Fynn & Faivel,2on2  München,Accapella,2026,DLTLLY,2026-08-23,https://www.youtube.com/watch?v=w6cctGAqO_U,w6cctGAqO_U,41033,,,
FYNN,TICC,BATTLERAP QUIZ,Accapella,2026,FOB,2026-08-23,https://www.youtube.com/watch?v=g-6YPMNcbfM,g-6YPMNcbfM,5022,,,
WOLFF,KITANA,RAP BATTLE,Accapella,2026,FOB,2026-08-23,https://www.youtube.com/watch?v=LAiHiEcKpic,LAiHiEcKpic,82106,,,
JÄL,MZUDEMK,RAP BATTLE,Accapella,2026,FOB,2026-08-21,https://www.youtube.com/watch?v=FGEuFL7pC9s,FGEuFL7pC9s,85571,,,
JÄL,MZUDEMK,INTERVIEW,Accapella,2026,FOB,2026-08-21,https://www.youtube.com/watch?v=dc94LS1h-WY,dc94LS1h-WY,19698,,,
Fate,Zato,   Overload,On Beat,2026,DLTLLY,2026-08-20,https://www.youtube.com/watch?v=rNW-pKZctes,rNW-pKZctes,12592,,,
Yuah,MzudemK,Das Interview zum Battle,Accapella,2026,DLTLLY,2026-08-16,https://www.youtube.com/watch?v=1TryIt4Ifp8,1TryIt4Ifp8,38611,,,
Yuah,MzudemK,  AufTakt Turnier Halbfinale,On Beat,2026,DLTLLY,2026-08-16,https://www.youtube.com/watch?v=qrrxkFWXwtU,qrrxkFWXwtU,271789,,,
BUNGEE,SA7VA,RAP BATTLE,Accapella,2026,FOB,2026-08-14,https://www.youtube.com/watch?v=YTYh1Rv79mA,YTYh1Rv79mA,4089,,,
Clockwork,Nema,   Overload,On Beat,2026,DLTLLY,2026-08-13,https://www.youtube.com/watch?v=Fk3ydkKihFQ,Fk3ydkKihFQ,5174,,,
Requiem,Kitana,  AufTakt Turnier Halbfinale,On Beat,2026,DLTLLY,2026-08-09,https://www.youtube.com/watch?v=pk96wkqBBuE,pk96wkqBBuE,86242,,,
Requiem,Kitana,Das Interview zum Battle,Accapella,2026,DLTLLY,2026-08-09,https://www.youtube.com/watch?v=GZSS71EMh58,GZSS71EMh58,16313,,,
SIRG,CAPTAIN SÄGE,RAP BATTLE,Accapella,2026,FOB,2026-08-07,https://www.youtube.com/watch?v=XR9HTuOpnKI,XR9HTuOpnKI,5576,,,
Stylz,Dr. Docs,   Overload,On Beat,2026,DLTLLY,2026-08-06,https://www.youtube.com/watch?v=JatKpzj7LbY,JatKpzj7LbY,5881,,,
ALEX STOLDT,YORICK THIEDE,BATTLERAP QUIZ,Accapella,2026,FOB,2026-08-04,https://www.youtube.com/watch?v=K4wIut76wLw,K4wIut76wLw,16586,,,
Nasty,Shate,   Overload,On Beat,2026,DLTLLY,2026-08-04,https://www.youtube.com/watch?v=THPglEVRglU,THPglEVRglU,5989,,,
MC Geuner,Fynn,  One Night Stand Hannover,Accapella,2026,DLTLLY,2026-08-02,https://www.youtube.com/watch?v=FxgfvgO9ILU,FxgfvgO9ILU,29322,,,
REQUIEM,KIRUMA,RAP BATTLE,Accapella,2026,FOB,2026-07-31,https://www.youtube.com/watch?v=4sh65wui_Co,4sh65wui_Co,48199,,,
KIRUMA,REQUIEM,INTERVIEW,Accapella,2026,FOB,2026-07-31,https://www.youtube.com/watch?v=aPWbAJYxabw,aPWbAJYxabw,5050,,,
2ocke,L-Suprema,   Overload,On Beat,2026,DLTLLY,2026-07-30,https://www.youtube.com/watch?v=5fKmuXggZpM,5fKmuXggZpM,25576,,,
NEILZ,CRAZE,BATTLERAP QUIZ,Accapella,2026,FOB,2026-07-29,https://www.youtube.com/watch?v=MrcnKD4pPII,MrcnKD4pPII,8604,,,
Neilz,Joseph Steinschleuder,  MAYhem 9,Accapella,2026,DLTLLY,2026-07-26,https://www.youtube.com/watch?v=8OAbSNVmNlI,8OAbSNVmNlI,98340,,,
ŌKAMI,CAPTAIN SÄGE,BEATBOX BATTLE,Accapella,2026,FOB,2026-07-24,https://www.youtube.com/watch?v=ZAx7kqWMKjM,ZAx7kqWMKjM,4090,,,
BertlB,Filo,   Overload,On Beat,2026,DLTLLY,2026-07-21,https://www.youtube.com/watch?v=GhJs4ayqtlY,GhJs4ayqtlY,6655,,,
ZEPTAH,DJIBY,RAP BATTLE,Accapella,2026,FOB,2026-07-14,https://www.youtube.com/watch?v=3GsM6N3FcUM,3GsM6N3FcUM,8938,,,
Shortworth,Kid Soldier,  MAYhem 9,Accapella,2026,DLTLLY,2026-07-12,https://www.youtube.com/watch?v=B5s6Oqz0VQM,B5s6Oqz0VQM,42720,,,
Hiding John,Kato,Das Interview zum Battle,Accapella,2026,DLTLLY,2026-07-05,https://www.youtube.com/watch?v=Zk-tZ5JkFac,Zk-tZ5JkFac,28223,,,
HIDING JOHN,KATO,🏆 Titlematch 🏆 2026 MAYhem 9,Accapella,2026,DLTLLY,2026-07-05,https://www.youtube.com/watch?v=FbnEx-taxzE,FbnEx-taxzE,134982,,,
FAIVEL,MILO,RAP BATTLE,Accapella,2026,FOB,2026-07-03,https://www.youtube.com/watch?v=7HnahEogrrU,7HnahEogrrU,4021,,,
PA SPORTS,???,Matchup Reveal,Accapella,2026,DLTLLY,2026-06-30,https://www.youtube.com/watch?v=GacefTqdX9Q,GacefTqdX9Q,83993,,,
Bdad,Bong Teggy,Das Interview zum Battle One Night Stand Hannover,Accapella,2026,DLTLLY,2026-06-28,https://www.youtube.com/watch?v=_WUzp_nt6SI,_WUzp_nt6SI,19338,,,
Bdad,Bong Teggy,  One Night Stand Hannover,Accapella,2026,DLTLLY,2026-06-28,https://www.youtube.com/watch?v=6iPV29ICcvY,6iPV29ICcvY,125729,,,
YOUNG KENNEDY,DER SANDMANN,RAP BATTLE,Accapella,2026,FOB,2026-06-26,https://www.youtube.com/watch?v=m4-hFITahgM,m4-hFITahgM,8295,,,
BATTLERAP GERTI,F!O,RAP BATTLE,Accapella,2026,FOB,2026-06-24,https://www.youtube.com/watch?v=gf0fM4bPxrk,gf0fM4bPxrk,13826,,,
Onkel Oktomusch,Jizi,  One Night Stand Hannover,Accapella,2026,DLTLLY,2026-06-21,https://www.youtube.com/watch?v=K8Cz4FHQYE0,K8Cz4FHQYE0,50637,,,
FYNN,WANDELBARZ,RAP BATTLE,Accapella,2026,FOB,2026-06-19,https://www.youtube.com/watch?v=__M8b36irRg,__M8b36irRg,17914,,,
Bault,Kriso,  One Night Stand Hannover,Accapella,2026,DLTLLY,2026-06-18,https://www.youtube.com/watch?v=wgpHn5IV4Ok,wgpHn5IV4Ok,14816,,,
Schote,Lucs,  Stuttgart,On Beat,2026,DLTLLY,2026-06-16,https://www.youtube.com/watch?v=ejqd2c-fPuc,ejqd2c-fPuc,13655,,,
Vyrus,Davie Jones,Das Interview zum Battle One Night Stand Hannover,Accapella,2026,DLTLLY,2026-06-14,https://www.youtube.com/watch?v=qcgfwnvNCb4,qcgfwnvNCb4,5105,,,
Vyrus,Davie Jones,  One Night Stand Hannover,Accapella,2026,DLTLLY,2026-06-14,https://www.youtube.com/watch?v=sL8zsLGBnpg,sL8zsLGBnpg,62390,,,
MC GEUNER,BAULT,RAP BATTLE,Accapella,2026,FOB,2026-06-12,https://www.youtube.com/watch?v=TsKszFVq5rQ,TsKszFVq5rQ,16931,,,
Wolff,Karkobi,  Stuttgart,Accapella,2026,DLTLLY,2026-06-07,https://www.youtube.com/watch?v=LWug3_KKfq8,LWug3_KKfq8,43577,,,
Wolff,Karkobi,Das Interview zum Battle Stuttgart,Accapella,2026,DLTLLY,2026-06-07,https://www.youtube.com/watch?v=KSOeIX1ebvA,KSOeIX1ebvA,5496,,,
RIESENLAUCH,BAULT,FACE-OFF,Accapella,2026,FOB,2026-06-07,https://www.youtube.com/watch?v=oeoN1BPA2jc,oeoN1BPA2jc,3494,,,
BDAD,NEILZ,RAP BATTLE,Accapella,2026,FOB,2026-06-05,https://www.youtube.com/watch?v=B17aVZQSv0s,B17aVZQSv0s,44816,,,
Phasenkind,Requiem,  AufTakt Turnier Viertelfinale,On Beat,2026,DLTLLY,2026-06-04,https://www.youtube.com/watch?v=UJ8mDq0AL2g,UJ8mDq0AL2g,41944,,,
BX,Jäl,  Stuttgart,Accapella,2026,DLTLLY,2026-05-31,https://www.youtube.com/watch?v=xEvCsDglOzY,xEvCsDglOzY,13881,,,
KITANA,WOLFF,FACE-OFF,Accapella,2026,FOB,2026-05-31,https://www.youtube.com/watch?v=aLwVHJV0fbU,aLwVHJV0fbU,18337,,,
OREGANO,DANNY DEADWEIGHT,RAP BATTLE,Accapella,2026,FOB,2026-05-29,https://www.youtube.com/watch?v=pKNO2GcnXLY,pKNO2GcnXLY,37204,,,
Kitana,Liuz,  AufTakt Turnier Viertelfinale,On Beat,2026,DLTLLY,2026-05-28,https://www.youtube.com/watch?v=2SWOJoAL_eo,2SWOJoAL_eo,53747,,,
Burst + T-Way,Baretta + Valik,2on2  Stuttgart,Accapella,2026,DLTLLY,2026-05-24,https://www.youtube.com/watch?v=r_VnKhLvPLE,r_VnKhLvPLE,9139,,,
MZUDEMK,JÄL,FACE-OFF,Accapella,2026,FOB,2026-05-24,https://www.youtube.com/watch?v=RVKuk3aPKtk,RVKuk3aPKtk,17519,,,
AMS,KARKOBI,RAP BATTLE,Accapella,2026,FOB,2026-05-22,https://www.youtube.com/watch?v=ZKuC5GjmQgE,ZKuC5GjmQgE,18059,,,
Shortworth,Kid Soldier,Battlerap.de,Accapella,2026,DLTLLY,2026-05-22,https://www.youtube.com/watch?v=HwwG26qxNVE,HwwG26qxNVE,9857,,,
Real Deal,Marlo,Battlerap.de,Accapella,2026,DLTLLY,2026-05-22,https://www.youtube.com/watch?v=SWGILQ1S7kM,SWGILQ1S7kM,14271,,,
Hiding John,Kato,Battlerap.de,Accapella,2026,DLTLLY,2026-05-22,https://www.youtube.com/watch?v=XFWQxZKp2Js,XFWQxZKp2Js,36051,,,
Neilz,Joseph Steinschleuder,Battlerap.de,Accapella,2026,DLTLLY,2026-05-22,https://www.youtube.com/watch?v=HoBsRdYeJrk,HoBsRdYeJrk,26657,,,
Yuah,Aladin,  AufTakt Turnier Viertelfinale,On Beat,2026,DLTLLY,2026-05-21,https://www.youtube.com/watch?v=lW-orRYSMn4,lW-orRYSMn4,29288,,,
MECHTHILD,GENEROUSISI,RAP BATTLE,Accapella,2026,FOB,2026-05-20,https://www.youtube.com/watch?v=8dCkX2KFzHg,8dCkX2KFzHg,2944,,,
Niza + Karma,Ryko + LuckyLily,Das Interview zum Battle,Accapella,2026,DLTLLY,2026-05-17,https://www.youtube.com/watch?v=okfrjaroqdY,okfrjaroqdY,17222,,,
Niza + Karma,Ryko + LuckyLily,2on2  Frankfurt,Accapella,2026,DLTLLY,2026-05-17,https://www.youtube.com/watch?v=-72s30AKbkY,-72s30AKbkY,100000,,,
Andres Kaliba,MzudemK,  AufTakt Turnier Viertelfinale,On Beat,2026,DLTLLY,2026-05-14,https://www.youtube.com/watch?v=aNn9ez8LvT8,aNn9ez8LvT8,137413,,,
STYLZ,LAVANDIA,RAP BATTLE,Accapella,2026,FOB,2026-05-12,https://www.youtube.com/watch?v=udRBn6CgHPM,udRBn6CgHPM,2144,,,
Mikesh,Kato,  Frankfurt,Accapella,2026,DLTLLY,2026-05-10,https://www.youtube.com/watch?v=piqxjN77la8,piqxjN77la8,143646,,,
Mikesh,Kato,Das Interview zum Battle,Accapella,2026,DLTLLY,2026-05-10,https://www.youtube.com/watch?v=52EI0IaValk,52EI0IaValk,25882,,,
FYNN,HARLEM T,RAP BATTLE,Accapella,2026,FOB,2026-05-08,https://www.youtube.com/watch?v=CyB2-D2_7JQ,CyB2-D2_7JQ,11477,,,
Tao,Lavas,  Proving Grounds  Only 2025,On Beat,2025,DLTLLY,2026-05-05,https://www.youtube.com/watch?v=3Bl_imkNaS4,3Bl_imkNaS4,12118,,,
Gregpipe + Patrick Enemy,Ano-nym + Karkobi,2on2  Frankfurt,Accapella,2026,DLTLLY,2026-05-03,https://www.youtube.com/watch?v=2n-m5WBeBcg,2n-m5WBeBcg,92495,,,
Gregpipe + Patrick Enemy,Ano-nym + Karkobi,Das Interview zum Battle,Accapella,2026,DLTLLY,2026-05-03,https://www.youtube.com/watch?v=31wUPlvyB50,31wUPlvyB50,14043,,,
TEACH,JEPAIN,RAP BATTLE,Accapella,2026,FOB,2026-05-01,https://www.youtube.com/watch?v=xcwMwQtWUIU,xcwMwQtWUIU,3723,,,
Yumi,Lyt,  Proving Grounds  Only 2025,On Beat,2025,DLTLLY,2026-04-30,https://www.youtube.com/watch?v=ciHXMFAoN-o,ciHXMFAoN-o,7297,,,
Rool,Malik,  Proving Grounds,Accapella,2026,DLTLLY,2026-04-28,https://www.youtube.com/watch?v=4JL8V9Pt50A,4JL8V9Pt50A,5709,,,
Karanova,Meidi,  Frankfurt,Accapella,2026,DLTLLY,2026-04-26,https://www.youtube.com/watch?v=jaONe5sI0HE,jaONe5sI0HE,101087,,,
Karanova,Meidi,Das Interview zum Battle,Accapella,2026,DLTLLY,2026-04-26,https://www.youtube.com/watch?v=pO_MEo9fCwA,pO_MEo9fCwA,15307,,,
MUSIO,DER SANDMANN,RAP BATTLE,Accapella,2026,FOB,2026-04-24,https://www.youtube.com/watch?v=SAXHRzyTTSY,SAXHRzyTTSY,5993,,,
Maxman,Pusha,  Proving Grounds  Only 2025,On Beat,2025,DLTLLY,2026-04-23,https://www.youtube.com/watch?v=nqRPp2OhT5E,nqRPp2OhT5E,4962,,,
Big Lion,Nour,  Proving Grounds,Accapella,2026,DLTLLY,2026-04-21,https://www.youtube.com/watch?v=8NaMnrNKzVo,8NaMnrNKzVo,7111,,,
Fate,Young Kennedy,  Frankfurt,Accapella,2026,DLTLLY,2026-04-19,https://www.youtube.com/watch?v=9yw56D1lhcY,9yw56D1lhcY,15742,,,
TEACH,RIESENLAUCH,RAP BATTLE,Accapella,2026,FOB,2026-04-17,https://www.youtube.com/watch?v=lDF9dH1LFXw,lDF9dH1LFXw,6629,,,
Stormy,FEEL.ikx,  Proving Grounds  Only 2025,On Beat,2025,DLTLLY,2026-04-16,https://www.youtube.com/watch?v=6lUlDGvcq8U,6lUlDGvcq8U,4408,,,
Der Sergeant,Mazzikaner,  Proving Grounds  Only 2025,On Beat,2025,DLTLLY,2026-04-14,https://www.youtube.com/watch?v=oNawmdGv6_c,oNawmdGv6_c,7436,,,
VYRUS,AYTEE,🏆 ON BEAT TITLE MATCH 2026 🏆,On Beat,2026,DLTLLY,2026-04-12,https://www.youtube.com/watch?v=vizVXmWnlRM,vizVXmWnlRM,199912,,,
Vyrus,Aytee,Interview zum Battle Berlin &#39;26,Accapella,2026,DLTLLY,2026-04-12,https://www.youtube.com/watch?v=2hvdEHwSlfI,2hvdEHwSlfI,24126,,,
TAREK,LYT,TEXT-TAUSCH,Accapella,2026,FOB,2026-04-10,https://www.youtube.com/watch?v=fIaTUgqGShM,fIaTUgqGShM,3401,,,
Broody,Ottik,  Proving Grounds,Accapella,2026,DLTLLY,2026-04-09,https://www.youtube.com/watch?v=pMpOA6WncXk,pMpOA6WncXk,7376,,,
Jepain,Capco Jones,  Kassel 2026,Accapella,2026,DLTLLY,2026-04-05,https://www.youtube.com/watch?v=xTFdaGQmQQI,xTFdaGQmQQI,8481,,,
DARKI,DOPA MANOR,RAP BATTLE,Accapella,2026,FOB,2026-04-03,https://www.youtube.com/watch?v=mYu6hRlxOqo,mYu6hRlxOqo,3632,,,
Jilly,Tao,  Proving Grounds,Accapella,2026,DLTLLY,2026-04-02,https://www.youtube.com/watch?v=EdO7RtrbH0g,EdO7RtrbH0g,8105,,,
MC Gefühle,Roger Rapperer,  Zürich,Accapella,2026,DLTLLY,2026-03-31,https://www.youtube.com/watch?v=s_mAiyK4VC4,s_mAiyK4VC4,6492,,,
Neilz,Indoor Stan,  Kassel 2026,Accapella,2026,DLTLLY,2026-03-29,https://www.youtube.com/watch?v=jfV8k2d7IKs,jfV8k2d7IKs,52292,,,
GERRO,FYNN,RAP BATTLE,Accapella,2026,FOB,2026-03-27,https://www.youtube.com/watch?v=ByKkUYVQTUg,ByKkUYVQTUg,8350,,,
LAB,24Dias,  Zürich,Accapella,2026,DLTLLY,2026-03-26,https://www.youtube.com/watch?v=2qfsQ-xhVeo,2qfsQ-xhVeo,4979,,,
Yuah,Ticc,  AufTakt Turnier Achtelfinale,On Beat,2026,DLTLLY,2026-03-22,https://www.youtube.com/watch?v=qbtd7vypKFs,qbtd7vypKFs,70147,,,
PHASENKIND,CALLI,RAP BATTLE,Accapella,2026,FOB,2026-03-20,https://www.youtube.com/watch?v=jP7NNrIsUok,jP7NNrIsUok,25689,,,
Shorteh Taunton,Phasenkind,  AufTakt Turnier Achtelfinale,On Beat,2026,DLTLLY,2026-03-19,https://www.youtube.com/watch?v=1GTBGIhTlnM,1GTBGIhTlnM,36577,,,
Rager,Liuz,  AufTakt Turnier Achtelfinale,On Beat,2026,DLTLLY,2026-03-17,https://www.youtube.com/watch?v=-1qXIraxtxg,-1qXIraxtxg,19100,,,
SA7VA,PURP DIVISION,RAP BATTLE,Accapella,2026,FOB,2026-03-15,https://www.youtube.com/watch?v=Rwuy2cTGVAk,Rwuy2cTGVAk,2070,,,
Kitana,Lex177,🎤,On Beat,2026,DLTLLY,2026-03-15,https://www.youtube.com/watch?v=N2oySb3MHQM,N2oySb3MHQM,71728,,,
MORGANA,ALLE (AMS T-WAY BARETTA GENEROUSISI),RAP BATTLE,Accapella,2026,FOB,2026-03-13,https://www.youtube.com/watch?v=-joYyO0kdc4,-joYyO0kdc4,15353,,,
Aladin,Emenes,  AufTakt Turnier Achtelfinale,On Beat,2026,DLTLLY,2026-03-13,https://www.youtube.com/watch?v=Z4Hsh4zO-ZM,Z4Hsh4zO-ZM,28766,,,
Requiem,Jioni,  AufTakt Turnier Achtelfinale,On Beat,2026,DLTLLY,2026-03-11,https://www.youtube.com/watch?v=w8F4A98RGS8,w8F4A98RGS8,23169,,,
David Ardor,Der Sandmann,  Proving Grounds,Accapella,2026,DLTLLY,2026-03-09,https://www.youtube.com/watch?v=fHaEDXoca-o,fHaEDXoca-o,5486,,,
Papi Schlauch,Kiruma,Das Interview zum Battle Kassel 2026,Accapella,2026,DLTLLY,2026-03-09,https://www.youtube.com/watch?v=RfzJa_Z8iyQ,RfzJa_Z8iyQ,5182,,,
Papi Schlauch,Kiruma,  Kassel 2026,Accapella,2026,DLTLLY,2026-03-08,https://www.youtube.com/watch?v=E8cP9xoVsCU,E8cP9xoVsCU,58334,,,
JÄL,VON FELIX,RAP BATTLE,Accapella,2026,FOB,2026-03-08,https://www.youtube.com/watch?v=uKR88ylR1Vc,uKR88ylR1Vc,24610,,,
Morgana,Yuah,  Battlerap Taxi BDay Bash 2025,On Beat,2025,DLTLLY,2026-03-07,https://www.youtube.com/watch?v=NxlVkP2VFLU,NxlVkP2VFLU,18796,,,
VYRUS,MZUDEMK,RAP BATTLE,Accapella,2026,FOB,2026-03-06,https://www.youtube.com/watch?v=JKbzDt5CgH0,JKbzDt5CgH0,179139,,,
Yuah,Zeptah,  Feel Festival 2025,On Beat,2025,DLTLLY,2026-03-06,https://www.youtube.com/watch?v=O7XAXsCXZj0,O7XAXsCXZj0,23425,,,
Neilz,Notyzze,  Hamburg,Accapella,2026,DLTLLY,2026-03-05,https://www.youtube.com/watch?v=lKlvY2CP-Fw,lKlvY2CP-Fw,26169,,,
JAVAS,LUI,RAP BATTLE,Accapella,2026,FOB,2026-03-04,https://www.youtube.com/watch?v=8-w81NCjNCw,8-w81NCjNCw,1815,,,
Nastic,MzudemK,AufTakt - Das  Battlerap-Turnier,On Beat,2026,DLTLLY,2026-03-01,https://www.youtube.com/watch?v=ofXnIpxuD5Q,ofXnIpxuD5Q,105385,,,
ZEPTAH,TICC,RAP BATTLE,Accapella,2026,FOB,2026-02-27,https://www.youtube.com/watch?v=ZPPU1i7ktus,ZPPU1i7ktus,60069,,,
Young Kennedy,Aladin,  Proving Grounds  Only 2025,On Beat,2025,DLTLLY,2026-02-26,https://www.youtube.com/watch?v=nnRbVliegmw,nnRbVliegmw,8813,,,
Rager,Yuah,  Proving Grounds  Only ´25,On Beat,2026,DLTLLY,2026-02-24,https://www.youtube.com/watch?v=fODwwlJUTnM,fODwwlJUTnM,12891,,,
Notyzze,Robscure,  Kassel 2026,Accapella,2026,DLTLLY,2026-02-22,https://www.youtube.com/watch?v=FoRNSLmihwk,FoRNSLmihwk,35375,,,
Aladin,Mighty P,  Battlerap Taxi BDay Bash 2025,On Beat,2025,DLTLLY,2026-02-21,https://www.youtube.com/watch?v=1LNFby1VNu0,1LNFby1VNu0,7854,,,
CIPHER,MOKO,RAP BATTLE,Accapella,2026,FOB,2026-02-20,https://www.youtube.com/watch?v=dJ8CEOmL608,dJ8CEOmL608,2824,,,
Jäl,Mellow,🗣,Accapella,2026,DLTLLY,2026-02-15,https://www.youtube.com/watch?v=WXIuer5Oml4,WXIuer5Oml4,16541,,,
ZATO,H1,RAP BATTLE,Accapella,2026,FOB,2026-02-13,https://www.youtube.com/watch?v=MuUfSc36_6U,MuUfSc36_6U,12654,,,
Riesenlauch,MC Geuner,  Dissember 9,Accapella,2026,DLTLLY,2026-02-08,https://www.youtube.com/watch?v=5sxyiKeEYNs,5sxyiKeEYNs,40340,,,
MAVERICK MILES,L-SUPREMA,RAP BATTLE,Accapella,2026,FOB,2026-02-06,https://www.youtube.com/watch?v=rfY5kj8srUY,rfY5kj8srUY,6662,,,
RICOCHET,SILVER,RAP BATTLE,Accapella,2026,FOB,2026-02-01,https://www.youtube.com/watch?v=ekmefY3pxG0,ekmefY3pxG0,4051,,,
Fate,Shortworth,  Dissember 9,Accapella,2026,DLTLLY,2026-02-01,https://www.youtube.com/watch?v=aCCscEorf2w,aCCscEorf2w,29372,,,
GEMIN1,JOSEPH STEINSCHLEUDER,RAP BATTLE ENGLISH,Accapella,2026,FOB,2026-01-30,https://www.youtube.com/watch?v=ka-zuxLIE_A,ka-zuxLIE_A,27315,,,
Meidi,Robscure,Das Interview zum Battle,Accapella,2026,DLTLLY,2026-01-25,https://www.youtube.com/watch?v=YMvNjnH6hbQ,YMvNjnH6hbQ,10504,,,
Meidi,Robscure,  München 2025,Accapella,2025,DLTLLY,2026-01-25,https://www.youtube.com/watch?v=wmnWMO8RvBQ,wmnWMO8RvBQ,61509,,,
BURST & T-WAY,HIDING JOHN & HEINZ87,RAP BATTLE,Accapella,2026,FOB,2026-01-23,https://www.youtube.com/watch?v=zjRJDG0Xn_Q,zjRJDG0Xn_Q,18012,,,
Ripa,Hoodoo,  Proving Grounds,Accapella,2026,DLTLLY,2026-01-22,https://www.youtube.com/watch?v=4nEjyUsmMvg,4nEjyUsmMvg,4203,,,
Dyas,Baretta,  Battlerap Taxi BDay Bash 2025,On Beat,2025,DLTLLY,2026-01-20,https://www.youtube.com/watch?v=LkTHgzc4mwg,LkTHgzc4mwg,6681,,,
Jäl,Frozen,could not identify event,Accapella,2026,DLTLLY,2026-01-18,https://www.youtube.com/watch?v=Z9mdqmXnDnM,Z9mdqmXnDnM,12280,,,
KATER99,SA7VA,RAP BATTLE,Accapella,2026,FOB,2026-01-16,https://www.youtube.com/watch?v=6ExQMS0Po20,6ExQMS0Po20,3750,,,
Dascha,Mave,  Hamburg,Accapella,2026,DLTLLY,2026-01-13,https://www.youtube.com/watch?v=P8bFGQP2P4k,P8bFGQP2P4k,28448,,,
MÄST,TESSTIMONY,RAP BATTLE,Accapella,2026,FOB,2026-01-11,https://www.youtube.com/watch?v=roEE44_9vT4,roEE44_9vT4,3923,,,
Davie Jones,Kitana,Das Interview zum Battle,Accapella,2026,DLTLLY,2026-01-11,https://www.youtube.com/watch?v=cmdMkO1KqVI,cmdMkO1KqVI,13941,,,
Davie Jones,Kitana,  München 2025,Accapella,2025,DLTLLY,2026-01-11,https://www.youtube.com/watch?v=lg04k4t6rmQ,lg04k4t6rmQ,94393,,,
TAREK,MAMO,RAP BATTLE,Accapella,2026,FOB,2026-01-09,https://www.youtube.com/watch?v=7u4sLILDFkg,7u4sLILDFkg,4112,,,
Shizu,Requiem,  München 2025,Accapella,2025,DLTLLY,2026-01-04,https://www.youtube.com/watch?v=G58OamfHFF4,G58OamfHFF4,31775,,,
MOODY,WANDELBARZ,RAP BATTLE,Accapella,2026,FOB,2026-01-02,https://www.youtube.com/watch?v=3PKu2m4H8vc,3PKu2m4H8vc,10318,,,
🥶 SSYNIC,BEASTBOY #dltlly Duration:PT1M45S Uploaded:2025-12-31 Views:32184 Channel:DLTLLY,battlerap culture Thumbnail:https:,Accapella,2025,DLTLLY,2025-12-31,https://www.youtube.com/watch?v=5Dh1E_ojpus,5Dh1E_ojpus,1678950,,,
BEASTBOY,SSYNIC,could not identify event,Accapella,2025,DLTLLY,2025-12-28,https://www.youtube.com/watch?v=q6vZn31er_8,q6vZn31er_8,1264762,,,
Ssynic,Beastboy,Das Interview zum Battle,Accapella,2025,DLTLLY,2025-12-28,https://www.youtube.com/watch?v=9u3vcQdMjeU,9u3vcQdMjeU,270099,,,
FAIVEL,CAPCO JONES,RAP BATTLE,Accapella,2025,FOB,2025-12-26,https://www.youtube.com/watch?v=qQDPoPyCtw0,qQDPoPyCtw0,7742,,,
Young Kennedy,Gerro,  München 2025,Accapella,2025,DLTLLY,2025-12-24,https://www.youtube.com/watch?v=w1eGiZ53t3o,w1eGiZ53t3o,15156,,,
F!O,DANDROID,RAP BATTLE,Accapella,2025,FOB,2025-12-24,https://www.youtube.com/watch?v=D1OHI0iDq4U,D1OHI0iDq4U,14405,,,
Musio,Schlawin0r,  München 2025,Accapella,2025,DLTLLY,2025-12-21,https://www.youtube.com/watch?v=yTmz0h0MajE,yTmz0h0MajE,11312,,,
Allmani,Oudhini,  Zürich,Accapella,2025,DLTLLY,2025-12-20,https://www.youtube.com/watch?v=WEm3ENIce48,WEm3ENIce48,6906,,,
MERLIN,BONG TEGGY,RAP BATTLE,Accapella,2025,FOB,2025-12-19,https://www.youtube.com/watch?v=M15yikG8_wg,M15yikG8_wg,67530,,,
Cashus K & Mazzikaner,Pennakind & Tyler Bourbon,2on2  München,Accapella,2025,DLTLLY,2025-12-14,https://www.youtube.com/watch?v=xlg81_gzpa0,xlg81_gzpa0,9297,,,
ZATO,TRIPLE,FREESTYLE BATTLE,Accapella,2025,FOB,2025-12-14,https://www.youtube.com/watch?v=xkK9n7Et5mA,xkK9n7Et5mA,2831,,,
DAVIE JONES,FATE,RAP BATTLE,Accapella,2025,FOB,2025-12-12,https://www.youtube.com/watch?v=7tsHTdjf1vo,7tsHTdjf1vo,21873,,,
JÄL,VON FELIX,TRAILER,Accapella,2025,FOB,2025-12-11,https://www.youtube.com/watch?v=1sloAOBJ7X0,1sloAOBJ7X0,4732,,,
JAMAIKA KLAUS,BARETTA,could not identify event,Accapella,2025,FOB,2025-12-09,https://www.youtube.com/watch?v=lQLcEUQHcYs,lQLcEUQHcYs,4928,,,
JOSEPH STEINSCHLEUDER,CASHISCLAY,FREESTYLE RAP BATTLE,Accapella,2025,FOB,2025-12-08,https://www.youtube.com/watch?v=nLAIi1shXNs,nLAIi1shXNs,19865,,,
Notyzze,Triple,  München 2025,Accapella,2025,DLTLLY,2025-12-07,https://www.youtube.com/watch?v=l9g0AAt7q0E,l9g0AAt7q0E,23234,,,
CASHUS K,HERR SÖREN,RAP BATTLE,Accapella,2025,FOB,2025-12-06,https://www.youtube.com/watch?v=-cBzvbMHBzY,-cBzvbMHBzY,2194,,,
BAULT,FYNN,RAP BATTLE,Accapella,2025,FOB,2025-12-05,https://www.youtube.com/watch?v=YuOlOphdUDk,YuOlOphdUDk,27532,,,
ZATO,BARETTA,RAP BATTLE,Accapella,2025,FOB,2025-12-02,https://www.youtube.com/watch?v=LkbaM1tUn7w,LkbaM1tUn7w,7889,,,
Riesenlauch,Frax One,  Zürich,Accapella,2025,DLTLLY,2025-11-30,https://www.youtube.com/watch?v=UIn4teZtMTU,UIn4teZtMTU,10472,,,
Saimon Disko,Lerou,  Zürich,Accapella,2025,DLTLLY,2025-11-29,https://www.youtube.com/watch?v=HiTF8Df5bk0,HiTF8Df5bk0,5966,,,
ENYO,JÄL,RAP BATTLE,Accapella,2025,FOB,2025-11-28,https://www.youtube.com/watch?v=ImLeWMYysh8,ImLeWMYysh8,11274,,,
Morgana & Shizu,Mighty P & Lamin,  Splash Festival 2025,On Beat,2025,DLTLLY,2025-11-25,https://www.youtube.com/watch?v=32n-EysbDX4,32n-EysbDX4,10426,,,
Gregpipe,Meidi,  Bday 12,Accapella,2025,DLTLLY,2025-11-23,https://www.youtube.com/watch?v=jcY3FFWtCTs,jcY3FFWtCTs,151055,,,
Gregpipe,Meidi,Das Interview zum Battle,Accapella,2025,DLTLLY,2025-11-23,https://www.youtube.com/watch?v=Mlrf7lvO0Oo,Mlrf7lvO0Oo,14913,,,
Nastic & Valik,Requiem & Frozen,  Feel &#39;25,On Beat,2025,DLTLLY,2025-11-22,https://www.youtube.com/watch?v=xjEyfYb_hVA,xjEyfYb_hVA,6899,,,
VON FELIX,MZUDEMK,RAP BATTLE,Accapella,2025,FOB,2025-11-21,https://www.youtube.com/watch?v=khE4zsuxInQ,khE4zsuxInQ,53609,,,
Calli,Quame65,  Splash Festival 2025,On Beat,2025,DLTLLY,2025-11-18,https://www.youtube.com/watch?v=Q61s3Q-OkLc,Q61s3Q-OkLc,6728,,,
Joseph Steinschleuder,Duff,  Bday 12,Accapella,2025,DLTLLY,2025-11-16,https://www.youtube.com/watch?v=1J3FJJPZ4fc,1J3FJJPZ4fc,53566,,,
Faivel & Young Kennedy,Andres Kaliba & A.GE,  Splash Festival 2025,On Beat,2025,DLTLLY,2025-11-14,https://www.youtube.com/watch?v=rs_J2p-5Nxk,rs_J2p-5Nxk,7150,,,
VYRUS,KRISO,RAP BATTLE,Accapella,2025,FOB,2025-11-14,https://www.youtube.com/watch?v=qERNJ3ZjU08,qERNJ3ZjU08,15099,,,
Aytee,Pablo,  Bday 12,On Beat,2025,DLTLLY,2025-11-09,https://www.youtube.com/watch?v=JGZ6QQPKibE,JGZ6QQPKibE,88918,,,
BUNGEE,ADAM RIESE,RAP BATTLE,Accapella,2025,FOB,2025-11-07,https://www.youtube.com/watch?v=gWvK_yWD0Hk,gWvK_yWD0Hk,2462,,,
SSYNIC,???,06.12.2025 Berlin - DISSember 9,Accapella,2025,DLTLLY,2025-11-03,https://www.youtube.com/watch?v=mHV0ECZZEz8,mHV0ECZZEz8,218662,,,
El Cambio,Purp Division,  Zürich,Accapella,2025,DLTLLY,2025-11-02,https://www.youtube.com/watch?v=TUTpf3Z3o9Q,TUTpf3Z3o9Q,6815,,,
DER KATER,LUI,RAP BATTLE,Accapella,2025,FOB,2025-10-31,https://www.youtube.com/watch?v=hSQ1gJ0Oi2Y,hSQ1gJ0Oi2Y,2373,,,
Bdad,Shizu,  Bday 12,Accapella,2025,DLTLLY,2025-10-26,https://www.youtube.com/watch?v=J0qDMBdgcGM,J0qDMBdgcGM,45795,,,
KITANA,BDAD,#,Accapella,2025,DLTLLY,2025-10-25,https://www.youtube.com/watch?v=TgW6YAp_izg,TgW6YAp_izg,9407,,,
MECHTHILD,TRIPLE,RAP BATTLE,Accapella,2025,FOB,2025-10-24,https://www.youtube.com/watch?v=5XXhcodxypE,5XXhcodxypE,4056,,,
Leyla Lamour & Liuz,Ano-Nym & Grave40,  Splash Festival 2025,On Beat,2025,DLTLLY,2025-10-21,https://www.youtube.com/watch?v=B2Lew8ozYmY,B2Lew8ozYmY,17671,,,
Yuah & LuckyLily,Gerro & Tokz,  Splash! Festival,On Beat,2025,DLTLLY,2025-10-19,https://www.youtube.com/watch?v=RwBm7UZ77zI,RwBm7UZ77zI,26153,,,
ADY ASADICT,EMSTACC,RAP BATTLE,Accapella,2025,FOB,2025-10-17,https://www.youtube.com/watch?v=P4rUdIq44Go,P4rUdIq44Go,2520,,,
Mordrake,Despo,  Taped!,On Beat,2025,DLTLLY,2025-10-16,https://www.youtube.com/watch?v=SsMrGSWEH3k,SsMrGSWEH3k,8171,,,
Ano-Nym,Vyrus,INTERVIEW 12th Bday,Accapella,2025,DLTLLY,2025-10-12,https://www.youtube.com/watch?v=9TFVhqPyL68,9TFVhqPyL68,14025,,,
Ano-Nym,Vyrus,TITLE CONTENDERMATCH 12th Bday,On Beat,2025,DLTLLY,2025-10-12,https://www.youtube.com/watch?v=-z0hxHuJbOc,-z0hxHuJbOc,99735,,,
FYNN,DYAS,RAP BATTLE,Accapella,2025,FOB,2025-10-10,https://www.youtube.com/watch?v=N7Esy4XcFy0,N7Esy4XcFy0,5274,,,
MAC,FÄNNO,RAP BATTLE,Accapella,2025,FOB,2025-10-05,https://www.youtube.com/watch?v=wJEEjaUDmU0,wJEEjaUDmU0,2870,,,
Dizaster,Gemin1,INTERVIEW  Berlin 12th Birthday Event,Accapella,2025,DLTLLY,2025-10-05,https://www.youtube.com/watch?v=rg4vAZ-6uzs,rg4vAZ-6uzs,5070,,,
Dizaster,Gemin1,  Berlin,Accapella,2025,DLTLLY,2025-10-05,https://www.youtube.com/watch?v=ENLOY68s_Uc,ENLOY68s_Uc,81016,,,
BAULT,SA7VA,RAP BATTLE,Accapella,2025,FOB,2025-10-03,https://www.youtube.com/watch?v=4986AsKH2yY,4986AsKH2yY,4868,,,
BlaDesa,Calli,INTERVIEW Tapefabrik,Accapella,2025,DLTLLY,2025-09-30,https://www.youtube.com/watch?v=oWDx4eWUlvI,oWDx4eWUlvI,2409,,,
BlaDesa,Calli,  Tapefabrik,Accapella,2025,DLTLLY,2025-09-30,https://www.youtube.com/watch?v=rUTpW0OuRUQ,rUTpW0OuRUQ,21091,,,
Kato & Ryko J,CashisClay & 4Tune,  Splash 2025!,Accapella,2025,DLTLLY,2025-09-28,https://www.youtube.com/watch?v=rRlHL7A6GsY,rRlHL7A6GsY,22092,,,
TOBO,JAVAS,RAP BATTLE,Accapella,2025,FOB,2025-09-26,https://www.youtube.com/watch?v=aS2dhmR_Q9U,aS2dhmR_Q9U,3638,,,
Lara Soft,Freezy,  Taped!,Accapella,2025,DLTLLY,2025-09-23,https://www.youtube.com/watch?v=_luCDi3t-3w,_luCDi3t-3w,17623,,,
Fate & Sh@wdy Sh@f,Cashus K & Mazzikaner,  Feel,Accapella,2025,DLTLLY,2025-09-21,https://www.youtube.com/watch?v=r794ZPxMINc,r794ZPxMINc,43210,,,
TOMMY GUN,T-WAY,RAP BATTLE,Accapella,2025,FOB,2025-09-19,https://www.youtube.com/watch?v=w61w1samU4k,w61w1samU4k,4617,,,
Jepain,Papa TR,  Freiburg,Accapella,2025,DLTLLY,2025-09-14,https://www.youtube.com/watch?v=Q8hyICBnNQI,Q8hyICBnNQI,12300,,,
MUSIO,TOLLSCHOCK,RAP BATTLE,Accapella,2025,FOB,2025-09-12,https://www.youtube.com/watch?v=XjPwbYieUQs,XjPwbYieUQs,8435,,,
Capco Jonnes,Riesenlauch,  Freiburg,Accapella,2025,DLTLLY,2025-09-07,https://www.youtube.com/watch?v=nKZSBk5adnI,nKZSBk5adnI,15186,,,
RIMA,MANEK,RAP BATTLE,Accapella,2025,FOB,2025-09-07,https://www.youtube.com/watch?v=Wn_Tm08TPlo,Wn_Tm08TPlo,4501,,,
FAIVEL,YUNA L,RAP BATTLE,Accapella,2025,FOB,2025-09-05,https://www.youtube.com/watch?v=J0nUHgX5410,J0nUHgX5410,10693,,,
Bdad,Kato,Interview Event Name oder Stadt,Accapella,2025,DLTLLY,2025-08-31,https://www.youtube.com/watch?v=BaWlVU_CqR0,BaWlVU_CqR0,9787,,,
BAULT,SILVER,RAP BATTLE,Accapella,2025,FOB,2025-08-31,https://www.youtube.com/watch?v=SzXSJYcHl80,SzXSJYcHl80,6231,,,
Bdad,Kato,  Freiburg,Accapella,2025,DLTLLY,2025-08-30,https://www.youtube.com/watch?v=GpW1688ARg0,GpW1688ARg0,85990,,,
JIZI,KEULE257,RAP BATTLE,Accapella,2025,FOB,2025-08-29,https://www.youtube.com/watch?v=PlRe0-7MdtE,PlRe0-7MdtE,39393,,,
BanDan,Aladin,  Wien,Accapella,2025,DLTLLY,2025-08-28,https://www.youtube.com/watch?v=MmlbdfDGL_M,MmlbdfDGL_M,8300,,,
Shortworth,Ryko-J,  Freiburg,Accapella,2025,DLTLLY,2025-08-24,https://www.youtube.com/watch?v=smdHGVGCCF0,smdHGVGCCF0,56794,,,
L-SUPREMA,LYT,RAP BATTLE,Accapella,2025,FOB,2025-08-24,https://www.youtube.com/watch?v=f4lsqfYo37M,f4lsqfYo37M,6471,,,
LIUZ,DESPO,RAP BATTLE,Accapella,2025,FOB,2025-08-22,https://www.youtube.com/watch?v=22XkM2AtGc4,22XkM2AtGc4,6590,,,
Frax One,Danny Deadweight,  Proving Grounds,Accapella,2025,DLTLLY,2025-08-21,https://www.youtube.com/watch?v=8DkFnov9Fow,8DkFnov9Fow,5980,,,
Notyzze,Yuah,Freestyle Battle NRWeekend 8,Accapella,2025,DLTLLY,2025-08-20,https://www.youtube.com/watch?v=rPs1RarY43I,rPs1RarY43I,20140,,,
Duff,MC Geuner,  Freiburg,Accapella,2025,DLTLLY,2025-08-19,https://www.youtube.com/watch?v=A8B7NIVqUlg,A8B7NIVqUlg,21962,,,
TRIPLE,RALLE,RAP BATTLE,Accapella,2025,FOB,2025-08-17,https://www.youtube.com/watch?v=VlMReN-CMX0,VlMReN-CMX0,3243,,,
Wolff,Hiding John,Title Contender Match Freiburg,Accapella,2025,DLTLLY,2025-08-17,https://www.youtube.com/watch?v=p46mDmjoHfg,p46mDmjoHfg,96346,,,
TICC,ROOL,RAP BATTLE,Accapella,2025,FOB,2025-08-15,https://www.youtube.com/watch?v=NyoxA5ATQ3w,NyoxA5ATQ3w,22716,,,
TRACY,MZUDEMK,GAME CHANGER VIERTELFINALE,Accapella,2025,FOB,2025-08-10,https://www.youtube.com/watch?v=QyQ2poDBDYM,QyQ2poDBDYM,32579,,,
AMS,JÄL,GAME CHANGER VIERTELFINALE,Accapella,2025,FOB,2025-08-09,https://www.youtube.com/watch?v=eZLTR2OLG7M,eZLTR2OLG7M,11567,,,
ENYO,DER SANDMANN,GAME CHANGER VIERTELFINALE,Accapella,2025,FOB,2025-08-08,https://www.youtube.com/watch?v=IWWtO2HfY8g,IWWtO2HfY8g,10278,,,
H1,VON FELIX,GAME CHANGER VIERTELFINALE,Accapella,2025,FOB,2025-08-05,https://www.youtube.com/watch?v=r5JmVhtUvho,r5JmVhtUvho,18061,,,
REQUIEM,VYRUS,RAP BATTLE,Accapella,2025,FOB,2025-08-01,https://www.youtube.com/watch?v=1RahrZ7_-48,1RahrZ7_-48,29711,,,
YUAH,ILHAN,RAP BATTLE,Accapella,2025,FOB,2025-07-25,https://www.youtube.com/watch?v=_CDt4MYPi9w,_CDt4MYPi9w,25378,,,
STEEL,MORGANA,ON BEAT TITLE MATCH,On Beat,2025,FOB,2025-07-18,https://www.youtube.com/watch?v=nFIMoUOATCw,nFIMoUOATCw,30793,,,
KIRUMA,WOLFF,RAP BATTLE,Accapella,2025,FOB,2025-07-11,https://www.youtube.com/watch?v=cpaSwgCqRaU,cpaSwgCqRaU,70365,,,
RIESENLAUCH,PALEIACCI,RAP BATTLE,Accapella,2025,FOB,2025-07-06,https://www.youtube.com/watch?v=PFt4LwqBAsU,PFt4LwqBAsU,8437,,,
NATALI,SNAKEHEADRHYME,RAP BATTLE,Accapella,2025,FOB,2025-07-04,https://www.youtube.com/watch?v=-8W4n_PWzAA,-8W4n_PWzAA,13862,,,
JOSEPH STEINSCHLEUDER,HARLEM T,RAP BATTLE,Accapella,2025,FOB,2025-06-27,https://www.youtube.com/watch?v=j6NgJDz5Pac,j6NgJDz5Pac,47233,,,
Jilly,SIC68,  Proving Grounds,Accapella,2025,DLTLLY,2025-06-24,https://www.youtube.com/watch?v=uE5ThbpbSck,uE5ThbpbSck,6119,,,
Despo,Shorteh Taunton,   Only,On Beat,2025,DLTLLY,2025-06-23,https://www.youtube.com/watch?v=9btj3F3T-oo,9btj3F3T-oo,8506,,,
Faivel,Mellow,  WIEN,Accapella,2025,DLTLLY,2025-06-22,https://www.youtube.com/watch?v=tCdymUD7qjk,tCdymUD7qjk,9816,,,
MC GEUNER,KRISO,RAP BATTLE,Accapella,2025,FOB,2025-06-20,https://www.youtube.com/watch?v=PJJZYHWUjUg,PJJZYHWUjUg,10656,,,
Lazlo Mxrphine,Mighty P.,   Only,On Beat,2025,DLTLLY,2025-06-19,https://www.youtube.com/watch?v=5O4q1loFp_Q,5O4q1loFp_Q,28891,,,
Gundalf,Purp Division,  Proving Grounds,Accapella,2025,DLTLLY,2025-06-17,https://www.youtube.com/watch?v=si8gDwlPxEo,si8gDwlPxEo,9147,,,
Riesenlauch,Tyler Bourbon,  Wien,Accapella,2025,DLTLLY,2025-06-15,https://www.youtube.com/watch?v=ohUZmNFrR3g,ohUZmNFrR3g,13195,,,
MOODY,YOUNG KENNEDY,RAP BATTLE,Accapella,2025,FOB,2025-06-13,https://www.youtube.com/watch?v=BqM7oeYeegs,BqM7oeYeegs,6963,,,
Joseph Steinschleuder,Pamflit,International  NRWeekend 8,Accapella,2025,DLTLLY,2025-06-07,https://www.youtube.com/watch?v=uXTSyzP-XI0,uXTSyzP-XI0,35171,,,
EYNAK,WANDELBARZ,RAP BATTLE,Accapella,2025,FOB,2025-06-06,https://www.youtube.com/watch?v=R81FPAW0Cy8,R81FPAW0Cy8,9888,,,
Ticc,Mordrake,Only! Panke Berlin,On Beat,2025,DLTLLY,2025-06-05,https://www.youtube.com/watch?v=KCDHP8wl1RM,KCDHP8wl1RM,40675,,,
RYKO-J,LUCKYLILY,  NRWeekend 8,Accapella,2025,DLTLLY,2025-06-01,https://www.youtube.com/watch?v=QApiZWI3i6U,QApiZWI3i6U,129971,,,
YUMI,DER SANDMANN,RAP BATTLE,Accapella,2025,FOB,2025-06-01,https://www.youtube.com/watch?v=NCYKUvpxs-s,NCYKUvpxs-s,5446,,,
Ryko-J,LuckyLily,INTERVIEW NRWeekend 8,Accapella,2025,DLTLLY,2025-06-01,https://www.youtube.com/watch?v=9gVR1RPK4cY,9gVR1RPK4cY,23807,,,
H1,MÄST,RAP BATTLE,Accapella,2025,FOB,2025-05-30,https://www.youtube.com/watch?v=KiFGlNKnLw8,KiFGlNKnLw8,7907,,,
Gerro,TOKZ,  Berlin,On Beat,2025,DLTLLY,2025-05-29,https://www.youtube.com/watch?v=qO64q_vBrqU,qO64q_vBrqU,15036,,,
VON FELIX,TESSTIMONY,RAP BATTLE,Accapella,2025,FOB,2025-05-25,https://www.youtube.com/watch?v=L51lZHRiuYc,L51lZHRiuYc,8686,,,
Vyrus,Snakeheadrhyme,  NRWeekend 8,Accapella,2025,DLTLLY,2025-05-25,https://www.youtube.com/watch?v=TaYG3fYqX6c,TaYG3fYqX6c,27543,,,
Vyrus,Snakeheadrhyme,INTERVIEW NRWeekend 8,Accapella,2025,DLTLLY,2025-05-25,https://www.youtube.com/watch?v=HzaSD52w0qw,HzaSD52w0qw,2019,,,
AMS,KAZRAEL,RAP BATTLE,Accapella,2025,FOB,2025-05-23,https://www.youtube.com/watch?v=Ioq_13OB1Vg,Ioq_13OB1Vg,7223,,,
Herr Sören,Johnny Schewski,Battle Panke Berlin,On Beat,2025,DLTLLY,2025-05-22,https://www.youtube.com/watch?v=5QWp-ZmPxFw,5QWp-ZmPxFw,7694,,,
Unanymous,Jeevz,International  NRWeekend 8,Accapella,2025,DLTLLY,2025-05-18,https://www.youtube.com/watch?v=f3JE-AzU-0c,f3JE-AzU-0c,8439,,,
JERRY VSAN,MZUDEMK,RAP BATTLE,Accapella,2025,FOB,2025-05-16,https://www.youtube.com/watch?v=9T_8MnL4888,9T_8MnL4888,90989,,,
Capco Jones,Heinz87,  Kassel,Accapella,2025,DLTLLY,2025-05-15,https://www.youtube.com/watch?v=qG0_r9p6Muc,qG0_r9p6Muc,9153,,,
🏆 PPV OUT NOW - MIT TITLE MATCH STEEL,MORGANA VYRUS YUAH REQUIEM UVM.,could not identify event,Accapella,2025,FOB,2025-05-15,https://www.youtube.com/watch?v=8SKi-c2pj1c,8SKi-c2pj1c,6964,,,
Zeuge,Moody,NRWeekend 8,Accapella,2025,DLTLLY,2025-05-11,https://www.youtube.com/watch?v=TXyS6b-GDFE,TXyS6b-GDFE,21035,,,
JÄL,SHAWN MORENO,RAP BATTLE,Accapella,2025,FOB,2025-05-09,https://www.youtube.com/watch?v=HotnxCt_Y98,HotnxCt_Y98,9351,,,
RIMA,TRACY,RAP BATTLE,Accapella,2025,FOB,2025-05-04,https://www.youtube.com/watch?v=BGPIQFIZTa8,BGPIQFIZTa8,8863,,,
Morgana,Ano-Nym,Interview  Only &#39;25,On Beat,2025,DLTLLY,2025-05-04,https://www.youtube.com/watch?v=3Bc_tXH0MQM,3Bc_tXH0MQM,8245,,,
Ano-Nym,Morgana,   Only &#39;25,On Beat,2025,DLTLLY,2025-05-04,https://www.youtube.com/watch?v=4GcjUISJthk,4GcjUISJthk,131385,,,
THUNDER HUSTLE,ENYO,RAP BATTLE,Accapella,2025,FOB,2025-05-02,https://www.youtube.com/watch?v=EFQVEjRMQBc,EFQVEjRMQBc,15864,,,
Bdad,Kato,Teaser Mayhem 8,Accapella,2025,DLTLLY,2025-05-02,https://www.youtube.com/watch?v=A4YmPpLy6SQ,A4YmPpLy6SQ,9404,,,
Cashus K,Mazzikaner,One Rounder  Kassel,Accapella,2025,DLTLLY,2025-05-01,https://www.youtube.com/watch?v=8-4oBnK0qvw,8-4oBnK0qvw,9234,,,
MAURITS,DARIO,RAP BATTLE,Accapella,2025,FOB,2025-04-29,https://www.youtube.com/watch?v=yY5T08XY69M,yY5T08XY69M,3274,,,
Lyrico,Kiruma,Match-Teaser für MAYhem 8 - 03.05.25 - Berlin,Accapella,2025,DLTLLY,2025-04-28,https://www.youtube.com/watch?v=Mc2aXEyvTCU,Mc2aXEyvTCU,8662,,,
Emenes,Joseph Steinschleuder,   Berlin,Accapella,2025,DLTLLY,2025-04-27,https://www.youtube.com/watch?v=dmih32mOqvI,dmih32mOqvI,171125,,,
MOKO,HARLEM T,RAP BATTLE,Accapella,2025,FOB,2025-04-27,https://www.youtube.com/watch?v=Z7zbdw0lQE0,Z7zbdw0lQE0,4518,,,
FAIVEL,KRISO,RAP BATTLE,Accapella,2025,FOB,2025-04-25,https://www.youtube.com/watch?v=FfSCHXhfYMw,FfSCHXhfYMw,7987,,,
Sizyphos,Wolff,  Kassel,Accapella,2025,DLTLLY,2025-04-20,https://www.youtube.com/watch?v=LvFNAUPx3bo,LvFNAUPx3bo,124883,,,
Sizyphos,Wolff,Interview Kassel,Accapella,2025,DLTLLY,2025-04-20,https://www.youtube.com/watch?v=XBXwa0j6NAY,XBXwa0j6NAY,13288,,,
BARETTA,LYT,RAP BATTLE,Accapella,2025,FOB,2025-04-20,https://www.youtube.com/watch?v=gDMtxVnkhjM,gDMtxVnkhjM,5731,,,
LAVAS,FYNN,RAP BATTLE,Accapella,2025,FOB,2025-04-18,https://www.youtube.com/watch?v=VjmsWn79FUw,VjmsWn79FUw,11192,,,
Ferry,Shizu,  Kassel,Accapella,2025,DLTLLY,2025-04-13,https://www.youtube.com/watch?v=g2pFv1bIBXE,g2pFv1bIBXE,31822,,,
CELUNE,BDAD,RAP BATTLE,Accapella,2025,FOB,2025-04-11,https://www.youtube.com/watch?v=q7sXw-FC4YY,q7sXw-FC4YY,38812,,,
Ryko J,Fate,  DISSember 8,Accapella,2025,DLTLLY,2025-04-10,https://www.youtube.com/watch?v=lKGDAMNjHLE,lKGDAMNjHLE,39998,,,
Bdad,Kitana,Teaser Wien 12.04.,Accapella,2025,DLTLLY,2025-04-09,https://www.youtube.com/watch?v=__C8BljtrHc,__C8BljtrHc,11542,,,
Yarambo,Meidi,Interview DISSember8,Accapella,2025,DLTLLY,2025-04-06,https://www.youtube.com/watch?v=kxIw0Z2ZA6k,kxIw0Z2ZA6k,12796,,,
Yarambo,Meidi,  DISSember 8,Accapella,2025,DLTLLY,2025-04-06,https://www.youtube.com/watch?v=UxQTqBKXUfI,UxQTqBKXUfI,148894,,,
HIDING JOHN,JIZI,RAP BATTLE,Accapella,2025,FOB,2025-04-04,https://www.youtube.com/watch?v=GFEPBGtw94I,GFEPBGtw94I,89787,,,
Craze,Neilz,Interview Dissember8,Accapella,2025,DLTLLY,2025-03-30,https://www.youtube.com/watch?v=lVopiPk8pfE,lVopiPk8pfE,28117,,,
Craze,Neilz,  Dissember 8,Accapella,2025,DLTLLY,2025-03-30,https://www.youtube.com/watch?v=3p2GdJMQ6GA,3p2GdJMQ6GA,168176,,,
OREGANO,DAVIE JONES,RAP BATTLE,Accapella,2025,FOB,2025-03-28,https://www.youtube.com/watch?v=vJvkxeKeC3w,vJvkxeKeC3w,96213,,,
DAVIE JONES,BEASTBOY,Interview NRWeekend 8,Accapella,2025,DLTLLY,2025-03-23,https://www.youtube.com/watch?v=E2s4ZnUUzWo,E2s4ZnUUzWo,311637,,,
Davie Jones,BEASTBOY,  NRWeekend 8,Accapella,2025,DLTLLY,2025-03-23,https://www.youtube.com/watch?v=2gujsLjMnU0,2gujsLjMnU0,3343362,,,
JOSEPH STEINSCHLEUDER,VYRUS,RAP BATTLE,Accapella,2025,FOB,2025-03-21,https://www.youtube.com/watch?v=VW9JWWYWTAc,VW9JWWYWTAc,85911,,,
Aytee,Karanova,Interview Berlin &#39;25,Accapella,2025,DLTLLY,2025-03-16,https://www.youtube.com/watch?v=s501ewLwo1w,s501ewLwo1w,10013,,,
Aytee,Karanova,🏆 ON BEAT TITLE MATCH 2025 🏆,On Beat,2025,DLTLLY,2025-03-16,https://www.youtube.com/watch?v=SYo3zBQzwtQ,SYo3zBQzwtQ,290868,,,
KALP ONE,VALIK,RAP BATTLE,Accapella,2024,FOB,2025-03-14,https://www.youtube.com/watch?v=pJA2VSeUyrw,pJA2VSeUyrw,7765,,,
Kato,Tobi High,Title Match 2024 DISSember 8,Accapella,2024,DLTLLY,2025-03-09,https://www.youtube.com/watch?v=KYE2dCsI8oU,KYE2dCsI8oU,123671,,,
Kato,Tobi High,Interview zum Title Match Dissember 8,Accapella,2025,DLTLLY,2025-03-09,https://www.youtube.com/watch?v=Se4aQd0xzL4,Se4aQd0xzL4,25614,,,
LUCKYLILY,T-WAY,RAP BATTLE,Accapella,2025,FOB,2025-03-07,https://www.youtube.com/watch?v=jogDDg8UrT0,jogDDg8UrT0,16056,,,
Hiding John,Requiem,  DISSember 8,Accapella,2025,DLTLLY,2025-03-02,https://www.youtube.com/watch?v=sVftXy-84ME,sVftXy-84ME,64475,,,
TICC,FEEL.IKX,RAP BATTLE,Accapella,2025,FOB,2025-02-28,https://www.youtube.com/watch?v=AFaZPkRlbVQ,AFaZPkRlbVQ,17259,,,
Robscure,Karkobi,  Kassel,Accapella,2025,DLTLLY,2025-02-23,https://www.youtube.com/watch?v=cPiNUjyXRv4,cPiNUjyXRv4,58885,,,
ALADIN,KOOZY,RAP BATTLE,Accapella,2025,FOB,2025-02-21,https://www.youtube.com/watch?v=90w3P4aaCew,90w3P4aaCew,5741,,,
Requiem,Sizyphos,Interview Freiburg,Accapella,2025,DLTLLY,2025-02-16,https://www.youtube.com/watch?v=J0tMmTZQYlo,J0tMmTZQYlo,4317,,,
Requiem,Sizyphos,  Freiburg &#39;24,Accapella,2025,DLTLLY,2025-02-16,https://www.youtube.com/watch?v=nkkgsZG1RTI,nkkgsZG1RTI,84869,,,
MAZZIKANER & CASHUS K,LAZLO MXRPHINE & DOKTOR LUKAS FRANK,RAP BATTLE,Accapella,2025,FOB,2025-02-14,https://www.youtube.com/watch?v=3_KX2HILsCU,3_KX2HILsCU,7189,,,
Davie Jones,Craze,  Freiburg &#39;24,Accapella,2025,DLTLLY,2025-02-09,https://www.youtube.com/watch?v=cTXwSOqrZXY,cTXwSOqrZXY,75662,,,
Craze,Davie Jones,Interview Freiburg &#39;24,Accapella,2025,DLTLLY,2025-02-09,https://www.youtube.com/watch?v=7Viv4hq0jEo,7Viv4hq0jEo,6696,,,
NOTYZZE,YUAH,RAP BATTLE,Accapella,2025,FOB,2025-02-07,https://www.youtube.com/watch?v=BvO2sdUm1q4,BvO2sdUm1q4,51964,,,
Moody,Celune,  Freiburg &#39;24,Accapella,2025,DLTLLY,2025-02-06,https://www.youtube.com/watch?v=wytgWL8RCEA,wytgWL8RCEA,28814,,,
Moody,Celune,Interview Freiburg &#39;24,Accapella,2025,DLTLLY,2025-02-06,https://www.youtube.com/watch?v=e_BdozUEAf8,e_BdozUEAf8,3350,,,
Aytee,Karanova,Title Match - Provokation  Only Berlin,On Beat,2025,DLTLLY,2025-02-04,https://www.youtube.com/watch?v=Zp6mL0C23YM,Zp6mL0C23YM,11490,,,
Shortworth,Young Kennedy,Interview Freiburg &#39;24,Accapella,2025,DLTLLY,2025-02-02,https://www.youtube.com/watch?v=Jb7nLnvt9xk,Jb7nLnvt9xk,948,,,
Young Kennedy,Shortworth,  Freiburg &#39;24,Accapella,2025,DLTLLY,2025-02-02,https://www.youtube.com/watch?v=AtYLF4rn1R8,AtYLF4rn1R8,16388,,,
HEINZ87,LATIK,RAP BATTLE,Accapella,2025,FOB,2025-01-31,https://www.youtube.com/watch?v=NDHVCiqnl1c,NDHVCiqnl1c,5353,,,
Faivel,Riesenlauch,Interview Freiburg 24,Accapella,2025,DLTLLY,2025-01-26,https://www.youtube.com/watch?v=ECj6jzGhp2Q,ECj6jzGhp2Q,1271,,,
Faivel,Riesenlauch,  Freiburg 24,Accapella,2025,DLTLLY,2025-01-26,https://www.youtube.com/watch?v=5WnR6TDxAhg,5WnR6TDxAhg,16453,,,
NRG,FROZEN,RAP BATTLE,Accapella,2025,FOB,2025-01-24,https://www.youtube.com/watch?v=lr-V4CfntNI,lr-V4CfntNI,4510,,,
Bdad,Indoor Stan,  Freiburg 24,Accapella,2025,DLTLLY,2025-01-19,https://www.youtube.com/watch?v=PEXAziy1EDo,PEXAziy1EDo,53986,,,
Bdad,Indoor Stan,Interview Freiburg,Accapella,2025,DLTLLY,2025-01-19,https://www.youtube.com/watch?v=kb2BDEOUYwA,kb2BDEOUYwA,3812,,,
MOODY,ROOL,RAP BATTLE,Accapella,2025,FOB,2025-01-17,https://www.youtube.com/watch?v=14zNL0MQ9XQ,14zNL0MQ9XQ,5723,,,
Kiruma,Notyzze,  BORA Duisburg,Accapella,2025,DLTLLY,2025-01-12,https://www.youtube.com/watch?v=KUwb8QdHF0w,KUwb8QdHF0w,38952,,,
Notyzze,Kiruma,Interview BORA Duisburg,Accapella,2025,DLTLLY,2025-01-12,https://www.youtube.com/watch?v=IIUieRMUmxo,IIUieRMUmxo,6215,,,
CUBSAOUI,WATNKERL,RAP BATTLE,Accapella,2025,FOB,2025-01-10,https://www.youtube.com/watch?v=qpFKueKM-Bs,qpFKueKM-Bs,4956,,,
Sizyphos,Wolff,Battlerap-Match-Provokation Kassel 25 Sold out,Accapella,2025,DLTLLY,2025-01-10,https://www.youtube.com/watch?v=BbjXBi7dKw8,BbjXBi7dKw8,13430,,,
Despo,LAZLO MXRPHINE,Full   Duisburg,On Beat,2025,DLTLLY,2025-01-09,https://www.youtube.com/watch?v=w9fzWlAcwio,w9fzWlAcwio,29989,,,
LAZLO MXRPHINE,Despo,Interview Duisburg,Accapella,2025,DLTLLY,2025-01-09,https://www.youtube.com/watch?v=vKMm_mg5Zuo,vKMm_mg5Zuo,1471,,,
Mighty P,Duff,  Duisburg 2024,Accapella,2024,DLTLLY,2025-01-05,https://www.youtube.com/watch?v=iP82Tmhs7QA,iP82Tmhs7QA,20962,,,
Duff,Mighty P,Interview Duisburg 2024,Accapella,2024,DLTLLY,2025-01-03,https://www.youtube.com/watch?v=NbhXrt3dE38,NbhXrt3dE38,1745,,,
YUNA L,LUG,RAP BATTLE,Accapella,2025,FOB,2025-01-03,https://www.youtube.com/watch?v=kmIj06LSgh8,kmIj06LSgh8,12367,,,
Zeptah,Shorteh Taunton,Full Live   Feel Festival,On Beat,2025,DLTLLY,2025-01-02,https://www.youtube.com/watch?v=p36W5ErNVMs,p36W5ErNVMs,17890,,,
Ryko J,Nastic,  Duisburg,Accapella,2024,DLTLLY,2024-12-29,https://www.youtube.com/watch?v=r1gs-4umHNM,r1gs-4umHNM,30624,,,
Ryko J,Nastic,Interview Duisburg,Accapella,2024,DLTLLY,2024-12-29,https://www.youtube.com/watch?v=2rSyimY9Tn8,2rSyimY9Tn8,2843,,,
MUSIO,TAO,RAP BATTLE,Accapella,2024,FOB,2024-12-27,https://www.youtube.com/watch?v=H7fxAgomU4g,H7fxAgomU4g,10124,,,
CSN Galactico & Nastic,Shizu & Morgana,Live   Splash Festival 2024,On Beat,2024,DLTLLY,2024-12-26,https://www.youtube.com/watch?v=jv29TjM8rpI,jv29TjM8rpI,21371,,,
OREGANO,NATALI,RAP BATTLE,Accapella,2024,FOB,2024-12-24,https://www.youtube.com/watch?v=Hv3vSoclkiU,Hv3vSoclkiU,55183,,,
Aytee,Davie Jones,  Duisburg 2024,Accapella,2024,DLTLLY,2024-12-22,https://www.youtube.com/watch?v=Cte96RAY8Eg,Cte96RAY8Eg,183831,,,
Aytee,Davie Jones,Interview Duisburg 2024,Accapella,2024,DLTLLY,2024-12-22,https://www.youtube.com/watch?v=T85sc_MOnqA,T85sc_MOnqA,4143,,,
KATO,EZRA,RAP BATTLE,Accapella,2024,FOB,2024-12-22,https://www.youtube.com/watch?v=tzoyIe03xrY,tzoyIe03xrY,21738,,,
CLOCKWORK,PALEIACCI,LEVEL UP FINALE,Accapella,2024,FOB,2024-12-21,https://www.youtube.com/watch?v=iVFXKkpYfIs,iVFXKkpYfIs,5792,,,
JOSEPH STEINSCHLEUDER,CSN GALACTICO,RAP BATTLE,Accapella,2024,FOB,2024-12-20,https://www.youtube.com/watch?v=bJ8227BsnDk,bJ8227BsnDk,106926,,,
MATTIS,CRAZYO,RAP BATTLE,Accapella,2024,FOB,2024-12-19,https://www.youtube.com/watch?v=h7mOdHjhmKY,h7mOdHjhmKY,7642,,,
Karanova,Ano-Nym, splashfest  2024,On Beat,2024,DLTLLY,2024-12-19,https://www.youtube.com/watch?v=DHK_5lqwzJY,DHK_5lqwzJY,45791,,,
FYNN,SACHMA,RAP BATTLE,Accapella,2024,FOB,2024-12-18,https://www.youtube.com/watch?v=_djYJf_aEMc,_djYJf_aEMc,6380,,,
BDAD,STEEL,RAP BATTLE,Accapella,2024,FOB,2024-12-16,https://www.youtube.com/watch?v=P3N0ynzvueM,P3N0ynzvueM,17597,,,
Freekno,Gerro,  Duisburg,Accapella,2024,DLTLLY,2024-12-15,https://www.youtube.com/watch?v=9gqaV2Oygk8,9gqaV2Oygk8,13373,,,
DANNY DEADWEIGHT,HERR SÖREN,RAP BATTLE,Accapella,2024,FOB,2024-12-15,https://www.youtube.com/watch?v=LH8Jm328qJ8,LH8Jm328qJ8,7654,,,
Freekno,Gerro,Interview Duisburg,Accapella,2024,DLTLLY,2024-12-15,https://www.youtube.com/watch?v=G_WXB_qsS8I,G_WXB_qsS8I,1123,,,
PAPI SCHLAUCH,SIZYPHOS,RAP BATTLE,Accapella,2024,FOB,2024-12-13,https://www.youtube.com/watch?v=yTCdd3uhIFw,yTCdd3uhIFw,111530,,,
P-HAZE,SID,RAP BATTLE,Accapella,2024,FOB,2024-12-09,https://www.youtube.com/watch?v=qDRNB1U0k0Y,qDRNB1U0k0Y,2426,,,
Tobi High,Karma,&amp; Interview Splash Festival 2024,Accapella,2024,DLTLLY,2024-12-08,https://www.youtube.com/watch?v=Qfi3sqsUs-Y,Qfi3sqsUs-Y,15057,,,
CRAZE,HIDING JOHN,RAP BATTLE,Accapella,2024,FOB,2024-12-06,https://www.youtube.com/watch?v=XwzQlYQviOY,XwzQlYQviOY,130685,,,
EIN LETZTES MAL: Yarambo,Meidi,07. Dezember Festsaal Kreuzberg SOLD OUT,Accapella,2024,DLTLLY,2024-12-04,https://www.youtube.com/watch?v=-dUVckiODDg,-dUVckiODDg,26930,,,
Bong Teggy,Fate,  Feel Festival,On Beat,2024,DLTLLY,2024-12-01,https://www.youtube.com/watch?v=uwVdRxPLKtk,uwVdRxPLKtk,74102,,,
Kato,Tobi High,Titelmatch Teaser,Accapella,2024,DLTLLY,2024-11-30,https://www.youtube.com/watch?v=QkIPLLze3ic,QkIPLLze3ic,11716,,,
VYRUS,MORGANA,RAP BATTLE,Accapella,2024,FOB,2024-11-29,https://www.youtube.com/watch?v=9YCHMLzIcus,9YCHMLzIcus,47375,,,
Joseph Steinschleuder,BanDan,  Feel Festival,On Beat,2024,DLTLLY,2024-11-28,https://www.youtube.com/watch?v=GV0mRT9rTv0,GV0mRT9rTv0,29004,,,
3 &quot;ZINZITYS&quot;,NATALI,RAP BATTLE,Accapella,2024,FOB,2024-11-24,https://www.youtube.com/watch?v=AnW-N-13mEk,AnW-N-13mEk,11536,,,
Ferry & Duzoe,Sizyphos & Fate,2on2   Splash,On Beat,2024,DLTLLY,2024-11-24,https://www.youtube.com/watch?v=fZyWsFSPtxE,fZyWsFSPtxE,119791,,,
KARANOVA,STEEL,RAP BATTLE,Accapella,2024,FOB,2024-11-22,https://www.youtube.com/watch?v=hCjCg8iUEiM,hCjCg8iUEiM,24338,,,
Kid Soldier,Lyrico,&amp; Interview Splash Festival,Accapella,2024,DLTLLY,2024-11-21,https://www.youtube.com/watch?v=rh_32fJVF_Y,rh_32fJVF_Y,19862,,,
Freestyle Turnier 4/7: Fate,Shizu,Vorrunde B-DAY 11,Accapella,2024,DLTLLY,2024-11-19,https://www.youtube.com/watch?v=9W-6Wv-_xC0,9W-6Wv-_xC0,9663,,,
DER KATER,JAMAIKA KLAUS,RAP BATTLE,Accapella,2024,FOB,2024-11-17,https://www.youtube.com/watch?v=znyQsdCEmYA,znyQsdCEmYA,4088,,,
Bong Teggy,Hiding John,  Bday 11,Accapella,2024,DLTLLY,2024-11-17,https://www.youtube.com/watch?v=-XMBtTEwHcc,-XMBtTEwHcc,272312,,,
Bong Teggy,Hiding John,Interview Event Name oder Stadt,Accapella,2024,DLTLLY,2024-11-17,https://www.youtube.com/watch?v=B4qGn4U-Ju4,B4qGn4U-Ju4,13549,,,
FABS,YOUNG KENNEDY,RAP BATTLE,Accapella,2024,FOB,2024-11-15,https://www.youtube.com/watch?v=jyYNsrDR9BQ,jyYNsrDR9BQ,9657,,,
TICC,GEORGIE,RAP BATTLE,Accapella,2024,FOB,2024-11-10,https://www.youtube.com/watch?v=mxTayKYnmQk,mxTayKYnmQk,15039,,,
LuckyLily & Sh@wdy Sh@f,Shizu & Morgana,Battle + Interview Feel Festival,On Beat,2024,DLTLLY,2024-11-10,https://www.youtube.com/watch?v=YeUReNWt9ho,YeUReNWt9ho,216283,,,
KIRUMA,TOKZ,RAP BATTLE,Accapella,2024,FOB,2024-11-08,https://www.youtube.com/watch?v=hRe2Ze0d9oY,hRe2Ze0d9oY,8680,,,
Moonshadow,Riesenlauch,  Proving Grounds,Accapella,2024,DLTLLY,2024-11-07,https://www.youtube.com/watch?v=4TPCafzSUg4,4TPCafzSUg4,8212,,,
Freestyle Turnier 3/7: Papi Schlauch,Yuah,Vorrunde B-DAY 11,Accapella,2024,DLTLLY,2024-11-05,https://www.youtube.com/watch?v=HMzkYuFqc-Q,HMzkYuFqc-Q,15534,,,
LAVAŞ,CUBSAOUI,RAP BATTLE,Accapella,2024,FOB,2024-11-03,https://www.youtube.com/watch?v=DiDEe5uvyaU,DiDEe5uvyaU,5141,,,
Cashisclay & 4Tune,Freezy & Vyrus,#ERROR!,Accapella,2024,DLTLLY,2024-11-03,https://www.youtube.com/watch?v=mmcJqPP9m8c,mmcJqPP9m8c,51820,,,
ZATO,HEYZEN,RAP BATTLE,Accapella,2024,FOB,2024-11-01,https://www.youtube.com/watch?v=Eu2QW0x-9A0,Eu2QW0x-9A0,4941,,,
Mattis & Sid,Aladin & Natali,2on2  Proving Grounds,Accapella,2024,DLTLLY,2024-10-31,https://www.youtube.com/watch?v=c05Xip_nkxM,c05Xip_nkxM,7696,,,
Freestyle Turnier 2/7: Nastic,Mighty P,Vorrunde B-DAY 11,Accapella,2024,DLTLLY,2024-10-29,https://www.youtube.com/watch?v=KYCo-Z656io,KYCo-Z656io,10904,,,
SHADYX,HOODOO,RAP BATTLE,Accapella,2024,FOB,2024-10-27,https://www.youtube.com/watch?v=BKtyaBhlrKk,BKtyaBhlrKk,2711,,,
Oregano,Karanova,  Bday 11,Accapella,2024,DLTLLY,2024-10-27,https://www.youtube.com/watch?v=OQVvKIQSGAc,OQVvKIQSGAc,84337,,,
Oregano,Karanova,Interview Bday 11,Accapella,2024,DLTLLY,2024-10-27,https://www.youtube.com/watch?v=IYFcf4pRKCM,IYFcf4pRKCM,8591,,,
BURST & T-WAY,DER SERGEANT & EZRA,RAP BATTLE,Accapella,2024,FOB,2024-10-25,https://www.youtube.com/watch?v=8kr6kd2gUkI,8kr6kd2gUkI,4270,,,
Der Sergeant,Capco Jones,  Proving Grounds,Accapella,2024,DLTLLY,2024-10-24,https://www.youtube.com/watch?v=VxEGTR28vXE,VxEGTR28vXE,9732,,,
Freestyle Turnier 1/7: Joseph Steinschleuder,N&#39;Antinein,Vorrunde B-DAY 11,Accapella,2024,DLTLLY,2024-10-22,https://www.youtube.com/watch?v=awJH7gu-mXo,awJH7gu-mXo,18917,,,
JILLY,LUG,RAP BATTLE,Accapella,2024,FOB,2024-10-20,https://www.youtube.com/watch?v=H33I5G3bHdo,H33I5G3bHdo,3230,,,
Kid Soldier,Requiem,  BDay 11,Accapella,2024,DLTLLY,2024-10-20,https://www.youtube.com/watch?v=6Ef4eIXn3iI,6Ef4eIXn3iI,32502,,,
Kid Soldier,Requiem,Interview BDay 11,Accapella,2024,DLTLLY,2024-10-20,https://www.youtube.com/watch?v=0Ps66ihY4P4,0Ps66ihY4P4,3742,,,
PALEIACCI,FAIVEL,RAP BATTLE,Accapella,2024,FOB,2024-10-18,https://www.youtube.com/watch?v=LCS1uMgU5no,LCS1uMgU5no,7431,,,
CLOCKWORK,PALEIACCI,TEASER LEVEL UP FINALE,Accapella,2024,FOB,2024-10-16,https://www.youtube.com/watch?v=JCWqh80-yYQ,JCWqh80-yYQ,1859,,,
Fate,Bayze,#ERROR!,Accapella,2024,DLTLLY,2024-10-13,https://www.youtube.com/watch?v=PO9Fv7MYRx4,PO9Fv7MYRx4,34811,,,
CLOCKWORK,KRISO,RAP BATTLE,Accapella,2024,FOB,2024-10-13,https://www.youtube.com/watch?v=XPg7-YRYs-0,XPg7-YRYs-0,5454,,,
FREEKNO,CELUNE,RAP BATTLE,Accapella,2024,FOB,2024-10-11,https://www.youtube.com/watch?v=XTbwRNMD4f8,XTbwRNMD4f8,20832,,,
S-Staticx,Dascha,#ERROR!,Accapella,2024,DLTLLY,2024-10-10,https://www.youtube.com/watch?v=bw0R9iSxx30,bw0R9iSxx30,12428,,,
Yarambo,Mc Geuner,  München,Accapella,2024,DLTLLY,2024-10-06,https://www.youtube.com/watch?v=VUm9SSe15rA,VUm9SSe15rA,66251,,,
Yarambo,Mc Geuner,Interview München,Accapella,2024,DLTLLY,2024-10-06,https://www.youtube.com/watch?v=dG-NXwKzz0I,dG-NXwKzz0I,6173,,,
SCHLAWINOR,PESC,RAP BATTLE,Accapella,2024,FOB,2024-10-06,https://www.youtube.com/watch?v=pt4vLRUCPp4,pt4vLRUCPp4,4525,,,
LAVAŞ,WINK,RAP BATTLE,Accapella,2024,FOB,2024-10-04,https://www.youtube.com/watch?v=avYJLB-3MB0,avYJLB-3MB0,3937,,,
Karanova,N&#39;Antinein,Interview München,Accapella,2024,DLTLLY,2024-09-29,https://www.youtube.com/watch?v=jshtk1lHnSw,jshtk1lHnSw,3531,,,
N&#39;Antinein,Karanova,  München,Accapella,2024,DLTLLY,2024-09-29,https://www.youtube.com/watch?v=IKwLwUyWO6A,IKwLwUyWO6A,30141,,,
MALIK,SIC68,RAP BATTLE,Accapella,2024,FOB,2024-09-29,https://www.youtube.com/watch?v=zOx16rImWoA,zOx16rImWoA,2931,,,
DAVID ARDOR,BARETTA,RAP BATTLE,Accapella,2024,FOB,2024-09-27,https://www.youtube.com/watch?v=lcLaJCLDByE,lcLaJCLDByE,4995,,,
Onkel Fränk,Drunk,#ERROR!,Accapella,2024,DLTLLY,2024-09-24,https://www.youtube.com/watch?v=Po2-Ba8ug9I,Po2-Ba8ug9I,8566,,,
DADDA,MAZZIKANER,RAP BATTLE,Accapella,2024,FOB,2024-09-22,https://www.youtube.com/watch?v=xuMwrAwxjuM,xuMwrAwxjuM,7996,,,
Hiding John,Kid Soldier,Bad Bars  München,Accapella,2024,DLTLLY,2024-09-22,https://www.youtube.com/watch?v=GQcwz2t0yJA,GQcwz2t0yJA,80697,,,
Hiding John,Kid Soldier,Interview München,Accapella,2024,DLTLLY,2024-09-22,https://www.youtube.com/watch?v=BHgMmZaslMM,BHgMmZaslMM,8688,,,
Neilz,Davie Jones,D&amp;DL,Accapella,2024,DUDL,2024-09-22,https://www.youtube.com/watch?v=fB5JK8nZ4pw,fB5JK8nZ4pw,38667,,,
KIRUMA,MOODY,FSK 0 BATTLE,Accapella,2024,FOB,2024-09-20,https://www.youtube.com/watch?v=D5UKLm3tSj4,D5UKLm3tSj4,17375,,,
Craze,Liuz,#ERROR!,On Beat,2024,DLTLLY,2024-09-15,https://www.youtube.com/watch?v=5JMXVlNWVdI,5JMXVlNWVdI,29779,,,
DANNY DEADWEIGHT,ROOL,RAP BATTLE,Accapella,2024,FOB,2024-09-15,https://www.youtube.com/watch?v=eJic21oJAKo,eJic21oJAKo,4365,,,
PATO G,YUAH,FINALE,Accapella,2024,FOB,2024-09-13,https://www.youtube.com/watch?v=Ht2ioZWrWJw,Ht2ioZWrWJw,5282,,,
Punjizz,Shizu aka. DeeLah,#ERROR!,Accapella,2024,DLTLLY,2024-09-12,https://www.youtube.com/watch?v=LLmwMQb1CQI,LLmwMQb1CQI,17035,,,
NOTYZZE,YAAMANN (Battle um Platz 3),FREESTYLE TURNIER,Accapella,2024,FOB,2024-09-10,https://www.youtube.com/watch?v=2Z3LaxE89EI,2Z3LaxE89EI,3716,,,
Joseph Steinschleuder,Davie Jones,#ERROR!,Accapella,2024,DLTLLY,2024-09-08,https://www.youtube.com/watch?v=6ommjEnW9vI,6ommjEnW9vI,63940,,,
Morgana,Jeystone,D&amp;DL,Accapella,2024,DUDL,2024-09-08,https://www.youtube.com/watch?v=3wGCnFTZFzs,3wGCnFTZFzs,9348,,,
Rool,Dyas,#ERROR!,Accapella,2024,DLTLLY,2024-09-05,https://www.youtube.com/watch?v=jagpHG4EWME,jagpHG4EWME,6727,,,
Kato,SnakeHeadRhyme,  München,Accapella,2024,DLTLLY,2024-09-01,https://www.youtube.com/watch?v=68QK0Kf8Lck,68QK0Kf8Lck,43939,,,
T-Way,Gerro,D&amp;DL,Accapella,2024,DUDL,2024-09-01,https://www.youtube.com/watch?v=z-q8BX6Mxrs,z-q8BX6Mxrs,8260,,,
Kato,SnakeHeadRhyme,Interview München,Accapella,2024,DLTLLY,2024-09-01,https://www.youtube.com/watch?v=topFWR2QQZo,topFWR2QQZo,4347,,,
Baretta,Herr Sören,#ERROR!,Accapella,2024,DLTLLY,2024-08-29,https://www.youtube.com/watch?v=kcm0rdCOar4,kcm0rdCOar4,9176,,,
InzaneMane,Leon Vinyard,D&amp;DL,Accapella,2024,DUDL,2024-08-25,https://www.youtube.com/watch?v=115Cl3vTrPM,115Cl3vTrPM,7361,,,
Ilhan,Kitana,#ERROR!,On Beat,2024,DLTLLY,2024-08-25,https://www.youtube.com/watch?v=AtqetyTbheI,AtqetyTbheI,83753,,,
JEPAIN,A-RON,RAP BATTLE,Accapella,2024,FOB,2024-08-23,https://www.youtube.com/watch?v=XrEZxw8z5bM,XrEZxw8z5bM,6075,,,
Notyzze,Lyrico,#ERROR!,On Beat,2024,DLTLLY,2024-08-22,https://www.youtube.com/watch?v=Tgmq3_4RhjE,Tgmq3_4RhjE,32767,,,
DANNY DEADWEIGHT,ONKEL FRÄNK,RAP BATTLE,Accapella,2024,FOB,2024-08-18,https://www.youtube.com/watch?v=Mkz8nufAVUo,Mkz8nufAVUo,5570,,,
Ezra,Jilly,D&amp;DL,Accapella,2024,DUDL,2024-08-18,https://www.youtube.com/watch?v=q8bh5WVlnew,q8bh5WVlnew,4071,,,
Meidi,Craze,  MAYhem #7,Accapella,2024,DLTLLY,2024-08-17,https://www.youtube.com/watch?v=-iUQflbZjj4,-iUQflbZjj4,176575,,,
Meidi,Craze,Interview MAYhem #7,Accapella,2024,DLTLLY,2024-08-17,https://www.youtube.com/watch?v=vnq0PZiNHpM,vnq0PZiNHpM,21910,,,
MC COLOGNE & PATO G,REQUIEM & FROZEN,RAP BATTLE,Accapella,2024,FOB,2024-08-16,https://www.youtube.com/watch?v=TWJGch9t_tk,TWJGch9t_tk,9680,,,
Ssynic,Tobi High,Interview MAYhem #7,Accapella,2024,DLTLLY,2024-08-11,https://www.youtube.com/watch?v=uq5t-evaHBs,uq5t-evaHBs,40955,,,
FraxOne,Georgie,D&amp;DL,Accapella,2024,DUDL,2024-08-11,https://www.youtube.com/watch?v=WQKX9rMwfPs,WQKX9rMwfPs,3747,,,
Ssynic,Tobi High,  MAYhem #7,Accapella,2024,DLTLLY,2024-08-11,https://www.youtube.com/watch?v=_2mNNkIfRww,_2mNNkIfRww,385826,,,
Hiding John,Shizu,  MAYhem #7,Accapella,2024,DLTLLY,2024-08-04,https://www.youtube.com/watch?v=ZIH7h0e7aWg,ZIH7h0e7aWg,101674,,,
Hiding John,Shizu,Interview MAYhem #7,Accapella,2024,DLTLLY,2024-08-04,https://www.youtube.com/watch?v=5wYtTi39xh8,5wYtTi39xh8,10551,,,
Requiem,Ilhan,#ERROR!,Accapella,2024,DLTLLY,2024-07-28,https://www.youtube.com/watch?v=9Po9A8VvDFs,9Po9A8VvDFs,30228,,,
VYRUS & FREEZY,SIZYPHOS & SH@WDY SH@F,RAP BATTLE,Accapella,2024,FOB,2024-07-26,https://www.youtube.com/watch?v=yC4KF5j4SC0,yC4KF5j4SC0,145169,,,
Quill,Hollow Da Don,International  + Interview MAYhem #7,Accapella,2024,DLTLLY,2024-07-21,https://www.youtube.com/watch?v=L4bqv0Z187s,L4bqv0Z187s,70906,,,
MOODY,EZRA,ONE-ROUNDER,Accapella,2024,FOB,2024-07-21,https://www.youtube.com/watch?v=_xZ5PG4OiQ4,_xZ5PG4OiQ4,4391,,,
DAVIE JONES,BDAD,ACAPELLA BATTLE,Accapella,2024,FOB,2024-07-19,https://www.youtube.com/watch?v=j0UoUGbmxcQ,j0UoUGbmxcQ,38679,,,
Wolff,T-Way,Co-Event,Accapella,2024,DLTLLY,2024-07-14,https://www.youtube.com/watch?v=haDRNN288xI,haDRNN288xI,3350,,,
HOODOO,GEERAH,ACAPELLA BATLLE,Accapella,2024,FOB,2024-07-14,https://www.youtube.com/watch?v=SooZ6KbCv4I,SooZ6KbCv4I,2823,,,
Wolff,T-Way,Co-Event,Accapella,2024,DLTLLY,2024-07-14,https://www.youtube.com/watch?v=zOWZq8nG75U,zOWZq8nG75U,51011,,,
ZEPTAH,REQUIEM,ON BEAT BATTLE,On Beat,2024,FOB,2024-07-12,https://www.youtube.com/watch?v=EJdpjtbvjEo,EJdpjtbvjEo,16435,,,
MC Cologne,Bandan,Co-Event,On Beat,2024,DLTLLY,2024-07-11,https://www.youtube.com/watch?v=6nV5CVQoKLo,6nV5CVQoKLo,8847,,,Co-Event DLTLLY & FOB
Duff,Neilz,Co-Event,On Beat,2024,DLTLLY,2024-07-07,https://www.youtube.com/watch?v=1MsrFX-bPC4,1MsrFX-bPC4,27811,,,Co-Event DLTLLY & FOB
LUCKYLILY,MC GEUNER,ACAPELLA BATTLE,Accapella,2024,FOB,2024-07-05,https://www.youtube.com/watch?v=G3O29FB4itk,G3O29FB4itk,45033,,,
Proton,Koozy,Co-Event,On Beat,2024,DLTLLY,2024-07-04,https://www.youtube.com/watch?v=JCMIDlfCDjY,JCMIDlfCDjY,17927,,,
Mighty P & Lamin,FFFelix & Nastic,2on2  + Interview  x  Co-Event,Accapella,2024,DLTLLY,2024-06-27,https://www.youtube.com/watch?v=q3gQy17LHC0,q3gQy17LHC0,13780,,,
Karma,Hiding John (One Rounder),NRWeekend,Accapella,2024,DLTLLY,2024-06-21,https://www.youtube.com/watch?v=7Vmk5up-5Fo,7Vmk5up-5Fo,37016,,,
PESC,FAIVEL,LEVEL UP TURNIER,Accapella,2024,FOB,2024-06-18,https://www.youtube.com/watch?v=EVKPjgMgfJg,EVKPjgMgfJg,5650,,,
NATALI,KRISO,LEVEL UP TURNIER,Accapella,2024,FOB,2024-06-17,https://www.youtube.com/watch?v=lcDcZyVhX5Y,lcDcZyVhX5Y,9291,,,
Kato & Yarambo,Joseph Steinschleuder & Sizyphos,2on2  NRWeekend,Accapella,2024,DLTLLY,2024-06-16,https://www.youtube.com/watch?v=4j1hDSpgsFw,4j1hDSpgsFw,221959,,,NRWeekend 7
Kiruma,Karanova,DUDL 🏆 Title-Match,Accapella,2024,DUDL,2024-06-10,https://www.youtube.com/watch?v=rv_yat0fWhE,rv_yat0fWhE,45972,,,
Liuz,T-Way,  NRWeekend,Accapella,2024,DLTLLY,2024-06-09,https://www.youtube.com/watch?v=J8bcbhLcKq8,J8bcbhLcKq8,19568,,,NRWeekend 7
Jeystone,N'antinein,Battle,On Beat,2024,DUDL,2024-06-09,https://www.youtube.com/watch?v=IuwaIOsyTXs,IuwaIOsyTXs,8721,,,
Ryko-J,Olio,  NRWeekend,Accapella,2024,DLTLLY,2024-06-07,https://www.youtube.com/watch?v=6oGgSiAVu4I,6oGgSiAVu4I,45513,,,NRWeekend 7
Ryko-J,Olio,Interview NRWeekend,Accapella,2024,DLTLLY,2024-06-07,https://www.youtube.com/watch?v=jFMyEc04qBk,jFMyEc04qBk,3046,,,
Holu,Zeuge,Battle,Accapella,2024,DUDL,2024-06-02,https://www.youtube.com/watch?v=bf94Ffg-3F4,bf94Ffg-3F4,8916,Panke,,
Requiem,Fate,NRWeekend,Accapella,2024,DLTLLY,2024-06-02,https://www.youtube.com/watch?v=OPSI5Jy-AVQ,OPSI5Jy-AVQ,23946,Spektakulum,Düsseldorf,NRWeekend 7
KATO,T-WAY,GAMING BARS RELOADED,Accapella,2024,FOB,2024-05-30,https://www.youtube.com/watch?v=nxx7jX1ylPc,nxx7jX1ylPc,12663,,,
Franz Flaute,MC Rabiat,Battle,Accapella,2024,DUDL,2024-05-26,https://www.youtube.com/watch?v=ca_rG-4NbNw,ca_rG-4NbNw,5244,,,
KRISO,CIZERO,ACAPELLA BATTLE,Accapella,2024,FOB,2024-05-26,https://www.youtube.com/watch?v=JZ87q10gvnM,JZ87q10gvnM,2992,,,
DER SERGEANT,EZRA,ACAPELLA BATTLE,Accapella,2024,FOB,2024-05-26,https://www.youtube.com/watch?v=hp9kbzK2ugs,hp9kbzK2ugs,5154,,,
PHILLIE.45,NASTIC (Freestyle als MAT),ON BEAT BATTLE,On Beat,2024,FOB,2024-05-24,https://www.youtube.com/watch?v=RzVabkX8At8,RzVabkX8At8,4732,,,
Moitz,Wenzel Washington,#ERROR!,Accapella,2024,DLTLLY,2024-05-19,https://www.youtube.com/watch?v=X2oW-AVnu_k,X2oW-AVnu_k,14051,,,
Capco Jones,Schlawin0r,Battle,Accapella,2024,DUDL,2024-05-19,https://www.youtube.com/watch?v=-zVGbTf4cXQ,-zVGbTf4cXQ,3673,,,
Pablo,Morgana,Berlin,On Beat,2024,DLTLLY,2024-05-17,https://www.youtube.com/watch?v=wMIpuP755BM,wMIpuP755BM,30874,,,
JILLY,ROOL,ACAPELLA BATTLE,Accapella,2024,FOB,2024-05-16,https://www.youtube.com/watch?v=oy7yIMl1ZNA,oy7yIMl1ZNA,3713,,,
ILYA FLOYD,CRYSTAL MAX,ACAPELLA BATTLE,Accapella,2024,FOB,2024-05-16,https://www.youtube.com/watch?v=uTnZqyleXUo,uTnZqyleXUo,3084,,,
Georgie,Günti,Battle,Accapella,2024,DUDL,2024-05-12,https://www.youtube.com/watch?v=CvxlkVUxyCQ,CvxlkVUxyCQ,4439,,,
MC Geuner,Bayze,NRWeekend #7,Accapella,2024,DLTLLY,2024-05-12,https://www.youtube.com/watch?v=me9eYSwqDfM,me9eYSwqDfM,49112,,,NRWeekend 7
MC GEUNER (SPECKTITTE MINO),RIPA,ACAPELLA BATTLE,Accapella,2024,FOB,2024-05-12,https://www.youtube.com/watch?v=6Fq9WuxhADc,6Fq9WuxhADc,4438,,,
LARA SOFT,FROZEN,ON BEAT BATTLE,On Beat,2024,FOB,2024-05-09,https://www.youtube.com/watch?v=hcwjr_srOXM,hcwjr_srOXM,19274,,,
Notyzze,Tommy2Late,Berlin,On Beat,2024,DLTLLY,2024-05-05,https://www.youtube.com/watch?v=DDBzGJrY2Ds,DDBzGJrY2Ds,66843,,Berlin,
David Ardor,Jilly,Battle,Accapella,2024,DUDL,2024-05-05,https://www.youtube.com/watch?v=BxFo9Cnh4GI,BxFo9Cnh4GI,3388,,,
Steel,Davie Jones,Berlin,On Beat,2024,DLTLLY,2024-05-05,https://www.youtube.com/watch?v=uz5v_Bn_TzY,uz5v_Bn_TzY,44066,,Berlin,
CSN GALACTICO,SIC68,ACAPELLA BATTLE,Accapella,2024,FOB,2024-05-03,https://www.youtube.com/watch?v=cUb4Sq_nyLo,cUb4Sq_nyLo,13997,,,
Tobi High,Papa TR,Berlin,On Beat,2024,DLTLLY,2024-04-28,https://www.youtube.com/watch?v=F5E_sF7XD7I,F5E_sF7XD7I,51204,,Berlin,
HEYZEN,TOKZ,ON BEAT + ACAPELLA BATTLE,On Beat,2024,FOB,2024-04-25,https://www.youtube.com/watch?v=QboOw6vfu5Q,QboOw6vfu5Q,5501,,,
TOLLSCHOCK,MALIK,ACAPELLA BATTLE,Accapella,2024,FOB,2024-04-21,https://www.youtube.com/watch?v=zH1kJVuX8QU,zH1kJVuX8QU,6469,,,
Bong Teggy,Karanova,Interview Berlin,Accapella,2024,DLTLLY,2024-04-21,https://www.youtube.com/watch?v=nJxEfSgOaFE,nJxEfSgOaFE,8053,,,
Karanova,Bong Teggy,🏆 ON BEAT TITLE MATCH 🏆,On Beat,2024,DLTLLY,2024-04-21,https://www.youtube.com/watch?v=LN1Lv62vzbI,LN1Lv62vzbI,139672,,Berlin,
DOC,Mordrake,Berlin,On Beat,2024,DLTLLY,2024-04-19,https://www.youtube.com/watch?v=f-Cp3n-LCyw,f-Cp3n-LCyw,10746,,Berlin,
MC GEUNER,BANDAN,ACAPELLA BATTLE,Accapella,2024,FOB,2024-04-19,https://www.youtube.com/watch?v=8W6w_1IMHSQ,8W6w_1IMHSQ,12094,,,
FABS,DUFF,ACAPELLA BATTLE,Accapella,2024,FOB,2024-04-12,https://www.youtube.com/watch?v=PGneFiKoVf4,PGneFiKoVf4,17654,,,
Tobi High,Meidi,Kassel,Accapella,2024,DLTLLY,2024-04-07,https://www.youtube.com/watch?v=SJ4P0J0u3o0,SJ4P0J0u3o0,144286,,Kassel,
Zeptah,Tokz,Berlin,On Beat,2024,DLTLLY,2024-04-07,https://www.youtube.com/watch?v=sGN8Hll0T3M,sGN8Hll0T3M,20195,,Berlin,
Yarambo,Karanova,Kassel,Accapella,2024,DLTLLY,2024-04-07,https://www.youtube.com/watch?v=JWaIWpR7cuA,JWaIWpR7cuA,100108,,Kassel,
Aladin,Shorteh Taunton,Berlin,On Beat,2024,DLTLLY,2024-04-05,https://www.youtube.com/watch?v=yf72pQ4T_ak,yf72pQ4T_ak,11398,,Berlin,
LARA SOFT,M.F.L.,ON BEAT BATTLE,On Beat,2024,FOB,2024-03-31,https://www.youtube.com/watch?v=CZXKeqr26RQ,CZXKeqr26RQ,8170,,,
MC Maik,Snakeheadrhyme,Kassel,Accapella,2024,DLTLLY,2024-03-31,https://www.youtube.com/watch?v=meY3np8DlTQ,meY3np8DlTQ,22044,,Kassel,
Dadda,Lazlo Mxrphine,Berlin,On Beat,2024,DLTLLY,2024-03-29,https://www.youtube.com/watch?v=xcw2vuJLPZs,xcw2vuJLPZs,119464,,Berlin,
FreeKno,Young Kennedy,Kassel,Accapella,2024,DLTLLY,2024-03-24,https://www.youtube.com/watch?v=GPMI--gNB08,GPMI--gNB08,15271,,Kassel,
SIZYPHOS,MOODY,ACAPELLA BATTLE,Accapella,2024,FOB,2024-03-24,https://www.youtube.com/watch?v=QYrhse-D5VI,QYrhse-D5VI,39935,,,
CLOCKWORK,DADDA,ACAPELLA BATTLE,Accapella,2024,FOB,2024-03-24,https://www.youtube.com/watch?v=f2TI2M5UaXc,f2TI2M5UaXc,10271,,,
ONKEL FRÄNK,SHADYX,ACAPELLA BATTLE,Accapella,2024,FOB,2024-03-24,https://www.youtube.com/watch?v=wfBBTAqUHis,wfBBTAqUHis,8425,,,
DANNY DEADWEIGHT,SKILLZ,ACAPELLA BATLLE,Accapella,2024,FOB,2024-03-24,https://www.youtube.com/watch?v=ehyGYTo24ro,ehyGYTo24ro,4819,,,
JOSEPH STEINSCHLEUDER,MORGANA,ON BEAT BATTLE,On Beat,2024,FOB,2024-03-21,https://www.youtube.com/watch?v=fo8uzP3EIvw,fo8uzP3EIvw,44314,,,
OREGANO,HIDING JOHN,ACAPELLA BATTLE,Accapella,2024,FOB,2024-03-18,https://www.youtube.com/watch?v=rAqwIxumi3s,rAqwIxumi3s,139682,,,
Zeuge,Niza,Kassel,Accapella,2024,DLTLLY,2024-03-17,https://www.youtube.com/watch?v=j6S8n5bSC4k,j6S8n5bSC4k,24295,,Kassel,
Karma,Kiruma,NRWeekend 6,Accapella,2024,DLTLLY,2024-03-17,https://www.youtube.com/watch?v=3PCiOm1e0F8,3PCiOm1e0F8,60713,,,NRWeekend 6
Der Sergeant,Diamond,Proving Grounds,Accapella,2024,DLTLLY,2024-03-15,https://www.youtube.com/watch?v=YdQh67kKjA0,YdQh67kKjA0,12979,Panke,Berlin,Proving Grounds
PABLO,YAAMANN,ON BEAT BATTLE,On Beat,2024,FOB,2024-03-14,https://www.youtube.com/watch?v=AWCwWr_DDKI,AWCwWr_DDKI,8946,,,
CSN Galactico,Nastic,Proving Grounds,Accapella,2024,DLTLLY,2024-03-10,https://www.youtube.com/watch?v=jKHgj_RAMZA,jKHgj_RAMZA,28728,Panke,Berlin,Proving Grounds
Vesso,Malik,Proving Grounds,Accapella,2024,DLTLLY,2024-03-10,https://www.youtube.com/watch?v=iK-Oth0jFOo,iK-Oth0jFOo,7188,Panke,Berlin,Proving Grounds
Jepain,Rolling G,Proving Grounds,Accapella,2024,DLTLLY,2024-03-07,https://www.youtube.com/watch?v=1tMIG22ggG0,1tMIG22ggG0,10080,Panke,Berlin,Proving Grounds Vol. 5
Sizyphos,Hiding John,DISSember #7,Accapella,2024,DLTLLY,2024-03-07,https://www.youtube.com/watch?v=LBbPEElYxGA,LBbPEElYxGA,369090,Festsaal Kreuzberg,Berlin,DISSember 7
Moody,Ikks,Proving Grounds,Accapella,2024,DLTLLY,2024-03-07,https://www.youtube.com/watch?v=oFHFbG4e604,oFHFbG4e604,7275,Panke,Berlin,Proving Grounds
ZATO,ZEPTAH,ON BEAT BATTLE,On Beat,2024,FOB,2024-03-01,https://www.youtube.com/watch?v=nMeqvIpjfOE,nMeqvIpjfOE,12167,,,
Belial,Kid Soldier,DISSember #7,Accapella,2024,DLTLLY,2024-02-25,https://www.youtube.com/watch?v=fN0PgIxzhC8,fN0PgIxzhC8,39919,Festsaal Kreuzberg,Berlin,DISSember 7
FREEZY,DADDA,ON BEAT BATTLE,On Beat,2024,FOB,2024-02-23,https://www.youtube.com/watch?v=QBSRI86VMs8,QBSRI86VMs8,19263,,,
The Saurus,Quill,DISSember #7,Accapella,2024,DLTLLY,2024-02-19,https://www.youtube.com/watch?v=9z2aEljjMtQ,9z2aEljjMtQ,11641,Festsaal Kreuzberg,Berlin,DISSember 7
KOOZY,MAN IN BLACK,ON BEAT BATTLE,On Beat,2024,FOB,2024-02-09,https://www.youtube.com/watch?v=6_YUEKAjkng,6_YUEKAjkng,10037,,,
Clockwork,Sachma,Proving Grounds,Accapella,2024,DLTLLY,2024-02-09,https://www.youtube.com/watch?v=bwbDyjtPJCc,bwbDyjtPJCc,8306,Panke,Berlin,Proving Grounds
Kato,Neilz,🏆 TITLE MATCH 🏆,Accapella,2024,DLTLLY,2024-02-04,https://www.youtube.com/watch?v=ykfHhWbi7Jk,ykfHhWbi7Jk,110354,,,
CapcoJones,Cristosaurus Rex,Proving Grounds,Accapella,2024,DLTLLY,2024-02-04,https://www.youtube.com/watch?v=NNUTrbddBwo,NNUTrbddBwo,10173,Panke,Berlin,Proving Grounds
Ricochet,Riesenlauch,Proving Grounds Berlin,Accapella,2024,DLTLLY,2024-02-04,https://www.youtube.com/watch?v=NjX3eisi5XU,NjX3eisi5XU,12040,Panke,Berlin,Proving Grounds
VYRUS,STEEL,ON BEAT TITLEMATCH,On Beat,2024,FOB,2024-02-02,https://www.youtube.com/watch?v=hupa7KpyOm8,hupa7KpyOm8,76501,,,
FAITH MC,ROLLING G,ACAPELLA BATTLE,Accapella,2024,FOB,2024-01-27,https://www.youtube.com/watch?v=AQ61cQjpA4U,AQ61cQjpA4U,7242,,,
ROOL,DAVID ARDOR,NEWCOMER BATTLE,Accapella,2024,FOB,2024-01-21,https://www.youtube.com/watch?v=_TQee46RR5U,_TQee46RR5U,2769,,,
FRAX ONE & DJANGO,NATALI & ALADIN,ACAPELLA BATTLE,Accapella,2024,FOB,2024-01-19,https://www.youtube.com/watch?v=6ZzLdfNphns,6ZzLdfNphns,7192,,,
JOSEPH STEINSCHLEUDER & ROMIK WRONG,ZEPTAH & ORPHXN,ON BEAT BATTLE,On Beat,2024,FOB,2024-01-12,https://www.youtube.com/watch?v=hDQFXey6gXI,hDQFXey6gXI,34784,,,
Heinz87 & Hiding John,Mazzikaner & Cashus K,Hamburg,Accapella,2024,DLTLLY,2024-01-11,https://www.youtube.com/watch?v=Ue5h955l2Ew,Ue5h955l2Ew,26588,,,
Yarambo,Karma,Hamburg,Accapella,2024,DLTLLY,2024-01-11,https://www.youtube.com/watch?v=Y523u1xAcmo,Y523u1xAcmo,70093,,,
Celune,Sizyphos,Hamburg,Accapella,2024,DLTLLY,2024-01-11,https://www.youtube.com/watch?v=wwKW8EaM0W4,wwKW8EaM0W4,86074,,,
Faivel,Bilal,Hamburg,Accapella,2024,DLTLLY,2024-01-07,https://www.youtube.com/watch?v=mHPNeE8Tkbo,mHPNeE8Tkbo,14927,,,
Holu,Moody,Battle,Accapella,2023,DUDL,2024-01-06,https://www.youtube.com/watch?v=ZgVgROhjl5o,ZgVgROhjl5o,6447,,,
BURST & T-WAY,LEANDERS & DESPO,ACAPELLA BATTLE,Accapella,2024,FOB,2024-01-05,https://www.youtube.com/watch?v=_RaLw94QJSI,_RaLw94QJSI,9534,,,
Shizu,Morgana,Hamburg,On Beat,2024,DLTLLY,2024-01-05,https://www.youtube.com/watch?v=uZC6ZAOqvss,uZC6ZAOqvss,40052,,,
KRISO,ILYA FLOYD,NEWCOMER BATTLE,Accapella,2023,FOB,2023-12-31,https://www.youtube.com/watch?v=eSLYneqD0vg,eSLYneqD0vg,3755,,,
Notyzze,BanDan,Wien,On Beat,2023,DLTLLY,2023-12-30,https://www.youtube.com/watch?v=ryfJjGNbbR8,ryfJjGNbbR8,24500,,,
Flashus Christus,K9NE,Wien,Accapella,2023,DLTLLY,2023-12-30,https://www.youtube.com/watch?v=chUp4X6Isbo,chUp4X6Isbo,8858,,,
Liuz,Herr Kuchen,Dortmund,Accapella,2023,DLTLLY,2023-12-30,https://www.youtube.com/watch?v=vPgMlVOgMYs,vPgMlVOgMYs,78661,Oma Doris,Dortmund,
Neilz,Kiruma,Dortmund,Accapella,2023,DLTLLY,2023-12-30,https://www.youtube.com/watch?v=k5MyH3qffzk,k5MyH3qffzk,97384,Oma Doris,Dortmund,
Mc Geuner,T-Way,Dortmund,Accapella,2023,DLTLLY,2023-12-30,https://www.youtube.com/watch?v=rsMrgC9k9jk,rsMrgC9k9jk,18865,Oma Doris,Dortmund,
Onkel Oktomusch,Jindo109,Dortmund,Accapella,2023,DLTLLY,2023-12-30,https://www.youtube.com/watch?v=NXAh7HMMM-0,NXAh7HMMM-0,140139,Oma Doris,Dortmund,
Bilal,Joseph Steinschleuder,Battle,Accapella,2023,DUDL,2023-12-30,https://www.youtube.com/watch?v=MmgJGhyrfbc,MmgJGhyrfbc,19000,,,
Karkobi,Requiem,Wien,Accapella,2023,DLTLLY,2023-12-30,https://www.youtube.com/watch?v=dpC_mfZVDrc,dpC_mfZVDrc,43476,,,
Barbee & Flow,Fate & Joseph Steinschleuder,2on2  Wien,Accapella,2023,DLTLLY,2023-12-30,https://www.youtube.com/watch?v=o0oMk_6Sj60,o0oMk_6Sj60,40873,,,
LUCKYLILY & BAYZE,CRAZE & MOITZ,ACAPELLA BATTLE,Accapella,2023,FOB,2023-12-28,https://www.youtube.com/watch?v=B7Ge3bBMaZ4,B7Ge3bBMaZ4,72608,,,
MORGANA,ZEPTAH,ON BEAT BATTLE,On Beat,2023,FOB,2023-12-26,https://www.youtube.com/watch?v=VSjE_QHcZBU,VSjE_QHcZBU,11467,,,
Kane,David Ardor,Battle,Accapella,2023,DUDL,2023-12-23,https://www.youtube.com/watch?v=5NWHlFDIezw,5NWHlFDIezw,3420,,,
CLOCKWORK,CSN GALACTICO,ACAPELLA BATTLE,Accapella,2023,FOB,2023-12-21,https://www.youtube.com/watch?v=8t_wR5YYayI,8t_wR5YYayI,10486,,,
KIRUMA,HIDING JOHN,ACAPELLA BATTLE,Accapella,2023,FOB,2023-12-17,https://www.youtube.com/watch?v=-z8Kz8svvR4,-z8Kz8svvR4,82556,,,
KARKOBI,MOODY,ACAPELLA BATTLE,Accapella,2024,FOB,2023-12-17,https://www.youtube.com/watch?v=hvEti6vXuXY,hvEti6vXuXY,18131,,,
SNAKEHEADRHYME,A-RON,ACAPELLA BATTLE,Accapella,2023,FOB,2023-12-17,https://www.youtube.com/watch?v=q4fXhfjI2ZU,q4fXhfjI2ZU,10406,,,
SHAOLUM,EZRA,ONE-ROUNDER,Accapella,2023,FOB,2023-12-10,https://www.youtube.com/watch?v=tzwE0B9OquY,tzwE0B9OquY,5243,,,
KahVauWeh,Jilly,Battle,Accapella,2023,DUDL,2023-12-09,https://www.youtube.com/watch?v=0qrxZCr5CMg,0qrxZCr5CMg,4577,,,
FREEKNO,MORGANA,ACAPELLA BATTLE,Accapella,2023,FOB,2023-12-08,https://www.youtube.com/watch?v=WtgPudDeZj8,WtgPudDeZj8,6607,,,
VYRUS,KARANOVA,ON BEAT BATTLE,On Beat,2023,FOB,2023-12-01,https://www.youtube.com/watch?v=_rMFRoKcs6M,_rMFRoKcs6M,59359,,,
MOODY,TECEY,ACAPELLA BATTLE,Accapella,2023,FOB,2023-11-26,https://www.youtube.com/watch?v=rbNeALMPEKo,rbNeALMPEKo,3766,,,
JOE PHARO,LITTLE SEDO,ACAPELLA BATTLE,Accapella,2023,FOB,2023-11-24,https://www.youtube.com/watch?v=5Z35PNEQB_I,5Z35PNEQB_I,10719,,,
Schalle,Shortworth,Wien,Accapella,2023,DLTLLY,2023-11-24,https://www.youtube.com/watch?v=3_aVuejj-KM,3_aVuejj-KM,13518,,,
Duff,Joe Pharo,Dortmund,Accapella,2023,DLTLLY,2023-11-22,https://www.youtube.com/watch?v=m0MkvcPDluI,m0MkvcPDluI,25788,Oma Doris,Dortmund,
NASTIC,STEEL,ON BEAT BATTLE,On Beat,2023,FOB,2023-11-19,https://www.youtube.com/watch?v=w0kK3zXnnK0,w0kK3zXnnK0,183726,,,
Wenzel Washington,Davis,Wien,Accapella,2023,DLTLLY,2023-11-16,https://www.youtube.com/watch?v=BNOhkxQXuyM,BNOhkxQXuyM,11737,,,
Belial,Julo,Dortmund,Accapella,2023,DLTLLY,2023-11-16,https://www.youtube.com/watch?v=I9J8qYJCcno,I9J8qYJCcno,30602,Oma Doris,Dortmund,
Grandmaster Flow,Kalp One,Wien,Accapella,2023,DLTLLY,2023-11-16,https://www.youtube.com/watch?v=Kw40l5aHPI4,Kw40l5aHPI4,8399,,,
JEPAIN,CELUNE,ACAPELLA BATTLE,Accapella,2023,FOB,2023-11-16,https://www.youtube.com/watch?v=01-L9OSECRY,01-L9OSECRY,12766,,,
BAYZE,M.F.L.,ACAPELLA BATTLE,Accapella,2023,FOB,2023-11-12,https://www.youtube.com/watch?v=paqgtJnfItw,paqgtJnfItw,13608,,,
KOOZY,ZEPTAH,ON BEAT BATTLE,On Beat,2023,FOB,2023-11-10,https://www.youtube.com/watch?v=GGu6kpSltiw,GGu6kpSltiw,13651,,,
LUCKYLILY,IKKS,ACAPELLA BATTLE,Accapella,2023,FOB,2023-11-10,https://www.youtube.com/watch?v=kgZww6Ailfs,kgZww6Ailfs,20366,,,
Tokz,Tisos,Match,On Beat,2023,DLTLLY,2023-11-07,https://www.youtube.com/watch?v=Nx1dG5NYYSM,Nx1dG5NYYSM,12663,,,
Shizu,Mave,splash! 25,Accapella,2023,DLTLLY,2023-11-07,https://www.youtube.com/watch?v=0VnFsg9akkE,0VnFsg9akkE,21074,Splash,Ferropolis,splash! 25
Falki,Davie Jones,München,On Beat,2023,DLTLLY,2023-11-07,https://www.youtube.com/watch?v=PEZM8D30ogU,PEZM8D30ogU,58818,,München,Living HipHop
N'antinein,Bahamakarma,splash! 25,On Beat,2023,DLTLLY,2023-11-07,https://www.youtube.com/watch?v=hxlKFtVRKTw,hxlKFtVRKTw,20225,Splash,Ferropolis,splash! 25
Lyrico,Tobi High,splash! 25,On Beat,2023,DLTLLY,2023-11-07,https://www.youtube.com/watch?v=tR63ErqqK-E,tR63ErqqK-E,55566,Splash,Ferropolis,splash! 25
Aytee,Phasenkind,München,On Beat,2023,DLTLLY,2023-11-07,https://www.youtube.com/watch?v=E-5qSwv5Z0Q,E-5qSwv5Z0Q,229445,,München,Living HipHop
Joseph Steinschleuder,Steel,Düsseldorf,On Beat,2023,DLTLLY,2023-11-07,https://www.youtube.com/watch?v=o-gu-0j52H4,o-gu-0j52H4,48537,,,
Pablo,Mordrake,splash! 25,On Beat,2023,DLTLLY,2023-11-07,https://www.youtube.com/watch?v=eTL6zktMYR4,eTL6zktMYR4,15524,Splash,Ferropolis,splash! 25
Kid Soldier,Krom,splash! 25,On Beat,2023,DLTLLY,2023-11-07,https://www.youtube.com/watch?v=BDxFLIkPoGM,BDxFLIkPoGM,24035,Splash,Ferropolis,splash! 25
Notyzze,Pablo,München,On Beat,2023,DLTLLY,2023-11-07,https://www.youtube.com/watch?v=2oGok3bnO3g,2oGok3bnO3g,32332,,München,Living HipHop
Krom,Craze,Splash! Festival,On Beat,2023,DLTLLY,2023-11-07,https://www.youtube.com/watch?v=OFxzZdybSN8,OFxzZdybSN8,41132,Splash,Ferropolis,splash! 25
Cris Kotzen & Escape,Vyrus & Freezy,2on2   splash! 25,On Beat,2023,DLTLLY,2023-11-07,https://www.youtube.com/watch?v=o63uOeCfr44,o63uOeCfr44,59531,Splash,Ferropolis,splash! 25
Mavgic,Notyzze,Splash! Festival,On Beat,2023,DLTLLY,2023-11-07,https://www.youtube.com/watch?v=zfz6RCjGq9Q,zfz6RCjGq9Q,84336,Splash,Ferropolis,splash! 23
Phasenkind,Vyrus,Battle,On Beat,2023,DLTLLY,2023-11-07,https://www.youtube.com/watch?v=9bTN83Isy_g,9bTN83Isy_g,72342,,,
Ssynic,Craze,B-Day #10,Accapella,2023,DLTLLY,2023-11-06,https://www.youtube.com/watch?v=FwsahytRilk,FwsahytRilk,271882,,,
SUZIE SUH,MALIK,ACAPELLA BATTLE,Accapella,2023,FOB,2023-11-05,https://www.youtube.com/watch?v=XdxsQ5ZkBl0,XdxsQ5ZkBl0,6093,,,
Yarambo,JollyJay,B-Day #10,Accapella,2023,DLTLLY,2023-10-29,https://www.youtube.com/watch?v=u6NT4ynzzXY,u6NT4ynzzXY,141240,,,
SIC68,LEOQUENT,ACAPELLA BATTLE,Accapella,2023,FOB,2023-10-29,https://www.youtube.com/watch?v=Aagl3mzXYHE,Aagl3mzXYHE,2596,,,
TEACH,SHORTWORTH,ACAPELLA BATTLE,Accapella,2023,FOB,2023-10-27,https://www.youtube.com/watch?v=v3gjheBRFdw,v3gjheBRFdw,5873,,,
Kato,Bong Teggy,B-Day #10,Accapella,2023,DLTLLY,2023-10-25,https://www.youtube.com/watch?v=9-PHpWXpad8,9-PHpWXpad8,93428,,,
M.F.L.,CLOCKWORK,ACAPELLA BATTLE,Accapella,2023,FOB,2023-10-21,https://www.youtube.com/watch?v=GrwKC49yyCQ,GrwKC49yyCQ,3354,,,
DEELAH,DADDA,ACAPELLA BATTLE,Accapella,2023,FOB,2023-10-20,https://www.youtube.com/watch?v=1hXJvRr5-v0,1hXJvRr5-v0,16114,,,
Karanova,Mc Geuner,B-Day #10,Accapella,2023,DLTLLY,2023-10-15,https://www.youtube.com/watch?v=EuuQTa_BAPs,EuuQTa_BAPs,37920,,,
Jeystone,Karanova,Battle,Accapella,2023,DUDL,2023-10-14,https://www.youtube.com/watch?v=RDIgvgVX2XE,RDIgvgVX2XE,16842,,,
DIAMOND,NATALI,ACAPELLA BATTLE,Accapella,2023,FOB,2023-10-13,https://www.youtube.com/watch?v=p8xbu9v5EZw,p8xbu9v5EZw,43389,,,
Mighty P,Karma,B-Day #10,Accapella,2023,DLTLLY,2023-10-08,https://www.youtube.com/watch?v=9h9mrGmjNkE,9h9mrGmjNkE,24584,,,
Flashus Christus,Béla Garbage,Battle,Accapella,2023,DUDL,2023-10-07,https://www.youtube.com/watch?v=ZYJzYXtGpjk,ZYJzYXtGpjk,6331,,,
ShadyX,David Ardor,Battle,Accapella,2023,DUDL,2023-09-30,https://www.youtube.com/watch?v=yyTA-Qjyo8k,yyTA-Qjyo8k,4096,,,
FAIVEL,MAZZIKANER,ACAPELLA BATTLE,Accapella,2023,FOB,2023-09-24,https://www.youtube.com/watch?v=jjoHn6PxuHo,jjoHn6PxuHo,4422,,,
DEZ,MC Rabiat,Battle,Accapella,2023,DUDL,2023-09-23,https://www.youtube.com/watch?v=7OxvBQs2I9U,7OxvBQs2I9U,5862,,,
JOSEPH STEINSCHLEUDER,ALADIN,ON BEAT BATTLE,On Beat,2023,FOB,2023-09-21,https://www.youtube.com/watch?v=1JJayQ1V2h4,1JJayQ1V2h4,57389,,,
Wolff,Requiem,München,Accapella,2023,DLTLLY,2023-09-15,https://www.youtube.com/watch?v=ET-J69Ip5-E,ET-J69Ip5-E,52453,,München,
Mc Geuner,Snakeheadrhyme,München,Accapella,2023,DLTLLY,2023-09-15,https://www.youtube.com/watch?v=i1B9-AWslJg,i1B9-AWslJg,31755,,München,
Tobi High,Yarambo,München,Accapella,2023,DLTLLY,2023-08-28,https://www.youtube.com/watch?v=DmiECBflC1Y,DmiECBflC1Y,184800,,München,
T-Way,Julo,München,Accapella,2023,DLTLLY,2023-08-21,https://www.youtube.com/watch?v=SsiMPL9Pxvc,SsiMPL9Pxvc,22415,,München,
TEACH,DJANGO (BATTLE UM PLATZ 3),FREESTYLE BATTLE,Accapella,2023,FOB,2023-08-10,https://www.youtube.com/watch?v=Gw-PKej8GDs,Gw-PKej8GDs,3454,,,
FAIVEL,TRIPLE,MIXED MARTIAL BARS,Accapella,2023,FOB,2023-08-10,https://www.youtube.com/watch?v=ruyoC9eeZe0,ruyoC9eeZe0,4941,,,
REQUIEM,ALADIN,ON BEAT BATTLE,On Beat,2023,FOB,2023-08-10,https://www.youtube.com/watch?v=pu3AO8kGZhI,pu3AO8kGZhI,6438,,,
DAVIE JONES,KIRUMA,ACAPELLA BATTLE,Accapella,2023,FOB,2023-08-10,https://www.youtube.com/watch?v=153UC-iaZuY,153UC-iaZuY,53036,,,
ROLLING G,ATROPATRAP,ACAPELLA BATTLE,Accapella,2023,FOB,2023-08-10,https://www.youtube.com/watch?v=qMDgBCsXSKk,qMDgBCsXSKk,19956,,,
VYRUS,KOOZY,ON BEAT BATTLE,On Beat,2023,FOB,2023-08-10,https://www.youtube.com/watch?v=alByBsxKWa4,alByBsxKWa4,18189,,,
DER SERGEANT,MUSIO,ACAPELLA BATTLE,Accapella,2023,FOB,2023-08-10,https://www.youtube.com/watch?v=oxWTBgiZXYo,oxWTBgiZXYo,5032,,,
NOTYZZE,PATO G (FINALE),FREESTYLE BATTLE,Accapella,2023,FOB,2023-08-10,https://www.youtube.com/watch?v=P-J6-smmJlE,P-J6-smmJlE,10638,,,
NASTIC (FINNASTIC),CRIPSTA,ON BEAT BATTLE,On Beat,2023,FOB,2023-08-10,https://www.youtube.com/watch?v=cQD1k_AzQvY,cQD1k_AzQvY,6936,,,
Joseph Steinschleuder,Shizu,München,Accapella,2023,DLTLLY,2023-08-01,https://www.youtube.com/watch?v=Ar11aFXhaH0,Ar11aFXhaH0,48770,,München,
Kato,Meidi,MAYhem #6,Accapella,2023,DLTLLY,2023-07-31,https://www.youtube.com/watch?v=5RNjICLfMiU,5RNjICLfMiU,227703,,,
MALIK,JEPAIN,ACAPELLA BATTLE,Accapella,2023,FOB,2023-07-28,https://www.youtube.com/watch?v=RTYVYzqrrxU,RTYVYzqrrxU,2899,,,
Craze,Karanova,MAYhem #6,Accapella,2023,DLTLLY,2023-07-25,https://www.youtube.com/watch?v=SPWI95_uXlw,SPWI95_uXlw,102333,,,
RIPA,CIZERO,ACAPELLA BATTLE,Accapella,2023,FOB,2023-07-23,https://www.youtube.com/watch?v=Zyqjl-p0XVM,Zyqjl-p0XVM,2030,,,
DER SERGEANT,CLOCKWORK,ACAPELLA BATTLE,Accapella,2023,FOB,2023-07-21,https://www.youtube.com/watch?v=LiwzGIfLQy4,LiwzGIfLQy4,3706,,,
YOUNG KENNEDY,LIUZ,ACAPELLA BATTLE,Accapella,2023,FOB,2023-07-16,https://www.youtube.com/watch?v=SNVsQYlBxIE,SNVsQYlBxIE,4675,,,
BARETTA,OLDBOY,ACAPELLA BATTLE,Accapella,2023,FOB,2023-07-14,https://www.youtube.com/watch?v=GWuP4kXR1Kg,GWuP4kXR1Kg,3000,,,
Karkobi,Hiding John,MAYhem #6,Accapella,2023,DLTLLY,2023-07-14,https://www.youtube.com/watch?v=MI6qkQeEBXE,MI6qkQeEBXE,114543,,,
Kid Soldier,Hansen,MAYhem #6,Accapella,2023,DLTLLY,2023-07-09,https://www.youtube.com/watch?v=dF87SGCIRYU,dF87SGCIRYU,64488,,,
Zeuge,Joseph Steinschleuder,MAYhem #6,Accapella,2023,DLTLLY,2023-07-08,https://www.youtube.com/watch?v=rOr6ZAP9SDU,rOr6ZAP9SDU,53128,,,
FINNASTIC,FAIVEL,ON BEAT BATTLE,On Beat,2023,FOB,2023-07-07,https://www.youtube.com/watch?v=IvW0VwU-bD4,IvW0VwU-bD4,5246,,,
Jindo109,Liuz,Proving Grounds Berlin,Accapella,2023,DLTLLY,2023-07-07,https://www.youtube.com/watch?v=VcwX1YM5mTA,VcwX1YM5mTA,76991,,Berlin,Proving Grounds Vol. 3
Mavgic,Bong Teggy,🏆  Titlematch 🏆,On Beat,2023,DLTLLY,2023-07-02,https://www.youtube.com/watch?v=7cWynBFYZKo,7cWynBFYZKo,196773,,,
MOODY,CSN GALACTICO,ACAPELLA BATTLE,Accapella,2023,FOB,2023-06-30,https://www.youtube.com/watch?v=xsiNjqXkrmU,xsiNjqXkrmU,7211,,,
EZRA,TECEY,ACAPELLA BATTLE,Accapella,2023,FOB,2023-06-30,https://www.youtube.com/watch?v=o6pKCGAZ8jg,o6pKCGAZ8jg,2485,,,
Rolling G,Jeystone,Proving Grounds Berlin,Accapella,2023,DLTLLY,2023-06-25,https://www.youtube.com/watch?v=WTKQAIjN1Vc,WTKQAIjN1Vc,23697,,Berlin,Proving Grounds Vol. 3
Kiruma,Jeystone,Battle,Accapella,2023,DUDL,2023-06-24,https://www.youtube.com/watch?v=ri_S-oeZ_eY,ri_S-oeZ_eY,28456,,,
LARA SOFT,MAT052,ON BEAT BATTLE,On Beat,2023,FOB,2023-06-21,https://www.youtube.com/watch?v=on745CtUTC8,on745CtUTC8,6971,,,
Mars,ZinZity,NRWeekend 6,Accapella,2023,DLTLLY,2023-06-18,https://www.youtube.com/watch?v=GlT7vWzBfgA,GlT7vWzBfgA,70103,,,NRWeekend 6
Julo,SnakeHeadRhyme,Battle,Accapella,2023,DUDL,2023-06-17,https://www.youtube.com/watch?v=-YKMqAAxT8o,-YKMqAAxT8o,13421,,,
LUCKYLILY,CRAZYO,ACAPELLA BATTLE,Accapella,2023,FOB,2023-06-11,https://www.youtube.com/watch?v=UvS4sFibdO8,UvS4sFibdO8,10596,,,
Mc Geuner,DeeLah,NRWeekend 6,Accapella,2023,DLTLLY,2023-06-11,https://www.youtube.com/watch?v=OqlGnaMrdxE,OqlGnaMrdxE,35414,,,NRWeekend 6
FreeKno,LevRudi,Battle,Accapella,2023,DUDL,2023-06-10,https://www.youtube.com/watch?v=9hUmhQs6_Mo,9hUmhQs6_Mo,12055,,,
Swear Boss,Chaarlz,Bars von Chaarlz,On Beat,2023,DLTLLY,2023-06-09,https://www.youtube.com/watch?v=xsppHOOGjuE,xsppHOOGjuE,38089,,,
MC GEUNER,JOSEPH STEINSCHLEUDER,ACAPELLA BATTLE,Accapella,2023,FOB,2023-06-08,https://www.youtube.com/watch?v=PqIW0yKlenc,PqIW0yKlenc,45641,,,
Jack Dragon,Duff,NRWeekend 6,Accapella,2023,DLTLLY,2023-06-04,https://www.youtube.com/watch?v=DaR9eHH76rU,DaR9eHH76rU,26270,,,NRWeekend 6
THORA,NICK SHIT,ACAPELLA BATTLE,Accapella,2023,FOB,2023-06-04,https://www.youtube.com/watch?v=YcZozCm_xbk,YcZozCm_xbk,2923,,,
XtraHerb,Trunkenbold,Battle,Accapella,2023,DUDL,2023-06-03,https://www.youtube.com/watch?v=wmR1ZNP60_s,wmR1ZNP60_s,9516,,,
T-WAY & TOLLSCHOCK & BURST & EZRA & HEINZ87,NATIF (& YAAMANN),5 GEGEN NATIF,Accapella,2023,FOB,2023-05-31,https://www.youtube.com/watch?v=s8txdXxnA78,s8txdXxnA78,7002,,,
MC Janosch,Quasi Infamous,Proving Grounds Berlin,Accapella,2023,DLTLLY,2023-05-31,https://www.youtube.com/watch?v=zP_94cQIw4U,zP_94cQIw4U,17739,,Berlin,Proving Grounds Vol. 3
Bronko Banano,Young Kennedy,Proving Grounds Berlin,Accapella,2023,DLTLLY,2023-05-31,https://www.youtube.com/watch?v=djAFYil0UhI,djAFYil0UhI,10343,,Berlin,Proving Grounds Vol. 3
Yarambo,Craze,NRWeekend 6,Accapella,2023,DLTLLY,2023-05-28,https://www.youtube.com/watch?v=46OYZ6po0Ak,46OYZ6po0Ak,127585,,,NRWeekend 6
Nio,Vesso,Battle,Accapella,2023,DUDL,2023-05-27,https://www.youtube.com/watch?v=GiTmnInso14,GiTmnInso14,6757,,,
Celune,Wenzel Washington,Proving Grounds Berlin,Accapella,2023,DLTLLY,2023-05-26,https://www.youtube.com/watch?v=vrsYi_dzJAM,vrsYi_dzJAM,25692,,Berlin,Proving Grounds Vol. 3
Joseph Steinschleuder,Requiem,NRWeekend 6,Accapella,2023,DLTLLY,2023-05-21,https://www.youtube.com/watch?v=b7Ous_8Wlug,b7Ous_8Wlug,52018,,,NRWeekend 6
S-Staticx,Rebellion,Battle,Accapella,2023,DUDL,2023-05-20,https://www.youtube.com/watch?v=CxLrqhH-DBk,CxLrqhH-DBk,6055,,,
DADDA,P-HAZE,ACAPELLA BATTLE,Accapella,2023,FOB,2023-05-19,https://www.youtube.com/watch?v=AhJOsTxYeUE,AhJOsTxYeUE,5143,,,
Valik,Davis,Proving Grounds Berlin,Accapella,2023,DLTLLY,2023-05-19,https://www.youtube.com/watch?v=LyPTX5qeZD0,LyPTX5qeZD0,13070,,Berlin,Proving Grounds Vol. 3
Neilz,Tobi High,NRWeekend 6,Accapella,2023,DLTLLY,2023-05-14,https://www.youtube.com/watch?v=jhhMGXy1LF8,jhhMGXy1LF8,79995,,,NRWeekend 6
JANAUND,PESC,ACAPELLA BATTLE,Accapella,2023,FOB,2023-05-12,https://www.youtube.com/watch?v=rJEsiba2m2Y,rJEsiba2m2Y,5290,,,
MOODY,NEOS,ACAPELLA BATTLE,Accapella,2023,FOB,2023-05-07,https://www.youtube.com/watch?v=iBL1KeH3-Zg,iBL1KeH3-Zg,3026,,,
CLOUDSURFER,CSN GALACTICO,ACAPELLA BATTLE,Accapella,2023,FOB,2023-05-05,https://www.youtube.com/watch?v=91Ics6zQVbw,91Ics6zQVbw,8473,,,
DER SERGEANT,M.F.L.,ACAPELLA BATTLE,Accapella,2023,FOB,2023-04-28,https://www.youtube.com/watch?v=G2FxBew9Jug,G2FxBew9Jug,6824,,,
MORGANA,STEEL,ON BEAT BATTLE,On Beat,2023,FOB,2023-04-21,https://www.youtube.com/watch?v=WAFnWLi2kQM,WAFnWLi2kQM,46959,,,Unbeatable
PHASENKIND,MC COLOGNE,ON BEAT BATTLE,On Beat,2023,FOB,2023-04-14,https://www.youtube.com/watch?v=zJNkeDhTDJo,zJNkeDhTDJo,20227,,,Unbeatable
Maka,Zeptah,NRWeekend 6,Accapella,2023,DLTLLY,2023-04-09,https://www.youtube.com/watch?v=tE_8ZrKkRL4,tE_8ZrKkRL4,16409,Spektakulum,Düsseldorf,NRWeekend 6
Niza,Heinz87,Proving Grounds Kontext Wiesbaden,Accapella,2023,DLTLLY,2023-04-02,https://www.youtube.com/watch?v=GwIj5C8bPBs,GwIj5C8bPBs,15803,,Wiesbaden,Proving Grounds
S-Staticx,Der Sir (JollyJay),Proving Grounds Kontext Wiesbaden,Accapella,2023,DLTLLY,2023-03-31,https://www.youtube.com/watch?v=Od-__geija4,Od-__geija4,9652,,Wiesbaden,Proving Grounds
LUG SERIOUS,BANDAN,ON BEAT BATTLE,On Beat,2023,FOB,2023-03-29,https://www.youtube.com/watch?v=iCJvT7zXNfY,iCJvT7zXNfY,4186,,,
MEIDI,KATO,MAYhem 6 - PROVOKATION 1/6,Accapella,2023,DLTLLY,2023-03-27,https://www.youtube.com/watch?v=BzgruMrzHLE,BzgruMrzHLE,21782,,,
Aladin,Oregano,Proving Grounds Wiesbaden,Accapella,2023,DLTLLY,2023-03-26,https://www.youtube.com/watch?v=34HlNq1_VfI,34HlNq1_VfI,36428,,Wiesbaden,Proving Grounds
HEYZEN,TECEY,ON BEAT BATTLE,On Beat,2023,FOB,2023-03-23,https://www.youtube.com/watch?v=Fw7e-M3WdOI,Fw7e-M3WdOI,2974,,,
Mordrake,Faivel,Proving Grounds Wiesbaden,Accapella,2023,DLTLLY,2023-03-19,https://www.youtube.com/watch?v=pxKAJ5Ivies,pxKAJ5Ivies,14495,,Wiesbaden,Proving Grounds
Mighty P,Shizu,Freestyle um 3. Platz,Accapella,2023,DLTLLY,2023-03-17,https://www.youtube.com/watch?v=lqYWya5f8gM,lqYWya5f8gM,10789,,,
PRYME,FINNASTIC,ON BEAT BATTLE,On Beat,2023,FOB,2023-03-17,https://www.youtube.com/watch?v=SC4utzuA9ks,SC4utzuA9ks,4972,,,
FINNASTIC,VESSO,ON BEAT BATTLE,On Beat,2023,FOB,2023-03-17,https://www.youtube.com/watch?v=djWWmOoyq4Q,djWWmOoyq4Q,3254,,,
DADDA,MAT052,ON BEAT BATTLE,On Beat,2023,FOB,2023-03-15,https://www.youtube.com/watch?v=VrI_EoQAHb8,VrI_EoQAHb8,6100,,,
PHASENKIND,MC COLOGNE,ON BEAT BATTLE,On Beat,2023,FOB,2023-03-14,https://www.youtube.com/watch?v=wGVt1b9k1-s,wGVt1b9k1-s,1580,,,
FREEZY & DESPO,ZEPTAH & ORPHXN,ON BEAT BATTLE,On Beat,2023,FOB,2023-03-14,https://www.youtube.com/watch?v=bnrYiUeZcmc,bnrYiUeZcmc,17413,,,
Holu & Freekno,Joseph Steinschleuder & Triple Beat,2on2,Accapella,2023,DLTLLY,2023-03-12,https://www.youtube.com/watch?v=wD1OXlkgxuo,wD1OXlkgxuo,42421,,,
Krom,Shizu,Freestyle Halbfinale 2/2  Kassel,Accapella,2023,DLTLLY,2023-03-10,https://www.youtube.com/watch?v=5At2_Fwibvw,5At2_Fwibvw,13299,,Kassel,
Kairuzo,Freezy,Kassel,On Beat,2023,DLTLLY,2023-03-05,https://www.youtube.com/watch?v=TWFbqnebTV8,TWFbqnebTV8,15635,,Kassel,
JOSEPH STEINSCHLEUDER,KAIRUZO,ON BEAT BATTLE,On Beat,2023,FOB,2023-03-05,https://www.youtube.com/watch?v=6dsqwWjEHYs,6dsqwWjEHYs,38285,,,
Papi Schlauch,Mighty P,Freestyle Halbfinale 1/2  Kassel,Accapella,2023,DLTLLY,2023-03-03,https://www.youtube.com/watch?v=GvjjcKT6ht8,GvjjcKT6ht8,22354,,Kassel,
Gerro,Bilal,Kassel,Accapella,2023,DLTLLY,2023-02-26,https://www.youtube.com/watch?v=PtphnbYBD-g,PtphnbYBD-g,21282,,Kassel,
Muro,Mighty P,Freestyle Viertelfinale 4/4 Kassel,Accapella,2023,DLTLLY,2023-02-24,https://www.youtube.com/watch?v=FjKugbIQk7w,FjKugbIQk7w,14503,,Kassel,
Krom,Notyzze,Freestyle Viertelfinale 3/4  Kassel,Accapella,2023,DLTLLY,2023-02-21,https://www.youtube.com/watch?v=98g7Cy_XbxY,98g7Cy_XbxY,30819,,Kassel,
MC Geuner,Shizu,Freestyle Viertelfinale 2/4 Kassel,Accapella,2023,DLTLLY,2023-02-17,https://www.youtube.com/watch?v=AvAcIKtEhwc,AvAcIKtEhwc,13782,,Kassel,
Craze,Papi Schlauch,Freestyle Viertelfinale 1/4 Kassel,Accapella,2023,DLTLLY,2023-02-14,https://www.youtube.com/watch?v=cFxjz1ESlrA,cFxjz1ESlrA,25970,,Kassel,
Vyrus,Bong Teggy,DISSember 6,On Beat,2023,DLTLLY,2023-02-12,https://www.youtube.com/watch?v=0j2whdG-GRI,0j2whdG-GRI,172024,Festsaal Kreuzberg,Berlin,DISSember 4
Julo,Kid Soldier,DISSember 6,Accapella,2023,DLTLLY,2023-02-05,https://www.youtube.com/watch?v=9sm6ohBf5jM,9sm6ohBf5jM,43431,Festsaal Kreuzberg,Berlin,DISSember 4
Kiruma,LevRudi,Battle,Accapella,2022,DUDL,2023-02-04,https://www.youtube.com/watch?v=cy4tB0dKQvQ,cy4tB0dKQvQ,23832,,,
Neilz,Wolff,DISSember 6,Accapella,2023,DLTLLY,2023-02-02,https://www.youtube.com/watch?v=haZz6DTu_-g,haZz6DTu_-g,69699,Festsaal Kreuzberg,Berlin,DISSember 4
Kato,Robscure,🏆 TITLE MATCH 🏆,Accapella,2023,DLTLLY,2023-01-29,https://www.youtube.com/watch?v=N2dkTa_mUcg,N2dkTa_mUcg,69718,,,
MC Rabiat,Morgana,Battle,Accapella,2022,DUDL,2023-01-28,https://www.youtube.com/watch?v=YZjDfu6_Hq4,YZjDfu6_Hq4,6224,,,
Hiding John,MC Geuner,DISSember 6,Accapella,2023,DLTLLY,2023-01-22,https://www.youtube.com/watch?v=grXVswnsBUY,grXVswnsBUY,68123,Festsaal Kreuzberg,Berlin,DISSember 4
Jindo109,Quasi,Battle,Accapella,2022,DUDL,2023-01-21,https://www.youtube.com/watch?v=tBp6PGi6uno,tBp6PGi6uno,105283,,,
Karanova,BanDan,DISSember 6,On Beat,2023,DLTLLY,2023-01-15,https://www.youtube.com/watch?v=4wcUZ0dY-LA,4wcUZ0dY-LA,24529,Festsaal Kreuzberg,Berlin,DISSember 4
Jeystone,Vorstadtflokati,Battle,Accapella,2022,DUDL,2023-01-14,https://www.youtube.com/watch?v=VvxXsgtdpE0,VvxXsgtdpE0,7411,,,
Mars B.,JollyJay,Kassel,Accapella,2023,DLTLLY,2023-01-08,https://www.youtube.com/watch?v=gGQdvDUSOpo,gGQdvDUSOpo,130829,,Kassel,
Flashus Christus,Schlawin0r,Battle,Accapella,2022,DUDL,2023-01-07,https://www.youtube.com/watch?v=NmmCLoAfZ5k,NmmCLoAfZ5k,7599,,,
CRAZE,MURO (FINALE),FREESTYLE BATTLE,Accapella,2023,FOB,2023-01-02,https://www.youtube.com/watch?v=38oHMQzefu4,38oHMQzefu4,7433,,,
YAAMANN,TOMMY2LATE (BATTLE UM PLATZ 3),FREESTYLE BATTLE,Accapella,2023,FOB,2023-01-02,https://www.youtube.com/watch?v=01BN8cP4K2s,01BN8cP4K2s,2920,,,
T-Way,Neilz,Kassel,Accapella,2023,DLTLLY,2023-01-01,https://www.youtube.com/watch?v=RlbPNOCmPdg,RlbPNOCmPdg,56362,,Kassel,
Duff,B-Dad,Kassel,Accapella,2022,DLTLLY,2022-12-25,https://www.youtube.com/watch?v=vs4tNDMiQbE,vs4tNDMiQbE,28839,,Kassel,
Pulsar,Shaolum,Kassel,Accapella,2022,DLTLLY,2022-12-11,https://www.youtube.com/watch?v=xhm1GaoEThA,xhm1GaoEThA,19857,,Kassel,
T-WAY,KOOZY,ON BEAT BATTLE,On Beat,2022,FOB,2022-12-09,https://www.youtube.com/watch?v=pZQtoF-rlXI,pZQtoF-rlXI,10195,,,
ZEPTAH,NOAH263,FREESTYLE BATTLE,Accapella,2022,FOB,2022-12-04,https://www.youtube.com/watch?v=Do5mGT8p3rQ,Do5mGT8p3rQ,2592,,,
Papi Schlauch,Craze,Stellwerk Hamburg,Accapella,2022,DLTLLY,2022-12-04,https://www.youtube.com/watch?v=8MwhxBFd0rk,8MwhxBFd0rk,98956,,,
TEACH,VESSO,FREESTYLE BATTLE,Accapella,2022,FOB,2022-12-04,https://www.youtube.com/watch?v=FDh0UdIX-3g,FDh0UdIX-3g,2931,,,
Shizu,Niza,Kassel,Accapella,2022,DLTLLY,2022-11-30,https://www.youtube.com/watch?v=nB5MCOERYgw,nB5MCOERYgw,25941,,Kassel,
MORGANA,DESPO,ACAPELLA BATTLE,Accapella,2022,FOB,2022-11-28,https://www.youtube.com/watch?v=cr7jeZoQa4Y,cr7jeZoQa4Y,5253,,,
MC COLOGNE,LEOQUENT,ACAPELLA BATTLE,Accapella,2022,FOB,2022-11-28,https://www.youtube.com/watch?v=srliH-T5M4I,srliH-T5M4I,2813,,,
LEONNN,CLOUDSURFER,ACAPELLA BATTLE,Accapella,2022,FOB,2022-11-28,https://www.youtube.com/watch?v=YdcZBjLyUdQ,YdcZBjLyUdQ,3047,,,
Jack Dragon,Tollschock,Stellwerk Hamburg,Accapella,2022,DLTLLY,2022-11-27,https://www.youtube.com/watch?v=BJFMwGvMeqY,BJFMwGvMeqY,17843,,,
Shortworth,Kairuzo,Proving Grounds  Panke Berlin,Accapella,2022,DLTLLY,2022-11-25,https://www.youtube.com/watch?v=moff7jTB0Hk,moff7jTB0Hk,10923,,Berlin,Proving Grounds Vol. 2
DASCHA,NOTYZZE,FREESTYLE BATTLE,Accapella,2022,FOB,2022-11-20,https://www.youtube.com/watch?v=Rn3E7Ggt1eI,Rn3E7Ggt1eI,17218,,,
Zeuge,D-Kay,Stellwerk Hamburg,Accapella,2022,DLTLLY,2022-11-20,https://www.youtube.com/watch?v=lY1e8yfkpa8,lY1e8yfkpa8,19870,,,
Der Sir,Bronko Banano aka Street,Proving Grounds  Panke Berlin,Accapella,2022,DLTLLY,2022-11-18,https://www.youtube.com/watch?v=ZS28WqvU5SM,ZS28WqvU5SM,8506,,Berlin,Proving Grounds Vol. 2
NOTYZZE,DIZZEPTICON,FREESTYLE BATTLE,Accapella,2022,FOB,2022-11-14,https://www.youtube.com/watch?v=bJE9flpMmRE,bJE9flpMmRE,6247,,,
Joseph Steinschleuder,Hiding John,Stellwerk Hamburg,Accapella,2022,DLTLLY,2022-11-13,https://www.youtube.com/watch?v=y6t8jKfD-AE,y6t8jKfD-AE,80126,,,
Mazzikaner,Requiem,Proving Grounds  Panke Berlin,Accapella,2022,DLTLLY,2022-11-06,https://www.youtube.com/watch?v=TAm558704I4,TAm558704I4,16024,,Berlin,Proving Grounds Vol. 2
KIRUMA,ZEPTAH,ACAPELLA BATTLE,Accapella,2022,FOB,2022-11-04,https://www.youtube.com/watch?v=fWJTrdnzJrg,fWJTrdnzJrg,17705,,,
MC GEUNER,ROLLING G,ACAPELLA BATTLE,Accapella,2022,FOB,2022-11-03,https://www.youtube.com/watch?v=uu0PY0v7IFQ,uu0PY0v7IFQ,41409,,,
Krom,Fate,Freestyle Halbfinale 2/2,Accapella,2022,DLTLLY,2022-10-23,https://www.youtube.com/watch?v=Li-qeNs1KpU,Li-qeNs1KpU,16497,,,
Hiding John,Lyrico,Berlin 9th Birthday,Accapella,2022,DLTLLY,2022-10-16,https://www.youtube.com/watch?v=DfqZW-U6Pt8,DfqZW-U6Pt8,103513,Festsaal Kreuzberg,Berlin,
CRAZE & PHILLIE.45,VYRUS & FREEZY,ON BEAT BATTLE,On Beat,2022,FOB,2022-10-14,https://www.youtube.com/watch?v=ldSXHCj1nOM,ldSXHCj1nOM,88680,,,
HOLU,MC RABIAT,ACAPELLA BATTLE,Accapella,2022,FOB,2022-10-14,https://www.youtube.com/watch?v=N9pjDq1PXRU,N9pjDq1PXRU,2340,,,
Kato,Craze,Freestyle Viertelfinale 4/4,Accapella,2022,DLTLLY,2022-10-14,https://www.youtube.com/watch?v=EutFE-eb8sc,EutFE-eb8sc,17683,,,
HEINZ87,OREGANO,ACAPELLA BATTLE,Accapella,2022,FOB,2022-10-14,https://www.youtube.com/watch?v=TRUrdcR5wIw,TRUrdcR5wIw,19915,,,
Aytee,Galv,Berlin 9th Birthday,On Beat,2022,DLTLLY,2022-10-09,https://www.youtube.com/watch?v=jD054e2cdBw,jD054e2cdBw,54943,Festsaal Kreuzberg,Berlin,
Fate,Davie Jones,Freestyle Viertelfinale 3/4,Accapella,2022,DLTLLY,2022-10-07,https://www.youtube.com/watch?v=05TK5EPBr0Y,05TK5EPBr0Y,16991,,,
Tobi High,Wolff,Berlin 9th Birthday,Accapella,2022,DLTLLY,2022-10-03,https://www.youtube.com/watch?v=k3BrRmzQiho,k3BrRmzQiho,72633,Festsaal Kreuzberg,Berlin,
Notyzze,Shizu,Freestyle Viertelfinale 2/4,Accapella,2022,DLTLLY,2022-10-02,https://www.youtube.com/watch?v=ZrSdgJqcZoE,ZrSdgJqcZoE,19044,,,
Julo,Joseph Steinschleuder,Battle,Accapella,2022,DUDL,2022-10-01,https://www.youtube.com/watch?v=OZXeAAAO5J4,OZXeAAAO5J4,46708,Badehaus Berlin,Berlin,
Krom,Mighty P,Freestyle Viertelfinale 1/4,Accapella,2022,DLTLLY,2022-09-30,https://www.youtube.com/watch?v=Jh54jeD5YeU,Jh54jeD5YeU,16657,,,
T-WAY,FREEKNO,ACAPELLA BATTLE,Accapella,2022,FOB,2022-09-28,https://www.youtube.com/watch?v=9l3DT26cxe8,9l3DT26cxe8,4346,,,
JOSEPH STEINSCHLEUDER,FAIVEL,ACAPELLA BATTLE,Accapella,2022,FOB,2022-09-27,https://www.youtube.com/watch?v=aUwkQJY2Rf8,aUwkQJY2Rf8,29893,,,
TOLLSCHOCK,PESC,ACAPELLA BATTLE,Accapella,2022,FOB,2022-09-27,https://www.youtube.com/watch?v=BwRs5JfDleQ,BwRs5JfDleQ,5854,,,
Morgana,Kiruma,Battle,Accapella,2022,DUDL,2022-09-24,https://www.youtube.com/watch?v=sAEdAkJMRdU,sAEdAkJMRdU,20551,,,
MC Rabiat,Pulsar,Battle,Accapella,2022,DUDL,2022-09-17,https://www.youtube.com/watch?v=dkTL_Nv3G8Q,dkTL_Nv3G8Q,6131,,,
MC COLOGNE,.TECEY,ON BEAT BATTLE,On Beat,2022,FOB,2022-09-14,https://www.youtube.com/watch?v=r1F9bbM1oKU,r1F9bbM1oKU,2871,,,
VYRUS,ZEPTAH,ON BEAT BATTLE,On Beat,2022,FOB,2022-09-14,https://www.youtube.com/watch?v=Zm6fOMQaFS0,Zm6fOMQaFS0,62568,,,
Bong Teggy,Davie Jones,Splash! Festival,On Beat,2022,DLTLLY,2022-09-11,https://www.youtube.com/watch?v=pdhbmLWMwyg,pdhbmLWMwyg,234272,Splash,Ferropolis,splash! 23
DEZ,LevRudi,Battle,Accapella,2022,DUDL,2022-09-10,https://www.youtube.com/watch?v=4hkL_gTsuBc,4hkL_gTsuBc,9268,,,
Karanova,Aytee,Splash! Festival,On Beat,2022,DLTLLY,2022-09-04,https://www.youtube.com/watch?v=n6c9Qv8P-C8,n6c9Qv8P-C8,83779,Splash,Ferropolis,splash! 23
Trunkenbold,Flashus Christus,Battle,Accapella,2022,DUDL,2022-09-03,https://www.youtube.com/watch?v=NIohlGTNge8,NIohlGTNge8,8536,,,
MORGANA,LUG SERIOUS,ON BEAT BATTLE,On Beat,2022,FOB,2022-09-02,https://www.youtube.com/watch?v=y4yjYAZK7JE,y4yjYAZK7JE,21083,,,
FROZEN,FREEZY,ON BEAT BATTLE,On Beat,2022,FOB,2022-08-30,https://www.youtube.com/watch?v=Gsl1naOWydI,Gsl1naOWydI,4354,,,
PHASENKIND,LUG SERIOUS,ON BEAT BATTLE,On Beat,2022,FOB,2022-08-30,https://www.youtube.com/watch?v=FlPpnQ-dKD8,FlPpnQ-dKD8,9856,,,
PHILLIE.45,BANDAN,ON BEAT BATTLE,On Beat,2022,FOB,2022-08-30,https://www.youtube.com/watch?v=XXSqvOu2WQs,XXSqvOu2WQs,6548,,,
Khacoby,DirtySanchez,Splash! Festival,On Beat,2022,DLTLLY,2022-08-28,https://www.youtube.com/watch?v=s-zpW3jQqTo,s-zpW3jQqTo,33680,Splash,Ferropolis,splash! 23
Jeystone,Jesazz K,Battle,Accapella,2022,DUDL,2022-08-27,https://www.youtube.com/watch?v=Hz69rjg3Kw8,Hz69rjg3Kw8,9935,,,
BURST,KAIRUZO,ON BEAT BATTLE,On Beat,2022,FOB,2022-08-26,https://www.youtube.com/watch?v=CiPxzTK1pqw,CiPxzTK1pqw,2043,,,
REQUIEM,HEYZEN,ON BEAT BATTLE,On Beat,2022,FOB,2022-08-25,https://www.youtube.com/watch?v=z83Zw2aMjkI,z83Zw2aMjkI,7628,,,
T-Way,Tobi High,Splash! Festival,On Beat,2022,DLTLLY,2022-08-21,https://www.youtube.com/watch?v=tEhjlNLOuFA,tEhjlNLOuFA,22340,Splash,Ferropolis,splash! 23
SnakeHeadRhyme,D-Kay,Battle,Accapella,2022,DUDL,2022-08-20,https://www.youtube.com/watch?v=huG-hq7KSZg,huG-hq7KSZg,11021,,,
NOTYZZE,CRAZE  (BONUS BATTLE),FREESTYLE BATTLE,Accapella,2022,FOB,2022-08-18,https://www.youtube.com/watch?v=KHCHHB0LHHM,KHCHHB0LHHM,11538,,,
VYRUS,JOLLE (BATTLE UM PLATZ 3),FREESTYLE BATTLE,Accapella,2022,FOB,2022-08-18,https://www.youtube.com/watch?v=iOJVqrGOgso,iOJVqrGOgso,4603,,,
CRAZE,PATO G (FINALE),FREESTYLE BATTLE,Accapella,2022,FOB,2022-08-18,https://www.youtube.com/watch?v=hr1SredLhhU,hr1SredLhhU,5789,,,
Vorstadtflokati,Latik,Battle,Accapella,2022,DUDL,2022-08-13,https://www.youtube.com/watch?v=dRDcUTdB7nE,dRDcUTdB7nE,6321,,,
STEEL,MC COLOGNE,ON BEAT BATTLE,On Beat,2022,FOB,2022-08-12,https://www.youtube.com/watch?v=9gdlkHCY6ks,9gdlkHCY6ks,25209,,,
Holu,Mazzikaner,Battle,Accapella,2022,DUDL,2022-08-06,https://www.youtube.com/watch?v=1JCgK26bVhA,1JCgK26bVhA,5691,,,
Julo,Cashus K.,Battle,Accapella,2022,DUDL,2022-07-30,https://www.youtube.com/watch?v=syTuhtmBwRg,syTuhtmBwRg,8733,,,
Alko,Bilal,Battle,Accapella,2022,DUDL,2022-07-23,https://www.youtube.com/watch?v=02mF_h347nk,02mF_h347nk,11365,,,
Shizu,Tao,Backstage München,Accapella,2022,DLTLLY,2022-07-17,https://www.youtube.com/watch?v=pbJaLLca8ec,pbJaLLca8ec,25061,Backstage,München,
LevRudi,Jesazz K,Battle,Accapella,2022,DUDL,2022-07-16,https://www.youtube.com/watch?v=LAUYmanP_6I,LAUYmanP_6I,11991,,,
KALP ONE,FREEKNO,ACAPELLA BATTLE,Accapella,2022,FOB,2022-07-14,https://www.youtube.com/watch?v=yU99ToSTBps,yU99ToSTBps,3752,,,
KOOZY,KAIRUZO,ON BEAT BATTLE,On Beat,2022,FOB,2022-07-14,https://www.youtube.com/watch?v=5TCfzkPBF-o,5TCfzkPBF-o,13194,,,
DOCMO,BEZEY,FREESTYLE BATTLE,Accapella,2022,FOB,2022-07-14,https://www.youtube.com/watch?v=pVZjfqP3MvU,pVZjfqP3MvU,1217,,,
NOTYZZE,YAAMANN,FREESTYLE BATTLE,Accapella,2022,FOB,2022-07-14,https://www.youtube.com/watch?v=HY-hSTOAFvc,HY-hSTOAFvc,8317,,,
BARETTA,OREGANO,ACAPELLA BATTLE,Accapella,2022,FOB,2022-07-14,https://www.youtube.com/watch?v=B6RjjHg62QE,B6RjjHg62QE,12727,,,
NOTYZZE,PHASENKIND,FREESTYLE BATTLE,Accapella,2022,FOB,2022-07-14,https://www.youtube.com/watch?v=HD98boSKqCM,HD98boSKqCM,5864,,,
Mars B.,Neilz,Backstage München,Accapella,2022,DLTLLY,2022-07-10,https://www.youtube.com/watch?v=-iJVkN6FDbs,-iJVkN6FDbs,108250,Backstage,München,
MIKESH,SSYNIC,MAYhem #5,Accapella,2022,DLTLLY,2022-07-10,https://www.youtube.com/watch?v=ccC4G3Ox27Y,ccC4G3Ox27Y,692735,,,
Hiding John,Neilz,Battle,Accapella,2022,DUDL,2022-07-09,https://www.youtube.com/watch?v=O_9B-Ip_kkg,O_9B-Ip_kkg,88779,,,
Robscure,Falki,MAYhem 5 Festsaal Kreuzberg,Accapella,2022,DLTLLY,2022-07-03,https://www.youtube.com/watch?v=f-mF2l3hDjY,f-mF2l3hDjY,57989,,,
McLuvin,GR8,Battle,Accapella,2022,DUDL,2022-07-02,https://www.youtube.com/watch?v=regYrzxAfGs,regYrzxAfGs,9709,,,
ROBEAZY,M.F.L.,ACAPELLA BATTLE,Accapella,2022,FOB,2022-06-30,https://www.youtube.com/watch?v=d0qAuLNmQQc,d0qAuLNmQQc,2002,,,
Tobi High,Aytee,MAYhem 5 Festsaal Kreuzberg,Accapella,2022,DLTLLY,2022-06-26,https://www.youtube.com/watch?v=ZPeaBwUwty4,ZPeaBwUwty4,73780,,,
Béla Garbage,Franz Flaute,Battle,Accapella,2022,DUDL,2022-06-25,https://www.youtube.com/watch?v=e4VyBRJ4Fk4,e4VyBRJ4Fk4,10277,,,
DASCHA,PATO G,FREESTYLE BATTLE,Accapella,2022,FOB,2022-06-24,https://www.youtube.com/watch?v=jaQXn1IHhcU,jaQXn1IHhcU,2622,,,
PESC,LEOQUENT,ACAPELLA BATTLE,Accapella,2022,FOB,2022-06-21,https://www.youtube.com/watch?v=dsD2zPtl9UQ,dsD2zPtl9UQ,1817,,,
MORGANA,TECEY,ACAPELLA BATTLE,Accapella,2022,FOB,2022-06-20,https://www.youtube.com/watch?v=rXsbY1b41N4,rXsbY1b41N4,3523,,,
Pablo2k,Jeystone,Battle,Accapella,2022,DUDL,2022-06-18,https://www.youtube.com/watch?v=tuxr36FJOPs,tuxr36FJOPs,9744,,,
OREGANO,FAIVEL,ACAPELLA BATTLE,Accapella,2022,FOB,2022-06-17,https://www.youtube.com/watch?v=ahNsdBtoNVw,ahNsdBtoNVw,15714,,,
SnakeHeadRhyme,Kid Soldier,MAYhem 5,Accapella,2022,DLTLLY,2022-06-12,https://www.youtube.com/watch?v=3haA6pKjg5I,3haA6pKjg5I,51614,,,
ZinZity,Karanova,Battle,Accapella,2022,DUDL,2022-06-11,https://www.youtube.com/watch?v=jY18iQanWaI,jY18iQanWaI,68310,,,
LATIK,NIKA,ACAPELLA BATTLE,Accapella,2022,FOB,2022-06-04,https://www.youtube.com/watch?v=ughb98BsdD8,ughb98BsdD8,3978,,,
Django,Zeuge,Battle,Accapella,2022,DUDL,2022-06-04,https://www.youtube.com/watch?v=rM3mXY5wEuA,rM3mXY5wEuA,13445,,,
NICK SHIT,EZRA,ACAPELLA BATTLE,Accapella,2022,FOB,2022-05-31,https://www.youtube.com/watch?v=-gNJ3ZjYgj0,-gNJ3ZjYgj0,1568,,,
Kiruma,BunGee,Battle,Accapella,2022,DUDL,2022-05-28,https://www.youtube.com/watch?v=aRMwOCghSCI,aRMwOCghSCI,18896,,,
ALKO,EMBA,ON BEAT BATTLE,On Beat,2022,FOB,2022-05-24,https://www.youtube.com/watch?v=XedbsyzqXvg,XedbsyzqXvg,4984,,,
Bong Teggy & Papi Schlauch,Cris Kotzen & Ano-nym,2on2  Dissember5 Berlin,Accapella,2022,DLTLLY,2022-05-15,https://www.youtube.com/watch?v=kXPVliglFLM,kXPVliglFLM,145005,Festsaal Kreuzberg,Berlin,DISSember 4
Deytona,Maka,Spektakulum Düsseldorf,Accapella,2022,DLTLLY,2022-05-08,https://www.youtube.com/watch?v=nhXxVQrDp3E,nhXxVQrDp3E,18816,,,
Hiding John,Julo,Spektakulum Düsseldorf,Accapella,2022,DLTLLY,2022-05-06,https://www.youtube.com/watch?v=8Rg-OYpHnz8,8Rg-OYpHnz8,50546,,,
Bilal,RNGD,Bonus Battle DISSember 5 Berlin,Accapella,2022,DLTLLY,2022-05-06,https://www.youtube.com/watch?v=A15mdm79cLI,A15mdm79cLI,13286,Festsaal Kreuzberg,Berlin,DISSember 5
Davie Jones,Khacoby,DISSember 5 Berlin,Accapella,2022,DLTLLY,2022-05-01,https://www.youtube.com/watch?v=x-LvLkEzs8k,x-LvLkEzs8k,60870,Festsaal Kreuzberg,Berlin,DISSember 5
LITTLE SEDO,MALIK (NEWCOMER BATTLE),ACAPELLA BATTLE,Accapella,2022,FOB,2022-04-28,https://www.youtube.com/watch?v=qTnU1JNsn1Q,qTnU1JNsn1Q,2179,,,
Hiding John,Karanova,DISSember 5 Berlin,Accapella,2022,DLTLLY,2022-04-24,https://www.youtube.com/watch?v=0AWRxf_O7N0,0AWRxf_O7N0,50270,Festsaal Kreuzberg,Berlin,DISSember 5
OREGANO,BUNNEE (NEWCOMER BATTLE),ACAPELLA BATTLE,Accapella,2022,FOB,2022-04-22,https://www.youtube.com/watch?v=IpAK7JAG9aY,IpAK7JAG9aY,6408,,,
Niza,Despo,DISSember 5 Berlin,Accapella,2022,DLTLLY,2022-04-17,https://www.youtube.com/watch?v=QOkXwlYdbQI,QOkXwlYdbQI,18344,Festsaal Kreuzberg,Berlin,DISSember 5
NICK SHIT,BARETTA (NEWCOMER BATTLE),ACAPELLA BATTLE,Accapella,2022,FOB,2022-04-15,https://www.youtube.com/watch?v=UHTFPhhnook,UHTFPhhnook,1683,,,
T-Way,DeeLah,DISSember 5 Berlin,Accapella,2022,DLTLLY,2022-04-10,https://www.youtube.com/watch?v=pc0see3ZJrM,pc0see3ZJrM,33658,Festsaal Kreuzberg,Berlin,DISSember 5
CRAZYO,M.F.L. (NEWCOMER BATTLE),ACAPELLA BATTLE,Accapella,2022,FOB,2022-04-08,https://www.youtube.com/watch?v=dwxhHY6EU6Y,dwxhHY6EU6Y,1976,,,
Ankündigung MIKESH,SSYNIC,MAYhem 5,Accapella,2022,DLTLLY,2022-03-27,https://www.youtube.com/watch?v=8SdOlGCSiyQ,8SdOlGCSiyQ,51183,,,
PESC,LEOQUENT (NEWCOMER BATTLE),ACAPELLA BATTLE,Accapella,2022,FOB,2022-03-25,https://www.youtube.com/watch?v=1FsbrboRc0c,1FsbrboRc0c,1647,,,
FROZEN,EZRA (NEWCOMER BATTLE),ACAPELLA BATTLE,Accapella,2022,FOB,2022-03-24,https://www.youtube.com/watch?v=6LKmFzyGKjs,6LKmFzyGKjs,1756,,,
BURST,A-RON,ON BEAT BATTLE,On Beat,2022,FOB,2022-02-09,https://www.youtube.com/watch?v=R8lbxhWiq-M,R8lbxhWiq-M,2763,,,
FREEZY,DESPO,ON BEAT BATTLE,On Beat,2022,FOB,2022-02-04,https://www.youtube.com/watch?v=elnma98FBPM,elnma98FBPM,6496,,,
ZEPTAH,PHILLIE.45,ON BEAT BATTLE,On Beat,2022,FOB,2022-02-04,https://www.youtube.com/watch?v=ICuy8oTOBKw,ICuy8oTOBKw,6479,,,
KAIRUZO,FROZEN,ON BEAT BATTLE,On Beat,2022,FOB,2022-02-02,https://www.youtube.com/watch?v=kLzU7By3Z48,kLzU7By3Z48,3836,,,
BANDAN,T-WAY,ON BEAT BATTLE,On Beat,2022,FOB,2022-01-31,https://www.youtube.com/watch?v=yuTFKFCHHRs,yuTFKFCHHRs,4701,,,
LATIK,TEACH,ACAPELLA BATTLE,Accapella,2022,FOB,2022-01-30,https://www.youtube.com/watch?v=m5T71FIBKeE,m5T71FIBKeE,4856,,,
TOLLSCHOCK,BURST,ACAPELLA BATTLE,Accapella,2022,FOB,2022-01-27,https://www.youtube.com/watch?v=0Nu4Vs4yFik,0Nu4Vs4yFik,6346,,,
Joseph Steinschleuder,Tobi High,Battle,Accapella,2021,DUDL,2022-01-08,https://www.youtube.com/watch?v=cblMd5dP52g,cblMd5dP52g,74945,,,
T-Way,Karanova,Battle,Accapella,2021,DUDL,2022-01-01,https://www.youtube.com/watch?v=O1gK-lc2744,O1gK-lc2744,25837,,,
Khacoby,DeeLah,NRWeekend 5,Accapella,2021,DLTLLY,2021-12-26,https://www.youtube.com/watch?v=0TzaYVDPlWs,0TzaYVDPlWs,50202,,,NRWeekend 5
Lug Serious,Zeuge,Battle,Accapella,2021,DUDL,2021-12-25,https://www.youtube.com/watch?v=eZEkBQHj1Zw,eZEkBQHj1Zw,12077,,,
Maka,Heinz87,NRWeekend 5,Accapella,2021,DLTLLY,2021-12-24,https://www.youtube.com/watch?v=M9ljmm81bj8,M9ljmm81bj8,16130,,,NRWeekend 5
MADAME CHAOT,REQUIEM,ACAPELLA BATTLE,Accapella,2021,FOB,2021-12-23,https://www.youtube.com/watch?v=f7Ie40PCgKE,f7Ie40PCgKE,19151,,,
Mc Geuner,Phasenkind,NRWeekend 5,Accapella,2021,DLTLLY,2021-12-19,https://www.youtube.com/watch?v=8XF0GNuX43c,8XF0GNuX43c,33578,,,NRWeekend 5
Craze,ZinZity,NRWeekend 5,Accapella,2021,DLTLLY,2021-12-19,https://www.youtube.com/watch?v=BFpaIJJRZpo,BFpaIJJRZpo,151891,,,NRWeekend 5
Herr Sören,Holu,Battle,Accapella,2021,DUDL,2021-12-18,https://www.youtube.com/watch?v=kSiZzKaRn_M,kSiZzKaRn_M,9262,,,
Hiding John,Mars B.,NRWeekend 5,Accapella,2021,DLTLLY,2021-12-12,https://www.youtube.com/watch?v=waIf0MlTjyA,waIf0MlTjyA,145272,,,NRWeekend 5
Joe Pharo,Kid Soldier,Battle,Accapella,2021,DUDL,2021-12-11,https://www.youtube.com/watch?v=v-UUweDkH68,v-UUweDkH68,36945,,,
Atropatrap,Natif,NRWeekend 5,Accapella,2021,DLTLLY,2021-12-10,https://www.youtube.com/watch?v=mLz-MOsV9eY,mLz-MOsV9eY,45825,,,NRWeekend 5
Niza,Devasberg,NRWeekend 5,Accapella,2021,DLTLLY,2021-12-05,https://www.youtube.com/watch?v=_QVu_4_lKPw,_QVu_4_lKPw,18029,,,NRWeekend 5
Wolff,MC Geuner,Battle,Accapella,2021,DUDL,2021-12-04,https://www.youtube.com/watch?v=b-UoZVuRk8o,b-UoZVuRk8o,30217,,,
Dizzepticon,Koozy,NRWeekend 5,On Beat,2021,DLTLLY,2021-11-28,https://www.youtube.com/watch?v=44GWsXgZyNs,44GWsXgZyNs,20704,,,NRWeekend 5
Phasenkind,SnakeHeadRhyme,Battle,Accapella,2021,DUDL,2021-11-27,https://www.youtube.com/watch?v=rnhrlt8rjHo,rnhrlt8rjHo,15982,,,
Julo,Gerro,NRWeekend 5,Accapella,2021,DLTLLY,2021-11-21,https://www.youtube.com/watch?v=JFRhtS_YE9A,JFRhtS_YE9A,28484,,,NRWeekend 5
Latik,Julo,Battle,Accapella,2021,DUDL,2021-11-20,https://www.youtube.com/watch?v=JsYSZtd2KMg,JsYSZtd2KMg,6543,,,
DEMUTRAS,REQUIEM,ACAPELLA BATTLE,Accapella,2021,FOB,2021-11-18,https://www.youtube.com/watch?v=SGn3uMPhtTk,SGn3uMPhtTk,3245,,,
EKHEAD,PESC,ACAPELLA BATTLE,Accapella,2021,FOB,2021-11-18,https://www.youtube.com/watch?v=0J9DKWtyvQ0,0J9DKWtyvQ0,3868,,,
Davie Jones,Shizu,Viertelfinale - Freestyle Turnier,Accapella,2021,DLTLLY,2021-11-12,https://www.youtube.com/watch?v=00PsDnNc0tE,00PsDnNc0tE,19003,,,
Requiem,Malik,Battle,Accapella,2021,DUDL,2021-11-12,https://www.youtube.com/watch?v=nAOzsb5R0jQ,nAOzsb5R0jQ,8409,,,
Mighty P,Papi Schlauch / Viertelfinale - Freestyle Turnier / ProvingGrounds 2 Rapbattles / DLTLLY DurationPT5M Uploaded2021-11-9 Views19396 ChannelDLTLLY,battlerap culture Thumbnail:https:,Accapella,2021,DLTLLY,2021-11-09,https://www.youtube.com/watch?v=MkO4Kivu-oc,MkO4Kivu-oc,19485,,,
Kato,Craze,B-DAY #8,Accapella,2021,DLTLLY,2021-11-07,https://www.youtube.com/watch?v=tQxf0_g0Qyo,tQxf0_g0Qyo,112908,,,
Schlawin0r,Franciss,Battle,Accapella,2021,DUDL,2021-11-06,https://www.youtube.com/watch?v=UJw2kUbdKRc,UJw2kUbdKRc,6868,,,
Notyzze,Leanders,Viertelfinale - Freestyle Turnier,Accapella,2021,DLTLLY,2021-11-05,https://www.youtube.com/watch?v=P3jJnu84jso,P3jJnu84jso,20980,,,
Karanova,Mars B.,B-DAY #8,Accapella,2021,DLTLLY,2021-10-31,https://www.youtube.com/watch?v=XW5F33vQEBE,XW5F33vQEBE,56866,,,
MC Rabiat,P.S. Jiggy,Battle,Accapella,2021,DUDL,2021-10-29,https://www.youtube.com/watch?v=SAsznYYz40M,SAsznYYz40M,9690,,,
Aura,Desperados,Proving Grounds #2,Accapella,2021,DLTLLY,2021-10-29,https://www.youtube.com/watch?v=L-11Ys1jPbk,L-11Ys1jPbk,21447,,,Proving Grounds Vol. 2
DESPO,DOCMO,ACAPELLA BATTLE,Accapella,2020,FOB,2021-10-24,https://www.youtube.com/watch?v=iOCwuBA9Bm0,iOCwuBA9Bm0,3348,,,
DESPO,MC COLOGNE,ON BEAT BATTLE,On Beat,2021,FOB,2021-10-24,https://www.youtube.com/watch?v=l5WLfkde9bY,l5WLfkde9bY,2927,,,
LATIK,TECEY,ACAPELLA BATTLE,Accapella,2021,FOB,2021-10-24,https://www.youtube.com/watch?v=yOKjgjTx598,yOKjgjTx598,4543,,,
MUSIO,NATIF,ACAPELLA BATTLE,Accapella,2021,FOB,2021-10-24,https://www.youtube.com/watch?v=76GHLjt3_Q4,76GHLjt3_Q4,10950,,,
TRIPLE (TRIPLEBEAT),DASCHA,ACAPELLA BATTLE,Accapella,2021,FOB,2021-10-24,https://www.youtube.com/watch?v=DR_Ah6-tL4A,DR_Ah6-tL4A,9221,,,
DESPO & LEANDERS,BANDAN & RINGELNATZ,ACAPELLA BATTLE,Accapella,2021,FOB,2021-10-24,https://www.youtube.com/watch?v=Lmsc-4QD8cU,Lmsc-4QD8cU,7057,,,
LEANDERS,TEACH,ACAPELLA BATTLE,Accapella,2021,FOB,2021-10-24,https://www.youtube.com/watch?v=YNP98QxWD9A,YNP98QxWD9A,5664,,,
Neilz,Deytona,B-DAY #8,Accapella,2021,DLTLLY,2021-10-24,https://www.youtube.com/watch?v=Uo9V26OqyLw,Uo9V26OqyLw,54915,,,
MC GEUNER,JULO,ACAPELLA BATTLE,Accapella,2021,FOB,2021-10-24,https://www.youtube.com/watch?v=EOkj_xbRKyo,EOkj_xbRKyo,17273,,,
RALLE,DASCHA,ACAPELLA BATTLE,Accapella,2020,FOB,2021-10-24,https://www.youtube.com/watch?v=isjvzmQO3MI,isjvzmQO3MI,4201,,,
Joseph Steinschleuder,A-Ron,B-DAY #8,Accapella,2021,DLTLLY,2021-10-22,https://www.youtube.com/watch?v=11038rqoQr0,11038rqoQr0,32006,,,
Bong Teggy,Koozy,B-Day #8,On Beat,2021,DLTLLY,2021-10-17,https://www.youtube.com/watch?v=ADHXjLh3t58,ADHXjLh3t58,188790,,,
Joseph Steinschleuder (aka Merlin),Tobi High,B-DAY #8 Berlin,Accapella,2021,DLTLLY,2021-10-15,https://www.youtube.com/watch?v=ErS3GzWV5EI,ErS3GzWV5EI,42104,,Berlin,
Proton,Bandan,München,On Beat,2021,DLTLLY,2021-09-24,https://www.youtube.com/watch?v=2ZpsOZntjdQ,2ZpsOZntjdQ,17097,,München,
Tollschock,MC Geuner,Proving Grounds Vol. 1,Accapella,2021,DLTLLY,2021-09-12,https://www.youtube.com/watch?v=EPxRnWn0yFM,EPxRnWn0yFM,27760,Panke Backyard,,Proving Grounds Vol. 1
Vorstadtflokati,Maka,Proving Grounds Vol. 1,Accapella,2021,DLTLLY,2021-09-05,https://www.youtube.com/watch?v=1a8hepLi7tM,1a8hepLi7tM,13680,Panke Backyard,,Proving Grounds Vol. 1
Julo,BDad,Proving Grounds Vol. 1,Accapella,2021,DLTLLY,2021-08-29,https://www.youtube.com/watch?v=tcNaMgkL0ds,tcNaMgkL0ds,25553,Panke Backyard,,Proving Grounds Vol. 1
Moitz,Heinz87,Proving Grounds Vol. 1,Accapella,2021,DLTLLY,2021-08-22,https://www.youtube.com/watch?v=HqgNJu5VcGI,HqgNJu5VcGI,14689,Panke Backyard,,Proving Grounds Vol. 1
Liser,Niza,Proving Grounds Vol. 1,Accapella,2021,DLTLLY,2021-08-15,https://www.youtube.com/watch?v=d50Tv7s_7zY,d50Tv7s_7zY,40473,Panke Backyard,,Proving Grounds Vol. 1
Robscure,Hiding John,Summer Vibes 2021,Accapella,2021,DLTLLY,2021-08-08,https://www.youtube.com/watch?v=S4QLxawNqdA,S4QLxawNqdA,41681,,,
Kato,Indoor Stan (OnBeat),Summer Vibes 2021,On Beat,2021,DLTLLY,2021-08-01,https://www.youtube.com/watch?v=X6kOp_8oxBU,X6kOp_8oxBU,29556,,,
Joseph Steinschleuder,Natif,Summer Vibes 2021,Accapella,2021,DLTLLY,2021-07-25,https://www.youtube.com/watch?v=RPMJJLT995U,RPMJJLT995U,50127,,,
Phasenkind,Ryko-J,Battle,On Beat,2021,DLTLLY,2021-07-18,https://www.youtube.com/watch?v=LVHZ_t-xy48,LVHZ_t-xy48,29845,,,
Karanova,D-Kay,Summer Vibes,Accapella,2021,DLTLLY,2021-07-11,https://www.youtube.com/watch?v=OB3JEUHn9uc,OB3JEUHn9uc,13804,,,
Mars B.,BX,Hidden Gems 2,Accapella,2021,DLTLLY,2021-07-04,https://www.youtube.com/watch?v=_pAlmhNLPgk,_pAlmhNLPgk,23067,,,
SnakeHeadRhyme,Hiding John,Hidden Gems 2,Accapella,2021,DLTLLY,2021-06-27,https://www.youtube.com/watch?v=bDWcsbukE34,bDWcsbukE34,34684,,,
Gerro,Tao,Hidden Gems 2,Accapella,2021,DLTLLY,2021-06-13,https://www.youtube.com/watch?v=OedxSC21Q7c,OedxSC21Q7c,12095,,,
Phasenkind,Ferry,Hidden Gems 2,Accapella,2021,DLTLLY,2021-06-06,https://www.youtube.com/watch?v=W77oeyxkAqU,W77oeyxkAqU,14526,,,
Wolff,Craze,Hidden Gems,Accapella,2021,DLTLLY,2021-05-30,https://www.youtube.com/watch?v=8uoJU-abyag,8uoJU-abyag,40437,,,
Joseph Steinschleuder,Bahamakarma,Hidden Gems,Accapella,2021,DLTLLY,2021-05-23,https://www.youtube.com/watch?v=UnPT7EzAH8I,UnPT7EzAH8I,33178,,,
Indoor Stan,DeeLah,could not identify event,On Beat,2021,DLTLLY,2021-05-16,https://www.youtube.com/watch?v=fPBGqZNJ1ho,fPBGqZNJ1ho,20523,,,
Joe Pharo,SnakeHeadRhyme,Hidden Gems,Accapella,2021,DLTLLY,2021-05-02,https://www.youtube.com/watch?v=otH1IrojW_o,otH1IrojW_o,20056,,,
Neilz,FreeKno,Breakthrough Halbfinale,Accapella,2021,DLTLLY,2021-04-25,https://www.youtube.com/watch?v=wZYLJenaGyg,wZYLJenaGyg,21006,,,
Requiem,Deytona,Breakthrough Halbfinale,Accapella,2021,DLTLLY,2021-04-18,https://www.youtube.com/watch?v=heWtcrlwRbg,heWtcrlwRbg,11355,,,
Mars B.,MC Geuner,STREET BATTLES 2021,Accapella,2021,DLTLLY,2021-03-28,https://www.youtube.com/watch?v=-Drz-WlVUYY,-Drz-WlVUYY,49649,,,
Tollschock,D-Kay,STREET BATTLES 2021,Accapella,2021,DLTLLY,2021-03-21,https://www.youtube.com/watch?v=ERCFAPYNCJI,ERCFAPYNCJI,11688,,,
Henrey,Hiding John,STREET BATTLES 2021,Accapella,2021,DLTLLY,2021-03-14,https://www.youtube.com/watch?v=c8QaTxQRHMs,c8QaTxQRHMs,30181,,,
Karanova,YAMANN,STREET BATTLES 2021,Accapella,2021,DLTLLY,2021-03-07,https://www.youtube.com/watch?v=4T4o-m4wRWQ,4T4o-m4wRWQ,13713,,,
Wandelbarz,YAAMANN,Video Battle,On Beat,2021,DLTLLY,2021-02-07,https://www.youtube.com/watch?v=u_3tUhl9fXM,u_3tUhl9fXM,18071,,,
Falki,Phasenkind,Video Battle,On Beat,2021,DLTLLY,2021-02-07,https://www.youtube.com/watch?v=AgQGgjkkwBo,AgQGgjkkwBo,33365,,,
DOC,Gerro (aka RenetixX),Video Battle,On Beat,2021,DLTLLY,2021-02-07,https://www.youtube.com/watch?v=FYm1CMj1TJQ,FYm1CMj1TJQ,11117,,,
Khacoby,Peat,Video Battle,On Beat,2021,DLTLLY,2021-01-24,https://www.youtube.com/watch?v=tlBRazaZShg,tlBRazaZShg,78316,,,
Holu,Kairuzo,ExtraMatch,Accapella,2020,DLTLLY,2020-11-27,https://www.youtube.com/watch?v=lsb-FSjlsA0,lsb-FSjlsA0,9241,,,
Robscure,Sizyphos,B.Day#7,Accapella,2020,DLTLLY,2020-11-08,https://www.youtube.com/watch?v=2-xOBUKTmkk,2-xOBUKTmkk,92788,,,
Kato,N'antinein,B.Day#7,Accapella,2020,DLTLLY,2020-11-01,https://www.youtube.com/watch?v=R5aGasnH0OM,R5aGasnH0OM,58966,,,
DeeLah,Mars B.,B.Day#7,Accapella,2020,DLTLLY,2020-10-25,https://www.youtube.com/watch?v=Ia6Bsae_kEg,Ia6Bsae_kEg,63027,,,
Joe Pharo,Hiding John,B.Day#7,Accapella,2020,DLTLLY,2020-10-18,https://www.youtube.com/watch?v=cBUqmJ_i5qY,cBUqmJ_i5qY,60824,,,
Karma,Khacoby,B.Day#7,Accapella,2020,DLTLLY,2020-10-11,https://www.youtube.com/watch?v=YS82RpCtbS4,YS82RpCtbS4,48293,,,
Joseph Steinschleuder,Indoor Stan,Panke,Accapella,2020,DLTLLY,2020-10-04,https://www.youtube.com/watch?v=5UjDGUy3PQI,5UjDGUy3PQI,53528,Panke Backyard,Berlin,
Brian Damage,Craze,Panke,Accapella,2020,DLTLLY,2020-09-27,https://www.youtube.com/watch?v=iGUe8Sblwgw,iGUe8Sblwgw,45319,Panke Backyard,Berlin,
DeeLah,SnakeHeadRhyme,Panke,Accapella,2020,DLTLLY,2020-09-20,https://www.youtube.com/watch?v=fi8fsxG1OcE,fi8fsxG1OcE,29142,Panke Backyard,Berlin,
Steel,Karanova,Panke,Accapella,2020,DLTLLY,2020-09-13,https://www.youtube.com/watch?v=yHbnx2fuG5c,yHbnx2fuG5c,20654,Panke Backyard,Berlin,
Bong Teggy,Robscure,Panke,Accapella,2020,DLTLLY,2020-08-16,https://www.youtube.com/watch?v=pZ6pnu5hf0A,pZ6pnu5hf0A,56135,Panke Backyard,Berlin,
Vorstadtflokati,Shizu,Panke,Accapella,2020,DLTLLY,2020-08-14,https://www.youtube.com/watch?v=y9ncsceHW3M,y9ncsceHW3M,9611,Panke Backyard,Berlin,
Kid Soldier,Hiding John,Panke,Accapella,2020,DLTLLY,2020-08-09,https://www.youtube.com/watch?v=Wdgl_Cg9GKU,Wdgl_Cg9GKU,48307,Panke Backyard,Berlin,
Falk,Karanova,Virtual  Battle,On Beat,2020,DLTLLY,2020-08-02,https://www.youtube.com/watch?v=2ruMpOhxrRs,2ruMpOhxrRs,22538,,,
Phasenkind,Peat,Virtual  Battle,On Beat,2020,DLTLLY,2020-07-26,https://www.youtube.com/watch?v=fvaZ9P2KRLE,fvaZ9P2KRLE,33271,,,
Kato,Mr. Whyte,Fussball Battle,Accapella,2020,DLTLLY,2020-07-19,https://www.youtube.com/watch?v=FgFwq0icwso,FgFwq0icwso,28206,,,
Papi Schlauch,Master Marv,could not identify event,Accapella,2020,DLTLLY,2020-07-03,https://www.youtube.com/watch?v=eVQd_FWdloE,eVQd_FWdloE,15376,,,
Khacoby,Notyzze,Corona Battle Package,Accapella,2020,DLTLLY,2020-06-28,https://www.youtube.com/watch?v=Tm9vJh_dk9k,Tm9vJh_dk9k,28174,,,
Mars B.,BX,Corona Battle Package,Accapella,2020,DLTLLY,2020-06-26,https://www.youtube.com/watch?v=LOOhH4_OvNE,LOOhH4_OvNE,11245,,,
Craze,Burst,English 1 Rounder,Accapella,2020,DLTLLY,2020-06-23,https://www.youtube.com/watch?v=bMXRfRmgPTA,bMXRfRmgPTA,6301,,,
Falk,Ano-nym,OnlineBattle,Accapella,2020,DLTLLY,2020-06-21,https://www.youtube.com/watch?v=dYmfj_BzrgY,dYmfj_BzrgY,56823,,,
Zeptah,Gammel,OnlineBattle,Accapella,2020,DLTLLY,2020-06-14,https://www.youtube.com/watch?v=uekZr7zXv-o,uekZr7zXv-o,9512,,,
Sizyphos,Robscure,Online Battle,Accapella,2020,DLTLLY,2020-06-12,https://www.youtube.com/watch?v=Ldc4PM7uECU,Ldc4PM7uECU,18796,,,
Hiding John,A-Ron,Onlie Battle,Accapella,2020,DLTLLY,2020-06-09,https://www.youtube.com/watch?v=a70lYjBMMGc,a70lYjBMMGc,12991,,,
Proton,Craze,+ Accapella,On Beat,2020,DLTLLY,2020-06-07,https://www.youtube.com/watch?v=vb_w46X0rGE,vb_w46X0rGE,21186,,,
T-Way,Kid Soldier,Online Battle,Accapella,2020,DLTLLY,2020-05-31,https://www.youtube.com/watch?v=cohcA2h186c,cohcA2h186c,14469,,,
Pablo,Jolle,Online Battle,Accapella,2020,DLTLLY,2020-05-31,https://www.youtube.com/watch?v=5HaB0pBqyX0,5HaB0pBqyX0,12889,,,
Phasenkind,Karanova,OnlineBattle,Accapella,2020,DLTLLY,2020-05-24,https://www.youtube.com/watch?v=5BgRzwhN2PI,5BgRzwhN2PI,26055,,,
Proton,Notyzze,NRWeekend4,On Beat,2020,DLTLLY,2020-04-26,https://www.youtube.com/watch?v=lKlZmLtrRaw,lKlZmLtrRaw,181034,,,NRWeekend 4
Craze' Parts,Merlin,NRWeekend4,Accapella,2020,DLTLLY,2020-04-24,https://www.youtube.com/watch?v=u21MvmyqRFg,u21MvmyqRFg,29351,,,NRWeekend 4
Falk + Khacoby,DNA + Ringelnatz,NRWeekend4,Accapella,2020,DLTLLY,2020-04-19,https://www.youtube.com/watch?v=WeQISeOD2oI,WeQISeOD2oI,48796,,,NRWeekend 4
Ali Smart,Pulsar,D&DL CoEvent,Accapella,2020,DLTLLY,2020-04-12,https://www.youtube.com/watch?v=xFD__wFE9vU,xFD__wFE9vU,21026,,,
Silence,Franz Flaute D&DL#0156 (Berlin,-CoEvent,Accapella,2020,DUDL,2020-04-08,https://www.youtube.com/watch?v=AkDqmXszYWA,AkDqmXszYWA,9855,,,
DeeLah,Wandelbarz,NRWeekend4,Accapella,2020,DLTLLY,2020-04-05,https://www.youtube.com/watch?v=qW9luXAQXRI,qW9luXAQXRI,30921,,,NRWeekend 4
Davie Jones,Fresh Polakke,Berlin,On Beat,2020,DLTLLY,2020-04-03,https://www.youtube.com/watch?v=UUyqMyjB2bM,UUyqMyjB2bM,130730,,Berlin,
MC Rabiat,Jepain D&DL#0158 (Berlin,-CoEvent,Accapella,2020,DUDL,2020-04-01,https://www.youtube.com/watch?v=S-QZgsCSZd8,S-QZgsCSZd8,10416,,,
Alko,Baretta D&DL#0154 (Berlin,-CoEvent,Accapella,2020,DUDL,2020-03-30,https://www.youtube.com/watch?v=4oV8qkTZtmQ,4oV8qkTZtmQ,13253,,,
Django,Leanders,NRWeekend4,Accapella,2020,DLTLLY,2020-03-29,https://www.youtube.com/watch?v=t0mOqEll75s,t0mOqEll75s,19771,,,NRWeekend 4
Mazzikaner,DNA,Berlin,On Beat,2020,DLTLLY,2020-03-27,https://www.youtube.com/watch?v=Ekk3MCWp-ZU,Ekk3MCWp-ZU,22106,,Berlin,
Corner,Maka D&DL#0155 (Berlin,-CoEvent,Accapella,2020,DUDL,2020-03-25,https://www.youtube.com/watch?v=2Alsg7pneZU,2Alsg7pneZU,13417,,,
Kato,Ano-nym,NRWeekend4,Accapella,2020,DLTLLY,2020-03-22,https://www.youtube.com/watch?v=US8gUcwYuDc,US8gUcwYuDc,119986,,,NRWeekend 4
Phasenkind,Steel,Berlin,On Beat,2020,DLTLLY,2020-03-20,https://www.youtube.com/watch?v=5E8wtuc_gPo,5E8wtuc_gPo,76891,,Berlin,
DOC,Vorstadtflokati,NRWeekend4,Accapella,2020,DLTLLY,2020-03-18,https://www.youtube.com/watch?v=jzFuHDCB_3Q,jzFuHDCB_3Q,21901,,,NRWeekend 4
Tollschock,Kid Soldier,NRWeekend4,Accapella,2020,DLTLLY,2020-03-17,https://www.youtube.com/watch?v=hy0Njy_aODY,hy0Njy_aODY,64066,,,NRWeekend 4
Fate,Sizyphos,Berlin,On Beat,2020,DLTLLY,2020-03-13,https://www.youtube.com/watch?v=LNYeG_rxNyY,LNYeG_rxNyY,46220,,Berlin,
Natif,Ryko-J,NRWeekend4,Accapella,2020,DLTLLY,2020-03-11,https://www.youtube.com/watch?v=2oTsMFm6BZY,2oTsMFm6BZY,50311,,,NRWeekend 4
RenetiXX,A-Ron,NRWeekend4,Accapella,2020,DLTLLY,2020-03-08,https://www.youtube.com/watch?v=3kT6ZzpMmbI,3kT6ZzpMmbI,29177,,,NRWeekend 4
Craze,Pablo,Berlin,On Beat,2020,DLTLLY,2020-03-07,https://www.youtube.com/watch?v=fJNspy5iVA4,fJNspy5iVA4,81334,,Berlin,
Wolff,Mars B.,Kassel,Accapella,2020,DLTLLY,2020-03-01,https://www.youtube.com/watch?v=FFBaDPuErfc,FFBaDPuErfc,144624,,Kassel,
Jolle,Falk,Berlin,On Beat,2020,DLTLLY,2020-02-28,https://www.youtube.com/watch?v=9DEOJ6f0UL8,9DEOJ6f0UL8,49320,,Berlin,
Hiding John,ZinZity,Kassel,Accapella,2020,DLTLLY,2020-02-23,https://www.youtube.com/watch?v=-WkDV5RsdSo,-WkDV5RsdSo,258726,,Kassel,
Papa TR,Karanova,Berlin,On Beat,2020,DLTLLY,2020-02-21,https://www.youtube.com/watch?v=1awgzzB19e0,1awgzzB19e0,28658,,Berlin,
Joe Pharo,Tobi High,Kassel,Accapella,2020,DLTLLY,2020-02-16,https://www.youtube.com/watch?v=l4_E1OTEa4Q,l4_E1OTEa4Q,65447,,Kassel,
Paleiacci,PrettyShittyJiggy,Kassel,Accapella,2020,DLTLLY,2020-02-09,https://www.youtube.com/watch?v=cnzRnRAL2pQ,cnzRnRAL2pQ,29455,,Kassel,
Yarambo,Robscure,DISSember4,Accapella,2019,DLTLLY,2020-02-02,https://www.youtube.com/watch?v=K_jqoyHG2cE,K_jqoyHG2cE,126721,Schräglage,Stuttgart,DISSember 4
Cris Kotzen,Merlin,DISSember4,Accapella,2019,DLTLLY,2020-01-26,https://www.youtube.com/watch?v=M9-nikWIC48,M9-nikWIC48,98808,Schräglage,Stuttgart,DISSember 4
Ano-nym,Davie Jones,DISSember4,Accapella,2019,DLTLLY,2020-01-19,https://www.youtube.com/watch?v=UKr_lNJHApg,UKr_lNJHApg,80362,Schräglage,Stuttgart,DISSember 4
Steel,Tollschock,Finale DISSember4,Accapella,2019,DLTLLY,2020-01-12,https://www.youtube.com/watch?v=QmnDTvpqWao,QmnDTvpqWao,32212,Schräglage,Stuttgart,DISSember 4
Falk + Khacoby,Sizyphos + Joseph Steinschleuder,DltllyBattle DISSember4,Accapella,2019,DLTLLY,2020-01-05,https://www.youtube.com/watch?v=Y3aA4xBE8cQ,Y3aA4xBE8cQ,153862,Schräglage,Stuttgart,DISSember 4
Ryko-J,T-Way,Krefeld,Accapella,2019,DLTLLY,2020-01-03,https://www.youtube.com/watch?v=v7SE0M4nEtM,v7SE0M4nEtM,31445,,,
Julo,Django D&DL#0153 (Krefeld,-CoEvent,Accapella,2019,DUDL,2020-01-01,https://www.youtube.com/watch?v=p-4EgTDFaAg,p-4EgTDFaAg,9001,,,
Stepho,Sejo D&DL#0149 (Krefeld,-CoEvent,Accapella,2019,DUDL,2019-12-30,https://www.youtube.com/watch?v=VN2Jj5wdzf8,VN2Jj5wdzf8,4473,,,
Joseph Steinschleuder,Craze,Köln,Accapella,2019,DLTLLY,2019-12-29,https://www.youtube.com/watch?v=aQsnPZjXxBI,aQsnPZjXxBI,121798,,Köln,
DeeLah,Zeuge,Krefeld,Accapella,2019,DLTLLY,2019-12-27,https://www.youtube.com/watch?v=wauI8sMOOjY,wauI8sMOOjY,44479,,,
SiC68,Lug Serious D&DL#0152 (Krefeld,-CoEvent,Accapella,2019,DUDL,2019-12-25,https://www.youtube.com/watch?v=hiVeDwqBMAU,hiVeDwqBMAU,6212,,,
Trafalgar47,Vorstadtflokati D&DL#0150 (Krefeld,-CoEvent,Accapella,2019,DUDL,2019-12-23,https://www.youtube.com/watch?v=EjBaQPaVBB4,EjBaQPaVBB4,6912,,,
Mr. Whyte,Sizyphos,Köln,Accapella,2019,DLTLLY,2019-12-22,https://www.youtube.com/watch?v=9eyIS57O1X0,9eyIS57O1X0,85924,,Köln,
Kid Soldier,Khacoby,Köln,Accapella,2019,DLTLLY,2019-12-20,https://www.youtube.com/watch?v=hf7bzyZKBLo,hf7bzyZKBLo,85313,,Köln,
Ralle,Herr Sören D&DL#0151 (Krefeld,-CoEvent,Accapella,2019,DUDL,2019-12-18,https://www.youtube.com/watch?v=RgsfS0R9Zw4,RgsfS0R9Zw4,8262,,,
RenetiXX,MC Geuner,Köln,Accapella,2019,DLTLLY,2019-12-15,https://www.youtube.com/watch?v=BUef8obuDf0,BUef8obuDf0,46580,,Köln,
Master Marv,MC Rabiat,Berlin,Accapella,2019,DLTLLY,2019-12-13,https://www.youtube.com/watch?v=JWY0UT09k64,JWY0UT09k64,21390,,Berlin,
Milio,Plural D&DL#0148 (Berlin,-CoEvent,Accapella,2019,DUDL,2019-12-11,https://www.youtube.com/watch?v=Kb1di9tsUg4,Kb1di9tsUg4,5484,,,
Cashus K. + Mac Horn,DNA + Ringelnatz,Köln,Accapella,2019,DLTLLY,2019-12-10,https://www.youtube.com/watch?v=9pjW5JyzG-Q,9pjW5JyzG-Q,32199,,Köln,
A-Ron,Nika,Berlin,Accapella,2019,DLTLLY,2019-12-06,https://www.youtube.com/watch?v=e9mAswMAQGg,e9mAswMAQGg,18852,,Berlin,
Cartoon,Schlawin0r D&DL#0147 (Berlin,-CoEvent,Accapella,2019,DUDL,2019-12-04,https://www.youtube.com/watch?v=uHhCVo5FaXA,uHhCVo5FaXA,7346,,,
Nick Shit,Morgana D&DL#0146 (Berlin,-CoEvent,Accapella,2019,DUDL,2019-12-02,https://www.youtube.com/watch?v=XIGXQ1nDR7s,XIGXQ1nDR7s,6917,,,
SnakeHeadRhyme,Karanova,Berlin,Accapella,2019,DLTLLY,2019-12-01,https://www.youtube.com/watch?v=a2oB09-ACww,a2oB09-ACww,40845,,Berlin,
Phasenkind,PrettyShittyJiggy,Ludwigshafen,Accapella,2019,DLTLLY,2019-11-29,https://www.youtube.com/watch?v=On_47ye4fI0,On_47ye4fI0,23561,,Ludwigshafen,Co-Event Dltlly & D&DL
Ekta,Frozen D&DL#0143 (Ludwigshafen,MusicGourmétz-CoEvent,Accapella,2019,DUDL,2019-11-27,https://www.youtube.com/watch?v=0hphYeZF-7E,0hphYeZF-7E,6685,,,
Papi Schlauch,Proton,Frankfurt,Accapella,2019,DLTLLY,2019-11-24,https://www.youtube.com/watch?v=pdOgI2ZzRFE,pdOgI2ZzRFE,82032,,,
MC Maik,Fate,Frankfurt,Accapella,2019,DLTLLY,2019-11-22,https://www.youtube.com/watch?v=VdSYdtJK1SY,VdSYdtJK1SY,28745,,,
Jepain,Kaliba D&DL#0145 (Ludwigshafen,MusicGourmétz-CoEvent,Accapella,2019,DUDL,2019-11-20,https://www.youtube.com/watch?v=FLpo3lNamXs,FLpo3lNamXs,6276,,,
XtraHerb,Zheka D&DL#0144 (Ludwigshafen,MusicGourmétz-CoEvent,Accapella,2019,DUDL,2019-11-18,https://www.youtube.com/watch?v=rRxKa443nq0,rRxKa443nq0,9731,,,
Steel,Hiding John,Halbfinale Frankfurt,Accapella,2019,DLTLLY,2019-11-17,https://www.youtube.com/watch?v=8jPhByN4nMY,8jPhByN4nMY,53969,,,
Paleiacci,Baretta,Ludwigshafen,Accapella,2019,DLTLLY,2019-11-15,https://www.youtube.com/watch?v=Ty7p2q_B-xA,Ty7p2q_B-xA,17232,,Ludwigshafen,Co-Event Dltlly & D&DL
Joe Pharo,Ryko-J,Frankfurt,Accapella,2019,DLTLLY,2019-11-08,https://www.youtube.com/watch?v=NlgHm8PC2JU,NlgHm8PC2JU,53905,,,
Nimeon,DOC,DUDL+DerNorden CoEvent,Accapella,2019,DLTLLY,2019-11-03,https://www.youtube.com/watch?v=DFz9IJOx7KA,DFz9IJOx7KA,17126,,,
Friedrich Chilla,Tommen D&DL#0137 (Bremen,Der Norden-CoEvent,Accapella,2019,DUDL,2019-11-01,https://www.youtube.com/watch?v=eTJ6O-3pFE4,eTJ6O-3pFE4,7631,,,
Ali Smart,Gin Tomek D&DL#0139 (Bremen,Der Norden-CoEvent,Accapella,2019,DUDL,2019-10-30,https://www.youtube.com/watch?v=Yl14HGtptyM,Yl14HGtptyM,6258,,,
Alko,Maru D&DL#0140 (Bremen,Der Norden-CoEvent,Accapella,2019,DUDL,2019-10-28,https://www.youtube.com/watch?v=7-zmJH0dxho,7-zmJH0dxho,5628,,,
Dizaster,JollyJay,international Battle B.Day#6,Accapella,2019,DLTLLY,2019-10-26,https://www.youtube.com/watch?v=1ap7X5HV54k,1ap7X5HV54k,106986,,,
P-Haze,Torbäng D&DL#0141 (Bremen,Der Norden-CoEvent,Accapella,2019,DUDL,2019-10-25,https://www.youtube.com/watch?v=yJJZjoZqHyU,yJJZjoZqHyU,5575,,,
BrahMC,Moby Deep D&DL#0138 (Bremen,Der Norden-CoEvent,Accapella,2019,DUDL,2019-10-23,https://www.youtube.com/watch?v=43Ko11ZOZTE,43Ko11ZOZTE,5605,,,
Yarambo,Mikesh,🏆 TITLE-MATCH 🏆,Accapella,2019,DLTLLY,2019-10-20,https://www.youtube.com/watch?v=g4vk0dkD2-U,g4vk0dkD2-U,408738,,,
Audienzz,Béla Garbage D&DL#0136 (Halle,Move &#39;n&#39; Culture Festival-CoEvent,Accapella,2019,DUDL,2019-10-18,https://www.youtube.com/watch?v=uLpUUufc6rE,uLpUUufc6rE,4176,,Halle,Move 'n' Culture Festival
Ortcutt,Mazzikaner D&DL#0135 (Halle,Move &#39;n&#39; Culture Festival-CoEvent,Accapella,2019,DUDL,2019-10-16,https://www.youtube.com/watch?v=gNn3O1N0tos,gNn3O1N0tos,5984,,Halle,Move 'n' Culture Festival
Brian Damage,Merlin,B.Day#6,Accapella,2019,DLTLLY,2019-10-13,https://www.youtube.com/watch?v=Td7-cUxlJlI,Td7-cUxlJlI,138038,,,
Franz Flaute,Nika D&DL#0134 (Halle,Move &#39;n&#39; Culture Festival-CoEvent,Accapella,2019,DUDL,2019-10-09,https://www.youtube.com/watch?v=H5cwWICWP9Q,H5cwWICWP9Q,9618,,Halle,Move 'n' Culture Festival
Cris Kotzen,Robscure,B.Day#6,Accapella,2019,DLTLLY,2019-10-06,https://www.youtube.com/watch?v=359kHeVVIy4,359kHeVVIy4,92097,,,
Doga,Malik D&DL#0133 (Halle,Move &#39;n&#39; Culture Festival-CoEvent,Accapella,2019,DUDL,2019-10-02,https://www.youtube.com/watch?v=4mFYhFng1AE,4mFYhFng1AE,5321,,Halle,Move 'n' Culture Festival
Henrey,Craze,B.Day#6,Accapella,2019,DLTLLY,2019-09-29,https://www.youtube.com/watch?v=Nk4nGx2_8dk,Nk4nGx2_8dk,79969,,,
Pulsar,Shker D&DL#0132 (Halle,Move &#39;n&#39; Culture Festival-CoEvent,Accapella,2019,DUDL,2019-09-25,https://www.youtube.com/watch?v=so7-Y7-fv7Y,so7-Y7-fv7Y,6861,,Halle,Move 'n' Culture Festival
DNA + Ringelnatz,Fesas + Krom,Berlin,Accapella,2019,DLTLLY,2019-09-22,https://www.youtube.com/watch?v=rpVKWVj_RWw,rpVKWVj_RWw,42101,,Berlin,
Lucky Number,Ortcutt,Berlin,Accapella,2019,DLTLLY,2019-09-20,https://www.youtube.com/watch?v=FA1DpTyD_dM,FA1DpTyD_dM,16577,,Berlin,
ZinZity,Mazzikaner,Runde2 Berlin,Accapella,2019,DLTLLY,2019-09-15,https://www.youtube.com/watch?v=z-gyAcxHO3Q,z-gyAcxHO3Q,86110,,Berlin,
Ano-nym,Aytee,Splash22,On Beat,2019,DLTLLY,2019-09-13,https://www.youtube.com/watch?v=zdfjO-EkI-I,zdfjO-EkI-I,334261,Splash,Ferropolis,splash! 22
Steel,Driss,Runde2 Berlin,Accapella,2019,DLTLLY,2019-09-08,https://www.youtube.com/watch?v=so7auaBTczQ,so7auaBTczQ,20041,,Berlin,
Mavgic,Davie Jones,Splash22,On Beat,2019,DLTLLY,2019-09-06,https://www.youtube.com/watch?v=R5c3gVn0MTI,R5c3gVn0MTI,244971,Splash,Ferropolis,splash! 22
SnakeHeadRhyme,Lug Serious,HIPinside Berlin,Accapella,2019,DLTLLY,2019-09-04,https://www.youtube.com/watch?v=c33Tdb62OaY,c33Tdb62OaY,24487,,Berlin,
Hiding John,Phasenkind,Runde2 Berlin,Accapella,2019,DLTLLY,2019-09-01,https://www.youtube.com/watch?v=a0VIIAdkQiw,a0VIIAdkQiw,52689,,Berlin,
Cris Kotzen,Pablo,Splash22,On Beat,2019,DLTLLY,2019-08-30,https://www.youtube.com/watch?v=7IG1ogWO5Iw,7IG1ogWO5Iw,96767,Splash,Ferropolis,splash! 22
Silence,K.O. Ray,HIPinside Berlin,Accapella,2019,DLTLLY,2019-08-28,https://www.youtube.com/watch?v=D6dGz3CbY9w,D6dGz3CbY9w,16157,,Berlin,
Tollschock,Paleiacci,Runde2 Berlin,Accapella,2019,DLTLLY,2019-08-25,https://www.youtube.com/watch?v=SroLejedLS8,SroLejedLS8,19696,,Berlin,
Kato,Rino Mandingo,Splash22,On Beat,2019,DLTLLY,2019-08-23,https://www.youtube.com/watch?v=2OPxY-WJQ00,2OPxY-WJQ00,74420,Splash,Ferropolis,splash! 22
Yarambo,Cris Kotzen,Hamburg,Accapella,2019,DLTLLY,2019-08-17,https://www.youtube.com/watch?v=rXtu_yTsNyY,rXtu_yTsNyY,275252,,,
Ano-nym,Joe Pharo,Hamburg,On Beat,2019,DLTLLY,2019-08-14,https://www.youtube.com/watch?v=k_PFZFeAvqo,k_PFZFeAvqo,43707,,,
Mars B.,Tobi High,Hamburg,Accapella,2019,DLTLLY,2019-08-10,https://www.youtube.com/watch?v=08a7zIL-Kq4,08a7zIL-Kq4,278447,,,
Nikiz,Fabiga,Hamburg,On Beat,2019,DLTLLY,2019-08-09,https://www.youtube.com/watch?v=QuVClodstF8,QuVClodstF8,30548,,,
Merlin,Khacoby,Hamburg,Accapella,2019,DLTLLY,2019-08-04,https://www.youtube.com/watch?v=yJyAb9r0ntI,yJyAb9r0ntI,131276,,,
Aris,Julo,Hamburg,Accapella,2019,DLTLLY,2019-08-02,https://www.youtube.com/watch?v=h51TEe9214k,h51TEe9214k,24536,,,
Mighty Mo,Hansen,EOW-Tour,Accapella,2014,DLTLLY,2019-07-29,https://www.youtube.com/watch?v=Y5U4LUK-82o,Y5U4LUK-82o,183796,,,
Joseph Steinschleuder,Falk,Hamburg,Accapella,2019,DLTLLY,2019-07-26,https://www.youtube.com/watch?v=7gndCUN-t1A,7gndCUN-t1A,125366,,,
Cashus K + Mac Horn,MC Geuner + Natif,Hamburg,Accapella,2019,DLTLLY,2019-07-25,https://www.youtube.com/watch?v=2EgAMk2CWIo,2EgAMk2CWIo,41278,,,
DXXDSTXCK,TableddnTimmy,Hamburg,Accapella,2019,DLTLLY,2019-07-20,https://www.youtube.com/watch?v=6gf6DGRGPco,6gf6DGRGPco,50198,,,
RenetiXX,Shizu,Hamburg,Accapella,2019,DLTLLY,2019-07-20,https://www.youtube.com/watch?v=49jN1g_l4sw,49jN1g_l4sw,33914,,,
Bong Teggy,Mikesh,MAYhem #4,Accapella,2019,DLTLLY,2019-07-09,https://www.youtube.com/watch?v=iytAxUC689k,iytAxUC689k,784796,,,
DLTLLY+D&DL   Ortcutt,Steel,Runde1 Berlin,Accapella,2019,DUDL,2019-07-05,https://www.youtube.com/watch?v=CPwOU-cEeE0,CPwOU-cEeE0,16154,,,
JerMC,Robscure,MAYhem4,Accapella,2019,DLTLLY,2019-07-04,https://www.youtube.com/watch?v=jsa8A68JWHc,jsa8A68JWHc,69827,,,
DLTLLY+D&DL   Phasenkind,Klö10,Runde1 Berlin,Accapella,2019,DUDL,2019-07-03,https://www.youtube.com/watch?v=6tEH2aGB7_Y,6tEH2aGB7_Y,17922,,,
Sizyphos,Davie Jones,MAYhem4,Accapella,2019,DLTLLY,2019-06-29,https://www.youtube.com/watch?v=qv_Vf5YwFao,qv_Vf5YwFao,187527,,,
DLTLLY+D&DL   Arbeitstitel,Hiding John,Runde1 Berlin,Accapella,2019,DUDL,2019-06-26,https://www.youtube.com/watch?v=rWZkTI11c8Y,rWZkTI11c8Y,26965,,,
Fate,Craze,MAYhem4,Accapella,2019,DLTLLY,2019-06-23,https://www.youtube.com/watch?v=UiaCJXNCthY,UiaCJXNCthY,46617,,,
DLTLLY+D&DL   Tollschock,Silence,Runde1 Berlin,Accapella,2019,DUDL,2019-06-21,https://www.youtube.com/watch?v=zV3N2PCfxac,zV3N2PCfxac,16751,,,
DLTLLY+D&DL   Mazzikaner,K.O. Ray,Runde1 Berlin,Accapella,2019,DUDL,2019-06-19,https://www.youtube.com/watch?v=sS6-j7wbm6o,sS6-j7wbm6o,14737,,,
Yarambo + Kato,Wolff + Joe Pharo,NRWeekend3,Accapella,2019,DLTLLY,2019-06-16,https://www.youtube.com/watch?v=a4WsKK9UKeU,a4WsKK9UKeU,131852,,,NRWeekend 3
DLTLLY+D&DL   Lucky Number,ZinZity,Runde1 Berlin,Accapella,2019,DUDL,2019-06-14,https://www.youtube.com/watch?v=c0j-SjApuO0,c0j-SjApuO0,98118,,,
DLTLLY+D&DL   Paleiacci,Sikk Whalee,Runde1 Berlin,Accapella,2019,DUDL,2019-06-12,https://www.youtube.com/watch?v=8mePOEi9G-4,8mePOEi9G-4,15344,,,
Duff,Lyrico,NRWeekend3,Accapella,2019,DLTLLY,2019-06-08,https://www.youtube.com/watch?v=4x-ouPt32k0,4x-ouPt32k0,149108,,,NRWeekend 3
N'antinein,Joseph Steinschleuder,NRWeekend3,Accapella,2019,DLTLLY,2019-06-02,https://www.youtube.com/watch?v=fK-LjuDqkGo,fK-LjuDqkGo,81203,,,NRWeekend 3
Ryko-J,Highdemann,NRWeekend3,Accapella,2019,DLTLLY,2019-05-31,https://www.youtube.com/watch?v=qUe3WkuFvUI,qUe3WkuFvUI,53649,,,NRWeekend 3
Indoor Stan,Kid Soldier,NRWeekend3,Accapella,2019,DLTLLY,2019-05-26,https://www.youtube.com/watch?v=bDd23OyQj8U,bDd23OyQj8U,76890,,,NRWeekend 3
Alice,Karma,NRWeekend3,Accapella,2019,DLTLLY,2019-05-19,https://www.youtube.com/watch?v=w-brgVQJxjo,w-brgVQJxjo,75728,,,NRWeekend 3
MC Geuner,Mave,NRWeekend3,Accapella,2019,DLTLLY,2019-05-17,https://www.youtube.com/watch?v=UDctKKtso3U,UDctKKtso3U,55358,,,NRWeekend 3
Pablo,Khacoby,NRWeekend3,Accapella,2019,DLTLLY,2019-05-12,https://www.youtube.com/watch?v=iJ5-bv361rw,iJ5-bv361rw,50453,,,NRWeekend 3
Proton,Vinci,NRWeekend3,Accapella,2019,DLTLLY,2019-05-05,https://www.youtube.com/watch?v=YtSL7gzo2x4,YtSL7gzo2x4,50447,,,NRWeekend 3
T-Jey,Papa TR,NRWeekend3,Accapella,2019,DLTLLY,2019-05-03,https://www.youtube.com/watch?v=c7keDhs479s,c7keDhs479s,23950,,,NRWeekend 3
T-Way + Burst,Cashus K + Mac Horn,NRWeekend3,Accapella,2019,DLTLLY,2019-04-28,https://www.youtube.com/watch?v=LlgDB0N8P7k,LlgDB0N8P7k,33914,,,NRWeekend 3
Herr Kuchen,Tao,Wiesbaden,Accapella,2019,DLTLLY,2019-04-21,https://www.youtube.com/watch?v=e0KjoxB51EI,e0KjoxB51EI,94937,,,
Julo,PrettyShittyJiggy,Wiesbaden,Accapella,2019,DLTLLY,2019-04-14,https://www.youtube.com/watch?v=q2QSW6dxCxI,q2QSW6dxCxI,17684,,,
Nais,Ano-nym,Tapefabrik,On Beat,2019,DLTLLY,2019-04-12,https://www.youtube.com/watch?v=Gt0tcF5aBhw,Gt0tcF5aBhw,76995,,,
Shortworth,Craze,Wiesbaden,Accapella,2019,DLTLLY,2019-04-07,https://www.youtube.com/watch?v=_iIiMTUBDuo,_iIiMTUBDuo,39718,,,
Vyrus,Pablo,Tapefabrik,On Beat,2019,DLTLLY,2019-04-05,https://www.youtube.com/watch?v=JRAeJtv2KAI,JRAeJtv2KAI,75499,,,
A-Ron,Mr. Whyte,Wiesbaden,Accapella,2019,DLTLLY,2019-03-31,https://www.youtube.com/watch?v=KZC0Boi1V1A,KZC0Boi1V1A,20248,,,
Robscure,VT,Kassel,Accapella,2019,DLTLLY,2019-03-24,https://www.youtube.com/watch?v=suRzrcwwp10,suRzrcwwp10,52488,,Kassel,
Aris,Fate,Kassel,Accapella,2019,DLTLLY,2019-03-17,https://www.youtube.com/watch?v=_hlEJQGceVI,_hlEJQGceVI,25141,,Kassel,
Papi Schlauch,Joe Pharo,Kassel,Accapella,2019,DLTLLY,2019-03-10,https://www.youtube.com/watch?v=jlAGipbHY3o,jlAGipbHY3o,100946,,Kassel,
Mars B.,Joseph Steinschleuder,Kassel,Accapella,2019,DLTLLY,2019-03-03,https://www.youtube.com/watch?v=52TG99ZhujQ,52TG99ZhujQ,106435,,Kassel,
Julo,Senad,CoEvent4,Accapella,2019,DLTLLY,2019-03-01,https://www.youtube.com/watch?v=fzChU9ifmpM,fzChU9ifmpM,16381,,,
Béla Garbage,Eddie Tude D&DL#0131 (Berlin,-CoEvent,Accapella,2019,DUDL,2019-02-27,https://www.youtube.com/watch?v=QKTtGKUnz-Q,QKTtGKUnz-Q,7507,,,
Kid Soldier,Karma,Kassel,Accapella,2019,DLTLLY,2019-02-24,https://www.youtube.com/watch?v=FiNK7Ip2G7M,FiNK7Ip2G7M,55030,,Kassel,
Lug Serious,Audienzz,CoEvent4,Accapella,2019,DLTLLY,2019-02-22,https://www.youtube.com/watch?v=Rj9OPzOXGEo,Rj9OPzOXGEo,11457,,,
OstrichO,MC Rabiat D&DL#0130 (Berlin,-CoEvent,Accapella,2019,DUDL,2019-02-20,https://www.youtube.com/watch?v=riW57gZu4wA,riW57gZu4wA,6519,,,
Django,Craze,CoEvent4,Accapella,2019,DLTLLY,2019-02-17,https://www.youtube.com/watch?v=MbEatFFA6Ws,MbEatFFA6Ws,24206,,,
SnakeHeadRhyme,Shizu,CoEvent4,Accapella,2019,DLTLLY,2019-02-10,https://www.youtube.com/watch?v=DRGeTbZNyVM,DRGeTbZNyVM,24094,,,
Robscure,Mikesh,DISSember #3,Accapella,2019,DLTLLY,2019-02-03,https://www.youtube.com/watch?v=ZIt1ck2SkpY,ZIt1ck2SkpY,423002,Festsaal Kreuzberg,Berlin,DISSember 3
Onkel Oktomusch + Die Zwetschke,Cris Kotzen + Ano-nym,DISSember #3,Accapella,2019,DLTLLY,2019-01-27,https://www.youtube.com/watch?v=oBCM0_x5BTw,oBCM0_x5BTw,376892,Festsaal Kreuzberg,Berlin,DISSember 3
Yarambo,Nedal Nib,🏆 TITLE-MATCH 🏆,Accapella,2019,DLTLLY,2019-01-18,https://www.youtube.com/watch?v=b9WiPNutmcs,b9WiPNutmcs,456261,,,
Brian Damage,Wolff,DISSember #3,Accapella,2019,DLTLLY,2019-01-13,https://www.youtube.com/watch?v=l1A7Frzc6Yc,l1A7Frzc6Yc,444151,Festsaal Kreuzberg,Berlin,DISSember 3
JollyJay,Buddi,Dortmund,Accapella,2018,DLTLLY,2018-12-30,https://www.youtube.com/watch?v=g7CZ_KeNQBg,g7CZ_KeNQBg,73267,Oma Doris,Dortmund,
Akanoo,MC Geuner,Dortmund,Accapella,2018,DLTLLY,2018-12-28,https://www.youtube.com/watch?v=9caXz-M8C-w,9caXz-M8C-w,30674,Oma Doris,Dortmund,
Craze,Lug Serious,Dortmund,Accapella,2018,DLTLLY,2018-12-26,https://www.youtube.com/watch?v=d35ARcB-cRI,d35ARcB-cRI,18347,Oma Doris,Dortmund,
Joseph Steinschleuder,Vinci,Dortmund,Accapella,2018,DLTLLY,2018-12-23,https://www.youtube.com/watch?v=M36xibQ16Pw,M36xibQ16Pw,131490,Oma Doris,Dortmund,
Mr. Whyte,Bruda Tuck,Dortmund,Accapella,2018,DLTLLY,2018-12-23,https://www.youtube.com/watch?v=dB_h2U7U56Y,dB_h2U7U56Y,10975,Oma Doris,Dortmund,
Django,Ryko-J,Dortmund,Accapella,2018,DLTLLY,2018-12-21,https://www.youtube.com/watch?v=L4-rMBVV-zE,L4-rMBVV-zE,23069,Oma Doris,Dortmund,
T-Way,N'antinein,Dortmund,Accapella,2018,DLTLLY,2018-12-16,https://www.youtube.com/watch?v=Gu-rZ_etxcA,Gu-rZ_etxcA,30423,Oma Doris,Dortmund,
Wandelbarz,Tao,Dortmund,Accapella,2018,DLTLLY,2018-12-14,https://www.youtube.com/watch?v=_cnUi80QTEA,_cnUi80QTEA,20406,Oma Doris,Dortmund,
Henker,Highdemann,Dortmund,Accapella,2018,DLTLLY,2018-12-12,https://www.youtube.com/watch?v=KjXgHLwZ2Pg,KjXgHLwZ2Pg,21523,Oma Doris,Dortmund,
Lyrico,Henrey,Dortmund,Accapella,2018,DLTLLY,2018-12-09,https://www.youtube.com/watch?v=DYsdE49UH84,DYsdE49UH84,50370,Oma Doris,Dortmund,
Olio,Indoor Stan,Leipzig,On Beat,2018,DLTLLY,2018-12-07,https://www.youtube.com/watch?v=KJBUkAShgN0,KJBUkAShgN0,19303,Naumanns,Leipzig,
A-Ron,Chinooka,Dortmund,Accapella,2018,DLTLLY,2018-12-05,https://www.youtube.com/watch?v=nzLpekudhsA,nzLpekudhsA,12365,Alter Weinkeller,Dortmund,
Cris Kotzen,Mighty Mo,München BDAY # 5,Accapella,2018,DLTLLY,2018-12-02,https://www.youtube.com/watch?v=WoRse1CULWQ,WoRse1CULWQ,419925,,München,
SnakeHeadRhyme,RenetiXX,Leipzig,Accapella,2018,DLTLLY,2018-11-30,https://www.youtube.com/watch?v=b-nM1nsvYGo,b-nM1nsvYGo,22660,Naumanns,Leipzig,
Leonidas,Zeuge,Dortmund,Accapella,2018,DLTLLY,2018-11-28,https://www.youtube.com/watch?v=doMfLOBrGH0,doMfLOBrGH0,17350,Alter Weinkeller,Dortmund,
Yarambo,Bong Teggy,B.Day#5,Accapella,2018,DLTLLY,2018-11-25,https://www.youtube.com/watch?v=X41Ie96tRCQ,X41Ie96tRCQ,266783,,,
Der Stockinger,Skilla199,Leipzig,On Beat,2018,DLTLLY,2018-11-23,https://www.youtube.com/watch?v=yun-riliTHU,yun-riliTHU,29419,Naumanns,Leipzig,
Pilz,Davie Jones,B.Day#5,Accapella,2018,DLTLLY,2018-11-18,https://www.youtube.com/watch?v=lk2jv_AamfU,lk2jv_AamfU,169716,,,
Ringelnatz + DNA,Verz + Andi B. D&DL#0125 (Halle,Move &#39;n&#39; Culture Festival-CoEvent,Accapella,2018,DUDL,2018-11-14,https://www.youtube.com/watch?v=wTM1FhA1mww,wTM1FhA1mww,9917,,Halle,Move 'n' Culture Festival
Kid Soldier,DXXDSTXCK,Leipzig,Accapella,2018,DLTLLY,2018-11-12,https://www.youtube.com/watch?v=oIxlJcgrYdw,oIxlJcgrYdw,55496,Naumanns,Leipzig,
Ano-nym,Pueblo Escobar,Leipzig,On Beat,2018,DLTLLY,2018-11-09,https://www.youtube.com/watch?v=1w7pZ_Bbd9k,1w7pZ_Bbd9k,80359,Naumanns,Leipzig,
Mikesh,Papi Schlauch,BDay #5,Accapella,2018,DLTLLY,2018-11-04,https://www.youtube.com/watch?v=YkKG0MkHNXs,YkKG0MkHNXs,343570,,,
Plural,T-Jey,Leipzig,Accapella,2018,DLTLLY,2018-11-02,https://www.youtube.com/watch?v=SnFk4SUScd4,SnFk4SUScd4,16837,Naumanns,Leipzig,
Gregg,Audienzz D&DL#0126 (Halle,Move &#39;n&#39; Culture Festival-CoEvent,Accapella,2018,DUDL,2018-10-31,https://www.youtube.com/watch?v=USUTGcYZFdk,USUTGcYZFdk,3599,,Halle,Move 'n' Culture Festival
Robscure,Vyrus,B.Day#5,Accapella,2018,DLTLLY,2018-10-28,https://www.youtube.com/watch?v=Zn-y-VSA3u0,Zn-y-VSA3u0,96334,,,
Mave,Kato,Freestyle- HipHopKemp,Accapella,2018,DLTLLY,2018-10-26,https://www.youtube.com/watch?v=FJNKKo_PoJ0,FJNKKo_PoJ0,27784,,,
Josen,Dexta D&DL#0123 (Halle,Move &#39;n&#39; Culture Festival-CoEvent,Accapella,2018,DUDL,2018-10-24,https://www.youtube.com/watch?v=gmWKQ2I8wpU,gmWKQ2I8wpU,3076,,Halle,Move 'n' Culture Festival
Kato,Mars B.,FFM,Accapella,2018,DLTLLY,2018-10-21,https://www.youtube.com/watch?v=7wCrQqYeOqQ,7wCrQqYeOqQ,201045,,Frankfurt am Main,
Fabelouis,RenetiXX,FFM,Accapella,2018,DLTLLY,2018-10-19,https://www.youtube.com/watch?v=GD7sRHxZKB8,GD7sRHxZKB8,18803,,Frankfurt am Main,
Virus,IZL D&DL#0128 (Halle,Move &#39;n&#39; Culture Festival-CoEvent,Accapella,2018,DUDL,2018-10-18,https://www.youtube.com/watch?v=Vr9WJVfLnwU,Vr9WJVfLnwU,3078,,Halle,Move 'n' Culture Festival
Ano-nym,Wolff,NextGeneration Finale FFM,Accapella,2018,DLTLLY,2018-10-14,https://www.youtube.com/watch?v=ShO3UZLEDc0,ShO3UZLEDc0,149895,,,
Pueblo Escobar,Mave,HipHopKemp,On Beat,2018,DLTLLY,2018-10-12,https://www.youtube.com/watch?v=fJe8hxIVt70,fJe8hxIVt70,15637,,,
SnakeHeadRhyme,Chinooka D&DL#0129 (Halle,Move &#39;n&#39; Culture Festival-CoEvent,Accapella,2018,DUDL,2018-10-10,https://www.youtube.com/watch?v=BuzP2YHdC4w,BuzP2YHdC4w,6072,,Halle,Move 'n' Culture Festival
Joe Pharo,Joseph Steinschleuder,FFM,Accapella,2018,DLTLLY,2018-10-07,https://www.youtube.com/watch?v=rSqxELamrxc,rSqxELamrxc,68465,,Frankfurt am Main,
Cashus K,Barracuda,FFM,Accapella,2018,DLTLLY,2018-10-05,https://www.youtube.com/watch?v=Jgma5I9y1VY,Jgma5I9y1VY,20275,,Frankfurt am Main,
Béla Garbage,Lug Serious D&DL#0124 (Halle,Move &#39;n&#39; Culture Festival-CoEvent,Accapella,2018,DUDL,2018-10-03,https://www.youtube.com/watch?v=Aaiz_iVu6_Q,Aaiz_iVu6_Q,5092,,Halle,Move 'n' Culture Festival
Brian Damage + Karma,Lyrico + Bauda,HipHopKemp,On Beat,2018,DLTLLY,2018-09-28,https://www.youtube.com/watch?v=FWgPT8F6Ano,FWgPT8F6Ano,56630,,,
Tao,Shortworth,FFM,Accapella,2018,DLTLLY,2018-09-23,https://www.youtube.com/watch?v=A-iuNHPKkDw,A-iuNHPKkDw,20307,,Frankfurt am Main,
Pretty Shitty Jiggy,Zeuge D&DL#0122 (Berlin,-CoEvent,Accapella,2018,DUDL,2018-09-21,https://www.youtube.com/watch?v=Ptf2GjS1Heg,Ptf2GjS1Heg,6038,,,
DXXDSTXCK,Bruda Tuck,NewcomerBattle  D&DL-Co-Event3,Accapella,2018,DLTLLY,2018-09-16,https://www.youtube.com/watch?v=eItAIkth52U,eItAIkth52U,22180,,,
Nedal Nib,CLEP,Studio Version + Extra 4. Runde,Accapella,2018,DLTLLY,2018-09-15,https://www.youtube.com/watch?v=iVLMjsx6cuw,iVLMjsx6cuw,114568,,,
Farmer,Splopf,NewcomerBattle  D&DL-Co-Event3,Accapella,2018,DLTLLY,2018-09-14,https://www.youtube.com/watch?v=PoLsM528T2Q,PoLsM528T2Q,9847,,,
Craze,Eddie Tude D&DL#0121 (Berlin,-CoEvent,Accapella,2018,DUDL,2018-09-12,https://www.youtube.com/watch?v=pPKq1J_fk5g,pPKq1J_fk5g,8729,,,
MC Rabiat,Private Max D&DL#0120 (Berlin,-CoEvent,Accapella,2018,DUDL,2018-09-05,https://www.youtube.com/watch?v=3_DeFI2Jst0,3_DeFI2Jst0,4718,,,
Tecey,Kid Soldier,NewcomerBattle  D&DL-Co-Event3,Accapella,2018,DLTLLY,2018-09-02,https://www.youtube.com/watch?v=cgjF2l3C_88,cgjF2l3C_88,25364,,,
A-Ron,Shizu,NewcomerBattle  D&DL-Co-Event3,Accapella,2018,DLTLLY,2018-08-31,https://www.youtube.com/watch?v=Mj-ae6wrEnU,Mj-ae6wrEnU,13218,,,
Clep,Nedal Nib,Splash21,On Beat,2018,DLTLLY,2018-08-26,https://www.youtube.com/watch?v=IYOzBAtlps8,IYOzBAtlps8,110329,Splash,Ferropolis,splash! 21
Yarambo,Clep,REMATCH!,Accapella,2018,DLTLLY,2018-08-19,https://www.youtube.com/watch?v=34-uHYmnIr8,34-uHYmnIr8,230340,,,
N'antinein,Bong Teggy,Splash21,On Beat,2018,DLTLLY,2018-08-11,https://www.youtube.com/watch?v=ZPy3zoBFfqg,ZPy3zoBFfqg,58215,Splash,Ferropolis,splash! 21
Robscure + Karma,Wolff + Joe Pharo,Hamburg,Accapella,2018,DLTLLY,2018-08-05,https://www.youtube.com/watch?v=16dUvQ0Obak,16dUvQ0Obak,67204,,,
J.W. Goethe,DFVK D&DL#0119 (Hamburg,2018,Accapella,2018,DUDL,2018-08-01,https://www.youtube.com/watch?v=XiEaDXbgTOc,XiEaDXbgTOc,4732,,,
MC Geuner,Vinci,Hamburg,Accapella,2018,DLTLLY,2018-07-29,https://www.youtube.com/watch?v=UP1fTaup1-c,UP1fTaup1-c,44709,,,
RenetiXX,Karanova,Hamburg,Accapella,2018,DLTLLY,2018-07-27,https://www.youtube.com/watch?v=XzbKLReHfls,XzbKLReHfls,21177,,,
Indoor Stan,Mikesh,Hamburg,Accapella,2018,DLTLLY,2018-07-22,https://www.youtube.com/watch?v=FuavftTf3sw,FuavftTf3sw,114557,,,
Josen,Kid Soldier D&DL#0118 (Hamburg,2018,Accapella,2018,DUDL,2018-07-18,https://www.youtube.com/watch?v=zO_sCdE_GC4,zO_sCdE_GC4,11860,,,
Cashus K,Aris,Hamburg,Accapella,2018,DLTLLY,2018-07-15,https://www.youtube.com/watch?v=SipsDmDHBOs,SipsDmDHBOs,18402,,,
VT,Bong Teggy,MAYhem3,Accapella,2018,DLTLLY,2018-07-08,https://www.youtube.com/watch?v=O4Y60KkxIK0,O4Y60KkxIK0,122270,,,
Tao,A-Ron D&DL#0117 (Berlin,-CoEvent,Accapella,2018,DUDL,2018-07-04,https://www.youtube.com/watch?v=kVXQiE09o5Q,kVXQiE09o5Q,6333,,,
Davie Jones,Karma,MAYhem3,Accapella,2018,DLTLLY,2018-07-01,https://www.youtube.com/watch?v=WjdC1A9Hke0,WjdC1A9Hke0,33422,,,
O&#39;spella,Rupert69 D&DL#0115 (Berlin,-CoEvent,Accapella,2018,DUDL,2018-06-30,https://www.youtube.com/watch?v=thvwa2GA4TY,thvwa2GA4TY,4081,,,
LBB,Ssynic,Kato vs Brian Damage,Accapella,2018,DLTLLY,2018-06-24,https://www.youtube.com/watch?v=6_bXVyjHLF4,6_bXVyjHLF4,166226,,,
Highdemann,Julo D&DL#0113 (Essen,2018,Accapella,2018,DUDL,2018-06-13,https://www.youtube.com/watch?v=SGZT5qPenuM,SGZT5qPenuM,8010,,,
Sizyphos,Henrey,MAYhem3,Accapella,2018,DLTLLY,2018-06-10,https://www.youtube.com/watch?v=ACCMjHqPhYE,ACCMjHqPhYE,60218,,,
Henker,SeBa D&DL#0112 (Essen,2018,Accapella,2018,DUDL,2018-06-06,https://www.youtube.com/watch?v=EaBkot2Iumk,EaBkot2Iumk,6047,,,
Merlin,BX,Stuttgart,Accapella,2018,DLTLLY,2018-06-03,https://www.youtube.com/watch?v=oT4k9OlTdTM,oT4k9OlTdTM,31737,,,
LBB,MC GEUNER,BMCL,Accapella,2018,RAM,2018-06-03,https://www.youtube.com/watch?v=9r-_GoSvDAw,9r-_GoSvDAw,1892037,,,
MC Lauch,Herr Sören D&DL#0114 (Essen,2018,Accapella,2018,DUDL,2018-06-02,https://www.youtube.com/watch?v=Cyxilq52yW8,Cyxilq52yW8,8342,,,
Pueblo Escobar + Morizz Fizzl,Schalle + Alcantara,Stuttgart,On Beat,2018,DLTLLY,2018-06-01,https://www.youtube.com/watch?v=8jwJwsdYaoM,8jwJwsdYaoM,25284,,,
Paze,Zeuge D&DL#0111 (Essen,2018,Accapella,2018,DUDL,2018-05-30,https://www.youtube.com/watch?v=cMme7MVfzlk,cMme7MVfzlk,5270,,,
Mikesh,Akanoo,Stuttgart,Accapella,2018,DLTLLY,2018-05-27,https://www.youtube.com/watch?v=fADGoxfLmoU,fADGoxfLmoU,107221,,,
Bdad,Nikiz,Stuttgart,On Beat,2018,DLTLLY,2018-05-25,https://www.youtube.com/watch?v=X9NqPZCIV64,X9NqPZCIV64,32680,,,
Vyrus,Mavgic,NRWeekend #2,On Beat,2018,DLTLLY,2018-05-20,https://www.youtube.com/watch?v=izMlExusQww,izMlExusQww,547346,,,NRWeekend 2
Fabelouis,Farmer,Stuttgart,Accapella,2018,DLTLLY,2018-05-18,https://www.youtube.com/watch?v=D_bw-AJEGpE,D_bw-AJEGpE,21955,,,
Malik N.,Hillston D&DL#0108 (Berlin,2018,Accapella,2018,DUDL,2018-05-16,https://www.youtube.com/watch?v=XQVJrBoiwPk,XQVJrBoiwPk,3465,,,
Change,Tommy2Late,Stuttgart,On Beat,2018,DLTLLY,2018-05-13,https://www.youtube.com/watch?v=n-8IV_68dVs,n-8IV_68dVs,23343,,,
Proton,Robscure,NRWeekend2,Accapella,2018,DLTLLY,2018-05-13,https://www.youtube.com/watch?v=zp-NPxt-Y0w,zp-NPxt-Y0w,48562,,,NRWeekend 2
Kyu,Tommen D&DL#0110 (Berlin,2018,Accapella,2018,DUDL,2018-05-12,https://www.youtube.com/watch?v=vcdMwQZNFIA,vcdMwQZNFIA,4016,,,
Kato,Mave,NRWeekend2,Accapella,2018,DLTLLY,2018-05-06,https://www.youtube.com/watch?v=ISMH_t00yWU,ISMH_t00yWU,82297,,,NRWeekend 2
Dyas,SnakeHeadRhyme D&DL#0109 (Berlin,2018,Accapella,2018,DUDL,2018-05-05,https://www.youtube.com/watch?v=DrGC8vf46YE,DrGC8vf46YE,6271,,,
Buddi,VT,NRWeekend2,On Beat,2018,DLTLLY,2018-05-04,https://www.youtube.com/watch?v=MYBbVI9103A,MYBbVI9103A,24734,,,NRWeekend 2
Gusy,Micky Haze D&DL#0107 (Stuttgart,2018,Accapella,2018,DUDL,2018-05-02,https://www.youtube.com/watch?v=04_j-wKwruQ,04_j-wKwruQ,4705,,,
RV,CASHISCLAY,BMCL,Accapella,2018,RAM,2018-04-29,https://www.youtube.com/watch?v=mNFeSKs8-Zw,mNFeSKs8-Zw,91727,,,
Yarambo,Davie Jones,NRWeekend #2,Accapella,2018,DLTLLY,2018-04-29,https://www.youtube.com/watch?v=eBbEez8gLpY,eBbEez8gLpY,336196,,,NRWeekend 2
FARE,Dizzepticon D&DL#0106 (Stuttgart,2018,Accapella,2018,DUDL,2018-04-28,https://www.youtube.com/watch?v=VvM1Iz5Zo6o,VvM1Iz5Zo6o,5523,,,
Tuncmann,Wandelbarz,NRWeekend2,Accapella,2018,DLTLLY,2018-04-27,https://www.youtube.com/watch?v=YvVuLQ-ntwo,YvVuLQ-ntwo,33982,,,NRWeekend 2
Slappy,Tao D&DL#0105 (Stuttgart,2018,Accapella,2018,DUDL,2018-04-25,https://www.youtube.com/watch?v=Y0UEpKbuN04,Y0UEpKbuN04,3765,,,
Wolff,NichtDeinTyp,NextGeneration VR 4/4 Stuttgart,Accapella,2018,DLTLLY,2018-04-22,https://www.youtube.com/watch?v=DtPnL171Y1U,DtPnL171Y1U,50540,,,
ChinookA,Michael Dope D&DL#0104 (Stuttgart,2018,Accapella,2018,DUDL,2018-04-21,https://www.youtube.com/watch?v=H9QpMaRaOuw,H9QpMaRaOuw,4130,,,
Karanova,OE,NRWeekend2,Accapella,2018,DLTLLY,2018-04-20,https://www.youtube.com/watch?v=u8rydX8Eo7A,u8rydX8Eo7A,17385,,,NRWeekend 2
A-Ron,PrettyShittyJiggy D&DL#0103 (Stuttgart,2018,Accapella,2018,DUDL,2018-04-18,https://www.youtube.com/watch?v=k6DLGl60vUE,k6DLGl60vUE,6377,,,
Ano-Nym,RenetiXX,NextGeneration VR 3/4 NRWeekend2,Accapella,2018,DLTLLY,2018-04-15,https://www.youtube.com/watch?v=9rVRBR8i80o,9rVRBR8i80o,67210,,,NRWeekend 2
Jolle,Joseph Steinschleuder,NextGeneration VR 2/4 NRWeekend2,Accapella,2018,DLTLLY,2018-04-13,https://www.youtube.com/watch?v=wKdWtqAf10A,wKdWtqAf10A,76507,,,NRWeekend 2
Duff,T-Way,NRWeekend2,Accapella,2018,DLTLLY,2018-04-08,https://www.youtube.com/watch?v=QA2y20az1C4,QA2y20az1C4,25920,,,NRWeekend 2
Falk,Khacoby,ComplimentBattle NRWeekend2,Accapella,2018,DLTLLY,2018-04-06,https://www.youtube.com/watch?v=Rt_1IAP9zQc,Rt_1IAP9zQc,102491,,,NRWeekend 2
Schleswig-Prollstein,Opti + Rö D&DL#0101 (Berlin,-CoEvent,Accapella,2018,DUDL,2018-04-04,https://www.youtube.com/watch?v=s04C_8fOsJA,s04C_8fOsJA,10370,,,
ViruS + KingPin,Eczo + Heynsch D&DL#0100 (Berlin,-CoEvent,Accapella,2018,DUDL,2018-04-02,https://www.youtube.com/watch?v=wImLFbzyPBs,wImLFbzyPBs,8261,,,
Wolff + Joe Pharo,Ilhan + TableddnTimmy,D&DL CoEvent 1,Accapella,2018,DLTLLY,2018-04-01,https://www.youtube.com/watch?v=PfLQiBTvd-4,PfLQiBTvd-4,56771,,,
BDAD,VYRUS,BMCL,Accapella,2018,RAM,2018-04-01,https://www.youtube.com/watch?v=edSol4qguUE,edSol4qguUE,56726,,,
Wolle der Grobe,Jakzta,NextGeneration VR 1/4 D&DL CoEvent 1,Accapella,2018,DLTLLY,2018-03-30,https://www.youtube.com/watch?v=yZOihBj5VYk,yZOihBj5VYk,14562,,,
Galv,Schote,Tapefabrik,On Beat,2018,DLTLLY,2018-03-25,https://www.youtube.com/watch?v=WDxHLb71RF0,WDxHLb71RF0,151114,,,
CPE,AKANOO,BMCL,Accapella,2018,RAM,2018-03-25,https://www.youtube.com/watch?v=bGSiQtKl7zc,bGSiQtKl7zc,35447,,,
Notyzze,LUX,Tapefabrik,On Beat,2018,DLTLLY,2018-03-21,https://www.youtube.com/watch?v=869cf3bg49k,869cf3bg49k,57104,,,
Davie Jones,Vyrus,Kassel,Accapella,2018,DLTLLY,2018-03-19,https://www.youtube.com/watch?v=Absp5IK_V9k,Absp5IK_V9k,121884,,Kassel,
VT,Mars B.,Kassel,Accapella,2018,DLTLLY,2018-03-18,https://www.youtube.com/watch?v=pkrXAzvIRl0,pkrXAzvIRl0,67417,,Kassel,
Olio,Kato,Kassel,Accapella,2018,DLTLLY,2018-03-03,https://www.youtube.com/watch?v=pwzr2W-YntY,pwzr2W-YntY,85632,,Kassel,
TRIPLEBEAT,FOURSEVEN,BMCL,Accapella,2018,RAM,2018-02-25,https://www.youtube.com/watch?v=ViFTDD0HHEk,ViFTDD0HHEk,490240,,,
Bauda,Seby Tone,Kassel,Accapella,2018,DLTLLY,2018-02-25,https://www.youtube.com/watch?v=fAou_OoLduY,fAou_OoLduY,24861,,Kassel,
TOMMY2LATE,CASHUS K,BMCL,Accapella,2018,RAM,2018-02-25,https://www.youtube.com/watch?v=5jIGrJnIlrs,5jIGrJnIlrs,35344,,,
Krom,Wolff,Kassel,Accapella,2018,DLTLLY,2018-02-18,https://www.youtube.com/watch?v=fE0SEINZpDg,fE0SEINZpDg,73912,,Kassel,
Schalle,Joe Pharo,Kassel,Accapella,2018,DLTLLY,2018-02-11,https://www.youtube.com/watch?v=OU423DQtcD4,OU423DQtcD4,30537,,Kassel,
JollyJay,Brian Damage,Bilingual Battle DISSember2,Accapella,2017,DLTLLY,2018-02-04,https://www.youtube.com/watch?v=jK6Kcpse9o0,jK6Kcpse9o0,228152,Backstage,München,DISSember 2
TableddnTimmy,Joseph Steinschleuder D&DL#0099 (Berlin,2017,Accapella,2017,DUDL,2018-01-31,https://www.youtube.com/watch?v=7XEQc4Uixvg,7XEQc4Uixvg,45485,,,
KROM,SEVA,BMCL,Accapella,2018,RAM,2018-01-29,https://www.youtube.com/watch?v=FwNISDJyry4,FwNISDJyry4,59539,,,
CLEP,Robscure,DISSember2,Accapella,2017,DLTLLY,2018-01-28,https://www.youtube.com/watch?v=0lS6QaFGybw,0lS6QaFGybw,139479,Backstage,München,DISSember 2
DEZ,Noone D&DL#0098 (Berlin,2017,Accapella,2017,DUDL,2018-01-24,https://www.youtube.com/watch?v=0tkSP6s8_uM,0tkSP6s8_uM,4762,,,
Karma,Mars B.,DISSember2,Accapella,2017,DLTLLY,2018-01-21,https://www.youtube.com/watch?v=2d1RlPosOF0,2d1RlPosOF0,60155,Backstage,München,DISSember 2
Splopf,Shizu D&DL#0097 (Berlin,2017,Accapella,2017,DUDL,2018-01-17,https://www.youtube.com/watch?v=C4xri1oyMvQ,C4xri1oyMvQ,4646,,,
T-Way,VT,DISSember2,Accapella,2017,DLTLLY,2018-01-14,https://www.youtube.com/watch?v=NKFsOpcgMpo,NKFsOpcgMpo,28571,Backstage,München,DISSember 2
Julo,SinTony D&DL#0096 (Berlin,2017,Accapella,2017,DUDL,2018-01-10,https://www.youtube.com/watch?v=9TPjSYw4jbI,9TPjSYw4jbI,5090,,,
Jack Dragon,Hansen,DISSember2,Accapella,2017,DLTLLY,2018-01-07,https://www.youtube.com/watch?v=lJ6whp-ADwU,lJ6whp-ADwU,39098,Backstage,München,DISSember 2
Louis Beton,Hörsturz,Leipzig,Accapella,2017,DLTLLY,2018-01-04,https://www.youtube.com/watch?v=0_CFEJmm4i8,0_CFEJmm4i8,13881,,Leipzig,
ShaoLum,Joe-L (Sport-Bars),could not identify event,Accapella,2018,SPOX,2018-01-02,https://www.youtube.com/watch?v=y7s-nFdjpQg,y7s-nFdjpQg,35491,,,
DAVIE JONES,TOBI NICE,BMCL,Accapella,2018,RAM,2018-01-01,https://www.youtube.com/watch?v=C6G6zvJ-6ho,C6G6zvJ-6ho,76338,,,
Cris Kotzen,Schote,Leipzig,On Beat,2017,DLTLLY,2017-12-31,https://www.youtube.com/watch?v=xxMx2BO8sww,xxMx2BO8sww,152508,,Leipzig,
Wandelbarz,Mikesh,Leipzig,Accapella,2017,DLTLLY,2017-12-24,https://www.youtube.com/watch?v=BVIWJYptGjk,BVIWJYptGjk,81852,,Leipzig,
Sizyphos,Ilhan,Leipzig,Accapella,2017,DLTLLY,2017-12-17,https://www.youtube.com/watch?v=LqO0Og4pNHQ,LqO0Og4pNHQ,60792,,Leipzig,
Wolff,IZL D&DL#0095 (Erfurt,2017,Accapella,2017,DUDL,2017-12-16,https://www.youtube.com/watch?v=Q92uBy-sybk,Q92uBy-sybk,16309,,,
FU!,Terra Pete,Leipzig,On Beat,2017,DLTLLY,2017-12-14,https://www.youtube.com/watch?v=xeyQgA45-nQ,xeyQgA45-nQ,21464,,Leipzig,
MC Maik,Akanoo,Leipzig,Accapella,2017,DLTLLY,2017-12-10,https://www.youtube.com/watch?v=dofZoRLuze0,dofZoRLuze0,18521,,Leipzig,
Leonidas,MC Geuner D&DL#0093 (Erfurt,2017,Accapella,2017,DUDL,2017-12-09,https://www.youtube.com/watch?v=i0cry-GK_n4,i0cry-GK_n4,10116,,,
Jotti (Schalke 04),Mave (Chemnitzer FC),could not identify event,Accapella,2017,SPOX,2017-12-08,https://www.youtube.com/watch?v=AFityNagM_k,AFityNagM_k,71006,,,
Papi Schlauch,JerMC,Wien,Accapella,2017,DLTLLY,2017-12-03,https://www.youtube.com/watch?v=vdpnmXQ8IwQ,vdpnmXQ8IwQ,119268,,,
SnakeHeadRhyme,KingPin D&DL#0092 (Erfurt,2017,Accapella,2017,DUDL,2017-12-02,https://www.youtube.com/watch?v=8Zlalomq-GE,8Zlalomq-GE,7629,,,
Bong Teggy (Fußball),Lyrico (Eishockey),could not identify event,Accapella,2017,SPOX,2017-12-01,https://www.youtube.com/watch?v=3ndLIgcKMk8,3ndLIgcKMk8,144080,,,
DEZ,Eczo D&DL#0094 (Erfurt,2017,Accapella,2017,DUDL,2017-11-29,https://www.youtube.com/watch?v=Qgqkd6Tz7fA,Qgqkd6Tz7fA,3906,,,
YARAMBO + T-WAY,CASHISCLAY + TWIZZY,BMCL,Accapella,2017,RAM,2017-11-26,https://www.youtube.com/watch?v=WDjqjWRXKEc,WDjqjWRXKEc,115826,,,
Noone,Teach D&DL#0090 (Berlin,2017,Accapella,2017,DUDL,2017-11-25,https://www.youtube.com/watch?v=_91WwhMuHRY,_91WwhMuHRY,5298,,,
Demo MC,Hopeless MC D&DL#0091 (Berlin,2017,Accapella,2017,DUDL,2017-11-22,https://www.youtube.com/watch?v=XtcGuHUZ6TQ,XtcGuHUZ6TQ,2940,,,
DemoLux,Krom,Wien,Accapella,2017,DLTLLY,2017-11-19,https://www.youtube.com/watch?v=zfb4pehw3J8,zfb4pehw3J8,23647,,,
Borussia Dortmund,FC Bayern München,could not identify event,Accapella,2017,SPOX,2017-11-18,https://www.youtube.com/watch?v=Z-7dBXCQysI,Z-7dBXCQysI,261330,,,
Joe Pharo,Part-Tron D&DL#0084 (Hannover,2017,Accapella,2017,DUDL,2017-11-18,https://www.youtube.com/watch?v=n0cCt2WhEZA,n0cCt2WhEZA,8157,,,
Sirius Crack,Fate1,Wien,Accapella,2017,DLTLLY,2017-11-16,https://www.youtube.com/watch?v=_7Dryn55kTw,_7Dryn55kTw,15240,,,
MC Lauch,Gusy D&DL#0089 (Berlin,2017,Accapella,2017,DUDL,2017-11-15,https://www.youtube.com/watch?v=FLkRkegMFuI,FLkRkegMFuI,4116,,,
ADHS-Andy,Shadow D&DL#0082 (Hannover,2017,Accapella,2017,DUDL,2017-11-13,https://www.youtube.com/watch?v=iH078cExL8k,iH078cExL8k,16700,,,
Proton,Tobi Nice,s B.Day#4,On Beat,2017,DLTLLY,2017-11-12,https://www.youtube.com/watch?v=EFgSOM4IYPU,EFgSOM4IYPU,51900,,,
Rupert69,Pueblo Escobar D&DL#0088 (Berlin,2017,Accapella,2017,DUDL,2017-11-11,https://www.youtube.com/watch?v=Bj_YDfyUkUI,Bj_YDfyUkUI,4720,,,
Ano-nym,Wolle der Grobe D&DL#0086 (Hannover,2017,Accapella,2017,DUDL,2017-11-08,https://www.youtube.com/watch?v=5UF2c4lBEF4,5UF2c4lBEF4,17524,,,
Lyrico,Nedal Nib,2nd TITLE-MATCH B.Day#4,Accapella,2017,DLTLLY,2017-11-05,https://www.youtube.com/watch?v=zfEr6wUONDs,zfEr6wUONDs,221509,,,
RenetiXX,Aris D&DL#0085 (Hannover,2017,Accapella,2017,DUDL,2017-11-04,https://www.youtube.com/watch?v=ESbgxv4rwsU,ESbgxv4rwsU,7916,,,
Spike,Akanoo,s Wien,Accapella,2017,DLTLLY,2017-11-02,https://www.youtube.com/watch?v=BYnvhhpJQgU,BYnvhhpJQgU,15634,,,
Splopf,Mango D&DL#0083 ( Hannover,2017,Accapella,2017,DUDL,2017-11-01,https://www.youtube.com/watch?v=3GL_5yyuvdU,3GL_5yyuvdU,3722,,,
Der Zigeunerbaron,Niemand D&DL#0079 (Berlin,2017,Accapella,2017,DUDL,2017-10-30,https://www.youtube.com/watch?v=fCrWefuufkg,fCrWefuufkg,2841,,,
CASHUS K,TISOS,BMCL,Accapella,2017,RAM,2017-10-29,https://www.youtube.com/watch?v=7JiS06qKZ64,7JiS06qKZ64,53062,,,
Unanymous,JollyJay,B.Day#4,Accapella,2017,DLTLLY,2017-10-29,https://www.youtube.com/watch?v=E4_2vzM1SCE,E4_2vzM1SCE,29301,,,
Bubba T,DEZ D&DL#0081 (Berlin,2017,Accapella,2017,DUDL,2017-10-27,https://www.youtube.com/watch?v=X0xRGjcxL8w,X0xRGjcxL8w,5113,,,
MAST,SnakeHeadRhyme D&DL#0078 (Berlin,2017,Accapella,2017,DUDL,2017-10-25,https://www.youtube.com/watch?v=qaR-Ut82el8,qaR-Ut82el8,4619,,,
Merlin,Yarambo,B.Day#4,Accapella,2017,DLTLLY,2017-10-21,https://www.youtube.com/watch?v=uGiKtuP4siw,uGiKtuP4siw,202310,,,
Wandelbarz,Nicht Dein Typ D&DL#0077 (Bonn,2017,Accapella,2017,DUDL,2017-10-21,https://www.youtube.com/watch?v=Yg02RTzal2E,Yg02RTzal2E,8141,,,
Vyrus,Tommy2Late,s B.Day#4,On Beat,2017,DLTLLY,2017-10-20,https://www.youtube.com/watch?v=OOI5QKfWSVU,OOI5QKfWSVU,46485,,,
Shizu,Jozef104 D&DL#0080 (Berlin,2017,Accapella,2017,DUDL,2017-10-18,https://www.youtube.com/watch?v=XVS8XZzvtBQ,XVS8XZzvtBQ,5280,,,
BX,Ilhan,B.Day #4,Accapella,2017,DLTLLY,2017-10-15,https://www.youtube.com/watch?v=BuBDtfDtIFo,BuBDtfDtIFo,42498,,,
Wolff,Mr. Whyte D&DL#0075 (Bonn,2017,Accapella,2017,DUDL,2017-10-13,https://www.youtube.com/watch?v=5l9zBAdVOMc,5l9zBAdVOMc,23830,,,
VT,Karma,FFM,Accapella,2017,DLTLLY,2017-10-09,https://www.youtube.com/watch?v=PAjBrklU_t8,PAjBrklU_t8,35832,,Frankfurt am Main,
Gregpipe,Davie Jones,FFM,Accapella,2017,DLTLLY,2017-10-08,https://www.youtube.com/watch?v=zlunUmUwmX8,zlunUmUwmX8,344144,,Frankfurt am Main,
Kato,FlaKiT D&DL#0076 (Bonn,2017,Accapella,2017,DUDL,2017-10-07,https://www.youtube.com/watch?v=LGpYsR1Db-k,LGpYsR1Db-k,43248,,,
Joe Pharo,Herrn Sören D&DL#0072 (Bonn,2017,Accapella,2017,DUDL,2017-10-04,https://www.youtube.com/watch?v=HoQ5icymcgk,HoQ5icymcgk,8910,,,
Saking,Akanoo,FFM,Accapella,2017,DLTLLY,2017-10-01,https://www.youtube.com/watch?v=lE8Fk77n_iM,lE8Fk77n_iM,15720,,Frankfurt am Main,
FOUR SEVEN,INDOOR STAN,BMCL,Accapella,2017,RAM,2017-10-01,https://www.youtube.com/watch?v=52Atd4tpwJM,52Atd4tpwJM,139862,,,
Ralle,Phillie D&DL#0074 (Bonn,2017,Accapella,2017,DUDL,2017-09-30,https://www.youtube.com/watch?v=9WY-jqLTF2Y,9WY-jqLTF2Y,3223,,,
EkHead,CPE,FFM,Accapella,2017,DLTLLY,2017-09-28,https://www.youtube.com/watch?v=5bOiatzTGbk,5bOiatzTGbk,17505,,Frankfurt am Main,
Shortworth,RenetiXX D&DL#0071 (Berlin,2017,Accapella,2017,DUDL,2017-09-23,https://www.youtube.com/watch?v=_SbPwHKWPCw,_SbPwHKWPCw,4633,,,
Part-Tron,Paze D&DL#0069 (Berlin,2017,Accapella,2017,DUDL,2017-09-20,https://www.youtube.com/watch?v=apTMCWrtJx0,apTMCWrtJx0,3608,,,
Clep,Bong Teggy,Splash 20,Accapella,2017,DLTLLY,2017-09-17,https://www.youtube.com/watch?v=d3IC3OUGlGA,d3IC3OUGlGA,130585,Splash,Ferropolis,splash! 20
Eczo,Jozef104 D&DL#0070(Berlin,2017,Accapella,2017,DUDL,2017-09-16,https://www.youtube.com/watch?v=a4XDYKUDuAg,a4XDYKUDuAg,4368,,,
Harry,Adam D&DL#0068 (Mannheim,2017,Accapella,2017,DUDL,2017-09-13,https://www.youtube.com/watch?v=ggzh6IzcEHQ,ggzh6IzcEHQ,3169,,,
Ars,Wux Brofer D&DL#0065 (Ludwigshafen,2017,Accapella,2017,DUDL,2017-09-11,https://www.youtube.com/watch?v=sq-_SOiyZoA,sq-_SOiyZoA,4058,,,
Brian Damage + Robscure,Yarambo + T-Way,Splash 20,Accapella,2017,DLTLLY,2017-09-10,https://www.youtube.com/watch?v=F5V3pnpODhw,F5V3pnpODhw,56596,Splash,Ferropolis,splash! 20
MC Maik,N'antinein,Splash 20,Accapella,2017,DLTLLY,2017-09-10,https://www.youtube.com/watch?v=cMmNpNs82GA,cMmNpNs82GA,18892,Splash,Ferropolis,splash! 20
Lyrico + Buddi,Falk + Khacoby,Splash 20,Accapella,2017,DLTLLY,2017-09-10,https://www.youtube.com/watch?v=5Bb7YQjNO8k,5Bb7YQjNO8k,65759,Splash,Ferropolis,splash! 20
Hörsturz,Nicht Dein Typ D&DL#0067 (Ludwigshafen,2017,Accapella,2017,DUDL,2017-09-09,https://www.youtube.com/watch?v=TpQrcZRl7rE,TpQrcZRl7rE,4520,,,
Bubba T,MC Lauch D&DL#0063 (Ludwigshafen,2017,Accapella,2017,DUDL,2017-09-06,https://www.youtube.com/watch?v=seh2mg2LFV8,seh2mg2LFV8,4166,,,
Scamp,Paperbite D&DL#0066 (Ludwigshafen,2017,Accapella,2017,DUDL,2017-09-01,https://www.youtube.com/watch?v=-mapSli5wm8,-mapSli5wm8,3978,,,
Wolff,FlaKiT D&DL#0061 (Berlin,2017,Accapella,2017,DUDL,2017-08-25,https://www.youtube.com/watch?v=LxqqUUX-HkI,LxqqUUX-HkI,14976,,,
MIGHTY MO,CASHISCLAY,BMCL,Accapella,2017,RAM,2017-08-24,https://www.youtube.com/watch?v=N8iKapmZv5A,N8iKapmZv5A,215286,,,
Hopeless MC,D.E.Z. D&DL#0062 (Berlin,2017,Accapella,2017,DUDL,2017-08-23,https://www.youtube.com/watch?v=8jdukosjugQ,8jdukosjugQ,3974,,,
MC Schub,O&#39;Spella D&DL#0059 (Berlin,2017,Accapella,2017,DUDL,2017-08-21,https://www.youtube.com/watch?v=9rRmgC6mvyk,9rRmgC6mvyk,3099,,,
Merlin,Peter Pogen,Hamburg,Accapella,2017,DLTLLY,2017-08-20,https://www.youtube.com/watch?v=cBhojNDM-cY,cBhojNDM-cY,46741,,,
Demo MC,Cemo Dafuq D&DL#0060 (Berlin,2017,Accapella,2017,DUDL,2017-08-19,https://www.youtube.com/watch?v=Qmsi3Hlj1Vc,Qmsi3Hlj1Vc,3192,,,
JI-ZI,SSYNIC,BMCL,Accapella,2017,RAM,2017-08-18,https://www.youtube.com/watch?v=nWum8Xdxh9w,nWum8Xdxh9w,827270,,,
Mave,Hörsturz D&DL#0058 (Halle,2017,Accapella,2017,DUDL,2017-08-16,https://www.youtube.com/watch?v=CkFi6pao01E,CkFi6pao01E,17193,,,
Papi Schlauch,Fabiga,Hamburg,Accapella,2017,DLTLLY,2017-08-13,https://www.youtube.com/watch?v=uwohgd5dtuI,uwohgd5dtuI,58767,,,
RenetiXX,Fesas D&DL#0057 (Halle,2017,Accapella,2017,DUDL,2017-08-12,https://www.youtube.com/watch?v=dihDC74TLD0,dihDC74TLD0,9274,,,
VYRUS,FINCH,BMCL,Accapella,2017,RAM,2017-08-11,https://www.youtube.com/watch?v=ZWQ6wtTiKUc,ZWQ6wtTiKUc,211192,,,
Reinecken,IZL D&DL#0056 (Halle,2017,Accapella,2017,DUDL,2017-08-09,https://www.youtube.com/watch?v=VnUHcRdCdhI,VnUHcRdCdhI,3290,,,
Noone,Fab D&DL#0055 (Berlin,2017,Accapella,2017,DUDL,2017-08-07,https://www.youtube.com/watch?v=cS6ANNMsBvw,cS6ANNMsBvw,7460,,,
Davie Jones,Schote,Hamburg,On Beat,2017,DLTLLY,2017-08-06,https://www.youtube.com/watch?v=BH092XAZWGc,BH092XAZWGc,116184,,,
Ilhan,Balavababa D&DL#0054 (Berlin,2017,Accapella,2017,DUDL,2017-08-05,https://www.youtube.com/watch?v=PRd0MOIgHkI,PRd0MOIgHkI,10340,,,
TOBI NICE,FRESH POLAKKE,BMCL,Accapella,2017,RAM,2017-08-04,https://www.youtube.com/watch?v=lbL2I40Il9w,lbL2I40Il9w,104377,,,
Abrupt,Gusy D&DL#0052 (Berlin,2017,Accapella,2017,DUDL,2017-08-03,https://www.youtube.com/watch?v=HmfqmTGGWG0,HmfqmTGGWG0,3355,,,
Nedal Nib,JerMc,Mayhem2,Accapella,2017,DLTLLY,2017-07-30,https://www.youtube.com/watch?v=Oh2i1ulWHoM,Oh2i1ulWHoM,116794,,,
Andy Amnesia,Shortworth D&DL#0053 (Berlin,2017,Accapella,2017,DUDL,2017-07-29,https://www.youtube.com/watch?v=2HK4NQdp9DY,2HK4NQdp9DY,9510,,,
Butchbruda,Joseph Steinschleuder D&DL#0051 (Berlin,2017,Accapella,2017,DUDL,2017-07-26,https://www.youtube.com/watch?v=tHEzlDKDqEg,tHEzlDKDqEg,11552,,,
Nikiz,Stockinger,Mayhem2,Accapella,2017,DLTLLY,2017-07-23,https://www.youtube.com/watch?v=NX5YOcBtTM8,NX5YOcBtTM8,22627,,,
Mikesh,Tuncmann,Hamburg,Accapella,2017,DLTLLY,2017-07-20,https://www.youtube.com/watch?v=GzsFKgMwwIo,GzsFKgMwwIo,78095,,,
Johnny Camo,Lang&Sympathisch D&DL#0050 (Neubrandenburg,ReimWerkNord-CoEvent,Accapella,2017,DUDL,2017-07-19,https://www.youtube.com/watch?v=HJ90C8nBaio,HJ90C8nBaio,6145,,,
Henrey,Vyrus,Hamburg,Accapella,2017,DLTLLY,2017-07-16,https://www.youtube.com/watch?v=LkkkwAmTjRk,LkkkwAmTjRk,42810,,,
Doktor Dave,Jack Dragon - REMATCH!,could not identify event,Accapella,2017,DLTLLY,2017-07-16,https://www.youtube.com/watch?v=LSylroi2Toc,LSylroi2Toc,35650,,,
Triple Beat,Mr. Whyte D&DL#0049 (Neubrandenburg,ReimWerkNord-CoEvent,Accapella,2017,DUDL,2017-07-15,https://www.youtube.com/watch?v=l7Y_objhRcA,l7Y_objhRcA,7076,,,
Tableddn Timmy,Hopeless MC D&DL#0048 (Berlin,2017,Accapella,2017,DUDL,2017-07-01,https://www.youtube.com/watch?v=eSZab6qlU6M,eSZab6qlU6M,8222,,,
Lyrico,Robscure,Mayhem2,Accapella,2017,DLTLLY,2017-07-01,https://www.youtube.com/watch?v=aLe_BInOof0,aLe_BInOof0,130534,,,
BMCL TITELMATCH: SSYNIC,MIGHTY MO,BMCL,Accapella,2017,RAM,2017-06-30,https://www.youtube.com/watch?v=FbeBGeRf4F0,FbeBGeRf4F0,703800,,,
Promme,Rhyme Inspector D&DL#0046 (Berlin,2017,Accapella,2017,DUDL,2017-06-26,https://www.youtube.com/watch?v=5L3MZyCpoMU,5L3MZyCpoMU,2803,,,
N'antinein,Cris Kotzen,Mayhem2,Accapella,2017,DLTLLY,2017-06-25,https://www.youtube.com/watch?v=vr4dnObsxAE,vr4dnObsxAE,107286,,,
FlaKiT,ViruS D&DL#0047 (Berlin,2017,Accapella,2017,DUDL,2017-06-24,https://www.youtube.com/watch?v=q3uVXbV8kU4,q3uVXbV8kU4,5721,,,
Porno Pete,Eczo D&DL#0044 (Berlin,2017,Accapella,2017,DUDL,2017-06-21,https://www.youtube.com/watch?v=1mz3_aRDkPg,1mz3_aRDkPg,2821,,,
MC Maik,Sizyphos,Mayhem2,Accapella,2017,DLTLLY,2017-06-18,https://www.youtube.com/watch?v=ByizH6xxKlk,ByizH6xxKlk,31343,,,
T-Way,Merlin,München,Accapella,2017,DLTLLY,2017-06-11,https://www.youtube.com/watch?v=gLZJhvfjtE4,gLZJhvfjtE4,111695,,München,
WandelBarZ,Ano-nym D&DL#0043 (Dortmund,Kupplyn-CoEvent,Accapella,2017,DUDL,2017-06-10,https://www.youtube.com/watch?v=rFIvRmCe9FM,rFIvRmCe9FM,28799,,,
Mosaik,OE D&DL#0042 (Dortmund,Kupplyn-CoEvent,Accapella,2017,DUDL,2017-06-07,https://www.youtube.com/watch?v=ZrZKeWYQr1U,ZrZKeWYQr1U,4402,,,
Phillie,BunGee D&DL#0040 (Dortmund,Kupplyn-CoEvent,Accapella,2017,DUDL,2017-06-05,https://www.youtube.com/watch?v=cv9ES-KJk_8,cv9ES-KJk_8,5048,,,
Schote,Jack Dragon,München,Accapella,2017,DLTLLY,2017-06-04,https://www.youtube.com/watch?v=ci-DKAMvD-k,ci-DKAMvD-k,25463,,München,
Demo MC,Kato D&DL#0041 (Dortmund,Kupplyn-CoEvent,Accapella,2017,DUDL,2017-06-03,https://www.youtube.com/watch?v=AhKQn8nD-9o,AhKQn8nD-9o,33522,,,
MERLIN,FRESH POLAKKE,BMCL,Accapella,2017,RAM,2017-06-02,https://www.youtube.com/watch?v=wGfjTJPiTDY,wGfjTJPiTDY,212478,,,
Karma,BDad,München,Accapella,2017,DLTLLY,2017-06-01,https://www.youtube.com/watch?v=ez72X6TNExA,ez72X6TNExA,25112,,München,
RenetiXX,Dryno D&DL#0039 (Dortmund,Kupplyn-CoEvent,Accapella,2017,DUDL,2017-05-31,https://www.youtube.com/watch?v=HI_dcCSnL14,HI_dcCSnL14,6837,,,
Change19,Schalle,München,Accapella,2017,DLTLLY,2017-05-28,https://www.youtube.com/watch?v=m5NhYx3GfFs,m5NhYx3GfFs,18908,,München,
Ilhan,Hörsturz D&DL#0038 (Berlin,2017,Accapella,2017,DUDL,2017-05-27,https://www.youtube.com/watch?v=WNfwTsmOCyY,WNfwTsmOCyY,7969,,,
Wolff,Aris D&DL#0037 (Berlin,2017,Accapella,2017,DUDL,2017-05-24,https://www.youtube.com/watch?v=_c1nHOFVu9Y,_c1nHOFVu9Y,12712,,,
Onkel Oktomusch & Die Zwetschke,Falk & Khacoby,NRWeekend,Accapella,2017,DLTLLY,2017-05-21,https://www.youtube.com/watch?v=1g89uVaen_4,1g89uVaen_4,599128,,,NRWeekend 1
Wolle Der Grobe,Balavababa,NewcomerBattle München,Accapella,2017,DLTLLY,2017-05-18,https://www.youtube.com/watch?v=tZTLE8iBL4I,tZTLE8iBL4I,20478,,München,
Mars B.,Yarambo,NRWeekend,Accapella,2017,DLTLLY,2017-05-14,https://www.youtube.com/watch?v=hx_YK4LaoJM,hx_YK4LaoJM,136913,,,NRWeekend 1
Andres,Mikesh D&DL#0036 (Berlin,2017,Accapella,2017,DUDL,2017-05-13,https://www.youtube.com/watch?v=mGJhMHg6B6k,mGJhMHg6B6k,19994,,,
YARAMBO,NOTYZZE,BMCL,Accapella,2017,RAM,2017-05-12,https://www.youtube.com/watch?v=D2L-FyXYNCE,D2L-FyXYNCE,124803,,,
Leonidas,IZL D&DL#0035 (Berlin,2017,Accapella,2017,DUDL,2017-05-10,https://www.youtube.com/watch?v=6DksgfKA-rU,6DksgfKA-rU,3930,,,
Wux Brofer,Eli D&DL#0033 (Berlin,2017,Accapella,2017,DUDL,2017-05-08,https://www.youtube.com/watch?v=VflpvPsTY0s,VflpvPsTY0s,3278,,,
DuFF,Doktor Dave,NRWeekend,Accapella,2017,DLTLLY,2017-05-07,https://www.youtube.com/watch?v=I9eODi7SoTw,I9eODi7SoTw,53332,,,NRWeekend 1
Vinci,Shizu D&DL#0034 (Berlin,2017,Accapella,2017,DUDL,2017-05-06,https://www.youtube.com/watch?v=vqAF6VxRldE,vqAF6VxRldE,11179,,,
VT,Vyrus,NRWeekend,Accapella,2017,DLTLLY,2017-04-30,https://www.youtube.com/watch?v=B9rLr9Rus-Q,B9rLr9Rus-Q,39518,,,NRWeekend 1
Ars,LNB D&DL#0030 (Berlin,2017,Accapella,2017,DUDL,2017-04-29,https://www.youtube.com/watch?v=ZE-tNe-oCYY,ZE-tNe-oCYY,6014,,,
Eczo,TableddnTimmy D&DL#0031 (Berlin,2017,Accapella,2017,DUDL,2017-04-26,https://www.youtube.com/watch?v=3PzPdRfuiFc,3PzPdRfuiFc,6806,,,
T-Rick,Red D&DL#0029 (Berlin,2017,Accapella,2017,DUDL,2017-04-24,https://www.youtube.com/watch?v=g6kzkhNC4Do,g6kzkhNC4Do,11106,,,
Tobi Nice,Notyzze,NRWeekend,Accapella,2017,DLTLLY,2017-04-23,https://www.youtube.com/watch?v=mSKRQjb-ZMk,mSKRQjb-ZMk,34170,,,NRWeekend 1
D.E.Z.,Nicht dein Typ D&DL#0032 (Berlin,2017,Accapella,2017,DUDL,2017-04-22,https://www.youtube.com/watch?v=I3LdGKVJ5dQ,I3LdGKVJ5dQ,9176,,,
Barracuda,Mavgic,NRWeekend,Accapella,2017,DLTLLY,2017-04-20,https://www.youtube.com/watch?v=rQB3nOExFoM,rQB3nOExFoM,140000,,,NRWeekend 1
Fabiga,Four Seven,NRWeekend,Accapella,2017,DLTLLY,2017-04-16,https://www.youtube.com/watch?v=Qkjxygmrf2w,Qkjxygmrf2w,107758,,,NRWeekend 1
KROM,TOBI NICE,BMCL,Accapella,2017,RAM,2017-04-14,https://www.youtube.com/watch?v=wQngllMH3KM,wQngllMH3KM,86987,,,
Pilz,Nedal Nib,Tapefabrik,Accapella,2017,DLTLLY,2017-04-09,https://www.youtube.com/watch?v=8aBn-vWKhHk,8aBn-vWKhHk,302955,,,
Madame Chaot,Yori D&DL#0027 (Berlin,2017,Accapella,2017,DUDL,2017-04-08,https://www.youtube.com/watch?v=XZTmT_gLq8U,XZTmT_gLq8U,71278,,,
Noone,Hopeless MC D&DL#0028 (Berlin,2017,Accapella,2017,DUDL,2017-04-05,https://www.youtube.com/watch?v=eGQLfZpCMHw,eGQLfZpCMHw,4534,,,
Cryptax,JOSHKA106 D&DL#0025 (Berlin,2017,Accapella,2017,DUDL,2017-04-03,https://www.youtube.com/watch?v=rLwKdc4ZZRI,rLwKdc4ZZRI,15990,,,
Henrey,N'antinein,Tapefabrik,Accapella,2017,DLTLLY,2017-04-02,https://www.youtube.com/watch?v=NVjXIXIWAfw,NVjXIXIWAfw,27532,,,
Bruf,Cemo Dafuq D&DL#0026 (Berlin,2017,Accapella,2017,DUDL,2017-04-01,https://www.youtube.com/watch?v=0A7QZXW_lk8,0A7QZXW_lk8,4383,,,
Robscure,Merlin,Berlin,Accapella,2017,DLTLLY,2017-03-26,https://www.youtube.com/watch?v=KCrOGMu5w1s,KCrOGMu5w1s,75214,,Berlin,
Saking,TripleBeat D&DL#0022 (FFM,-CoSession,Accapella,2017,DUDL,2017-03-25,https://www.youtube.com/watch?v=HnBA4UuuA0c,HnBA4UuuA0c,6513,,,
Tommy2Late,Hörsturz,Berlin,Accapella,2017,DLTLLY,2017-03-23,https://www.youtube.com/watch?v=zg1Qx-YlyWg,zg1Qx-YlyWg,19136,,Berlin,
Porno Pete,Schenck OH D&DL#0024 (FFM,-CoSession,Accapella,2017,DUDL,2017-03-22,https://www.youtube.com/watch?v=GWNnMIu8hOM,GWNnMIu8hOM,2580,,,
Ciro,MC Geuner D&DL#0023 (FFM,-CoSession,Accapella,2017,DUDL,2017-03-20,https://www.youtube.com/watch?v=TxNJSk9ZCu8,TxNJSk9ZCu8,18189,,,
Rino Mandingo,Cris Kotzen,Berlin,Accapella,2017,DLTLLY,2017-03-19,https://www.youtube.com/watch?v=glYXcKNGuiM,glYXcKNGuiM,179054,,Berlin,
Sizyphos,Akanoo,Berlin,Accapella,2017,DLTLLY,2017-03-16,https://www.youtube.com/watch?v=1WexX61mYaM,1WexX61mYaM,27549,,Berlin,
Robscure,Mars B.,Kassel,Accapella,2017,DLTLLY,2017-03-12,https://www.youtube.com/watch?v=trVhEKQgMQg,trVhEKQgMQg,98366,,Kassel,
FINCH,DAVIE JONES,BMCL,Accapella,2017,RAM,2017-03-10,https://www.youtube.com/watch?v=lGiH2B3GMAg,lGiH2B3GMAg,1232281,,,
Lamin,Papa TR,Kassel,Accapella,2017,DLTLLY,2017-03-09,https://www.youtube.com/watch?v=UIWWhFIao_M,UIWWhFIao_M,19370,,Kassel,
IZL,Ilhan D&DL#0021 (Berlin,2017,Accapella,2017,DUDL,2017-03-08,https://www.youtube.com/watch?v=_v8Zq2cLFpM,_v8Zq2cLFpM,4515,,,
Shizu,T-Tekk D&DL#0019 (Berlin,2017,Accapella,2017,DUDL,2017-03-06,https://www.youtube.com/watch?v=tHM2qQC7Fnw,tHM2qQC7Fnw,3738,,,
MC Maik,Bauda,Kassel,Accapella,2017,DLTLLY,2017-03-05,https://www.youtube.com/watch?v=6kVFEwuJuxQ,6kVFEwuJuxQ,28732,,Kassel,
MSK,Mikesh D&DL#0020 (Berlin,2017,Accapella,2017,DUDL,2017-03-04,https://www.youtube.com/watch?v=7MW5bobkjyc,7MW5bobkjyc,22222,,,
Olio,CPE,Kassel,Accapella,2017,DLTLLY,2017-03-02,https://www.youtube.com/watch?v=m0tjUv3Hzr8,m0tjUv3Hzr8,25658,,Kassel,
Shadow,OE D&DL#0018 (Berlin,2017,Accapella,2017,DUDL,2017-03-01,https://www.youtube.com/watch?v=Rvbod2n6hPA,Rvbod2n6hPA,4915,,,
VT,ShaoLum,Kassel,Accapella,2017,DLTLLY,2017-02-26,https://www.youtube.com/watch?v=3wnRMQSaho4,3wnRMQSaho4,53811,,Kassel,
Crocodile Andi,Teach,Kassel,Accapella,2017,DLTLLY,2017-02-23,https://www.youtube.com/watch?v=Win4Mw0ryao,Win4Mw0ryao,14738,,Kassel,
Davie Jones,Clepto,Leipzig,Accapella,2016,DLTLLY,2017-02-19,https://www.youtube.com/watch?v=-bkqaYNfedw,-bkqaYNfedw,119242,,Leipzig,
Paperbite,D-OS,NewcomerBattle Kassel,Accapella,2017,DLTLLY,2017-02-16,https://www.youtube.com/watch?v=ruz4CLYrGJo,ruz4CLYrGJo,14035,,Kassel,
Nedal Nib,Brian Damage,🏆 TITLE-MATCH 🏆,Accapella,2017,DLTLLY,2017-02-12,https://www.youtube.com/watch?v=oBtWEmAeVio,oBtWEmAeVio,256838,,,
Natif,King Lil&#39;C D&DL#0017 (Berlin,2017,Accapella,2017,DUDL,2017-02-11,https://www.youtube.com/watch?v=YSqxRl0Hu5E,YSqxRl0Hu5E,4305,,,
BUDDI,VYRUS,BMCL,Accapella,2017,RAM,2017-02-10,https://www.youtube.com/watch?v=XyOCDNYrtDw,XyOCDNYrtDw,72974,,,
BalavaBaba,Noone D&DL#0016 (Berlin,2017,Accapella,2017,DUDL,2017-02-08,https://www.youtube.com/watch?v=kWANHYPCLcg,kWANHYPCLcg,6012,,,
Andres,Hopeless MC D&DL#0015 (Berlin,2017,Accapella,2017,DUDL,2017-02-06,https://www.youtube.com/watch?v=fB08F5-eki4,fB08F5-eki4,4840,,,
Doktor Dave,Mave,Leipzig,Accapella,2016,DLTLLY,2017-02-05,https://www.youtube.com/watch?v=tdAsouzcgpU,tdAsouzcgpU,53150,,Leipzig,
Papi Schlauch,Lyrico,Dissember,Accapella,2016,DLTLLY,2017-01-29,https://www.youtube.com/watch?v=QUo9YKuQu4c,QUo9YKuQu4c,166928,,Berlin,DISSember 1
Louis Beton,Sizyphos,Leipzig,Accapella,2016,DLTLLY,2017-01-22,https://www.youtube.com/watch?v=54zZPo3m_Nc,54zZPo3m_Nc,22185,,Leipzig,
Stock,Reinicken + Bossom,Leipzig,Accapella,2016,DLTLLY,2017-01-19,https://www.youtube.com/watch?v=7RBrghmeR9w,7RBrghmeR9w,15463,,Leipzig,
Raptor Warhurst,Unanymous,Dissember,Accapella,2016,DLTLLY,2017-01-15,https://www.youtube.com/watch?v=_mMlNI6W100,_mMlNI6W100,32060,,Berlin,DISSember 1
GUGO,INDOOR STAN,BMCL,Accapella,2017,RAM,2017-01-13,https://www.youtube.com/watch?v=PCZVblvzB8Q,PCZVblvzB8Q,65257,,,
T-Way,JerMc,Dissember,Accapella,2016,DLTLLY,2017-01-08,https://www.youtube.com/watch?v=blKeiA-2lTU,blKeiA-2lTU,57428,,Berlin,DISSember 1
Karma,Henrey,Dissember,Accapella,2016,DLTLLY,2017-01-01,https://www.youtube.com/watch?v=2tK6qwRvHxQ,2tK6qwRvHxQ,27040,,Berlin,DISSember 1
Mäneken,D.E.Z D&DL#0014 (Berlin,IDNR-CoEvent,Accapella,2016,DUDL,2016-12-31,https://www.youtube.com/watch?v=mxkdhn9Gdow,mxkdhn9Gdow,3395,,,
Halk Hoden,Ka-Oz D&DL#0013 (Berlin,IDNR-CoEvent,Accapella,2016,DUDL,2016-12-28,https://www.youtube.com/watch?v=-c4Mtrcz4Sk,-c4Mtrcz4Sk,4283,,,
Blvck Light,Kol&#39;ja D&DL#0012 (Berlin,IDNR-CoEvent,Accapella,2016,DUDL,2016-12-26,https://www.youtube.com/watch?v=D5CrbkP-Sh0,D5CrbkP-Sh0,3571,,,
Tobi High & Max Stoned,CPE & Ekhead,Stuttgart,Accapella,2016,DLTLLY,2016-12-25,https://www.youtube.com/watch?v=cgqFWTRRsW8,cgqFWTRRsW8,41682,,,
Yarambo,N'antinein,Stuttgart,Accapella,2016,DLTLLY,2016-12-18,https://www.youtube.com/watch?v=64Jp732JVUQ,64Jp732JVUQ,107128,,,
Akanoo,Mr. Whyte,3x in die Fresse,Accapella,2016,DLTLLY,2016-12-16,https://www.youtube.com/watch?v=8OFDEaCCRgk,8OFDEaCCRgk,13024,,,
4TUNE,FRESH POLAKKE,BMCL,Accapella,2016,RAM,2016-12-16,https://www.youtube.com/watch?v=VpmYqFARLMg,VpmYqFARLMg,277546,,,
Change19,BX,Stuttgart,Accapella,2016,DLTLLY,2016-12-11,https://www.youtube.com/watch?v=ws5uTV9os-U,ws5uTV9os-U,22450,,,
Gixtah,Street,NewcomerBattle 3x in die Fresse,Accapella,2016,DLTLLY,2016-12-09,https://www.youtube.com/watch?v=wQUrPiTwWLo,wQUrPiTwWLo,13407,,,
Barracuda,Schalle,Stuttgart,Accapella,2016,DLTLLY,2016-12-08,https://www.youtube.com/watch?v=MvgtRJiCETQ,MvgtRJiCETQ,17609,,,
Lyrico,Gregpipe,BDay #3,Accapella,2016,DLTLLY,2016-12-04,https://www.youtube.com/watch?v=gNJ_BBj6YYY,gNJ_BBj6YYY,345816,,,
Nicht Dein Typ,Tommy2Late,Stuttgart,Accapella,2016,DLTLLY,2016-12-01,https://www.youtube.com/watch?v=8VzakpMLEx4,8VzakpMLEx4,16866,,,
Vyrus,Four Seven,Stuttgart,Accapella,2016,DLTLLY,2016-11-27,https://www.youtube.com/watch?v=GzZApeO4vT4,GzZApeO4vT4,130506,,,
Dawson,Solay,NewcomerBattle Day 2/2,Accapella,2016,DLTLLY,2016-11-24,https://www.youtube.com/watch?v=mcCYKAhN4fg,mcCYKAhN4fg,9655,,,
Mosaik,Sizyphos D&DL#0011 (Berlin,2016,Accapella,2016,DUDL,2016-11-23,https://www.youtube.com/watch?v=zLkiwYiGf9k,zLkiwYiGf9k,7239,,,
Brian Damage & Harry Crotch,Robscure & Karma,B.Day#3,Accapella,2016,DLTLLY,2016-11-20,https://www.youtube.com/watch?v=KR9itjM-1sI,KR9itjM-1sI,65091,,,
ANO-NYM,Dirty GommoraH,Day 2/2,Accapella,2016,DLTLLY,2016-11-17,https://www.youtube.com/watch?v=eSAUwWXl6Jc,eSAUwWXl6Jc,22054,,,
Cris Kotzen,MC Maik,Day 1/2,Accapella,2016,DLTLLY,2016-11-13,https://www.youtube.com/watch?v=sQOlZJYDIkY,sQOlZJYDIkY,193691,,,
JI-ZI,JEY JEY GLÜNDERLING,BMCL,Accapella,2016,RAM,2016-11-11,https://www.youtube.com/watch?v=dTmyLW9tEE0,dTmyLW9tEE0,417227,,,
Natif,Hörsturz D&DL#0009 (Berlin,2016,Accapella,2016,DUDL,2016-11-11,https://www.youtube.com/watch?v=ZDP0LlcDDb4,ZDP0LlcDDb4,11614,,,
Mr. Whyte,Four Seven,NewcomerBattle Day 2/2,Accapella,2016,DLTLLY,2016-11-10,https://www.youtube.com/watch?v=LWaz2xpCbQM,LWaz2xpCbQM,19808,,,
Sanja Alexis,Triple Beat D&DL#0007 (Berlin,2016,Accapella,2016,DUDL,2016-11-09,https://www.youtube.com/watch?v=r_dMQ3e7tFE,r_dMQ3e7tFE,4685,,,
Ilhan,Jay Pie D&DL#0008 (Berlin,2016,Accapella,2016,DUDL,2016-11-07,https://www.youtube.com/watch?v=MFjaftO_xyM,MFjaftO_xyM,7535,,,
Davie Jones,Mars B.,B.Day#3,Accapella,2016,DLTLLY,2016-11-06,https://www.youtube.com/watch?v=vwH6czsMTv4,vwH6czsMTv4,84010,,,
Hansen,T-Way,Day 1/2,Accapella,2016,DLTLLY,2016-10-30,https://www.youtube.com/watch?v=tIPnTbtv-V4,tIPnTbtv-V4,38699,,,
King Lil&#39; C,Drago51 D&DL#0006 (Berlin,2016,Accapella,2016,DUDL,2016-10-29,https://www.youtube.com/watch?v=-FngR7m7_08,-FngR7m7_08,5722,,,
Joe-L,Schalle,Day 1/2,Accapella,2016,DLTLLY,2016-10-27,https://www.youtube.com/watch?v=ApT0XhylFoA,ApT0XhylFoA,19411,,,
Apriori,Paperbite,DUDL#0003 Berlin,Accapella,2016,DUDL,2016-10-26,https://www.youtube.com/watch?v=5U2RQhxGZGI,5U2RQhxGZGI,3982,,,
TK,T-Tekk,DUDL#0001 Berlin,Accapella,2016,DUDL,2016-10-24,https://www.youtube.com/watch?v=F05bbI13KsA,F05bbI13KsA,5505,,,
Tobi High,Max Stoned,B.Day#3,Accapella,2016,DLTLLY,2016-10-23,https://www.youtube.com/watch?v=IJteo2N_UHs,IJteo2N_UHs,31892,,,
ShaoLum,WandelBarZ,Day 2/2,Accapella,2016,DLTLLY,2016-10-20,https://www.youtube.com/watch?v=cXjp1UgVCWk,cXjp1UgVCWk,24679,,,
Jack Dragon,Henrey,B.Day#3,Accapella,2016,DLTLLY,2016-10-20,https://www.youtube.com/watch?v=MvOwv1ioueY,MvOwv1ioueY,24589,,,
S.B.G,Wolle Der Grobe,DUDL#0002 Berlin,Accapella,2016,DUDL,2016-10-15,https://www.youtube.com/watch?v=6jvuB2i2mCs,6jvuB2i2mCs,9741,,,
FINCH,YARAMBO,BMCL,Accapella,2016,RAM,2016-10-14,https://www.youtube.com/watch?v=oJTk-fglZhA,oJTk-fglZhA,1295111,,,
Bruf,Dirrdy D,NewcomerBattle Day 2/2,Accapella,2016,DLTLLY,2016-10-13,https://www.youtube.com/watch?v=Frg6QAYVgPA,Frg6QAYVgPA,15855,,,
Aris,Popeye D&DL#0005 (Berlin,2016,Accapella,2016,DUDL,2016-10-12,https://www.youtube.com/watch?v=Pz-PARaHi8I,Pz-PARaHi8I,5473,,,
OstrichO,Sizyphos D&DL#0004 (Berlin,2016,Accapella,2016,DUDL,2016-10-10,https://www.youtube.com/watch?v=J1aUQuxfL-Q,J1aUQuxfL-Q,17735,,,
VT & Tobi Nice,Ekhead & CPE,Day 1/2,Accapella,2016,DLTLLY,2016-10-09,https://www.youtube.com/watch?v=X5D8-os0hXE,X5D8-os0hXE,31051,,,
Falk & Khacoby,O.G.OhneGummi & Eric Ventura,Day 1/2,Accapella,2016,DLTLLY,2016-10-02,https://www.youtube.com/watch?v=IyDDNFH8COI,IyDDNFH8COI,127655,,,
Barracuda,Olio,Day 1/2,Accapella,2016,DLTLLY,2016-09-25,https://www.youtube.com/watch?v=KgCdiNu_dIs,KgCdiNu_dIs,24388,,,
Davie Jones,Doktor Dave,The Base,Accapella,2016,DLTLLY,2016-09-18,https://www.youtube.com/watch?v=sF2wljyB_LE,sF2wljyB_LE,24832,,,
N'antinein,Besser,The Base,Accapella,2016,DLTLLY,2016-09-11,https://www.youtube.com/watch?v=P7S-Blx2qKM,P7S-Blx2qKM,22557,,,
Atzenkalle,Main Moe,Splash19,Accapella,2016,DLTLLY,2016-09-04,https://www.youtube.com/watch?v=gu_G_N8TD4Y,gu_G_N8TD4Y,86812,Splash,Ferropolis,splash! 19
Tobi Nice & Duff,Yarambo & Indoor Stan,Splash19,Accapella,2016,DLTLLY,2016-08-28,https://www.youtube.com/watch?v=Uv2oUfu6jhQ,Uv2oUfu6jhQ,35046,Splash,Ferropolis,splash! 19
LYRICO,MIGHTY MO,BMCL,Accapella,2016,RAM,2016-08-26,https://www.youtube.com/watch?v=BHIV5gY0aLs,BHIV5gY0aLs,142417,,,
SSYNIC,BUY SOME,BMCL,Accapella,2016,RAM,2016-08-26,https://www.youtube.com/watch?v=1CAK0B4s_r0,1CAK0B4s_r0,275039,,,
Gregpipe + Mars B.,Bong Teggy + Brian Damage,SPLASH #19,Accapella,2016,DLTLLY,2016-08-25,https://www.youtube.com/watch?v=0usuNF2yMJw,0usuNF2yMJw,319512,Splash,Ferropolis,splash! 19
FRESH POLAKKE,NOTYZZE,BMCL,Accapella,2016,RAM,2016-08-14,https://www.youtube.com/watch?v=wZfY-YVAcjI,wZfY-YVAcjI,175068,,,
Schote & BDad,Buddi & Fabiga,Splash19,Accapella,2016,DLTLLY,2016-08-14,https://www.youtube.com/watch?v=AP4x9u89IPI,AP4x9u89IPI,24532,Splash,Ferropolis,splash! 19
Cris Kotzen,Fab,Fete de la HipHop,Accapella,2016,DLTLLY,2016-08-07,https://www.youtube.com/watch?v=eU-1x_dFcz4,eU-1x_dFcz4,70599,,,
NEDAL NIB,RV,BMCL,Accapella,2016,RAM,2016-08-05,https://www.youtube.com/watch?v=ymdiTG9zsNg,ymdiTG9zsNg,83038,,,
Robscure,Davie Jones,Wien,Accapella,2016,DLTLLY,2016-08-01,https://www.youtube.com/watch?v=aTSfJUKP2jk,aTSfJUKP2jk,112591,,,
Seby Tone,Karma,Wien,Accapella,2016,DLTLLY,2016-07-24,https://www.youtube.com/watch?v=wUz34i4vAdQ,wUz34i4vAdQ,24496,,,
Battleboi Basti,Doktor Dave,MAYhem,Accapella,2016,DLTLLY,2016-07-17,https://www.youtube.com/watch?v=jbIyI7bq-3w,jbIyI7bq-3w,230740,,,
Lyrico,Hansen,MAYhem,Accapella,2016,DLTLLY,2016-07-10,https://www.youtube.com/watch?v=wxPLJE83D6A,wxPLJE83D6A,107673,,,
Jack Dragon,JerMc,Wien,Accapella,2016,DLTLLY,2016-07-07,https://www.youtube.com/watch?v=Tb6dmZPRnSA,Tb6dmZPRnSA,42951,,,
Bong Teggy & Papi Schlauch,Onkel Oktomusch & Die Zwetschke,MAYhem,Accapella,2016,DLTLLY,2016-07-03,https://www.youtube.com/watch?v=4xfAs26Cee4,4xfAs26Cee4,423800,,,
FellowSoph,Ekhead,Wien,Accapella,2016,DLTLLY,2016-06-30,https://www.youtube.com/watch?v=9poWpKcnfyY,9poWpKcnfyY,14194,,,
Barbee n' Flow,Spello & Al Pone,Wien,Accapella,2016,DLTLLY,2016-06-26,https://www.youtube.com/watch?v=sqvPg3sEN0I,sqvPg3sEN0I,18434,,,
Mave & MC Maik,Tobi Nice & Duff,MAYhem,Accapella,2016,DLTLLY,2016-06-19,https://www.youtube.com/watch?v=NoR7sZLr9MA,NoR7sZLr9MA,21985,,,
Cleptomatic,Yarambo,MAYhem,Accapella,2016,DLTLLY,2016-06-12,https://www.youtube.com/watch?v=ZH_LmIdBhAE,ZH_LmIdBhAE,164780,,,
GUGO,FINCH,BMCL,Accapella,2016,RAM,2016-06-10,https://www.youtube.com/watch?v=Vy8WHxOAHfQ,Vy8WHxOAHfQ,677941,,,
Indoor Stan & Nikiz,N'antinein & BX,MAYhem,Accapella,2016,DLTLLY,2016-06-05,https://www.youtube.com/watch?v=lQFIXdpBY5g,lQFIXdpBY5g,27892,,,
BDad,N'antinein,DailyRapJam,Accapella,2016,DLTLLY,2016-05-29,https://www.youtube.com/watch?v=A6JXhwYcMQ8,A6JXhwYcMQ8,29667,,,
YARAMBO,BARRACUDA,BMCL,Accapella,2016,RAM,2016-05-27,https://www.youtube.com/watch?v=o8IWqT1Y95A,o8IWqT1Y95A,83786,,,
Change19,Akanoo,DailyRapJam,Accapella,2016,DLTLLY,2016-05-26,https://www.youtube.com/watch?v=Kg4y3iJBiGE,Kg4y3iJBiGE,11065,,,
T-Way,Mars B.,Kassel,Accapella,2016,DLTLLY,2016-05-22,https://www.youtube.com/watch?v=HhEXUrhCaok,HhEXUrhCaok,46448,,Kassel,
Mavgic,Joe-L,NewcomerBattle Kassel,Accapella,2016,DLTLLY,2016-05-19,https://www.youtube.com/watch?v=4KvkXpIrMIA,4KvkXpIrMIA,80692,,Kassel,
Eric Ventura & O.G. Ohne Gummi,Tobi High & Max Stoned,Kassel,Accapella,2016,DLTLLY,2016-05-15,https://www.youtube.com/watch?v=BwTd5Bwn7NE,BwTd5Bwn7NE,23651,,Kassel,
Aladin,Khan G.,Kassel,Accapella,2016,DLTLLY,2016-05-12,https://www.youtube.com/watch?v=8BKS4n-WTlQ,8BKS4n-WTlQ,14041,,Kassel,
Olio,VT,Kassel,Accapella,2016,DLTLLY,2016-05-12,https://www.youtube.com/watch?v=qIrNbzKyR6k,qIrNbzKyR6k,16994,,Kassel,
Yarambo,Fabiga,Düsseldorf,Accapella,2016,DLTLLY,2016-05-08,https://www.youtube.com/watch?v=hl3iYzTbStQ,hl3iYzTbStQ,92238,,Düsseldorf,
Akzent,Peat Pandora,Düsseldorf,Accapella,2016,DLTLLY,2016-05-03,https://www.youtube.com/watch?v=Dri82KcuNI4,Dri82KcuNI4,11245,,Düsseldorf,
Proton,Notyzze,Düsseldorf,Accapella,2016,DLTLLY,2016-05-01,https://www.youtube.com/watch?v=1nEKKoj1xXU,1nEKKoj1xXU,65671,,Düsseldorf,
Wandelbarz,Cris Kotzen,Dortmund,Accapella,2016,DLTLLY,2016-05-01,https://www.youtube.com/watch?v=le6XdSmVEIY,le6XdSmVEIY,81107,Alter Weinkeller,Dortmund,
NOTYZZE,BUY SOME,BMCL,Accapella,2016,RAM,2016-04-29,https://www.youtube.com/watch?v=QrftoDX65MQ,QrftoDX65MQ,120049,,,
Zeptah,Neit,Dortmund,Accapella,2016,DLTLLY,2016-04-26,https://www.youtube.com/watch?v=m3vfESZ8AKQ,m3vfESZ8AKQ,13250,Alter Weinkeller,Dortmund,
Robscure,BX,Kassel,Accapella,2016,DLTLLY,2016-04-24,https://www.youtube.com/watch?v=0frBoMjSUZU,0frBoMjSUZU,28266,,Kassel,
Falk & Khacoby,Ekhead & CPE,Düsseldorf,Accapella,2016,DLTLLY,2016-04-21,https://www.youtube.com/watch?v=0s7gLvY71tQ,0s7gLvY71tQ,68115,,Düsseldorf,
Nedal Nib,Bong Teggy,Berlin,Accapella,2016,DLTLLY,2016-04-17,https://www.youtube.com/watch?v=nMI2m-Miyts,nMI2m-Miyts,271730,,Berlin,
VYRUS,ALI AFFRONT,BMCL,Accapella,2016,RAM,2016-04-15,https://www.youtube.com/watch?v=qr9ModA-fjA,qr9ModA-fjA,75325,,,
Bauda,Henrey,Düsseldorf,Accapella,2016,DLTLLY,2016-04-14,https://www.youtube.com/watch?v=R8HbJGoyhqw,R8HbJGoyhqw,22809,,Düsseldorf,
Indoor Stan,Robscure,Berlin,Accapella,2016,DLTLLY,2016-04-12,https://www.youtube.com/watch?v=b1DojOrzF4M,b1DojOrzF4M,44694,,Berlin,
Harlem T,MC Intifada,FreestyleBattle Dortmund,Accapella,2016,DLTLLY,2016-04-12,https://www.youtube.com/watch?v=qoPBN9EsKBk,qoPBN9EsKBk,12741,Alter Weinkeller,Dortmund,
DirtySanchez,Karma,Berlin,Accapella,2016,DLTLLY,2016-04-07,https://www.youtube.com/watch?v=OYTYcxTXJok,OYTYcxTXJok,22815,,Berlin,
Scumgod,Der Schwede,Berlin,Accapella,2016,DLTLLY,2016-04-05,https://www.youtube.com/watch?v=kOj2TLK1mPM,kOj2TLK1mPM,16262,,Berlin,
Muro,Marc Zufall,Düsseldorf,Accapella,2016,DLTLLY,2016-04-03,https://www.youtube.com/watch?v=dW94881DddE,dW94881DddE,24967,,Düsseldorf,
Saking,Black Snowman,NewcomerBattle FFM,Accapella,2016,DLTLLY,2016-03-29,https://www.youtube.com/watch?v=9T7a78JZM5A,9T7a78JZM5A,18516,,,
Nikiz,Cleptomatic,Berlin,Accapella,2016,DLTLLY,2016-03-27,https://www.youtube.com/watch?v=74tp1mwwcf0,74tp1mwwcf0,64355,,Berlin,
LYRICO,TOBI NICE,BMCL,Accapella,2016,RAM,2016-03-25,https://www.youtube.com/watch?v=hI4-2PPQRWo,hI4-2PPQRWo,77045,,,
Mars B.,Jack Dragon,Privat,Accapella,2016,DLTLLY,2016-03-20,https://www.youtube.com/watch?v=tNYcKfDpacg,tNYcKfDpacg,25026,,,
Schalle,Aladin,FFM,Accapella,2016,DLTLLY,2016-03-17,https://www.youtube.com/watch?v=PQKWPvQXOwE,PQKWPvQXOwE,12418,,Frankfurt am Main,
MfGen,Ciro,NewcomerBattle FFM,Accapella,2016,DLTLLY,2016-03-15,https://www.youtube.com/watch?v=XNHOH7JhBxQ,XNHOH7JhBxQ,10734,,,
DUFF,LE NERD,BMCL,Accapella,2016,RAM,2016-03-13,https://www.youtube.com/watch?v=ILHRGfFmwEU,ILHRGfFmwEU,50355,,,
GUGO,YARAMBO,BMCL,Accapella,2016,RAM,2016-03-11,https://www.youtube.com/watch?v=F6kCIK5lQG0,F6kCIK5lQG0,114558,,,
D-OS,Banal,NewcomerBattle FFM,Accapella,2016,DLTLLY,2016-03-10,https://www.youtube.com/watch?v=kIrzaRvdVC4,kIrzaRvdVC4,8337,,,
BX,Patrick Enemy,FFM,Accapella,2016,DLTLLY,2016-03-08,https://www.youtube.com/watch?v=aTefZYUtprA,aTefZYUtprA,46394,,Frankfurt am Main,
Tobi High & Max Stoned,Lockenkopf & Tschappy,FFM,Accapella,2016,DLTLLY,2016-03-06,https://www.youtube.com/watch?v=3gLHKfqk6yo,3gLHKfqk6yo,18756,,Frankfurt am Main,
N'antinein,Dopex,FFM,Accapella,2016,DLTLLY,2016-03-06,https://www.youtube.com/watch?v=TvtQj3KDygg,TvtQj3KDygg,15386,,Frankfurt am Main,
Johnny Rakete,Kex Kuhl,ComplimentsBattle,Accapella,2016,DLTLLY,2016-02-28,https://www.youtube.com/watch?v=6mK2r5H3KxU,6mK2r5H3KxU,88252,,,
Karma,Akanoo,could not identify event,Accapella,2016,DLTLLY,2016-02-21,https://www.youtube.com/watch?v=JazaORAoQrk,JazaORAoQrk,14563,,,
Indoor Stan,Yarambo,Bochum,Accapella,2015,DLTLLY,2016-02-14,https://www.youtube.com/watch?v=jagzt8m2Hf8,jagzt8m2Hf8,121487,,,
MC MAIK,FRESH POLAKKE,BMCL,Accapella,2016,RAM,2016-02-12,https://www.youtube.com/watch?v=aPd7CtuL-m0,aPd7CtuL-m0,262082,,,
FALK,FraX One,Bochum,Accapella,2015,DLTLLY,2016-02-04,https://www.youtube.com/watch?v=osXtwVnSD7E,osXtwVnSD7E,25714,,,
BUY SOME,GEORGE MIDAS,BMCL,Accapella,2016,RAM,2016-02-01,https://www.youtube.com/watch?v=HBKjc7iMiu8,HBKjc7iMiu8,68899,,,
Notyzze,Buddi,Bochum,Accapella,2015,DLTLLY,2016-01-31,https://www.youtube.com/watch?v=etdezVWG0_Y,etdezVWG0_Y,30891,,,
Collapz & CPE,Aresst & D.ZUM.A,NewcomerBattle Bochum,Accapella,2015,DLTLLY,2016-01-28,https://www.youtube.com/watch?v=RdRLoOQj0gE,RdRLoOQj0gE,22158,,,
Fabiga,Bauda,Bochum,Accapella,2015,DLTLLY,2016-01-24,https://www.youtube.com/watch?v=DfxmpTNvkyg,DfxmpTNvkyg,18395,,,
Jack Dragon,Smoke Tüü,Stuttgart,Accapella,2015,DLTLLY,2016-01-17,https://www.youtube.com/watch?v=aUdGRgaSejE,aUdGRgaSejE,17714,,,
SSYNIC,BONG TEGGY - REMATCH,BMCL,Accapella,2016,RAM,2016-01-15,https://www.youtube.com/watch?v=z0FlpflmILU,z0FlpflmILU,2470395,,,
Dezzad,N'Antinein,Stuttgart,Accapella,2015,DLTLLY,2016-01-14,https://www.youtube.com/watch?v=0R6CgGZz5Ek,0R6CgGZz5Ek,13086,,,
Bong Teggy,Brian Damage,Bad Bars  München,Accapella,2016,DLTLLY,2016-01-10,https://www.youtube.com/watch?v=MGNDNQIOwwA,MGNDNQIOwwA,860944,,München,
Battleboi Basti & Dee Ho,Onkel Oktomusch & Die Zwetschke,BDAY #3,Accapella,2016,DLTLLY,2016-01-03,https://www.youtube.com/watch?v=I_lk5irw2Jc,I_lk5irw2Jc,421432,,,
Nedal Nib,Mars B.,B.day #2,Accapella,2015,DLTLLY,2015-12-27,https://www.youtube.com/watch?v=cCMR6HUQqUU,cCMR6HUQqUU,136297,,,
LYRICO,DAVIE JONES,BMCL,Accapella,2015,RAM,2015-12-25,https://www.youtube.com/watch?v=EepN4HuvLlA,EepN4HuvLlA,98589,,,
Ali Affront,Seby Tone,B.Day#2,Accapella,2015,DLTLLY,2015-12-20,https://www.youtube.com/watch?v=us8MU7ZmmKI,us8MU7ZmmKI,26996,,,
Change19 & Henrey,Tobi High & Max Stoned,B.Day#2,Accapella,2015,DLTLLY,2015-12-13,https://www.youtube.com/watch?v=hU7Q5aWUWuU,hU7Q5aWUWuU,28188,,,
RV,TOBI NICE,BMCL,Accapella,2015,RAM,2015-12-11,https://www.youtube.com/watch?v=yqwOk88aRsI,yqwOk88aRsI,50582,,,
Karma,Robscure,B.Day#2,Accapella,2015,DLTLLY,2015-12-06,https://www.youtube.com/watch?v=4yqAT8hW_-g,4yqAT8hW_-g,26379,,,
AMAH,MCTWIST,BMCL,Accapella,2015,RAM,2015-11-28,https://www.youtube.com/watch?v=8gUddeSaqLU,8gUddeSaqLU,70552,,,
Hansen,George Midas,Berlin,Accapella,2015,DLTLLY,2015-11-15,https://www.youtube.com/watch?v=G-T1yEG9Wc4,G-T1yEG9Wc4,36711,,Berlin,
MIKZ,MC MAIK,BMCL,Accapella,2015,RAM,2015-11-13,https://www.youtube.com/watch?v=P1kYQfUxr4o,P1kYQfUxr4o,58112,,,
Fab,Cemo,NewcomerBattle DAYtime Event,Accapella,2015,DLTLLY,2015-11-12,https://www.youtube.com/watch?v=nVeWgyMQjtE,nVeWgyMQjtE,19423,,,
Dezzad,Schnaxler,DAYtime Event,Accapella,2015,DLTLLY,2015-11-05,https://www.youtube.com/watch?v=Qmz-Tfcex_U,Qmz-Tfcex_U,13000,,,
Le Nerd,Tobi Nice,Berlin,Accapella,2015,DLTLLY,2015-11-01,https://www.youtube.com/watch?v=LA7Z4-6d83s,LA7Z4-6d83s,49171,,Berlin,
BDAD,MERLIN,BMCL,Accapella,2015,RAM,2015-10-30,https://www.youtube.com/watch?v=t6Xp0bvI0og,t6Xp0bvI0og,58375,,,
Pedro,Jean-Gough Frais,Berlin,Accapella,2015,DLTLLY,2015-10-25,https://www.youtube.com/watch?v=G5tqGvFuKpg,G5tqGvFuKpg,17008,,Berlin,
T Way,Nikiz,Berlin,Accapella,2015,DLTLLY,2015-10-18,https://www.youtube.com/watch?v=wBS3BPDO3Js,wBS3BPDO3Js,18342,,Berlin,
MIGHTY P.,NEDAL NIB,BMCL,Accapella,2015,RAM,2015-10-16,https://www.youtube.com/watch?v=XofXZxOln1E,XofXZxOln1E,111461,,,
Mio Mao,Buddi,Tapefabrik,Accapella,2015,DLTLLY,2015-10-11,https://www.youtube.com/watch?v=DZycRn9Ll10,DZycRn9Ll10,49746,,,
Lyrico,Mars B.,Tapefabrik,Accapella,2015,DLTLLY,2015-10-04,https://www.youtube.com/watch?v=edwqNrm-dAA,edwqNrm-dAA,73419,,,
Karma,Limstar,NewcomerBattle München,Accapella,2015,DLTLLY,2015-09-27,https://www.youtube.com/watch?v=o-hSpdTPM1U,o-hSpdTPM1U,14056,,München,
NOTYZZE,ALI AFFRONT,BMCL,Accapella,2015,RAM,2015-09-25,https://www.youtube.com/watch?v=ZBmqvUsdnyg,ZBmqvUsdnyg,86218,,,
Henrey,Change19,NewcomerBattle München,Accapella,2015,DLTLLY,2015-09-20,https://www.youtube.com/watch?v=2uZd-H6oiYM,2uZd-H6oiYM,29966,,München,
Z,DAVIE JONES,BMCL,Accapella,2015,RAM,2015-09-11,https://www.youtube.com/watch?v=ok6N3xcfNZg,ok6N3xcfNZg,482253,,,
Le Nerd,Davie Jones,Berlin,Accapella,2015,DLTLLY,2015-08-09,https://www.youtube.com/watch?v=dTGwez2RVGs,dTGwez2RVGs,140211,,Berlin,
Lyrico,Der Fischer,Berlin,Accapella,2015,DLTLLY,2015-08-06,https://www.youtube.com/watch?v=e2Udzmm8L8w,e2Udzmm8L8w,94310,,Berlin,
JOLLYJAY,MR TONGUE TWISTER,Dont Flop,Accapella,2015,DON'T FLOP,2015-08-05,https://www.youtube.com/watch?v=u0sKIr74qNM,u0sKIr74qNM,31173,,,
Mighty Mo & Nedal Nib,Duff,Splash 18,Accapella,2015,DLTLLY,2015-08-02,https://www.youtube.com/watch?v=8f534bjTdPQ,8f534bjTdPQ,53492,Splash,Ferropolis,splash! 18
Gregpipe + Basic,Battleboi Basti + Besser,Berlin,Accapella,2015,DLTLLY,2015-07-26,https://www.youtube.com/watch?v=1hxM1bSTeBQ,1hxM1bSTeBQ,318252,,Berlin,
Mars B.,Mirror,Berlin,Accapella,2015,DLTLLY,2015-07-19,https://www.youtube.com/watch?v=gR8kjMySBP4,gR8kjMySBP4,26595,,Berlin,
Tis L,T-Way,Berlin,Accapella,2015,DLTLLY,2015-07-16,https://www.youtube.com/watch?v=F44bnk1YOCU,F44bnk1YOCU,28302,,Berlin,
MC Maik + Mave,Scumgod + DirtySanchez,Berlin,Accapella,2015,DLTLLY,2015-07-12,https://www.youtube.com/watch?v=UH4PdAMGnQY,UH4PdAMGnQY,32065,,Berlin,
BMCL MEETS DLTLLY RAP BATTLE: BESSER,PROTON,BMCL,Accapella,2015,RAM,2015-07-10,https://www.youtube.com/watch?v=G0k2SM7LB6Q,G0k2SM7LB6Q,70270,,,
Merlin,Bong Teggy,München,Accapella,2015,DLTLLY,2015-07-05,https://www.youtube.com/watch?v=3f92lfia1Iw,3f92lfia1Iw,224911,,München,
Jack Dragon,Demolux,München,Accapella,2015,DLTLLY,2015-06-28,https://www.youtube.com/watch?v=3M5hkitrUQY,3M5hkitrUQY,14544,,München,
P-ZAK,BONG TEGGY,BMCL,Accapella,2015,RAM,2015-06-28,https://www.youtube.com/watch?v=uxnJ2v9nfhw,uxnJ2v9nfhw,487437,,,
Brian Damage,Harry Crotch,ComplimentsBattle München,Accapella,2015,DLTLLY,2015-06-21,https://www.youtube.com/watch?v=6LevyA-T6JM,6LevyA-T6JM,150461,,München,
GOZPEL,BATTLEBOI BASTI,BMCL,Accapella,2015,RAM,2015-06-12,https://www.youtube.com/watch?v=JpNxEeszyA8,JpNxEeszyA8,937348,,,
Ali Affront,Fellowsoph,München,Accapella,2015,DLTLLY,2015-06-07,https://www.youtube.com/watch?v=fMLkNIgjsro,fMLkNIgjsro,25563,,München,
PETSCHINO,MIGHTY MO,BMCL,Accapella,2015,RAM,2015-05-29,https://www.youtube.com/watch?v=Z56RuCO7frg,Z56RuCO7frg,252821,,,
Brian Damage,Davie Jones,Livin' HipHop Jam,Accapella,2015,DLTLLY,2015-05-24,https://www.youtube.com/watch?v=ac1sR229bak,ac1sR229bak,98300,,,
TIERSTAR,DIZASTER,powered by audio-technica,Accapella,2015,RAM,2015-05-15,https://www.youtube.com/watch?v=NEFFMcjJ3SQ,NEFFMcjJ3SQ,383372,,,
Lyrico,Harry Crotch,Livin' HipHop Jam,Accapella,2015,DLTLLY,2015-05-10,https://www.youtube.com/watch?v=e5huTSczyf4,e5huTSczyf4,29677,,,
Doktor Dave,George Midas (HipHop Convention),Berlin,Accapella,2015,DLTLLY,2015-05-07,https://www.youtube.com/watch?v=w6zCM9KpVBQ,w6zCM9KpVBQ,15158,,Berlin,
Tis L,Bauda,Berlin,Accapella,2015,DLTLLY,2015-04-29,https://www.youtube.com/watch?v=tWUiuZc5p3Y,tWUiuZc5p3Y,18604,,Berlin,
Nikiz,Le Nerd,Berlin,Accapella,2015,DLTLLY,2015-04-26,https://www.youtube.com/watch?v=-w9IPyHjXZo,-w9IPyHjXZo,47616,,Berlin,
SSYNIC,CASHISCLAY,BMCL,Accapella,2015,RAM,2015-04-24,https://www.youtube.com/watch?v=PgFKjYcDtLs,PgFKjYcDtLs,1465119,,,
Scumgod + DirtySanchez,Tschappy + Doktor Dave,Berlin,Accapella,2015,DLTLLY,2015-04-23,https://www.youtube.com/watch?v=a3YBKYlenFI,a3YBKYlenFI,19160,,Berlin,
Mighty Mo,Hansen - REMATCH!,Hamburg,Accapella,2015,DLTLLY,2015-04-19,https://www.youtube.com/watch?v=TADdGDpKWPs,TADdGDpKWPs,150646,,,
Kenny Kansas,Core One,Hamburg,Accapella,2015,DLTLLY,2015-04-18,https://www.youtube.com/watch?v=W1btY9KbOIo,W1btY9KbOIo,15355,,,
DeeLah,D.O.C.,Hamburg,Accapella,2015,DLTLLY,2015-04-18,https://www.youtube.com/watch?v=a48W9qfgEr4,a48W9qfgEr4,25044,,,
DOKTOR DAVE,DROB DYNAMIC,BMCL,Accapella,2015,RAM,2015-04-10,https://www.youtube.com/watch?v=3mIpymc2NhE,3mIpymc2NhE,115188,,,
Onkel Oktomusch + Die Zwetschke,Mave + MC Maik,Hamburg,Accapella,2015,DLTLLY,2015-04-05,https://www.youtube.com/watch?v=40MavNkdI0k,40MavNkdI0k,118727,,,
Nedal Nib,Der Fischer,Hamburg,Accapella,2015,DLTLLY,2015-03-31,https://www.youtube.com/watch?v=neSX-I5XmyE,neSX-I5XmyE,101420,,,
Mac Horn + Cashus K.,PadaLash + SZD,Hamburg,Accapella,2015,DLTLLY,2015-03-31,https://www.youtube.com/watch?v=1FO62qmqIc4,1FO62qmqIc4,19452,,,
MERLIN,DAVIE JONES,BMCL,Accapella,2015,RAM,2015-03-27,https://www.youtube.com/watch?v=6Gnzk5hivPU,6Gnzk5hivPU,98332,,,
Aytee,Fabiga,DAYtime Event,Accapella,2015,DLTLLY,2015-03-15,https://www.youtube.com/watch?v=9N2tKrPsVss,9N2tKrPsVss,60955,,,
P-ZAK,FRESH POLAKKE,BMCL,Accapella,2015,RAM,2015-03-13,https://www.youtube.com/watch?v=Q9zTtHXf8_Q,Q9zTtHXf8_Q,329297,,,
Buddi,Duff,DAYtime Event,Accapella,2015,DLTLLY,2015-03-08,https://www.youtube.com/watch?v=RQdqtBa7hUw,RQdqtBa7hUw,29969,,,
Proton,Heideck,DAYtime Event,Accapella,2015,DLTLLY,2015-03-01,https://www.youtube.com/watch?v=E7biTSHPeBg,E7biTSHPeBg,17513,,,
BESSER,MARS B.,BMCL,Accapella,2015,RAM,2015-02-27,https://www.youtube.com/watch?v=Q1qDVN5ufWw,Q1qDVN5ufWw,71474,,,
Buy Some,T-Way,DAYtime Event,Accapella,2015,DLTLLY,2015-02-22,https://www.youtube.com/watch?v=nV3WY_BWZjw,nV3WY_BWZjw,37430,,,
BDAD,TOBI NICE,BMCL,Accapella,2015,RAM,2015-02-13,https://www.youtube.com/watch?v=I70pYTHXrH8,I70pYTHXrH8,67657,,,
RAPSTA,FRESH POLAKKE,BMCL,Accapella,2015,RAM,2015-01-30,https://www.youtube.com/watch?v=NtjahY1x55w,NtjahY1x55w,716923,,,
Juskah,BDad,B.Day#1,Accapella,2014,DLTLLY,2015-01-25,https://www.youtube.com/watch?v=gxa7WsZIoSM,gxa7WsZIoSM,22896,,,
Merlin,Schote,B.Day#1,Accapella,2014,DLTLLY,2015-01-18,https://www.youtube.com/watch?v=-NpzvlH-ge4,-NpzvlH-ge4,41694,,,
MC MAIK,RONI 87,BMCL,Accapella,2015,RAM,2015-01-16,https://www.youtube.com/watch?v=a8hVM0mGq_E,a8hVM0mGq_E,46722,,,
George Midas,RV,B.Day#1,Accapella,2014,DLTLLY,2015-01-11,https://www.youtube.com/watch?v=6MQjesM1jh0,6MQjesM1jh0,23177,,,
Bong Teggy,Papi Schlauch,B.Day#1,Accapella,2014,DLTLLY,2015-01-04,https://www.youtube.com/watch?v=U70JIQSZkNw,U70JIQSZkNw,181506,,,
BONG TEGGY,MIGHTY MO,BMCL,Accapella,2014,RAM,2014-12-26,https://www.youtube.com/watch?v=XuuI1Uzmt3A,XuuI1Uzmt3A,547168,,,
Buddi,Jack Dragon,B.Day#1,Accapella,2014,DLTLLY,2014-12-21,https://www.youtube.com/watch?v=a7BPokhefac,a7BPokhefac,16612,,,
Rino Mandingo + Johnny Rakete,Onkel Oktomusch + Die Zwetschke,B.Day,Accapella,2014,DLTLLY,2014-12-14,https://www.youtube.com/watch?v=F7STdjMpxjI,F7STdjMpxjI,97185,,,
MERLIN,SSYNIC,BMCL,Accapella,2014,RAM,2014-12-12,https://www.youtube.com/watch?v=cfvDlQ4_Tgo,cfvDlQ4_Tgo,563464,,,
Doktor Dave,Nedal Nib,B.Day#1,Accapella,2014,DLTLLY,2014-12-07,https://www.youtube.com/watch?v=2C-98kSAnvA,2C-98kSAnvA,90316,,,
PILLE,TOBI NICE,SPECIAL GUEST EKO FRESH,Accapella,2014,RAM,2014-11-28,https://www.youtube.com/watch?v=dvHDvXMW0gs,dvHDvXMW0gs,65727,,,
BESSER,MC MAIK,BMCL,Accapella,2014,RAM,2014-11-14,https://www.youtube.com/watch?v=cxBjXzzu8UE,cxBjXzzu8UE,67922,,,
Der Fischer,Harry Crotch,Stuttgart,Accapella,2014,DLTLLY,2014-11-09,https://www.youtube.com/watch?v=Y7aVsjvskZg,Y7aVsjvskZg,27673,,,
BX,Crash Bundy,Stuttgart,Accapella,2014,DLTLLY,2014-11-02,https://www.youtube.com/watch?v=P7pIjWwY_GM,P7pIjWwY_GM,13854,,,
Peter Pogen,Mars B.,Stuttgart,Accapella,2014,DLTLLY,2014-11-01,https://www.youtube.com/watch?v=nuB576G-0b4,nuB576G-0b4,43695,,,
RV,JACK DRAGON,BMCL,Accapella,2014,RAM,2014-10-24,https://www.youtube.com/watch?v=1t4jYneSlMU,1t4jYneSlMU,49708,,,
BDad,Smoke Tüü,Stuttgart,Accapella,2014,DLTLLY,2014-10-19,https://www.youtube.com/watch?v=RjFEs3w4x9k,RjFEs3w4x9k,45652,,,
4TUNE,MERLIN,BMCL,Accapella,2014,RAM,2014-10-10,https://www.youtube.com/watch?v=FntcHYJRbJ8,FntcHYJRbJ8,271951,,,
GREGPIPE,DAMION DAVIS,FEAT. DIZASTER,Accapella,2014,RAM,2014-09-26,https://www.youtube.com/watch?v=aPZMBf0ZarU,aPZMBf0ZarU,434607,,,
JEAN GOUGH FRAIS,OGMIOS,could not identify event,Accapella,2014,DON'T FLOP,2014-09-24,https://www.youtube.com/watch?v=xJh2enV5w5s,xJh2enV5w5s,32962,,,
IMPACT,MANIAC,could not identify event,Accapella,2014,DON'T FLOP,2014-09-17,https://www.youtube.com/watch?v=vZU5vczCf3U,vZU5vczCf3U,20581,,,
Jack Dragon,Suza,CoEvent,Accapella,2014,DLTLLY,2014-09-14,https://www.youtube.com/watch?v=bDEJXvF-nUI,bDEJXvF-nUI,15476,,,
SSYNIC,BONG TEGGY,BMCL,Accapella,2014,RAM,2014-09-12,https://www.youtube.com/watch?v=6iVykrPFKfg,6iVykrPFKfg,1309930,,,
INNUENDO,JOLLYJAY,could not identify event,Accapella,2014,DON'T FLOP,2014-09-10,https://www.youtube.com/watch?v=IHAEQ3v_qXg,IHAEQ3v_qXg,29211,,,
Nikiz,Luie-Die-Nadel,CoEvent,Accapella,2014,DLTLLY,2014-09-07,https://www.youtube.com/watch?v=2_s20UfvW9E,2_s20UfvW9E,14911,,,
MR TONGUE TWISTER,BRIAN DAMAGE,could not identify event,Accapella,2014,DON'T FLOP,2014-09-03,https://www.youtube.com/watch?v=LCVkClBmSK0,LCVkClBmSK0,68922,,,
Fatcap,Doktor Dave,CoEvent,Accapella,2014,DLTLLY,2014-08-31,https://www.youtube.com/watch?v=5btIHEDh3Zg,5btIHEDh3Zg,41964,,,
MERLIN,RONI 87,BMCL,Accapella,2014,RAM,2014-08-29,https://www.youtube.com/watch?v=9YMIMdfVXII,9YMIMdfVXII,84357,,,
Happy Beckmann & 4tune,Petschino & Juskah,Splash #17,Accapella,2014,DLTLLY,2014-08-17,https://www.youtube.com/watch?v=gcvYmaoKYBs,gcvYmaoKYBs,330269,Splash,Ferropolis,splash! 17
Merlin,Gozpel,Splash 17,Accapella,2014,DLTLLY,2014-08-10,https://www.youtube.com/watch?v=X6Etme4mfyY,X6Etme4mfyY,140333,Splash,Ferropolis,splash! 17
Mighty P,MC Maik,EOW-Tour,Accapella,2014,DLTLLY,2014-08-07,https://www.youtube.com/watch?v=gGPgGMkU0vE,gGPgGMkU0vE,16696,,,
DuFF,Fresh Polakke,Splash 17,Accapella,2014,DLTLLY,2014-08-02,https://www.youtube.com/watch?v=KVL-ldGpFlw,KVL-ldGpFlw,208767,Splash,Ferropolis,splash! 17
Duzoe & Dollar John,Der Fischer & Johnny Medez,EOW-Tour,Accapella,2014,DLTLLY,2014-07-31,https://www.youtube.com/watch?v=0Dys8GpvON8,0Dys8GpvON8,95446,,,
Brian Damage + Philipp Quh,Mighty Mo + Nedal Nib,Splash 17,Accapella,2014,DLTLLY,2014-07-26,https://www.youtube.com/watch?v=0uyM6aRubkg,0uyM6aRubkg,123313,Splash,Ferropolis,splash! 17
Pille,MisterOneTake,EOW-Tour,Accapella,2014,DLTLLY,2014-07-24,https://www.youtube.com/watch?v=PK50fr4tGLE,PK50fr4tGLE,22338,,,
BDad,TWO,EOW-Tour,Accapella,2014,DLTLLY,2014-07-17,https://www.youtube.com/watch?v=NjZpYHJ97HQ,NjZpYHJ97HQ,18107,,,
Proton,Koozy,EOW-Tour,Accapella,2014,DLTLLY,2014-07-11,https://www.youtube.com/watch?v=4XKC8Ps7BgI,4XKC8Ps7BgI,26866,,,
Onkel Oktomusch & Die Zwetschke,DeeLah & MOH,EOW-Tour,Accapella,2014,DLTLLY,2014-07-10,https://www.youtube.com/watch?v=L5Euo3LtaoI,L5Euo3LtaoI,70853,,,
Buddi,Veedel Kaztro,EOW-Tour,Accapella,2014,DLTLLY,2014-06-29,https://www.youtube.com/watch?v=FJ_w_sSBM-4,FJ_w_sSBM-4,28592,,,
Mirko Fon,Kiddom,EOW-Tour,Accapella,2014,DLTLLY,2014-06-26,https://www.youtube.com/watch?v=UDoGf75NbeY,UDoGf75NbeY,9885,,,
Salo,Tanguy,München,Accapella,2014,DLTLLY,2014-06-19,https://www.youtube.com/watch?v=xCGvPBzwfHk,xCGvPBzwfHk,15063,,München,
Seby Tone,Manny Blanco,München,Accapella,2014,DLTLLY,2014-06-15,https://www.youtube.com/watch?v=a5cH4acRj8I,a5cH4acRj8I,22985,,München,
MIGHTY MO,FRESH POLAKKE,BMCL,Accapella,2014,RAM,2014-06-13,https://www.youtube.com/watch?v=1G5Vmet6MPE,1G5Vmet6MPE,849490,,,
Merlin,Trump,München,Accapella,2014,DLTLLY,2014-06-08,https://www.youtube.com/watch?v=cx87Qv4ZpMA,cx87Qv4ZpMA,50016,,München,
Jack Dragon,Davie Jones,München,Accapella,2014,DLTLLY,2014-06-05,https://www.youtube.com/watch?v=cOl4rAK_Otc,cOl4rAK_Otc,32033,,München,
Johnny Rakete,Philipp Quh,München,Accapella,2014,DLTLLY,2014-06-01,https://www.youtube.com/watch?v=rSc36pXcf1A,rSc36pXcf1A,86021,,München,
P-ZAK,DEKZTER FRO,BMCL,Accapella,2014,RAM,2014-05-30,https://www.youtube.com/watch?v=2s8hiKZcZCM,2s8hiKZcZCM,92023,,,
SSYNIC,JACK DRAGON,BMCL,Accapella,2014,RAM,2014-05-21,https://www.youtube.com/watch?v=qz915i6DQ2Q,qz915i6DQ2Q,552595,,,
Nestor,Pirate,Berlin,Accapella,2014,DLTLLY,2014-05-11,https://www.youtube.com/watch?v=yqORBcs5UYY,yqORBcs5UYY,11629,,Berlin,
Nikiz,Doktor Dave,Berlin,Accapella,2014,DLTLLY,2014-04-27,https://www.youtube.com/watch?v=u5z_5j3cXK8,u5z_5j3cXK8,38881,,Berlin,
PILLE,GOZPEL,BMCL,Accapella,2014,RAM,2014-04-25,https://www.youtube.com/watch?v=lHq-Fzsr8Ac,lHq-Fzsr8Ac,243876,,,
Micky Worthless,Jean-Gough Frais,international,Accapella,2014,DLTLLY,2014-04-20,https://www.youtube.com/watch?v=OPLr7GGptLY,OPLr7GGptLY,13900,,,
George Midas,Der Fischer,Berlin,Accapella,2014,DLTLLY,2014-04-13,https://www.youtube.com/watch?v=YbkN0_nETaA,YbkN0_nETaA,52077,,Berlin,
RONI 87,KEX KUHL,BMCL,Accapella,2014,RAM,2014-04-11,https://www.youtube.com/watch?v=x482UpQJG4Y,x482UpQJG4Y,62795,,,
Brian Damage & Harry Crotch,Proton & Roni 87,Berlin,Accapella,2014,DLTLLY,2014-04-06,https://www.youtube.com/watch?v=yn7FJYKQC2Q,yn7FJYKQC2Q,98307,,Berlin,
MERLIN,MC MIRROR,BMCL,Accapella,2014,RAM,2014-03-28,https://www.youtube.com/watch?v=BKIfTyJF1lI,BKIfTyJF1lI,74002,,,
RV,MIGHTY P.,BMCL,Accapella,2014,RAM,2014-03-14,https://www.youtube.com/watch?v=9NjDEMuuDpU,9NjDEMuuDpU,75953,,,
Amah,Koozy,München,Accapella,2014,DLTLLY,2014-03-09,https://www.youtube.com/watch?v=HUKdpTiE85w,HUKdpTiE85w,35059,,München,
LeeWun,Trump,München,Accapella,2014,DLTLLY,2014-03-02,https://www.youtube.com/watch?v=q0awwVA6XtE,q0awwVA6XtE,27493,,München,
BRIAN DAMAGE,DROB DYNAMIC,BMCL,Accapella,2014,RAM,2014-02-28,https://www.youtube.com/watch?v=RjwrnfiUHOg,RjwrnfiUHOg,206212,,,
Harry Crotch,Jack Dragon,München,Accapella,2014,DLTLLY,2014-02-23,https://www.youtube.com/watch?v=vAwL9nL2Tws,vAwL9nL2Tws,24595,,München,
Merlin,Mighty P,München,Accapella,2014,DLTLLY,2014-02-16,https://www.youtube.com/watch?v=pKPqvqAzf4Q,pKPqvqAzf4Q,103818,,München,
KOOZY,MIGHTY MO,BMCL,Accapella,2014,RAM,2014-02-14,https://www.youtube.com/watch?v=D_aQnYfvCRA,D_aQnYfvCRA,150845,,,
Johnny Rakete,Duff,München,Accapella,2014,DLTLLY,2014-02-09,https://www.youtube.com/watch?v=fUvelVlxcPo,fUvelVlxcPo,104504,,München,
Hansen,Presto,Berlin,Accapella,2013,DLTLLY,2014-01-26,https://www.youtube.com/watch?v=YFaEYJxVZ2E,YFaEYJxVZ2E,31209,,Berlin,
LE NERD,FRESH POLAKKE,BMCL,Accapella,2014,RAM,2014-01-24,https://www.youtube.com/watch?v=fJArtxDNhT4,fJArtxDNhT4,878944,,,
Zero2012,Der Fischer,Berlin,Accapella,2013,DLTLLY,2014-01-19,https://www.youtube.com/watch?v=01tb9snEcZY,01tb9snEcZY,19767,,Berlin,
Rino Mandingo,Breeze,Berlin,Accapella,2013,DLTLLY,2014-01-12,https://www.youtube.com/watch?v=WyB8pGBM6A8,WyB8pGBM6A8,52287,,Berlin,
MC Mirror,Proton,Berlin,Accapella,2013,DLTLLY,2014-01-05,https://www.youtube.com/watch?v=jQEEjiaNiiE,jQEEjiaNiiE,23651,,Berlin,
Mos Prob,Maniac,Berlin,Accapella,2013,DLTLLY,2013-12-29,https://www.youtube.com/watch?v=hY0tBCILguU,hY0tBCILguU,15252,,Berlin,
P-ZAK,IRON BASIC,BMCL,Accapella,2013,RAM,2013-12-27,https://www.youtube.com/watch?v=0qAUK-MG2eg,0qAUK-MG2eg,257424,,,
Brian Damage,Doktor Dave,Berlin,Accapella,2013,DLTLLY,2013-12-22,https://www.youtube.com/watch?v=XRyY1EePVF0,XRyY1EePVF0,91358,,Berlin,
TIERSTAR,GREGPIPE,BMCL,Accapella,2013,RAM,2013-12-14,https://www.youtube.com/watch?v=qSQBrHXWTOY,qSQBrHXWTOY,651517,,,
AMAH,MIGHTY P.,BMCL,Accapella,2013,RAM,2013-12-07,https://www.youtube.com/watch?v=pH9E5d8YsGk,pH9E5d8YsGk,73531,,,
SEPARATE,TAKT32,BMCL,Accapella,2013,RAM,2013-11-15,https://www.youtube.com/watch?v=qbbibKd189w,qbbibKd189w,246123,,,
LAAS UNLTD.,DROB DYNAMIC,BMCL,Accapella,2013,RAM,2013-10-25,https://www.youtube.com/watch?v=gVzPXJa4eTI,gVzPXJa4eTI,3117990,,,
Kizu,Trump,Berlin,Accapella,2013,DLTLLY,2013-10-20,https://www.youtube.com/watch?v=THhMAgBOcN8,THhMAgBOcN8,19425,,Berlin,
Doktor Dave,Jack Dragon,Berlin,Accapella,2013,DLTLLY,2013-10-13,https://www.youtube.com/watch?v=QB0ZXYSkZcw,QB0ZXYSkZcw,38024,,Berlin,
KOOZY,FATCAP,BMCL,Accapella,2013,RAM,2013-10-10,https://www.youtube.com/watch?v=_cSsd58nwnk,_cSsd58nwnk,96897,,,
Rob Really,Manekin Peace,Berlin,Accapella,2013,DLTLLY,2013-10-07,https://www.youtube.com/watch?v=7lUMhXH2ZgE,7lUMhXH2ZgE,10807,,Berlin,
Brian Damage,Mighty P,Berlin,Accapella,2013,DLTLLY,2013-09-29,https://www.youtube.com/watch?v=Z3a9iIjuFmc,Z3a9iIjuFmc,62517,,Berlin,
P-ZAK,BATTLEBOI BASTI,BMCL,Accapella,2013,RAM,2013-09-27,https://www.youtube.com/watch?v=6fAOSCXdMKM,6fAOSCXdMKM,1245922,,,
Hansen,Kurzer Prozess,Berlin,Accapella,2013,DLTLLY,2013-09-24,https://www.youtube.com/watch?v=8Ui9Bl4LCBg,8Ui9Bl4LCBg,89543,,Berlin,
TightamMic,Drob Dynamic,BMCL,Accapella,2013,RAM,2013-06-27,https://www.youtube.com/watch?v=HUIIteZgOEo,HUIIteZgOEo,137865,,,
P-Zak,Drob Dynamic,BMCL,Accapella,2013,RAM,2013-06-13,https://www.youtube.com/watch?v=V_c4iLEr7VI,V_c4iLEr7VI,107361,,,
Tierstar,Drob Dynamic,BMCL,Accapella,2013,RAM,2013-05-23,https://www.youtube.com/watch?v=3xIGQWw0yBc,3xIGQWw0yBc,76434,,,
Tierstar,P-Zak,BMCL,Accapella,2013,RAM,2013-05-09,https://www.youtube.com/watch?v=W3ARbDcTOgA,W3ARbDcTOgA,214969,,,
Le Nerd,P-Zak,BMCL,Accapella,2013,RAM,2013-04-26,https://www.youtube.com/watch?v=YR_hbQrJFBU,YR_hbQrJFBU,69095,,,
Percee,Le Nerd,BMCL,Accapella,2013,RAM,2013-04-11,https://www.youtube.com/watch?v=7s6PZzdv0wg,7s6PZzdv0wg,207597,,,
Karate Andi,Percee,BMCL,Accapella,2013,RAM,2013-03-29,https://www.youtube.com/watch?v=anmpoR_npR4,anmpoR_npR4,218709,,,
Karate Andi,Main Moe,BMCL,Accapella,2013,RAM,2013-03-14,https://www.youtube.com/watch?v=i-oMO81YD5E,i-oMO81YD5E,347581,,,
Mave,Karate Andi,BMCL,Accapella,2013,RAM,2013-02-28,https://www.youtube.com/watch?v=TxL9xYZoikE,TxL9xYZoikE,296386,,,
Karate Andi,Gier,BMCL,Accapella,2013,RAM,2013-01-25,https://www.youtube.com/watch?v=6J_YbVMq6Tc,6J_YbVMq6Tc,760997,,,
GIER,P-ZAK -,BMCL,Accapella,2012,RAM,2012-12-25,https://www.youtube.com/watch?v=VDxMffxIK9w,VDxMffxIK9w,112126,,,
RV,P-ZAK -,BMCL,Accapella,2012,RAM,2012-12-12,https://www.youtube.com/watch?v=ZMAmrXDKC2k,ZMAmrXDKC2k,57344,,,
P-ZAK,PAPI SCHLAUCH -,BMCL,Accapella,2012,RAM,2012-11-27,https://www.youtube.com/watch?v=JOE65_7ANE4,JOE65_7ANE4,30543,,,
FATCAP,PAPI SCHLAUCH -,BMCL,Accapella,2012,RAM,2012-11-13,https://www.youtube.com/watch?v=0HL7X1MoDC8,0HL7X1MoDC8,27470,,,
PAPI SCHLAUCH,MAIN MOE -,BMCL,Accapella,2012,RAM,2012-10-23,https://www.youtube.com/watch?v=jCugjz2O7XA,jCugjz2O7XA,43157,,,
MAIN MOE,DER FISCHER -,BMCL,Accapella,2012,RAM,2012-10-09,https://www.youtube.com/watch?v=szcQuWucbf8,szcQuWucbf8,43180,,,
Tierstar,Gier,BMCL,Accapella,2010,RAM,2010-10-14,https://www.youtube.com/watch?v=wOsC6Irs9EY,wOsC6Irs9EY,33241,,,
P-ZAK,FATCAP -,BMCL,Accapella,2011,RAM,2010-10-14,https://www.youtube.com/watch?v=NpQ5PfavOr4,NpQ5PfavOr4,38379,,,
FATCAP,MAIN MOE -,BMCL,Accapella,2011,RAM,2010-10-14,https://www.youtube.com/watch?v=6ygV5kXXpOY,6ygV5kXXpOY,47725,,,
GIER,JUSE JU -,BMCL,Accapella,2011,RAM,2010-10-14,https://www.youtube.com/watch?v=1DyxMMREZ_s,1DyxMMREZ_s,66976,,,
P-ZAK,TIERSTAR -,BMCL,Accapella,2011,RAM,2010-10-14,https://www.youtube.com/watch?v=tNLkPJU_3Hc,tNLkPJU_3Hc,70462,,,
FURIOUS,TIERSTAR -,BMCL,Accapella,2011,RAM,2010-10-14,https://www.youtube.com/watch?v=V7xmt7en-NU,V7xmt7en-NU,28043,,,
PRESTO,TIGHTAMMIC -,BMCL,Accapella,2011,RAM,2010-10-14,https://www.youtube.com/watch?v=_zciyRJMT4I,_zciyRJMT4I,48374,,,
ATZENKALLE,P-ZAK -,BMCL,Accapella,2012,RAM,2010-10-14,https://www.youtube.com/watch?v=1RlrFmJgUb0,1RlrFmJgUb0,384300,,,
KING FINALE VOM 04.05.2011 GIER,PIRATE,could not identify event,Accapella,2011,RAM AGGRO,2010-10-14,https://www.youtube.com/watch?v=rLsM528iCvI,rLsM528iCvI,40783,,,
P-ZAK,FATCAP -,BMCL,Accapella,2012,RAM,2010-10-14,https://www.youtube.com/watch?v=TXgYqbhPZbw,TXgYqbhPZbw,41202,,,
Tierstar,Gier,BMCL,Accapella,2010,RAM,2010-10-14,https://www.youtube.com/watch?v=Jx2HyJUI7UQ,Jx2HyJUI7UQ,58995,,,
NESTOR,PRESTO -,BMCL,Accapella,2011,RAM,2010-10-14,https://www.youtube.com/watch?v=7Id8LsNORpA,7Id8LsNORpA,18358,,,
PAPI SCHLAUCH,ATZENKALLE -,BMCL,Accapella,2012,RAM,2010-10-14,https://www.youtube.com/watch?v=3P2OojCc83A,3P2OojCc83A,275201,,,
TIERSTAR,MAIN MOE -,BMCL,Accapella,2012,RAM,2010-10-14,https://www.youtube.com/watch?v=7vV91Bdl96U,7vV91Bdl96U,83411,,,
MAIN MOE,ATZENKALLE -,BMCL,Accapella,2012,RAM,2010-10-14,https://www.youtube.com/watch?v=xHaX18xKgAg,xHaX18xKgAg,275694,,,
P-ZAK,TIERSTAR -,BMCL,Accapella,2011,RAM,2010-10-14,https://www.youtube.com/watch?v=ZVXJ36hbgRs,ZVXJ36hbgRs,45491,,,
Noize,Gier,BMCL,Accapella,2010,RAM,2010-10-14,https://www.youtube.com/watch?v=g65YfSomyZg,g65YfSomyZg,42008,,,
ATZENKALLE,FATCAP -,BMCL OFFICIAL HD VERSION AGGROTV,Accapella,2012,RAM,2010-10-14,https://www.youtube.com/watch?v=3_WNGbYAEGM,3_WNGbYAEGM,169667,,,
GIER,MAIN MOE -,BMCL,Accapella,2012,RAM,2010-10-14,https://www.youtube.com/watch?v=0IoJTI3ijBw,0IoJTI3ijBw,149843,,,
GIER,TIERSTAR -,BMCL,Accapella,2011,RAM,2010-10-14,https://www.youtube.com/watch?v=2XkODGxWvfE,2XkODGxWvfE,147246,,,
Noize,Gier,BMCL,Accapella,2010,RAM,2010-10-14,https://www.youtube.com/watch?v=ibeHNtp8Qi4,ibeHNtp8Qi4,25724,,,
TIGHTAMMIC,FATCAP -,BMCL,Accapella,2011,RAM,2010-10-14,https://www.youtube.com/watch?v=LTgCb1EIASk,LTgCb1EIASk,42795,,,
FATCAP,MAIN MOE -,BMCL,Accapella,2012,RAM,2010-10-14,https://www.youtube.com/watch?v=gGuK4lK76oU,gGuK4lK76oU,68184,,,
MAIN MOE,GIER -,BMCL,Accapella,2011,RAM,2010-10-14,https://www.youtube.com/watch?v=j851KMaKDyA,j851KMaKDyA,95712,,,
MAIN MOE,TIGHTAMMIC -,BMCL,Accapella,2012,RAM,2010-10-14,https://www.youtube.com/watch?v=WgyEvY6d55g,WgyEvY6d55g,56547,,,
