Name #1,Name #2,Event,Location,Stadt,Type,Year,Channel,Uploaded,URL,Views,ID,hidden,Processed
SA7VA,PURP DIVISION,,,,Accapella,2026,FOB,2026-03-15,https://www.youtube.com/watch?v=Rwuy2cTGVAk,865,Rwuy2cTGVAk,RAP BATTLE,
Kitana,Lex177,,,,On Beat,2026,DLTLLY,2026-03-15,https://www.youtube.com/watch?v=N2oySb3MHQM,19182,N2oySb3MHQM,🎤,
MORGANA,ALLE (AMS T-WAY BARETTA GENEROUSISI),,,,Accapella,2026,FOB,2026-03-13,https://www.youtube.com/watch?v=-joYyO0kdc4,7041,-joYyO0kdc4,RAP BATTLE,
Aladin,Emenes,,,,On Beat,2026,DLTLLY,2026-03-13,https://www.youtube.com/watch?v=Z4Hsh4zO-ZM,13263,Z4Hsh4zO-ZM,  AufTakt Turnier Achtelfinale,
Requiem,Jioni,,,,On Beat,2026,DLTLLY,2026-03-11,https://www.youtube.com/watch?v=w8F4A98RGS8,12602,w8F4A98RGS8,  AufTakt Turnier Achtelfinale,
David Ardor,Der Sandmann,,,,Accapella,2026,DLTLLY,2026-03-09,https://www.youtube.com/watch?v=fHaEDXoca-o,4385,fHaEDXoca-o,  Proving Grounds,
Papi Schlauch,Kiruma,,,,Accapella,2026,DLTLLY,2026-03-09,https://www.youtube.com/watch?v=RfzJa_Z8iyQ,4533,RfzJa_Z8iyQ,Das Interview zum Battle Kassel 2026,
JÄL,VON FELIX,,,,Accapella,2026,FOB,2026-03-08,https://www.youtube.com/watch?v=uKR88ylR1Vc,11783,uKR88ylR1Vc,RAP BATTLE,
Papi Schlauch,Kiruma,,,,Accapella,2026,DLTLLY,2026-03-08,https://www.youtube.com/watch?v=E8cP9xoVsCU,43111,E8cP9xoVsCU,  Kassel 2026,
Morgana,Yuah,,,,On Beat,2025,DLTLLY,2026-03-07,https://www.youtube.com/watch?v=NxlVkP2VFLU,9522,NxlVkP2VFLU,  Battlerap Taxi BDay Bash 2025,
VYRUS,MZUDEMK,,,,Accapella,2026,FOB,2026-03-06,https://www.youtube.com/watch?v=JKbzDt5CgH0,30371,JKbzDt5CgH0,RAP BATTLE,
Yuah,Zeptah,,,,On Beat,2025,DLTLLY,2026-03-06,https://www.youtube.com/watch?v=O7XAXsCXZj0,8732,O7XAXsCXZj0,  Feel Festival 2025,
Neilz,Notyzze,,,,Accapella,2026,DLTLLY,2026-03-05,https://www.youtube.com/watch?v=lKlvY2CP-Fw,19700,lKlvY2CP-Fw,  Hamburg,
JAVAS,LUI,,,,Accapella,2026,FOB,2026-03-04,https://www.youtube.com/watch?v=8-w81NCjNCw,1513,8-w81NCjNCw,RAP BATTLE,
Nastic,MzudemK,,,,On Beat,2026,DLTLLY,2026-03-01,https://www.youtube.com/watch?v=ofXnIpxuD5Q,29131,ofXnIpxuD5Q,AufTakt - Das  Battlerap-Turnier,
ZEPTAH,TICC,,,,Accapella,2026,FOB,2026-02-27,https://www.youtube.com/watch?v=ZPPU1i7ktus,13333,ZPPU1i7ktus,RAP BATTLE,
Young Kennedy,Aladin,,,,On Beat,2025,DLTLLY,2026-02-26,https://www.youtube.com/watch?v=nnRbVliegmw,7611,nnRbVliegmw,  Proving Grounds  Only 2025,
Rager,Yuah,,,,On Beat,2026,DLTLLY,2026-02-24,https://www.youtube.com/watch?v=fODwwlJUTnM,9247,fODwwlJUTnM,  Proving Grounds  Only ´25,
Notyzze,Robscure,,,,Accapella,2026,DLTLLY,2026-02-22,https://www.youtube.com/watch?v=FoRNSLmihwk,31254,FoRNSLmihwk,  Kassel 2026,
Aladin,Mighty P,,,,On Beat,2025,DLTLLY,2026-02-21,https://www.youtube.com/watch?v=1LNFby1VNu0,7055,1LNFby1VNu0,  Battlerap Taxi BDay Bash 2025,
CIPHER,MOKO,,,,Accapella,2026,FOB,2026-02-20,https://www.youtube.com/watch?v=dJ8CEOmL608,2437,dJ8CEOmL608,RAP BATTLE,
Jäl,Mellow,,,,Accapella,2026,DLTLLY,2026-02-15,https://www.youtube.com/watch?v=WXIuer5Oml4,15105,WXIuer5Oml4,🗣,
ZATO,H1,,,,Accapella,2026,FOB,2026-02-13,https://www.youtube.com/watch?v=MuUfSc36_6U,8620,MuUfSc36_6U,RAP BATTLE,
Riesenlauch,MC Geuner,,,,Accapella,2026,DLTLLY,2026-02-08,https://www.youtube.com/watch?v=5sxyiKeEYNs,33345,5sxyiKeEYNs,  Dissember 9,
MAVERICK MILES,L-SUPREMA,,,,Accapella,2026,FOB,2026-02-06,https://www.youtube.com/watch?v=rfY5kj8srUY,5815,rfY5kj8srUY,RAP BATTLE,
Fate,Shortworth,,,,Accapella,2026,DLTLLY,2026-02-01,https://www.youtube.com/watch?v=aCCscEorf2w,27124,aCCscEorf2w,  Dissember 9,
RICOCHET,SILVER,,,,Accapella,2026,FOB,2026-02-01,https://www.youtube.com/watch?v=ekmefY3pxG0,3653,ekmefY3pxG0,RAP BATTLE,
GEMIN1,JOSEPH STEINSCHLEUDER,,,,Accapella,2026,FOB,2026-01-30,https://www.youtube.com/watch?v=ka-zuxLIE_A,20894,ka-zuxLIE_A,RAP BATTLE ENGLISH,
Meidi,Robscure,,,,Accapella,2025,DLTLLY,2026-01-25,https://www.youtube.com/watch?v=wmnWMO8RvBQ,55455,wmnWMO8RvBQ,  München 2025,
Meidi,Robscure,,,,Accapella,2026,DLTLLY,2026-01-25,https://www.youtube.com/watch?v=YMvNjnH6hbQ,10240,YMvNjnH6hbQ,Das Interview zum Battle,
BURST & T-WAY,HIDING JOHN & HEINZ87,,,,Accapella,2026,FOB,2026-01-23,https://www.youtube.com/watch?v=zjRJDG0Xn_Q,16305,zjRJDG0Xn_Q,RAP BATTLE,
Ripa,Hoodoo,,,,Accapella,2026,DLTLLY,2026-01-22,https://www.youtube.com/watch?v=4nEjyUsmMvg,4060,4nEjyUsmMvg,  Proving Grounds,
Dyas,Baretta,,,,On Beat,2025,DLTLLY,2026-01-20,https://www.youtube.com/watch?v=LkTHgzc4mwg,5894,LkTHgzc4mwg,  Battlerap Taxi BDay Bash 2025,
Jäl,Frozen,,,,Accapella,2026,DLTLLY,2026-01-18,https://www.youtube.com/watch?v=Z9mdqmXnDnM,10951,Z9mdqmXnDnM,could not identify event,
KATER99,SA7VA,,,,Accapella,2026,FOB,2026-01-16,https://www.youtube.com/watch?v=6ExQMS0Po20,3510,6ExQMS0Po20,RAP BATTLE,
Dascha,Mave,,,,Accapella,2026,DLTLLY,2026-01-13,https://www.youtube.com/watch?v=P8bFGQP2P4k,25981,P8bFGQP2P4k,  Hamburg,
Davie Jones,Kitana,,,,Accapella,2025,DLTLLY,2026-01-11,https://www.youtube.com/watch?v=lg04k4t6rmQ,79572,lg04k4t6rmQ,  München 2025,
MÄST,TESSTIMONY,,,,Accapella,2026,FOB,2026-01-11,https://www.youtube.com/watch?v=roEE44_9vT4,3629,roEE44_9vT4,RAP BATTLE,
Davie Jones,Kitana,,,,Accapella,2026,DLTLLY,2026-01-11,https://www.youtube.com/watch?v=cmdMkO1KqVI,12754,cmdMkO1KqVI,Das Interview zum Battle,
TAREK,MAMO,,,,Accapella,2026,FOB,2026-01-09,https://www.youtube.com/watch?v=7u4sLILDFkg,3812,7u4sLILDFkg,RAP BATTLE,
Shizu,Requiem,,,,Accapella,2025,DLTLLY,2026-01-04,https://www.youtube.com/watch?v=G58OamfHFF4,28609,G58OamfHFF4,  München 2025,
MOODY,WANDELBARZ,,,,Accapella,2026,FOB,2026-01-02,https://www.youtube.com/watch?v=3PKu2m4H8vc,9585,3PKu2m4H8vc,RAP BATTLE,
🥶 SSYNIC,BEASTBOY #dltlly Duration:PT1M45S Uploaded:2025-12-31 Views:32184 Channel:DLTLLY,,,,Accapella,2025,DLTLLY,2025-12-31,https://www.youtube.com/watch?v=5Dh1E_ojpus,1067440,5Dh1E_ojpus,battlerap culture Thumbnail:https:,
BEASTBOY,SSYNIC,,,,Accapella,2025,DLTLLY,2025-12-28,https://www.youtube.com/watch?v=q6vZn31er_8,943025,q6vZn31er_8,could not identify event,
Ssynic,Beastboy,,,,Accapella,2025,DLTLLY,2025-12-28,https://www.youtube.com/watch?v=9u3vcQdMjeU,252778,9u3vcQdMjeU,Das Interview zum Battle,
FAIVEL,CAPCO JONES,,,,Accapella,2025,FOB,2025-12-26,https://www.youtube.com/watch?v=qQDPoPyCtw0,7306,qQDPoPyCtw0,RAP BATTLE,
Young Kennedy,Gerro,,,,Accapella,2025,DLTLLY,2025-12-24,https://www.youtube.com/watch?v=w1eGiZ53t3o,14559,w1eGiZ53t3o,  München 2025,
F!O,DANDROID,,,,Accapella,2025,FOB,2025-12-24,https://www.youtube.com/watch?v=D1OHI0iDq4U,8242,D1OHI0iDq4U,RAP BATTLE,
Musio,Schlawin0r,,,,Accapella,2025,DLTLLY,2025-12-21,https://www.youtube.com/watch?v=yTmz0h0MajE,10760,yTmz0h0MajE,  München 2025,
Allmani,Oudhini,,,,Accapella,2025,DLTLLY,2025-12-20,https://www.youtube.com/watch?v=WEm3ENIce48,6237,WEm3ENIce48,  Zürich,
MERLIN,BONG TEGGY,,,,Accapella,2025,FOB,2025-12-19,https://www.youtube.com/watch?v=M15yikG8_wg,55954,M15yikG8_wg,RAP BATTLE,
Cashus K & Mazzikaner,Pennakind & Tyler Bourbon,,,,Accapella,2025,DLTLLY,2025-12-14,https://www.youtube.com/watch?v=xlg81_gzpa0,8915,xlg81_gzpa0,2on2  München,
ZATO,TRIPLE,,,,Accapella,2025,FOB,2025-12-14,https://www.youtube.com/watch?v=xkK9n7Et5mA,2545,xkK9n7Et5mA,FREESTYLE BATTLE,
DAVIE JONES,FATE,,,,Accapella,2025,FOB,2025-12-12,https://www.youtube.com/watch?v=7tsHTdjf1vo,20393,7tsHTdjf1vo,RAP BATTLE,
JÄL,VON FELIX,,,,Accapella,2025,FOB,2025-12-11,https://www.youtube.com/watch?v=1sloAOBJ7X0,4455,1sloAOBJ7X0,TRAILER,
JAMAIKA KLAUS,BARETTA,,,,Accapella,2025,FOB,2025-12-09,https://www.youtube.com/watch?v=lQLcEUQHcYs,4681,lQLcEUQHcYs,could not identify event,
JOSEPH STEINSCHLEUDER,CASHISCLAY,,,,Accapella,2025,FOB,2025-12-08,https://www.youtube.com/watch?v=nLAIi1shXNs,14017,nLAIi1shXNs,FREESTYLE RAP BATTLE,
Notyzze,Triple,,,,Accapella,2025,DLTLLY,2025-12-07,https://www.youtube.com/watch?v=l9g0AAt7q0E,22681,l9g0AAt7q0E,  München 2025,
CASHUS K,HERR SÖREN,,,,Accapella,2025,FOB,2025-12-06,https://www.youtube.com/watch?v=-cBzvbMHBzY,1996,-cBzvbMHBzY,RAP BATTLE,
BAULT,FYNN,,,,Accapella,2025,FOB,2025-12-05,https://www.youtube.com/watch?v=YuOlOphdUDk,18052,YuOlOphdUDk,RAP BATTLE,
ZATO,BARETTA,,,,Accapella,2025,FOB,2025-12-02,https://www.youtube.com/watch?v=LkbaM1tUn7w,7378,LkbaM1tUn7w,RAP BATTLE,
Riesenlauch,Frax One,,,,Accapella,2025,DLTLLY,2025-11-30,https://www.youtube.com/watch?v=UIn4teZtMTU,9902,UIn4teZtMTU,  Zürich,
Saimon Disko,Lerou,,,,Accapella,2025,DLTLLY,2025-11-29,https://www.youtube.com/watch?v=HiTF8Df5bk0,5469,HiTF8Df5bk0,  Zürich,
ENYO,JÄL,,,,Accapella,2025,FOB,2025-11-28,https://www.youtube.com/watch?v=ImLeWMYysh8,8636,ImLeWMYysh8,RAP BATTLE,
Morgana & Shizu,Mighty P & Lamin,,,,On Beat,2025,DLTLLY,2025-11-25,https://www.youtube.com/watch?v=32n-EysbDX4,9051,32n-EysbDX4,  Splash Festival 2025,
Gregpipe,Meidi,,,,Accapella,2025,DLTLLY,2025-11-23,https://www.youtube.com/watch?v=jcY3FFWtCTs,117936,jcY3FFWtCTs,  Bday 12,
Gregpipe,Meidi,,,,Accapella,2025,DLTLLY,2025-11-23,https://www.youtube.com/watch?v=Mlrf7lvO0Oo,14206,Mlrf7lvO0Oo,Das Interview zum Battle,
Nastic & Valik,Requiem & Frozen,,,,On Beat,2025,DLTLLY,2025-11-22,https://www.youtube.com/watch?v=xjEyfYb_hVA,6214,xjEyfYb_hVA,  Feel &#39;25,
VON FELIX,MZUDEMK,,,,Accapella,2025,FOB,2025-11-21,https://www.youtube.com/watch?v=khE4zsuxInQ,26710,khE4zsuxInQ,RAP BATTLE,
Calli,Quame65,,,,On Beat,2025,DLTLLY,2025-11-18,https://www.youtube.com/watch?v=Q61s3Q-OkLc,6255,Q61s3Q-OkLc,  Splash Festival 2025,
Joseph Steinschleuder,Duff,,,,Accapella,2025,DLTLLY,2025-11-16,https://www.youtube.com/watch?v=1J3FJJPZ4fc,43937,1J3FJJPZ4fc,  Bday 12,
VYRUS,KRISO,,,,Accapella,2025,FOB,2025-11-14,https://www.youtube.com/watch?v=qERNJ3ZjU08,14427,qERNJ3ZjU08,RAP BATTLE,
Faivel & Young Kennedy,Andres Kaliba & A.GE,,,,On Beat,2025,DLTLLY,2025-11-14,https://www.youtube.com/watch?v=rs_J2p-5Nxk,6737,rs_J2p-5Nxk,  Splash Festival 2025,
Aytee,Pablo,,,,On Beat,2025,DLTLLY,2025-11-09,https://www.youtube.com/watch?v=JGZ6QQPKibE,72202,JGZ6QQPKibE,  Bday 12,
BUNGEE,ADAM RIESE,,,,Accapella,2025,FOB,2025-11-07,https://www.youtube.com/watch?v=gWvK_yWD0Hk,2293,gWvK_yWD0Hk,RAP BATTLE,
SSYNIC,???,,,,Accapella,2025,DLTLLY,2025-11-03,https://www.youtube.com/watch?v=mHV0ECZZEz8,217203,mHV0ECZZEz8,06.12.2025 Berlin - DISSember 9,
El Cambio,Purp Division,,,,Accapella,2025,DLTLLY,2025-11-02,https://www.youtube.com/watch?v=TUTpf3Z3o9Q,6543,TUTpf3Z3o9Q,  Zürich,
DER KATER,LUI,,,,Accapella,2025,FOB,2025-10-31,https://www.youtube.com/watch?v=hSQ1gJ0Oi2Y,2321,hSQ1gJ0Oi2Y,RAP BATTLE,
Bdad,Shizu,,,,Accapella,2025,DLTLLY,2025-10-26,https://www.youtube.com/watch?v=J0qDMBdgcGM,39980,J0qDMBdgcGM,  Bday 12,
KITANA,BDAD,,,,Accapella,2025,DLTLLY,2025-10-25,https://www.youtube.com/watch?v=TgW6YAp_izg,9042,TgW6YAp_izg,#,
MECHTHILD,TRIPLE,,,,Accapella,2025,FOB,2025-10-24,https://www.youtube.com/watch?v=5XXhcodxypE,3807,5XXhcodxypE,RAP BATTLE,
Leyla Lamour & Liuz,Ano-Nym & Grave40,,,,On Beat,2025,DLTLLY,2025-10-21,https://www.youtube.com/watch?v=B2Lew8ozYmY,15813,B2Lew8ozYmY,  Splash Festival 2025,
Yuah & LuckyLily,Gerro & Tokz,,,,On Beat,2025,DLTLLY,2025-10-19,https://www.youtube.com/watch?v=RwBm7UZ77zI,16780,RwBm7UZ77zI,  Splash! Festival,
ADY ASADICT,EMSTACC,,,,Accapella,2025,FOB,2025-10-17,https://www.youtube.com/watch?v=P4rUdIq44Go,2366,P4rUdIq44Go,RAP BATTLE,
Mordrake,Despo,,,,On Beat,2025,DLTLLY,2025-10-16,https://www.youtube.com/watch?v=SsMrGSWEH3k,7444,SsMrGSWEH3k,  Taped!,
Ano-Nym,Vyrus,,,,Accapella,2025,DLTLLY,2025-10-12,https://www.youtube.com/watch?v=9TFVhqPyL68,11816,9TFVhqPyL68,INTERVIEW 12th Bday,
Ano-Nym,Vyrus,,,,On Beat,2025,DLTLLY,2025-10-12,https://www.youtube.com/watch?v=-z0hxHuJbOc,72345,-z0hxHuJbOc,TITLE CONTENDERMATCH 12th Bday,
FYNN,DYAS,,,,Accapella,2025,FOB,2025-10-10,https://www.youtube.com/watch?v=N7Esy4XcFy0,4229,N7Esy4XcFy0,RAP BATTLE,
Dizaster,Gemin1,,,,Accapella,2025,DLTLLY,2025-10-05,https://www.youtube.com/watch?v=ENLOY68s_Uc,60005,ENLOY68s_Uc,  Berlin,
Dizaster,Gemin1,,,,Accapella,2025,DLTLLY,2025-10-05,https://www.youtube.com/watch?v=rg4vAZ-6uzs,4717,rg4vAZ-6uzs,INTERVIEW  Berlin 12th Birthday Event,
MAC,FÄNNO,,,,Accapella,2025,FOB,2025-10-05,https://www.youtube.com/watch?v=wJEEjaUDmU0,2745,wJEEjaUDmU0,RAP BATTLE,
BAULT,SA7VA,,,,Accapella,2025,FOB,2025-10-03,https://www.youtube.com/watch?v=4986AsKH2yY,4185,4986AsKH2yY,RAP BATTLE,
BlaDesa,Calli,,,,Accapella,2025,DLTLLY,2025-09-30,https://www.youtube.com/watch?v=rUTpW0OuRUQ,16108,rUTpW0OuRUQ,  Tapefabrik,
BlaDesa,Calli,,,,Accapella,2025,DLTLLY,2025-09-30,https://www.youtube.com/watch?v=oWDx4eWUlvI,2127,oWDx4eWUlvI,INTERVIEW Tapefabrik,
Kato & Ryko J,CashisClay & 4Tune,,,,Accapella,2025,DLTLLY,2025-09-28,https://www.youtube.com/watch?v=rRlHL7A6GsY,19153,rRlHL7A6GsY,  Splash 2025!,
TOBO,JAVAS,,,,Accapella,2025,FOB,2025-09-26,https://www.youtube.com/watch?v=aS2dhmR_Q9U,3339,aS2dhmR_Q9U,RAP BATTLE,
Lara Soft,Freezy,,,,Accapella,2025,DLTLLY,2025-09-23,https://www.youtube.com/watch?v=_luCDi3t-3w,16378,_luCDi3t-3w,  Taped!,
Fate & Sh@wdy Sh@f,Cashus K & Mazzikaner,,,,Accapella,2025,DLTLLY,2025-09-21,https://www.youtube.com/watch?v=r794ZPxMINc,33373,r794ZPxMINc,  Feel,
TOMMY GUN,T-WAY,,,,Accapella,2025,FOB,2025-09-19,https://www.youtube.com/watch?v=w61w1samU4k,4396,w61w1samU4k,RAP BATTLE,
Jepain,Papa TR,,,,Accapella,2025,DLTLLY,2025-09-14,https://www.youtube.com/watch?v=Q8hyICBnNQI,12040,Q8hyICBnNQI,  Freiburg,
MUSIO,TOLLSCHOCK,,,,Accapella,2025,FOB,2025-09-12,https://www.youtube.com/watch?v=XjPwbYieUQs,8085,XjPwbYieUQs,RAP BATTLE,
Capco Jonnes,Riesenlauch,,,,Accapella,2025,DLTLLY,2025-09-07,https://www.youtube.com/watch?v=nKZSBk5adnI,14476,nKZSBk5adnI,  Freiburg,
RIMA,MANEK,,,,Accapella,2025,FOB,2025-09-07,https://www.youtube.com/watch?v=Wn_Tm08TPlo,4056,Wn_Tm08TPlo,RAP BATTLE,
FAIVEL,YUNA L,,,,Accapella,2025,FOB,2025-09-05,https://www.youtube.com/watch?v=J0nUHgX5410,10185,J0nUHgX5410,RAP BATTLE,
Bdad,Kato,,,,Accapella,2025,DLTLLY,2025-08-31,https://www.youtube.com/watch?v=BaWlVU_CqR0,9501,BaWlVU_CqR0,Interview Event Name oder Stadt,
BAULT,SILVER,,,,Accapella,2025,FOB,2025-08-31,https://www.youtube.com/watch?v=SzXSJYcHl80,4983,SzXSJYcHl80,RAP BATTLE,
Bdad,Kato,,,,Accapella,2025,DLTLLY,2025-08-30,https://www.youtube.com/watch?v=GpW1688ARg0,75563,GpW1688ARg0,  Freiburg,
JIZI,KEULE257,,,,Accapella,2025,FOB,2025-08-29,https://www.youtube.com/watch?v=PlRe0-7MdtE,33638,PlRe0-7MdtE,RAP BATTLE,
BanDan,Aladin,,,,Accapella,2025,DLTLLY,2025-08-28,https://www.youtube.com/watch?v=MmlbdfDGL_M,7884,MmlbdfDGL_M,  Wien,
L-SUPREMA,LYT,,,,Accapella,2025,FOB,2025-08-24,https://www.youtube.com/watch?v=f4lsqfYo37M,5511,f4lsqfYo37M,RAP BATTLE,
Shortworth,Ryko-J,,,,Accapella,2025,DLTLLY,2025-08-24,https://www.youtube.com/watch?v=smdHGVGCCF0,46358,smdHGVGCCF0,  Freiburg,
LIUZ,DESPO,,,,Accapella,2025,FOB,2025-08-22,https://www.youtube.com/watch?v=22XkM2AtGc4,6193,22XkM2AtGc4,RAP BATTLE,
Frax One,Danny Deadweight,,,,Accapella,2025,DLTLLY,2025-08-21,https://www.youtube.com/watch?v=8DkFnov9Fow,5766,8DkFnov9Fow,  Proving Grounds,
Notyzze,Yuah,,,,Accapella,2025,DLTLLY,2025-08-20,https://www.youtube.com/watch?v=rPs1RarY43I,16494,rPs1RarY43I,Freestyle Battle NRWeekend 8,
Duff,MC Geuner,,,,Accapella,2025,DLTLLY,2025-08-19,https://www.youtube.com/watch?v=A8B7NIVqUlg,21597,A8B7NIVqUlg,  Freiburg,
TRIPLE,RALLE,,,,Accapella,2025,FOB,2025-08-17,https://www.youtube.com/watch?v=VlMReN-CMX0,3188,VlMReN-CMX0,RAP BATTLE,
Wolff,Hiding John,,,,Accapella,2025,DLTLLY,2025-08-17,https://www.youtube.com/watch?v=p46mDmjoHfg,77944,p46mDmjoHfg,Title Contender Match Freiburg,
TICC,ROOL,,,,Accapella,2025,FOB,2025-08-15,https://www.youtube.com/watch?v=NyoxA5ATQ3w,6159,NyoxA5ATQ3w,RAP BATTLE,
TRACY,MZUDEMK,,,,Accapella,2025,FOB,2025-08-10,https://www.youtube.com/watch?v=QyQ2poDBDYM,14529,QyQ2poDBDYM,GAME CHANGER VIERTELFINALE,
AMS,JÄL,,,,Accapella,2025,FOB,2025-08-09,https://www.youtube.com/watch?v=eZLTR2OLG7M,10351,eZLTR2OLG7M,GAME CHANGER VIERTELFINALE,
ENYO,DER SANDMANN,,,,Accapella,2025,FOB,2025-08-08,https://www.youtube.com/watch?v=IWWtO2HfY8g,9214,IWWtO2HfY8g,GAME CHANGER VIERTELFINALE,
H1,VON FELIX,,,,Accapella,2025,FOB,2025-08-05,https://www.youtube.com/watch?v=r5JmVhtUvho,13821,r5JmVhtUvho,GAME CHANGER VIERTELFINALE,
REQUIEM,VYRUS,,,,Accapella,2025,FOB,2025-08-01,https://www.youtube.com/watch?v=1RahrZ7_-48,21240,1RahrZ7_-48,RAP BATTLE,
YUAH,ILHAN,,,,Accapella,2025,FOB,2025-07-25,https://www.youtube.com/watch?v=_CDt4MYPi9w,12627,_CDt4MYPi9w,RAP BATTLE,
STEEL,MORGANA,,,,On Beat,2025,FOB,2025-07-18,https://www.youtube.com/watch?v=nFIMoUOATCw,25750,nFIMoUOATCw,ON BEAT TITLE MATCH,
KIRUMA,WOLFF,,,,Accapella,2025,FOB,2025-07-11,https://www.youtube.com/watch?v=cpaSwgCqRaU,61250,cpaSwgCqRaU,RAP BATTLE,
RIESENLAUCH,PALEIACCI,,,,Accapella,2025,FOB,2025-07-06,https://www.youtube.com/watch?v=PFt4LwqBAsU,7857,PFt4LwqBAsU,RAP BATTLE,
NATALI,SNAKEHEADRHYME,,,,Accapella,2025,FOB,2025-07-04,https://www.youtube.com/watch?v=-8W4n_PWzAA,13239,-8W4n_PWzAA,RAP BATTLE,
JOSEPH STEINSCHLEUDER,HARLEM T,,,,Accapella,2025,FOB,2025-06-27,https://www.youtube.com/watch?v=j6NgJDz5Pac,37700,j6NgJDz5Pac,RAP BATTLE,
Jilly,SIC68,,,,Accapella,2025,DLTLLY,2025-06-24,https://www.youtube.com/watch?v=uE5ThbpbSck,5998,uE5ThbpbSck,  Proving Grounds,
Despo,Shorteh Taunton,,,,On Beat,2025,DLTLLY,2025-06-23,https://www.youtube.com/watch?v=9btj3F3T-oo,7812,9btj3F3T-oo,   Only,
Faivel,Mellow,,,,Accapella,2025,DLTLLY,2025-06-22,https://www.youtube.com/watch?v=tCdymUD7qjk,9512,tCdymUD7qjk,  WIEN,
MC GEUNER,KRISO,,,,Accapella,2025,FOB,2025-06-20,https://www.youtube.com/watch?v=PJJZYHWUjUg,10420,PJJZYHWUjUg,RAP BATTLE,
Lazlo Mxrphine,Mighty P.,,,,On Beat,2025,DLTLLY,2025-06-19,https://www.youtube.com/watch?v=5O4q1loFp_Q,24772,5O4q1loFp_Q,   Only,
Gundalf,Purp Division,,,,Accapella,2025,DLTLLY,2025-06-17,https://www.youtube.com/watch?v=si8gDwlPxEo,9016,si8gDwlPxEo,  Proving Grounds,
Riesenlauch,Tyler Bourbon,,,,Accapella,2025,DLTLLY,2025-06-15,https://www.youtube.com/watch?v=ohUZmNFrR3g,12350,ohUZmNFrR3g,  Wien,
MOODY,YOUNG KENNEDY,,,,Accapella,2025,FOB,2025-06-13,https://www.youtube.com/watch?v=BqM7oeYeegs,6880,BqM7oeYeegs,RAP BATTLE,
Joseph Steinschleuder,Pamflit,,,,Accapella,2025,DLTLLY,2025-06-07,https://www.youtube.com/watch?v=uXTSyzP-XI0,31970,uXTSyzP-XI0,International  NRWeekend 8,
EYNAK,WANDELBARZ,,,,Accapella,2025,FOB,2025-06-06,https://www.youtube.com/watch?v=R81FPAW0Cy8,9639,R81FPAW0Cy8,RAP BATTLE,
Ticc,Mordrake,,,,On Beat,2025,DLTLLY,2025-06-05,https://www.youtube.com/watch?v=KCDHP8wl1RM,14671,KCDHP8wl1RM,Only! Panke Berlin,
RYKO-J,LUCKYLILY,,,,Accapella,2025,DLTLLY,2025-06-01,https://www.youtube.com/watch?v=QApiZWI3i6U,93270,QApiZWI3i6U,  NRWeekend 8,
YUMI,DER SANDMANN,,,,Accapella,2025,FOB,2025-06-01,https://www.youtube.com/watch?v=NCYKUvpxs-s,5169,NCYKUvpxs-s,RAP BATTLE,
Ryko-J,LuckyLily,,,,Accapella,2025,DLTLLY,2025-06-01,https://www.youtube.com/watch?v=9gVR1RPK4cY,18458,9gVR1RPK4cY,INTERVIEW NRWeekend 8,
H1,MÄST,,,,Accapella,2025,FOB,2025-05-30,https://www.youtube.com/watch?v=KiFGlNKnLw8,7182,KiFGlNKnLw8,RAP BATTLE,
Gerro,TOKZ,,,,On Beat,2025,DLTLLY,2025-05-29,https://www.youtube.com/watch?v=qO64q_vBrqU,14204,qO64q_vBrqU,  Berlin,
Vyrus,Snakeheadrhyme,,,,Accapella,2025,DLTLLY,2025-05-25,https://www.youtube.com/watch?v=TaYG3fYqX6c,26992,TaYG3fYqX6c,  NRWeekend 8,
Vyrus,Snakeheadrhyme,,,,Accapella,2025,DLTLLY,2025-05-25,https://www.youtube.com/watch?v=HzaSD52w0qw,1992,HzaSD52w0qw,INTERVIEW NRWeekend 8,
VON FELIX,TESSTIMONY,,,,Accapella,2025,FOB,2025-05-25,https://www.youtube.com/watch?v=L51lZHRiuYc,8098,L51lZHRiuYc,RAP BATTLE,
AMS,KAZRAEL,,,,Accapella,2025,FOB,2025-05-23,https://www.youtube.com/watch?v=Ioq_13OB1Vg,6904,Ioq_13OB1Vg,RAP BATTLE,
Herr Sören,Johnny Schewski,,,,On Beat,2025,DLTLLY,2025-05-22,https://www.youtube.com/watch?v=5QWp-ZmPxFw,7449,5QWp-ZmPxFw,Battle Panke Berlin,
Unanymous,Jeevz,,,,Accapella,2025,DLTLLY,2025-05-18,https://www.youtube.com/watch?v=f3JE-AzU-0c,8319,f3JE-AzU-0c,International  NRWeekend 8,
JERRY VSAN,MZUDEMK,,,,Accapella,2025,FOB,2025-05-16,https://www.youtube.com/watch?v=9T_8MnL4888,52080,9T_8MnL4888,RAP BATTLE,
Capco Jones,Heinz87,,,,Accapella,2025,DLTLLY,2025-05-15,https://www.youtube.com/watch?v=qG0_r9p6Muc,9083,qG0_r9p6Muc,  Kassel,
🏆 PPV OUT NOW - MIT TITLE MATCH STEEL,MORGANA VYRUS YUAH REQUIEM UVM.,,,,Accapella,2025,FOB,2025-05-15,https://www.youtube.com/watch?v=8SKi-c2pj1c,6944,8SKi-c2pj1c,could not identify event,
Zeuge,Moody,,,,Accapella,2025,DLTLLY,2025-05-11,https://www.youtube.com/watch?v=TXyS6b-GDFE,19784,TXyS6b-GDFE,NRWeekend 8,
JÄL,SHAWN MORENO,,,,Accapella,2025,FOB,2025-05-09,https://www.youtube.com/watch?v=HotnxCt_Y98,8598,HotnxCt_Y98,RAP BATTLE,
Ano-Nym,Morgana,,,,On Beat,2025,DLTLLY,2025-05-04,https://www.youtube.com/watch?v=4GcjUISJthk,106938,4GcjUISJthk,   Only &#39;25,
Morgana,Ano-Nym,,,,On Beat,2025,DLTLLY,2025-05-04,https://www.youtube.com/watch?v=3Bc_tXH0MQM,7687,3Bc_tXH0MQM,Interview  Only &#39;25,
RIMA,TRACY,,,,Accapella,2025,FOB,2025-05-04,https://www.youtube.com/watch?v=BGPIQFIZTa8,8336,BGPIQFIZTa8,RAP BATTLE,
THUNDER HUSTLE,ENYO,,,,Accapella,2025,FOB,2025-05-02,https://www.youtube.com/watch?v=EFQVEjRMQBc,13825,EFQVEjRMQBc,RAP BATTLE,
Bdad,Kato,,,,Accapella,2025,DLTLLY,2025-05-02,https://www.youtube.com/watch?v=A4YmPpLy6SQ,9394,A4YmPpLy6SQ,Teaser Mayhem 8,
Cashus K,Mazzikaner,,,,Accapella,2025,DLTLLY,2025-05-01,https://www.youtube.com/watch?v=8-4oBnK0qvw,8893,8-4oBnK0qvw,One Rounder  Kassel,
MAURITS,DARIO,,,,Accapella,2025,FOB,2025-04-29,https://www.youtube.com/watch?v=yY5T08XY69M,3236,yY5T08XY69M,RAP BATTLE,
Lyrico,Kiruma,,,,Accapella,2025,DLTLLY,2025-04-28,https://www.youtube.com/watch?v=Mc2aXEyvTCU,8643,Mc2aXEyvTCU,Match-Teaser für MAYhem 8 - 03.05.25 - Berlin,
Emenes,Joseph Steinschleuder,,,,Accapella,2025,DLTLLY,2025-04-27,https://www.youtube.com/watch?v=dmih32mOqvI,135705,dmih32mOqvI,   Berlin,
MOKO,HARLEM T,,,,Accapella,2025,FOB,2025-04-27,https://www.youtube.com/watch?v=Z7zbdw0lQE0,4290,Z7zbdw0lQE0,RAP BATTLE,
FAIVEL,KRISO,,,,Accapella,2025,FOB,2025-04-25,https://www.youtube.com/watch?v=FfSCHXhfYMw,7747,FfSCHXhfYMw,RAP BATTLE,
Sizyphos,Wolff,,,,Accapella,2025,DLTLLY,2025-04-20,https://www.youtube.com/watch?v=LvFNAUPx3bo,103574,LvFNAUPx3bo,  Kassel,
Sizyphos,Wolff,,,,Accapella,2025,DLTLLY,2025-04-20,https://www.youtube.com/watch?v=XBXwa0j6NAY,12269,XBXwa0j6NAY,Interview Kassel,
BARETTA,LYT,,,,Accapella,2025,FOB,2025-04-20,https://www.youtube.com/watch?v=gDMtxVnkhjM,5505,gDMtxVnkhjM,RAP BATTLE,
LAVAS,FYNN,,,,Accapella,2025,FOB,2025-04-18,https://www.youtube.com/watch?v=VjmsWn79FUw,8810,VjmsWn79FUw,RAP BATTLE,
Ferry,Shizu,,,,Accapella,2025,DLTLLY,2025-04-13,https://www.youtube.com/watch?v=g2pFv1bIBXE,29336,g2pFv1bIBXE,  Kassel,
CELUNE,BDAD,,,,Accapella,2025,FOB,2025-04-11,https://www.youtube.com/watch?v=q7sXw-FC4YY,33900,q7sXw-FC4YY,RAP BATTLE,
Ryko J,Fate,,,,Accapella,2025,DLTLLY,2025-04-10,https://www.youtube.com/watch?v=lKGDAMNjHLE,34486,lKGDAMNjHLE,  DISSember 8,
Bdad,Kitana,,,,Accapella,2025,DLTLLY,2025-04-09,https://www.youtube.com/watch?v=__C8BljtrHc,11519,__C8BljtrHc,Teaser Wien 12.04.,
Yarambo,Meidi,,,,Accapella,2025,DLTLLY,2025-04-06,https://www.youtube.com/watch?v=kxIw0Z2ZA6k,12532,kxIw0Z2ZA6k,Interview DISSember8,
Yarambo,Meidi,,,,Accapella,2025,DLTLLY,2025-04-06,https://www.youtube.com/watch?v=UxQTqBKXUfI,131227,UxQTqBKXUfI,  DISSember 8,
HIDING JOHN,JIZI,,,,Accapella,2025,FOB,2025-04-04,https://www.youtube.com/watch?v=GFEPBGtw94I,78274,GFEPBGtw94I,RAP BATTLE,
Craze,Neilz,,,,Accapella,2025,DLTLLY,2025-03-30,https://www.youtube.com/watch?v=lVopiPk8pfE,26077,lVopiPk8pfE,Interview Dissember8,
Craze,Neilz,,,,Accapella,2025,DLTLLY,2025-03-30,https://www.youtube.com/watch?v=3p2GdJMQ6GA,132908,3p2GdJMQ6GA,  Dissember 8,
OREGANO,DAVIE JONES,,,,Accapella,2025,FOB,2025-03-28,https://www.youtube.com/watch?v=vJvkxeKeC3w,80495,vJvkxeKeC3w,RAP BATTLE,
DAVIE JONES,BEASTBOY,,,,Accapella,2025,DLTLLY,2025-03-23,https://www.youtube.com/watch?v=E2s4ZnUUzWo,302842,E2s4ZnUUzWo,Interview NRWeekend 8,
Davie Jones,BEASTBOY,,,,Accapella,2025,DLTLLY,2025-03-23,https://www.youtube.com/watch?v=2gujsLjMnU0,2826386,2gujsLjMnU0,  NRWeekend 8,
JOSEPH STEINSCHLEUDER,VYRUS,,,,Accapella,2025,FOB,2025-03-21,https://www.youtube.com/watch?v=VW9JWWYWTAc,63162,VW9JWWYWTAc,RAP BATTLE,
Aytee,Karanova,,,,Accapella,2025,DLTLLY,2025-03-16,https://www.youtube.com/watch?v=s501ewLwo1w,9855,s501ewLwo1w,Interview Berlin &#39;25,
Aytee,Karanova,,,,On Beat,2025,DLTLLY,2025-03-16,https://www.youtube.com/watch?v=SYo3zBQzwtQ,259134,SYo3zBQzwtQ,🏆 ON BEAT TITLE MATCH 2025 🏆,
KALP ONE,VALIK,,,,Accapella,2024,FOB,2025-03-14,https://www.youtube.com/watch?v=pJA2VSeUyrw,7550,pJA2VSeUyrw,RAP BATTLE,
Kato,Tobi High,DISSember 8,Festsaal Kreuzberg,Berlin,Accapella,2024,DLTLLY,2025-03-09,https://www.youtube.com/watch?v=KYE2dCsI8oU,111465,KYE2dCsI8oU,🏆 Title Match 2024 DISSember 8 🏆 ,
Kato,Tobi High,DISSember 8,Festsaal Kreuzberg,Berlin,Accapella,2025,DLTLLY,2025-03-09,https://www.youtube.com/watch?v=Se4aQd0xzL4,24873,Se4aQd0xzL4,Interview zum Title Match Dissember 8,
LUCKYLILY,T-WAY,Unbeatable,,,Accapella,2025,FOB,2025-03-07,https://www.youtube.com/watch?v=jogDDg8UrT0,14582,jogDDg8UrT0,RAP BATTLE,
Hiding John,Requiem,DISSember 8,Festsaal Kreuzberg,Berlin,Accapella,2025,DLTLLY,2025-03-02,https://www.youtube.com/watch?v=sVftXy-84ME,57220,sVftXy-84ME,  DISSember 8,
TICC,FEEL.IKX,Unbeatable,,,Accapella,2025,FOB,2025-02-28,https://www.youtube.com/watch?v=AFaZPkRlbVQ,5814,AFaZPkRlbVQ,RAP BATTLE,
Robscure,Karkobi,,,Kassel,Accapella,2025,DLTLLY,2025-02-23,https://www.youtube.com/watch?v=cPiNUjyXRv4,53351,cPiNUjyXRv4,  Kassel,
ALADIN,KOOZY,,,,Accapella,2025,FOB,2025-02-21,https://www.youtube.com/watch?v=90w3P4aaCew,5677,90w3P4aaCew,RAP BATTLE,
Requiem,Sizyphos,,,,Accapella,2025,DLTLLY,2025-02-16,https://www.youtube.com/watch?v=nkkgsZG1RTI,67719,nkkgsZG1RTI,  Freiburg &#39;24,
Requiem,Sizyphos,,,,Accapella,2025,DLTLLY,2025-02-16,https://www.youtube.com/watch?v=J0tMmTZQYlo,4317,J0tMmTZQYlo,Interview Freiburg,
MAZZIKANER & CASHUS K,LAZLO MXRPHINE & DOKTOR LUKAS FRANK,,,,Accapella,2025,FOB,2025-02-14,https://www.youtube.com/watch?v=3_KX2HILsCU,6878,3_KX2HILsCU,RAP BATTLE,
Davie Jones,Craze,,,,Accapella,2025,DLTLLY,2025-02-09,https://www.youtube.com/watch?v=cTXwSOqrZXY,70946,cTXwSOqrZXY,  Freiburg &#39;24,
Craze,Davie Jones,,,,Accapella,2025,DLTLLY,2025-02-09,https://www.youtube.com/watch?v=7Viv4hq0jEo,6696,7Viv4hq0jEo,Interview Freiburg &#39;24,
NOTYZZE,YUAH,,,,Accapella,2025,FOB,2025-02-07,https://www.youtube.com/watch?v=BvO2sdUm1q4,40881,BvO2sdUm1q4,RAP BATTLE,
Moody,Celune,,,,Accapella,2025,DLTLLY,2025-02-06,https://www.youtube.com/watch?v=wytgWL8RCEA,26781,wytgWL8RCEA,  Freiburg &#39;24,
Moody,Celune,,,,Accapella,2025,DLTLLY,2025-02-06,https://www.youtube.com/watch?v=e_BdozUEAf8,3350,e_BdozUEAf8,Interview Freiburg &#39;24,
Aytee,Karanova,,,,On Beat,2025,DLTLLY,2025-02-04,https://www.youtube.com/watch?v=Zp6mL0C23YM,11443,Zp6mL0C23YM,Title Match - Provokation  Only Berlin,
Shortworth,Young Kennedy,,,,Accapella,2025,DLTLLY,2025-02-02,https://www.youtube.com/watch?v=Jb7nLnvt9xk,948,Jb7nLnvt9xk,Interview Freiburg &#39;24,
Young Kennedy,Shortworth,,,,Accapella,2025,DLTLLY,2025-02-02,https://www.youtube.com/watch?v=AtYLF4rn1R8,15742,AtYLF4rn1R8,  Freiburg &#39;24,
HEINZ87,LATIK,,,,Accapella,2025,FOB,2025-01-31,https://www.youtube.com/watch?v=NDHVCiqnl1c,5293,NDHVCiqnl1c,RAP BATTLE,
Faivel,Riesenlauch,,,Freiburg,Accapella,2025,DLTLLY,2025-01-26,https://www.youtube.com/watch?v=5WnR6TDxAhg,15612,5WnR6TDxAhg,  Freiburg 24,
Faivel,Riesenlauch,,,,Accapella,2025,DLTLLY,2025-01-26,https://www.youtube.com/watch?v=ECj6jzGhp2Q,1271,ECj6jzGhp2Q,Interview Freiburg 24,
NRG,FROZEN,,,,Accapella,2025,FOB,2025-01-24,https://www.youtube.com/watch?v=lr-V4CfntNI,4397,lr-V4CfntNI,RAP BATTLE,
Bdad,Indoor Stan,,,Freiburg,Accapella,2025,DLTLLY,2025-01-19,https://www.youtube.com/watch?v=PEXAziy1EDo,50240,PEXAziy1EDo,  Freiburg 24,
Bdad,Indoor Stan,,,,Accapella,2025,DLTLLY,2025-01-19,https://www.youtube.com/watch?v=kb2BDEOUYwA,3812,kb2BDEOUYwA,Interview Freiburg,
MOODY,ROOL,,,,Accapella,2025,FOB,2025-01-17,https://www.youtube.com/watch?v=14zNL0MQ9XQ,5635,14zNL0MQ9XQ,RAP BATTLE,
Kiruma,Notyzze,,,,Accapella,2025,DLTLLY,2025-01-12,https://www.youtube.com/watch?v=KUwb8QdHF0w,37107,KUwb8QdHF0w,  BORA Duisburg,
Notyzze,Kiruma,,,,Accapella,2025,DLTLLY,2025-01-12,https://www.youtube.com/watch?v=IIUieRMUmxo,6215,IIUieRMUmxo,Interview BORA Duisburg,
CUBSAOUI,WATNKERL,,,,Accapella,2025,FOB,2025-01-10,https://www.youtube.com/watch?v=qpFKueKM-Bs,4903,qpFKueKM-Bs,RAP BATTLE,
Despo,LAZLO MXRPHINE,,,,On Beat,2025,DLTLLY,2025-01-09,https://www.youtube.com/watch?v=w9fzWlAcwio,26984,w9fzWlAcwio,Full   Duisburg,
Mighty P,Duff,,,,Accapella,2024,DLTLLY,2025-01-05,https://www.youtube.com/watch?v=iP82Tmhs7QA,20863,iP82Tmhs7QA,  Duisburg 2024,
YUNA L,LUG,,,,Accapella,2025,FOB,2025-01-03,https://www.youtube.com/watch?v=kmIj06LSgh8,12038,kmIj06LSgh8,RAP BATTLE,
Zeptah,Shorteh Taunton,,,,On Beat,2025,DLTLLY,2025-01-02,https://www.youtube.com/watch?v=p36W5ErNVMs,17074,p36W5ErNVMs,Full Live   Feel Festival,
Ryko J,Nastic,,,,Accapella,2024,DLTLLY,2024-12-29,https://www.youtube.com/watch?v=r1gs-4umHNM,27027,r1gs-4umHNM,  Duisburg,
MUSIO,TAO,,,,Accapella,2024,FOB,2024-12-27,https://www.youtube.com/watch?v=H7fxAgomU4g,9933,H7fxAgomU4g,RAP BATTLE,
CSN Galactico & Nastic,Shizu & Morgana,,,,On Beat,2024,DLTLLY,2024-12-26,https://www.youtube.com/watch?v=jv29TjM8rpI,18997,jv29TjM8rpI,Live   Splash Festival 2024,
OREGANO,NATALI,,,,Accapella,2024,FOB,2024-12-24,https://www.youtube.com/watch?v=Hv3vSoclkiU,48422,Hv3vSoclkiU,RAP BATTLE,
Aytee,Davie Jones,,,,Accapella,2024,DLTLLY,2024-12-22,https://www.youtube.com/watch?v=Cte96RAY8Eg,167495,Cte96RAY8Eg,  Duisburg 2024,
KATO,EZRA,,,,Accapella,2024,FOB,2024-12-22,https://www.youtube.com/watch?v=tzoyIe03xrY,21250,tzoyIe03xrY,RAP BATTLE,
CLOCKWORK,PALEIACCI,,,,Accapella,2024,FOB,2024-12-21,https://www.youtube.com/watch?v=iVFXKkpYfIs,5731,iVFXKkpYfIs,LEVEL UP FINALE,
JOSEPH STEINSCHLEUDER,CSN GALACTICO,,,,Accapella,2024,FOB,2024-12-20,https://www.youtube.com/watch?v=bJ8227BsnDk,85372,bJ8227BsnDk,RAP BATTLE,
MATTIS,CRAZYO,,,,Accapella,2024,FOB,2024-12-19,https://www.youtube.com/watch?v=h7mOdHjhmKY,7022,h7mOdHjhmKY,RAP BATTLE,
Karanova,Ano-Nym,,,,On Beat,2024,DLTLLY,2024-12-19,https://www.youtube.com/watch?v=DHK_5lqwzJY,42654,DHK_5lqwzJY, splashfest  2024,
FYNN,SACHMA,,,,Accapella,2024,FOB,2024-12-18,https://www.youtube.com/watch?v=_djYJf_aEMc,5580,_djYJf_aEMc,RAP BATTLE,
BDAD,STEEL,,,,Accapella,2024,FOB,2024-12-16,https://www.youtube.com/watch?v=P3N0ynzvueM,17027,P3N0ynzvueM,RAP BATTLE,
Freekno,Gerro,,,,Accapella,2024,DLTLLY,2024-12-15,https://www.youtube.com/watch?v=9gqaV2Oygk8,13249,9gqaV2Oygk8,  Duisburg,
DANNY DEADWEIGHT,HERR SÖREN,,,,Accapella,2024,FOB,2024-12-15,https://www.youtube.com/watch?v=LH8Jm328qJ8,7252,LH8Jm328qJ8,RAP BATTLE,
PAPI SCHLAUCH,SIZYPHOS,,,,Accapella,2024,FOB,2024-12-13,https://www.youtube.com/watch?v=yTCdd3uhIFw,94906,yTCdd3uhIFw,RAP BATTLE,
P-HAZE,SID,,,,Accapella,2024,FOB,2024-12-09,https://www.youtube.com/watch?v=qDRNB1U0k0Y,2407,qDRNB1U0k0Y,RAP BATTLE,
Tobi High,Karma,,,,Accapella,2024,DLTLLY,2024-12-08,https://www.youtube.com/watch?v=Qfi3sqsUs-Y,15057,Qfi3sqsUs-Y,&amp; Interview Splash Festival 2024,
CRAZE,HIDING JOHN,,,,Accapella,2024,FOB,2024-12-06,https://www.youtube.com/watch?v=XwzQlYQviOY,110862,XwzQlYQviOY,RAP BATTLE,
EIN LETZTES MAL: Yarambo,Meidi,,,,Accapella,2024,DLTLLY,2024-12-04,https://www.youtube.com/watch?v=-dUVckiODDg,26895,-dUVckiODDg,07. Dezember Festsaal Kreuzberg SOLD OUT,
Bong Teggy,Fate,,,,On Beat,2024,DLTLLY,2024-12-01,https://www.youtube.com/watch?v=uwVdRxPLKtk,62775,uwVdRxPLKtk,  Feel Festival,
VYRUS,MORGANA,,,,Accapella,2024,FOB,2024-11-29,https://www.youtube.com/watch?v=9YCHMLzIcus,38267,9YCHMLzIcus,RAP BATTLE,
Joseph Steinschleuder,BanDan,,,,On Beat,2024,DLTLLY,2024-11-28,https://www.youtube.com/watch?v=GV0mRT9rTv0,26808,GV0mRT9rTv0,  Feel Festival,
Ferry & Duzoe,Sizyphos & Fate,,,,On Beat,2024,DLTLLY,2024-11-24,https://www.youtube.com/watch?v=fZyWsFSPtxE,95527,fZyWsFSPtxE,2on2   Splash,
3 &quot;ZINZITYS&quot;,NATALI,,,,Accapella,2024,FOB,2024-11-24,https://www.youtube.com/watch?v=AnW-N-13mEk,11114,AnW-N-13mEk,RAP BATTLE,
KARANOVA,STEEL,,,,Accapella,2024,FOB,2024-11-22,https://www.youtube.com/watch?v=hCjCg8iUEiM,22700,hCjCg8iUEiM,RAP BATTLE,
Kid Soldier,Lyrico,,,,Accapella,2024,DLTLLY,2024-11-21,https://www.youtube.com/watch?v=rh_32fJVF_Y,19862,rh_32fJVF_Y,&amp; Interview Splash Festival,
Freestyle Turnier 4/7: Fate,Shizu,,,,Accapella,2024,DLTLLY,2024-11-19,https://www.youtube.com/watch?v=9W-6Wv-_xC0,9475,9W-6Wv-_xC0,Vorrunde B-DAY 11,
Bong Teggy,Hiding John,,,,Accapella,2024,DLTLLY,2024-11-17,https://www.youtube.com/watch?v=-XMBtTEwHcc,218991,-XMBtTEwHcc,  Bday 11,
Bong Teggy,Hiding John,,,,Accapella,2024,DLTLLY,2024-11-17,https://www.youtube.com/watch?v=B4qGn4U-Ju4,13549,B4qGn4U-Ju4,Interview Event Name oder Stadt,
DER KATER,JAMAIKA KLAUS,,,,Accapella,2024,FOB,2024-11-17,https://www.youtube.com/watch?v=znyQsdCEmYA,4004,znyQsdCEmYA,RAP BATTLE,
FABS,YOUNG KENNEDY,,,,Accapella,2024,FOB,2024-11-15,https://www.youtube.com/watch?v=jyYNsrDR9BQ,9344,jyYNsrDR9BQ,RAP BATTLE,
TICC,GEORGIE,,,,Accapella,2024,FOB,2024-11-10,https://www.youtube.com/watch?v=mxTayKYnmQk,4800,mxTayKYnmQk,RAP BATTLE,
LuckyLily & Sh@wdy Sh@f,Shizu & Morgana,,,,On Beat,2024,DLTLLY,2024-11-10,https://www.youtube.com/watch?v=YeUReNWt9ho,162457,YeUReNWt9ho,Battle + Interview Feel Festival,
KIRUMA,TOKZ,,,,Accapella,2024,FOB,2024-11-08,https://www.youtube.com/watch?v=hRe2Ze0d9oY,8235,hRe2Ze0d9oY,RAP BATTLE,
Moonshadow,Riesenlauch,,,,Accapella,2024,DLTLLY,2024-11-07,https://www.youtube.com/watch?v=4TPCafzSUg4,7981,4TPCafzSUg4,  Proving Grounds,
Freestyle Turnier 3/7: Papi Schlauch,Yuah,,,,Accapella,2024,DLTLLY,2024-11-05,https://www.youtube.com/watch?v=HMzkYuFqc-Q,14774,HMzkYuFqc-Q,Vorrunde B-DAY 11,
Cashisclay & 4Tune,Freezy & Vyrus,,,,Accapella,2024,DLTLLY,2024-11-03,https://www.youtube.com/watch?v=mmcJqPP9m8c,48531,mmcJqPP9m8c,#ERROR!,
LAVAŞ,CUBSAOUI,,,,Accapella,2024,FOB,2024-11-03,https://www.youtube.com/watch?v=DiDEe5uvyaU,4985,DiDEe5uvyaU,RAP BATTLE,
ZATO,HEYZEN,,,,Accapella,2024,FOB,2024-11-01,https://www.youtube.com/watch?v=Eu2QW0x-9A0,4561,Eu2QW0x-9A0,RAP BATTLE,
Mattis & Sid,Aladin & Natali,,,,Accapella,2024,DLTLLY,2024-10-31,https://www.youtube.com/watch?v=c05Xip_nkxM,7617,c05Xip_nkxM,2on2  Proving Grounds,
Freestyle Turnier 2/7: Nastic,Mighty P,,,,Accapella,2024,DLTLLY,2024-10-29,https://www.youtube.com/watch?v=KYCo-Z656io,10652,KYCo-Z656io,Vorrunde B-DAY 11,2024-10-31T00:40:22.269-04:00
Oregano,Karanova,,,,Accapella,2024,DLTLLY,2024-10-27,https://www.youtube.com/watch?v=OQVvKIQSGAc,71080,OQVvKIQSGAc,  Bday 11,2024-10-28T00:47:37.561-04:00
Oregano,Karanova,,,,Accapella,2024,DLTLLY,2024-10-27,https://www.youtube.com/watch?v=IYFcf4pRKCM,8591,IYFcf4pRKCM,Interview Bday 11,2024-10-28T00:47:37.564-04:00
SHADYX,HOODOO,,,,Accapella,2024,FOB,2024-10-27,https://www.youtube.com/watch?v=BKtyaBhlrKk,2680,BKtyaBhlrKk,RAP BATTLE,2024-10-28T12:47:37.070-04:00
BURST & T-WAY,DER SERGEANT & EZRA,,,,Accapella,2024,FOB,2024-10-25,https://www.youtube.com/watch?v=8kr6kd2gUkI,4225,8kr6kd2gUkI,RAP BATTLE,2024-10-26T13:13:45.896-04:00
Der Sergeant,Capco Jones,,,,Accapella,2024,DLTLLY,2024-10-24,https://www.youtube.com/watch?v=VxEGTR28vXE,9648,VxEGTR28vXE,  Proving Grounds,2024-10-25T13:13:45.438-04:00
Freestyle Turnier 1/7: Joseph Steinschleuder,N&#39;Antinein,,,,Accapella,2024,DLTLLY,2024-10-22,https://www.youtube.com/watch?v=awJH7gu-mXo,18333,awJH7gu-mXo,Vorrunde B-DAY 11,2024-10-23T13:13:45.762-04:00
JILLY,LUG,,,,Accapella,2024,FOB,2024-10-20,https://www.youtube.com/watch?v=H33I5G3bHdo,3144,H33I5G3bHdo,RAP BATTLE,2024-10-21T13:13:44.937-04:00
Kid Soldier,Requiem,BDAY 11,Festsaal Kreuzberg,Berlin,Accapella,2024,DLTLLY,2024-10-20,https://www.youtube.com/watch?v=0Ps66ihY4P4,3742,0Ps66ihY4P4,Interview BDay 11,2024-10-21T13:13:44.937-04:00
Kid Soldier,Requiem,,,,Accapella,2024,DLTLLY,2024-10-20,https://www.youtube.com/watch?v=6Ef4eIXn3iI,31279,6Ef4eIXn3iI,  BDay 11,2024-10-22T13:13:45.186-04:00
PALEIACCI,FAIVEL,,,,Accapella,2024,FOB,2024-10-18,https://www.youtube.com/watch?v=LCS1uMgU5no,7328,LCS1uMgU5no,RAP BATTLE,2024-10-19T13:13:44.452-04:00
CLOCKWORK,PALEIACCI,,,,Accapella,2024,FOB,2024-10-16,https://www.youtube.com/watch?v=JCWqh80-yYQ,1855,JCWqh80-yYQ,TEASER LEVEL UP FINALE,2024-10-17T13:13:44.416-04:00
CLOCKWORK,KRISO,,,,Accapella,2024,FOB,2024-10-13,https://www.youtube.com/watch?v=XPg7-YRYs-0,5394,XPg7-YRYs-0,RAP BATTLE,2024-10-14T13:13:45.727-04:00
Fate,Bayze,,,,Accapella,2024,DLTLLY,2024-10-13,https://www.youtube.com/watch?v=PO9Fv7MYRx4,30456,PO9Fv7MYRx4,#ERROR!,2024-10-14T13:13:45.729-04:00
FREEKNO,CELUNE,,,,Accapella,2024,FOB,2024-10-11,https://www.youtube.com/watch?v=XTbwRNMD4f8,18964,XTbwRNMD4f8,RAP BATTLE,2024-10-12T13:13:44.677-04:00
S-Staticx,Dascha,,,,Accapella,2024,DLTLLY,2024-10-10,https://www.youtube.com/watch?v=bw0R9iSxx30,12105,bw0R9iSxx30,#ERROR!,2024-10-12T13:13:44.678-04:00
Yarambo,Mc Geuner,,,,Accapella,2024,DLTLLY,2024-10-06,https://www.youtube.com/watch?v=VUm9SSe15rA,63797,VUm9SSe15rA,  München,2024-10-06T13:13:45.104-04:00
Yarambo,Mc Geuner,,,,Accapella,2024,DLTLLY,2024-10-06,https://www.youtube.com/watch?v=dG-NXwKzz0I,6173,dG-NXwKzz0I,Interview München,2024-10-06T13:13:45.108-04:00
SCHLAWINOR,PESC,,,,Accapella,2024,FOB,2024-10-06,https://www.youtube.com/watch?v=pt4vLRUCPp4,4462,pt4vLRUCPp4,RAP BATTLE,2024-10-07T13:13:44.839-04:00
LAVAŞ,WINK,,,,Accapella,2024,FOB,2024-10-04,https://www.youtube.com/watch?v=avYJLB-3MB0,3808,avYJLB-3MB0,RAP BATTLE,2024-10-05T15:41:07.857-04:00
MALIK,SIC68,,,,Accapella,2024,FOB,2024-09-29,https://www.youtube.com/watch?v=zOx16rImWoA,2901,zOx16rImWoA,RAP BATTLE,2024-09-30T04:11:25.874-04:00
Karanova,N&#39;Antinein,,,,Accapella,2024,DLTLLY,2024-09-29,https://www.youtube.com/watch?v=jshtk1lHnSw,3531,jshtk1lHnSw,Interview München,2024-09-29T04:27:37.915-04:00
N&#39;Antinein,Karanova,,,,Accapella,2024,DLTLLY,2024-09-29,https://www.youtube.com/watch?v=IKwLwUyWO6A,29652,IKwLwUyWO6A,  München,2024-09-29T04:27:37.916-04:00
DAVID ARDOR,BARETTA,,,,Accapella,2024,FOB,2024-09-27,https://www.youtube.com/watch?v=lcLaJCLDByE,4935,lcLaJCLDByE,RAP BATTLE,2024-09-29T04:27:37.916-04:00
Onkel Fränk,Drunk,,,,Accapella,2024,DLTLLY,2024-09-24,https://www.youtube.com/watch?v=Po2-Ba8ug9I,8498,Po2-Ba8ug9I,#ERROR!,2024-09-25T04:11:27.253-04:00
Neilz,Davie Jones,,,,Accapella,2024,DUDL,2024-09-22,https://www.youtube.com/watch?v=fB5JK8nZ4pw,35283,fB5JK8nZ4pw,D&amp;DL,2024-09-23T04:11:34.582-04:00
DADDA,MAZZIKANER,,,,Accapella,2024,FOB,2024-09-22,https://www.youtube.com/watch?v=xuMwrAwxjuM,7822,xuMwrAwxjuM,RAP BATTLE,2024-09-23T04:11:34.582-04:00
Hiding John,Kid Soldier,,,,Accapella,2024,DLTLLY,2024-09-22,https://www.youtube.com/watch?v=GQcwz2t0yJA,71022,GQcwz2t0yJA,Bad Bars  München,2024-09-23T04:11:34.582-04:00
Hiding John,Kid Soldier,,,,Accapella,2024,DLTLLY,2024-09-22,https://www.youtube.com/watch?v=BHgMmZaslMM,8688,BHgMmZaslMM,Interview München,2024-09-23T04:11:34.582-04:00
KIRUMA,MOODY,,,,Accapella,2024,FOB,2024-09-20,https://www.youtube.com/watch?v=D5UKLm3tSj4,17072,D5UKLm3tSj4,FSK 0 BATTLE,2024-09-21T04:11:32.429-04:00
DANNY DEADWEIGHT,ROOL,,,,Accapella,2024,FOB,2024-09-15,https://www.youtube.com/watch?v=eJic21oJAKo,4214,eJic21oJAKo,RAP BATTLE,2024-09-16T04:11:35.894-04:00
Craze,Liuz,,,,On Beat,2024,DLTLLY,2024-09-15,https://www.youtube.com/watch?v=5JMXVlNWVdI,28192,5JMXVlNWVdI,#ERROR!,2024-09-16T04:11:35.895-04:00
PATO G,YUAH,,,,Accapella,2024,FOB,2024-09-13,https://www.youtube.com/watch?v=Ht2ioZWrWJw,5129,Ht2ioZWrWJw,FINALE,2024-09-14T04:11:31.813-04:00
Punjizz,Shizu aka. DeeLah,,,,Accapella,2024,DLTLLY,2024-09-12,https://www.youtube.com/watch?v=LLmwMQb1CQI,16407,LLmwMQb1CQI,#ERROR!,2024-09-13T04:11:29.678-04:00
NOTYZZE,YAAMANN (Battle um Platz 3),,,,Accapella,2024,FOB,2024-09-10,https://www.youtube.com/watch?v=2Z3LaxE89EI,3690,2Z3LaxE89EI,FREESTYLE TURNIER,2024-09-11T04:11:27.943-04:00
Morgana,Jeystone,,,,Accapella,2024,DUDL,2024-09-08,https://www.youtube.com/watch?v=3wGCnFTZFzs,8847,3wGCnFTZFzs,D&amp;DL,2024-09-09T09:53:18.733-04:00
Joseph Steinschleuder,Davie Jones,,,,Accapella,2024,DLTLLY,2024-09-08,https://www.youtube.com/watch?v=6ommjEnW9vI,55788,6ommjEnW9vI,#ERROR!,2024-09-09T09:53:18.733-04:00
Rool,Dyas,,,,Accapella,2024,DLTLLY,2024-09-05,https://www.youtube.com/watch?v=jagpHG4EWME,6691,jagpHG4EWME,#ERROR!,2024-09-06T09:53:19.133-04:00
T-Way,Gerro,,,,Accapella,2024,DUDL,2024-09-01,https://www.youtube.com/watch?v=z-q8BX6Mxrs,8178,z-q8BX6Mxrs,D&amp;DL,2024-09-03T09:53:19.066-04:00
Kato,SnakeHeadRhyme,,,,Accapella,2024,DLTLLY,2024-09-01,https://www.youtube.com/watch?v=68QK0Kf8Lck,42227,68QK0Kf8Lck,  München,2024-09-03T09:53:19.069-04:00
Kato,SnakeHeadRhyme,,,,Accapella,2024,DLTLLY,2024-09-01,https://www.youtube.com/watch?v=topFWR2QQZo,4347,topFWR2QQZo,Interview München,2024-09-03T09:53:19.069-04:00
Baretta,Herr Sören,,,,Accapella,2024,DLTLLY,2024-08-29,https://www.youtube.com/watch?v=kcm0rdCOar4,9072,kcm0rdCOar4,#ERROR!,2024-09-03T09:53:19.070-04:00
InzaneMane,Leon Vinyard,,,,Accapella,2024,DUDL,2024-08-25,https://www.youtube.com/watch?v=115Cl3vTrPM,6631,115Cl3vTrPM,D&amp;DL,2024-08-25T16:43:44.733-04:00
Ilhan,Kitana,,,,On Beat,2024,DLTLLY,2024-08-25,https://www.youtube.com/watch?v=AtqetyTbheI,66501,AtqetyTbheI,#ERROR!,2024-08-25T16:43:44.735-04:00
JEPAIN,A-RON,,,,Accapella,2024,FOB,2024-08-23,https://www.youtube.com/watch?v=XrEZxw8z5bM,5965,XrEZxw8z5bM,RAP BATTLE,2024-08-25T16:43:44.735-04:00
Notyzze,Lyrico,,,,On Beat,2024,DLTLLY,2024-08-22,https://www.youtube.com/watch?v=Tgmq3_4RhjE,31139,Tgmq3_4RhjE,#ERROR!,2024-08-23T13:43:21.152-04:00
Ezra,Jilly,,,,Accapella,2024,DUDL,2024-08-18,https://www.youtube.com/watch?v=q8bh5WVlnew,4026,q8bh5WVlnew,D&amp;DL,2024-08-19T10:11:42.006-04:00
DANNY DEADWEIGHT,ONKEL FRÄNK,,,,Accapella,2024,FOB,2024-08-18,https://www.youtube.com/watch?v=Mkz8nufAVUo,5502,Mkz8nufAVUo,RAP BATTLE,2024-08-25T16:43:44.735-04:00
Meidi,Craze,,,,Accapella,2024,DLTLLY,2024-08-17,https://www.youtube.com/watch?v=-iUQflbZjj4,161834,-iUQflbZjj4,  MAYhem #7,2024-08-19T10:11:42.007-04:00
Meidi,Craze,,,,Accapella,2024,DLTLLY,2024-08-17,https://www.youtube.com/watch?v=vnq0PZiNHpM,21910,vnq0PZiNHpM,Interview MAYhem #7,2024-08-19T10:11:42.007-04:00
MC COLOGNE & PATO G,REQUIEM & FROZEN,,,,Accapella,2024,FOB,2024-08-16,https://www.youtube.com/watch?v=TWJGch9t_tk,9560,TWJGch9t_tk,RAP BATTLE,2024-08-25T16:43:44.735-04:00
FraxOne,Georgie,,,,Accapella,2024,DUDL,2024-08-11,https://www.youtube.com/watch?v=WQKX9rMwfPs,3707,WQKX9rMwfPs,D&amp;DL,2024-08-12T10:11:41.543-04:00
Ssynic,Tobi High,,,,Accapella,2024,DLTLLY,2024-08-11,https://www.youtube.com/watch?v=_2mNNkIfRww,329426,_2mNNkIfRww,  MAYhem #7,2024-08-12T10:11:41.546-04:00
Ssynic,Tobi High,,,,Accapella,2024,DLTLLY,2024-08-11,https://www.youtube.com/watch?v=uq5t-evaHBs,40955,uq5t-evaHBs,Interview MAYhem #7,2024-08-12T10:11:41.547-04:00
Hiding John,Shizu,,,,Accapella,2024,DLTLLY,2024-08-04,https://www.youtube.com/watch?v=5wYtTi39xh8,10551,5wYtTi39xh8,Interview MAYhem #7,2024-08-04T14:53:21.567-04:00
Hiding John,Shizu,,,,Accapella,2024,DLTLLY,2024-08-04,https://www.youtube.com/watch?v=ZIH7h0e7aWg,90115,ZIH7h0e7aWg,  MAYhem #7,2024-08-04T14:53:21.568-04:00
Requiem,Ilhan,MAYhem 7,Festsaal Kreuzberg,Berlin,Accapella,2024,DLTLLY,2024-07-28,https://www.youtube.com/watch?v=9Po9A8VvDFs,29426,9Po9A8VvDFs,#ERROR!,2024-08-03T02:43:42.998-04:00
VYRUS & FREEZY,SIZYPHOS & SH@WDY SH@F,Co-Event DLTLLY & FOB,Jugendzentrum.Digital Deutz,Köln,Accapella,2024,FOB,2024-07-26,https://www.youtube.com/watch?v=yC4KF5j4SC0,123368,yC4KF5j4SC0,RAP BATTLE,2024-08-03T02:51:37.683-04:00
Quill,Hollow Da Don,MAYhem 7,Festsaal Kreuzberg,Berlin,Accapella,2024,DLTLLY,2024-07-21,https://www.youtube.com/watch?v=L4bqv0Z187s,69374,L4bqv0Z187s,International  + Interview MAYhem #7,2024-08-03T02:48:16.283-04:00
MOODY,EZRA,Co-Event DLTLLY & FOB,Jugendzentrum.Digital Deutz,Köln,Accapella,2024,FOB,2024-07-21,https://www.youtube.com/watch?v=_xZ5PG4OiQ4,4343,_xZ5PG4OiQ4,ONE-ROUNDER,2024-08-03T02:48:16.283-04:00
DAVIE JONES,BDAD,Co-Event DLTLLY & FOB,Kulturbunker Mülheim,Köln,Accapella,2024,FOB,2024-07-19,https://www.youtube.com/watch?v=j0UoUGbmxcQ,36875,j0UoUGbmxcQ,ACAPELLA BATTLE,2024-08-03T02:43:42.859-04:00
Wolff,T-Way,Co-Event DLTLLY & FOB,Kulturbunker Mülheim,Köln,Accapella,2024,DLTLLY,2024-07-14,https://www.youtube.com/watch?v=zOWZq8nG75U,46630,zOWZq8nG75U,Co-Event,2024-08-03T02:43:42.859-04:00
HOODOO,GEERAH,Co-Event DLTLLY & FOB,Kulturbunker Mülheim,Köln,Accapella,2024,FOB,2024-07-14,https://www.youtube.com/watch?v=SooZ6KbCv4I,2809,SooZ6KbCv4I,ACAPELLA BATLLE,2024-08-03T02:43:42.859-04:00
Wolff,T-Way,,,,Accapella,2024,DLTLLY,2024-07-14,https://www.youtube.com/watch?v=haDRNN288xI,3284,haDRNN288xI,Co-Event,2024-08-28T04:11:30.470-04:00
ZEPTAH,REQUIEM,Co-Event DLTLLY & FOB,Jugendzentrum.Digital Deutz,Köln,On Beat,2024,FOB,2024-07-12,https://www.youtube.com/watch?v=EJdpjtbvjEo,15028,EJdpjtbvjEo,ON BEAT BATTLE,2024-08-03T02:43:42.859-04:00
MC Cologne,Bandan,Co-Event DLTLLY & FOB,Jugendzentrum.Digital Deutz,Köln,On Beat,2024,DLTLLY,2024-07-11,https://www.youtube.com/watch?v=6nV5CVQoKLo,8759,6nV5CVQoKLo,Co-Event,2024-08-03T02:43:42.859-04:00
Duff,Neilz,Co-Event DLTLLY & FOB,Kulturbunker Mülheim,Köln,On Beat,2024,DLTLLY,2024-07-07,https://www.youtube.com/watch?v=1MsrFX-bPC4,25532,1MsrFX-bPC4,Co-Event,2024-08-03T02:43:42.860-04:00
LUCKYLILY,MC GEUNER,Co-Event DLTLLY & FOB,Jugendzentrum.Digital Deutz,Köln,Accapella,2024,FOB,2024-07-05,https://www.youtube.com/watch?v=G3O29FB4itk,40178,G3O29FB4itk,ACAPELLA BATTLE,2024-08-03T02:43:42.860-04:00
Proton,Koozy,Co-Event DLTLLY & FOB,Kulturbunker Mülheim,Köln,On Beat,2024,DLTLLY,2024-07-04,https://www.youtube.com/watch?v=JCMIDlfCDjY,17400,JCMIDlfCDjY,Co-Event,2024-08-03T02:43:42.860-04:00
Mighty P & Lamin,FFFelix & Nastic,,,,Accapella,2024,DLTLLY,2024-06-27,https://www.youtube.com/watch?v=q3gQy17LHC0,13626,q3gQy17LHC0,2on2  + Interview  x  Co-Event,2024-08-03T02:43:42.860-04:00
Karma,Hiding John (One Rounder),,,,Accapella,2024,DLTLLY,2024-06-21,https://www.youtube.com/watch?v=7Vmk5up-5Fo,36050,7Vmk5up-5Fo,NRWeekend,2024-08-03T02:43:42.860-04:00
PESC,FAIVEL,LEVEL UP TURNIER,,Köln,Accapella,2024,FOB,2024-06-18,https://www.youtube.com/watch?v=EVKPjgMgfJg,5590,EVKPjgMgfJg,LEVEL UP TURNIER,2024-08-03T02:43:42.861-04:00
NATALI,KRISO,,,,Accapella,2024,FOB,2024-06-17,https://www.youtube.com/watch?v=lcDcZyVhX5Y,8949,lcDcZyVhX5Y,LEVEL UP TURNIER,2024-08-03T02:43:42.861-04:00
Kato & Yarambo,Joseph Steinschleuder & Sizyphos,NRWeekend 7,,,Accapella,2024,DLTLLY,2024-06-16,https://www.youtube.com/watch?v=4j1hDSpgsFw,186810,4j1hDSpgsFw,2on2  NRWeekend,2024-08-03T02:43:42.861-04:00
Kiruma,Karanova,D&DL Title-Match,Panke,Berlin,Accapella,2024,DUDL,2024-06-10,https://www.youtube.com/watch?v=rv_yat0fWhE,44454,rv_yat0fWhE, 🏆 ,2024-08-03T02:43:42.861-04:00
Jeystone,N'antinein,,,,On Beat,2024,DUDL,2024-06-09,https://www.youtube.com/watch?v=IuwaIOsyTXs,8180,IuwaIOsyTXs,Battle,2024-08-03T02:43:42.861-04:00
Liuz,T-Way,NRWeekend 7,,,Accapella,2024,DLTLLY,2024-06-09,https://www.youtube.com/watch?v=J8bcbhLcKq8,19341,J8bcbhLcKq8,  NRWeekend,2024-08-03T02:43:42.862-04:00
Ryko-J,Olio,NRWeekend 7,,,Accapella,2024,DLTLLY,2024-06-07,https://www.youtube.com/watch?v=6oGgSiAVu4I,40690,6oGgSiAVu4I,  NRWeekend,2024-08-03T02:43:42.862-04:00
Holu,Zeuge,,Panke,,Accapella,2024,DUDL,2024-06-02,https://www.youtube.com/watch?v=bf94Ffg-3F4,8801,bf94Ffg-3F4,Battle,2024-08-03T02:43:42.862-04:00
Requiem,Fate,NRWeekend 7,Spektakulum,Düsseldorf,Accapella,2024,DLTLLY,2024-06-02,https://www.youtube.com/watch?v=OPSI5Jy-AVQ,23251,OPSI5Jy-AVQ,NRWeekend,2024-08-03T02:43:42.862-04:00
KATO,T-WAY,,,,Accapella,2024,FOB,2024-05-30,https://www.youtube.com/watch?v=nxx7jX1ylPc,12550,nxx7jX1ylPc,GAMING BARS RELOADED,2024-08-03T02:43:42.862-04:00
DER SERGEANT,EZRA,,,,Accapella,2024,FOB,2024-05-26,https://www.youtube.com/watch?v=hp9kbzK2ugs,5109,hp9kbzK2ugs,ACAPELLA BATTLE,2024-08-03T02:43:42.862-04:00
Franz Flaute,MC Rabiat,,,,Accapella,2024,DUDL,2024-05-26,https://www.youtube.com/watch?v=ca_rG-4NbNw,5048,ca_rG-4NbNw,Battle,2024-08-03T02:43:42.862-04:00
KRISO,CIZERO,,,,Accapella,2024,FOB,2024-05-26,https://www.youtube.com/watch?v=JZ87q10gvnM,2958,JZ87q10gvnM,ACAPELLA BATTLE,2024-08-03T02:43:42.862-04:00
PHILLIE.45,NASTIC (Freestyle als MAT),,,,On Beat,2024,FOB,2024-05-24,https://www.youtube.com/watch?v=RzVabkX8At8,4679,RzVabkX8At8,ON BEAT BATTLE,2024-08-03T02:43:42.862-04:00
Capco Jones,Schlawin0r,,,,Accapella,2024,DUDL,2024-05-19,https://www.youtube.com/watch?v=-zVGbTf4cXQ,3636,-zVGbTf4cXQ,Battle,2024-08-03T02:43:42.862-04:00
Moitz,Wenzel Washington,,,,Accapella,2024,DLTLLY,2024-05-19,https://www.youtube.com/watch?v=X2oW-AVnu_k,13849,X2oW-AVnu_k,NRWeekend,2024-08-03T02:43:42.863-04:00
Pablo,Morgana,,,,On Beat,2024,DLTLLY,2024-05-17,https://www.youtube.com/watch?v=wMIpuP755BM,27969,wMIpuP755BM,Berlin,2024-08-03T02:43:42.863-04:00
ILYA FLOYD,CRYSTAL MAX,,,,Accapella,2024,FOB,2024-05-16,https://www.youtube.com/watch?v=uTnZqyleXUo,3053,uTnZqyleXUo,ACAPELLA BATTLE,2024-08-03T02:43:42.863-04:00
JILLY,ROOL,,,,Accapella,2024,FOB,2024-05-16,https://www.youtube.com/watch?v=oy7yIMl1ZNA,3631,oy7yIMl1ZNA,ACAPELLA BATTLE,2024-08-03T02:43:42.863-04:00
MC GEUNER (SPECKTITTE MINO),RIPA,,,,Accapella,2024,FOB,2024-05-12,https://www.youtube.com/watch?v=6Fq9WuxhADc,4399,6Fq9WuxhADc,ACAPELLA BATTLE,2024-08-03T02:43:42.863-04:00
Georgie,Günti,,,,Accapella,2024,DUDL,2024-05-12,https://www.youtube.com/watch?v=CvxlkVUxyCQ,4393,CvxlkVUxyCQ,Battle,2024-08-03T02:43:42.863-04:00
MC Geuner,Bayze,NRWeekend 7,,,Accapella,2024,DLTLLY,2024-05-12,https://www.youtube.com/watch?v=me9eYSwqDfM,45066,me9eYSwqDfM,NRWeekend #7,2024-08-03T02:43:42.863-04:00
LARA SOFT,FROZEN,,,,On Beat,2024,FOB,2024-05-09,https://www.youtube.com/watch?v=hcwjr_srOXM,18508,hcwjr_srOXM,ON BEAT BATTLE,2024-08-03T02:43:42.863-04:00
David Ardor,Jilly,,,,Accapella,2024,DUDL,2024-05-05,https://www.youtube.com/watch?v=BxFo9Cnh4GI,3358,BxFo9Cnh4GI,Battle,2024-08-03T02:43:42.863-04:00
Steel,Davie Jones,,,Berlin,On Beat,2024,DLTLLY,2024-05-05,https://www.youtube.com/watch?v=uz5v_Bn_TzY,39823,uz5v_Bn_TzY,Berlin,2024-08-03T02:43:42.864-04:00
Notyzze,Tommy2Late,,,Berlin,On Beat,2024,DLTLLY,2024-05-05,https://www.youtube.com/watch?v=DDBzGJrY2Ds,61945,DDBzGJrY2Ds,Berlin,2024-08-03T02:43:42.864-04:00
CSN GALACTICO,SIC68,,,,Accapella,2024,FOB,2024-05-03,https://www.youtube.com/watch?v=cUb4Sq_nyLo,12666,cUb4Sq_nyLo,ACAPELLA BATTLE,2024-08-03T02:43:42.864-04:00
Tobi High,Papa TR,,,Berlin,On Beat,2024,DLTLLY,2024-04-28,https://www.youtube.com/watch?v=F5E_sF7XD7I,47365,F5E_sF7XD7I,Berlin,2024-08-03T02:43:42.864-04:00
HEYZEN,TOKZ,,,,On Beat,2024,FOB,2024-04-25,https://www.youtube.com/watch?v=QboOw6vfu5Q,5408,QboOw6vfu5Q,ON BEAT + ACAPELLA BATTLE,2024-08-03T02:43:42.864-04:00
Karanova,Bong Teggy,,,Berlin,On Beat,2024,DLTLLY,2024-04-21,https://www.youtube.com/watch?v=LN1Lv62vzbI,124655,LN1Lv62vzbI,🏆 ON BEAT TITLE MATCH 🏆,2024-08-03T02:43:42.864-04:00
TOLLSCHOCK,MALIK,,,,Accapella,2024,FOB,2024-04-21,https://www.youtube.com/watch?v=zH1kJVuX8QU,6431,zH1kJVuX8QU,ACAPELLA BATTLE,2024-08-03T02:43:42.864-04:00
Bong Teggy,Karanova,,,,Accapella,2024,DLTLLY,2024-04-21,https://www.youtube.com/watch?v=nJxEfSgOaFE,8019,nJxEfSgOaFE,Interview Berlin,2024-08-03T02:43:42.864-04:00
MC GEUNER,BANDAN,,,,Accapella,2024,FOB,2024-04-19,https://www.youtube.com/watch?v=8W6w_1IMHSQ,12019,8W6w_1IMHSQ,ACAPELLA BATTLE,2024-08-03T02:43:42.864-04:00
DOC,Mordrake,,,Berlin,On Beat,2024,DLTLLY,2024-04-19,https://www.youtube.com/watch?v=f-Cp3n-LCyw,10510,f-Cp3n-LCyw,Berlin,2024-08-03T02:43:42.864-04:00
FABS,DUFF,,,,Accapella,2024,FOB,2024-04-12,https://www.youtube.com/watch?v=PGneFiKoVf4,17391,PGneFiKoVf4,ACAPELLA BATTLE,2024-08-03T02:43:42.865-04:00
Tobi High,Meidi,,,Kassel,Accapella,2024,DLTLLY,2024-04-07,https://www.youtube.com/watch?v=SJ4P0J0u3o0,131121,SJ4P0J0u3o0,Kassel,2024-08-03T02:43:42.865-04:00
Zeptah,Tokz,,,Berlin,On Beat,2024,DLTLLY,2024-04-07,https://www.youtube.com/watch?v=sGN8Hll0T3M,18999,sGN8Hll0T3M,Berlin,2024-08-03T02:43:42.865-04:00
Yarambo,Karanova,,,Kassel,Accapella,2024,DLTLLY,2024-04-07,https://www.youtube.com/watch?v=JWaIWpR7cuA,92723,JWaIWpR7cuA,Kassel,2024-08-03T02:43:42.865-04:00
Aladin,Shorteh Taunton,,,Berlin,On Beat,2024,DLTLLY,2024-04-05,https://www.youtube.com/watch?v=yf72pQ4T_ak,11106,yf72pQ4T_ak,Berlin,2024-08-03T02:43:42.865-04:00
MC Maik,Snakeheadrhyme,,,Kassel,Accapella,2024,DLTLLY,2024-03-31,https://www.youtube.com/watch?v=meY3np8DlTQ,21749,meY3np8DlTQ,Kassel,2024-08-03T02:43:42.865-04:00
LARA SOFT,M.F.L.,,,,On Beat,2024,FOB,2024-03-31,https://www.youtube.com/watch?v=CZXKeqr26RQ,8004,CZXKeqr26RQ,ON BEAT BATTLE,2024-08-03T02:43:42.865-04:00
Dadda,Lazlo Mxrphine,,,Berlin,On Beat,2024,DLTLLY,2024-03-29,https://www.youtube.com/watch?v=xcw2vuJLPZs,111057,xcw2vuJLPZs,Berlin,2024-08-03T02:43:42.865-04:00
SIZYPHOS,MOODY,,,,Accapella,2024,FOB,2024-03-24,https://www.youtube.com/watch?v=QYrhse-D5VI,36147,QYrhse-D5VI,ACAPELLA BATTLE,2024-08-03T02:43:42.866-04:00
DANNY DEADWEIGHT,SKILLZ,,,,Accapella,2024,FOB,2024-03-24,https://www.youtube.com/watch?v=ehyGYTo24ro,4774,ehyGYTo24ro,ACAPELLA BATLLE,2024-08-03T02:43:42.866-04:00
CLOCKWORK,DADDA,,,,Accapella,2024,FOB,2024-03-24,https://www.youtube.com/watch?v=f2TI2M5UaXc,10145,f2TI2M5UaXc,ACAPELLA BATTLE,2024-08-03T02:43:42.865-04:00
FreeKno,Young Kennedy,,,Kassel,Accapella,2024,DLTLLY,2024-03-24,https://www.youtube.com/watch?v=GPMI--gNB08,15061,GPMI--gNB08,Kassel,2024-08-03T02:43:42.866-04:00
ONKEL FRÄNK,SHADYX,,,,Accapella,2024,FOB,2024-03-24,https://www.youtube.com/watch?v=wfBBTAqUHis,8341,wfBBTAqUHis,ACAPELLA BATTLE,2024-08-03T02:43:42.866-04:00
JOSEPH STEINSCHLEUDER,MORGANA,,,,On Beat,2024,FOB,2024-03-21,https://www.youtube.com/watch?v=fo8uzP3EIvw,35553,fo8uzP3EIvw,ON BEAT BATTLE,2024-08-03T02:43:42.866-04:00
OREGANO,HIDING JOHN,,,,Accapella,2024,FOB,2024-03-18,https://www.youtube.com/watch?v=rAqwIxumi3s,117883,rAqwIxumi3s,ACAPELLA BATTLE,2024-08-03T02:43:42.866-04:00
Karma,Kiruma,NRWeekend 6,,,Accapella,2024,DLTLLY,2024-03-17,https://www.youtube.com/watch?v=3PCiOm1e0F8,57408,3PCiOm1e0F8,NRWeekend 6,2024-08-03T02:43:42.866-04:00
Zeuge,Niza,,,Kassel,Accapella,2024,DLTLLY,2024-03-17,https://www.youtube.com/watch?v=j6S8n5bSC4k,23391,j6S8n5bSC4k,Kassel,2024-08-03T02:43:42.866-04:00
Der Sergeant,Diamond,Proving Grounds,Panke,Berlin,Accapella,2024,DLTLLY,2024-03-15,https://www.youtube.com/watch?v=YdQh67kKjA0,12795,YdQh67kKjA0,Proving Grounds,2024-08-03T02:43:42.867-04:00
PABLO,YAAMANN,,,,On Beat,2024,FOB,2024-03-14,https://www.youtube.com/watch?v=AWCwWr_DDKI,8827,AWCwWr_DDKI,ON BEAT BATTLE,2024-08-03T02:43:42.867-04:00
Vesso,Malik,Proving Grounds,Panke,Berlin,Accapella,2024,DLTLLY,2024-03-10,https://www.youtube.com/watch?v=iK-Oth0jFOo,7133,iK-Oth0jFOo,Proving Grounds,2024-08-03T02:43:42.867-04:00
CSN Galactico,Nastic,Proving Grounds,Panke,Berlin,Accapella,2024,DLTLLY,2024-03-10,https://www.youtube.com/watch?v=jKHgj_RAMZA,26552,jKHgj_RAMZA,Proving Grounds,2024-08-03T02:43:42.867-04:00
Moody,Ikks,Proving Grounds,Panke,Berlin,Accapella,2024,DLTLLY,2024-03-07,https://www.youtube.com/watch?v=oFHFbG4e604,7247,oFHFbG4e604,Proving Grounds,2024-08-03T02:43:42.867-04:00
Jepain,Rolling G,Proving Grounds Vol. 5,Panke,Berlin,Accapella,2024,DLTLLY,2024-03-07,https://www.youtube.com/watch?v=1tMIG22ggG0,10014,1tMIG22ggG0,Proving Grounds,2024-08-03T02:43:42.867-04:00
Sizyphos,Hiding John,DISSember 7,Festsaal Kreuzberg,Berlin,Accapella,2024,DLTLLY,2024-03-07,https://www.youtube.com/watch?v=LBbPEElYxGA,308195,LBbPEElYxGA,DISSember #7,2024-08-03T02:43:42.867-04:00
ZATO,ZEPTAH,,,,On Beat,2024,FOB,2024-03-01,https://www.youtube.com/watch?v=nMeqvIpjfOE,11082,nMeqvIpjfOE,ON BEAT BATTLE,2024-08-03T02:43:42.868-04:00
Belial,Kid Soldier,DISSember 7,Festsaal Kreuzberg,Berlin,Accapella,2024,DLTLLY,2024-02-25,https://www.youtube.com/watch?v=fN0PgIxzhC8,39058,fN0PgIxzhC8,DISSember #7,2024-08-03T02:43:42.868-04:00
FREEZY,DADDA,,,,On Beat,2024,FOB,2024-02-23,https://www.youtube.com/watch?v=QBSRI86VMs8,18436,QBSRI86VMs8,ON BEAT BATTLE,2024-08-03T02:43:42.868-04:00
The Saurus,Quill,DISSember 7,Festsaal Kreuzberg,Berlin,Accapella,2024,DLTLLY,2024-02-19,https://www.youtube.com/watch?v=9z2aEljjMtQ,11584,9z2aEljjMtQ,DISSember #7,2024-08-03T02:43:42.868-04:00
KOOZY,MAN IN BLACK,,,,On Beat,2024,FOB,2024-02-09,https://www.youtube.com/watch?v=6_YUEKAjkng,9777,6_YUEKAjkng,ON BEAT BATTLE,2024-08-03T02:43:42.868-04:00
Clockwork,Sachma,Proving Grounds,Panke,Berlin,Accapella,2024,DLTLLY,2024-02-09,https://www.youtube.com/watch?v=bwbDyjtPJCc,8278,bwbDyjtPJCc,Proving Grounds,2024-08-03T02:43:42.868-04:00
CapcoJones,Cristosaurus Rex,Proving Grounds,Panke,Berlin,Accapella,2024,DLTLLY,2024-02-04,https://www.youtube.com/watch?v=NNUTrbddBwo,9989,NNUTrbddBwo,Proving Grounds,2024-08-03T02:43:42.868-04:00
Ricochet,Riesenlauch,Proving Grounds,Panke,Berlin,Accapella,2024,DLTLLY,2024-02-04,https://www.youtube.com/watch?v=NjX3eisi5XU,11597,NjX3eisi5XU,Proving Grounds Berlin,2024-08-03T02:43:42.868-04:00
Kato,Neilz,,,,Accapella,2024,DLTLLY,2024-02-04,https://www.youtube.com/watch?v=ykfHhWbi7Jk,100759,ykfHhWbi7Jk,🏆 TITLE MATCH 🏆,2024-08-03T02:43:42.869-04:00
VYRUS,STEEL,,,,On Beat,2024,FOB,2024-02-02,https://www.youtube.com/watch?v=hupa7KpyOm8,68310,hupa7KpyOm8,ON BEAT TITLEMATCH,2024-08-03T02:43:42.869-04:00
FAITH MC,ROLLING G,,,,Accapella,2024,FOB,2024-01-27,https://www.youtube.com/watch?v=AQ61cQjpA4U,7103,AQ61cQjpA4U,ACAPELLA BATTLE,2024-08-03T02:43:42.869-04:00
ROOL,DAVID ARDOR,,,,Accapella,2024,FOB,2024-01-21,https://www.youtube.com/watch?v=_TQee46RR5U,2733,_TQee46RR5U,NEWCOMER BATTLE,2024-08-03T02:43:42.869-04:00
FRAX ONE & DJANGO,NATALI & ALADIN,,,,Accapella,2024,FOB,2024-01-19,https://www.youtube.com/watch?v=6ZzLdfNphns,7074,6ZzLdfNphns,ACAPELLA BATTLE,2024-08-03T02:43:42.869-04:00
JOSEPH STEINSCHLEUDER & ROMIK WRONG,ZEPTAH & ORPHXN,,,,On Beat,2024,FOB,2024-01-12,https://www.youtube.com/watch?v=hDQFXey6gXI,30710,hDQFXey6gXI,ON BEAT BATTLE,2024-08-03T02:43:42.869-04:00
Heinz87 & Hiding John,Mazzikaner & Cashus K,,,,Accapella,2024,DLTLLY,2024-01-11,https://www.youtube.com/watch?v=Ue5h955l2Ew,26242,Ue5h955l2Ew,Hamburg,2024-08-03T02:43:42.869-04:00
Yarambo,Karma,,,,Accapella,2024,DLTLLY,2024-01-11,https://www.youtube.com/watch?v=Y523u1xAcmo,67442,Y523u1xAcmo,Hamburg,2024-08-03T02:43:42.870-04:00
Celune,Sizyphos,,,,Accapella,2024,DLTLLY,2024-01-11,https://www.youtube.com/watch?v=wwKW8EaM0W4,75830,wwKW8EaM0W4,Hamburg,2024-08-03T02:43:42.870-04:00
Faivel,Bilal,,,,Accapella,2024,DLTLLY,2024-01-07,https://www.youtube.com/watch?v=mHPNeE8Tkbo,14723,mHPNeE8Tkbo,Hamburg,2024-08-03T02:43:42.870-04:00
Holu,Moody,,,,Accapella,2023,DUDL,2024-01-06,https://www.youtube.com/watch?v=ZgVgROhjl5o,6407,ZgVgROhjl5o,Battle,2024-08-03T02:43:42.870-04:00
Shizu,Morgana,,,,On Beat,2024,DLTLLY,2024-01-05,https://www.youtube.com/watch?v=uZC6ZAOqvss,33634,uZC6ZAOqvss,Hamburg,2024-08-03T02:43:42.870-04:00
BURST & T-WAY,LEANDERS & DESPO,,,,Accapella,2024,FOB,2024-01-05,https://www.youtube.com/watch?v=_RaLw94QJSI,9488,_RaLw94QJSI,ACAPELLA BATTLE,2024-08-03T02:43:42.870-04:00
KRISO,ILYA FLOYD,,,,Accapella,2023,FOB,2023-12-31,https://www.youtube.com/watch?v=eSLYneqD0vg,3706,eSLYneqD0vg,NEWCOMER BATTLE,2024-08-03T02:43:42.870-04:00
Liuz,Herr Kuchen,,Oma Doris,Dortmund,Accapella,2023,DLTLLY,2023-12-30,https://www.youtube.com/watch?v=vPgMlVOgMYs,73488,vPgMlVOgMYs,Dortmund,2024-08-03T02:43:42.871-04:00
Onkel Oktomusch,Jindo109,,Oma Doris,Dortmund,Accapella,2023,DLTLLY,2023-12-30,https://www.youtube.com/watch?v=NXAh7HMMM-0,131735,NXAh7HMMM-0,Dortmund,2024-08-03T02:43:42.871-04:00
Mc Geuner,T-Way,,Oma Doris,Dortmund,Accapella,2023,DLTLLY,2023-12-30,https://www.youtube.com/watch?v=rsMrgC9k9jk,18812,rsMrgC9k9jk,Dortmund,2024-08-03T02:43:42.871-04:00
Notyzze,BanDan,,,,On Beat,2023,DLTLLY,2023-12-30,https://www.youtube.com/watch?v=ryfJjGNbbR8,24063,ryfJjGNbbR8,Wien,2024-08-03T02:43:42.871-04:00
Flashus Christus,K9NE,,,,Accapella,2023,DLTLLY,2023-12-30,https://www.youtube.com/watch?v=chUp4X6Isbo,8597,chUp4X6Isbo,Wien,2024-08-03T02:43:42.871-04:00
Bilal,Joseph Steinschleuder,,,,Accapella,2023,DUDL,2023-12-30,https://www.youtube.com/watch?v=MmgJGhyrfbc,18189,MmgJGhyrfbc,Battle,2024-08-03T02:43:42.871-04:00
Karkobi,Requiem,,,,Accapella,2023,DLTLLY,2023-12-30,https://www.youtube.com/watch?v=dpC_mfZVDrc,40937,dpC_mfZVDrc,Wien,2024-08-03T02:43:42.871-04:00
Barbee & Flow,Fate & Joseph Steinschleuder,,,,Accapella,2023,DLTLLY,2023-12-30,https://www.youtube.com/watch?v=o0oMk_6Sj60,36851,o0oMk_6Sj60,2on2  Wien,2024-08-03T02:43:42.871-04:00
Neilz,Kiruma,,Oma Doris,Dortmund,Accapella,2023,DLTLLY,2023-12-30,https://www.youtube.com/watch?v=k5MyH3qffzk,87323,k5MyH3qffzk,Dortmund,2024-08-03T02:43:42.872-04:00
LUCKYLILY & BAYZE,CRAZE & MOITZ,,,,Accapella,2023,FOB,2023-12-28,https://www.youtube.com/watch?v=B7Ge3bBMaZ4,65233,B7Ge3bBMaZ4,ACAPELLA BATTLE,2024-08-03T02:43:42.872-04:00
MORGANA,ZEPTAH,,,,On Beat,2023,FOB,2023-12-26,https://www.youtube.com/watch?v=VSjE_QHcZBU,10776,VSjE_QHcZBU,ON BEAT BATTLE,2024-08-03T02:43:42.872-04:00
Kane,David Ardor,,,,Accapella,2023,DUDL,2023-12-23,https://www.youtube.com/watch?v=5NWHlFDIezw,3409,5NWHlFDIezw,Battle,2024-08-03T02:43:42.872-04:00
CLOCKWORK,CSN GALACTICO,,,,Accapella,2023,FOB,2023-12-21,https://www.youtube.com/watch?v=8t_wR5YYayI,9769,8t_wR5YYayI,ACAPELLA BATTLE,2024-08-03T02:43:42.872-04:00
SNAKEHEADRHYME,A-RON,,,,Accapella,2023,FOB,2023-12-17,https://www.youtube.com/watch?v=q4fXhfjI2ZU,10268,q4fXhfjI2ZU,ACAPELLA BATTLE,2024-08-03T02:43:42.872-04:00
KIRUMA,HIDING JOHN,BRRRR!,,,Accapella,2023,FOB,2023-12-17,https://www.youtube.com/watch?v=-z8Kz8svvR4,77260,-z8Kz8svvR4,ACAPELLA BATTLE,2024-08-03T02:43:42.872-04:00
KARKOBI,MOODY,,,,Accapella,2024,FOB,2023-12-17,https://www.youtube.com/watch?v=hvEti6vXuXY,17542,hvEti6vXuXY,ACAPELLA BATTLE,2024-08-03T02:43:42.873-04:00
SHAOLUM,EZRA,,,,Accapella,2023,FOB,2023-12-10,https://www.youtube.com/watch?v=tzwE0B9OquY,5195,tzwE0B9OquY,ONE-ROUNDER,2024-08-03T02:43:42.873-04:00
KahVauWeh,Jilly,,,,Accapella,2023,DUDL,2023-12-09,https://www.youtube.com/watch?v=0qrxZCr5CMg,4570,0qrxZCr5CMg,Battle,2024-08-03T02:43:42.874-04:00
FREEKNO,MORGANA,,,,Accapella,2023,FOB,2023-12-08,https://www.youtube.com/watch?v=WtgPudDeZj8,6520,WtgPudDeZj8,ACAPELLA BATTLE,2024-08-03T02:43:42.874-04:00
VYRUS,KARANOVA,,,,On Beat,2023,FOB,2023-12-01,https://www.youtube.com/watch?v=_rMFRoKcs6M,54626,_rMFRoKcs6M,ON BEAT BATTLE,2024-08-03T02:43:42.874-04:00
MOODY,TECEY,,,,Accapella,2023,FOB,2023-11-26,https://www.youtube.com/watch?v=rbNeALMPEKo,3744,rbNeALMPEKo,ACAPELLA BATTLE,2024-08-03T02:43:42.874-04:00
JOE PHARO,LITTLE SEDO,,,,Accapella,2023,FOB,2023-11-24,https://www.youtube.com/watch?v=5Z35PNEQB_I,10434,5Z35PNEQB_I,ACAPELLA BATTLE,2024-08-03T02:43:42.874-04:00
Schalle,Shortworth,,,,Accapella,2023,DLTLLY,2023-11-24,https://www.youtube.com/watch?v=3_aVuejj-KM,13314,3_aVuejj-KM,Wien,2024-08-03T02:43:42.874-04:00
Duff,Joe Pharo,,Oma Doris,Dortmund,Accapella,2023,DLTLLY,2023-11-22,https://www.youtube.com/watch?v=m0MkvcPDluI,25475,m0MkvcPDluI,Dortmund,2024-08-03T02:43:42.874-04:00
NASTIC,STEEL,,,,On Beat,2023,FOB,2023-11-19,https://www.youtube.com/watch?v=w0kK3zXnnK0,143935,w0kK3zXnnK0,ON BEAT BATTLE,2024-08-03T02:43:42.874-04:00
JEPAIN,CELUNE,,,,Accapella,2023,FOB,2023-11-16,https://www.youtube.com/watch?v=01-L9OSECRY,12033,01-L9OSECRY,ACAPELLA BATTLE,2024-08-03T02:43:42.875-04:00
Grandmaster Flow,Kalp One,,,,Accapella,2023,DLTLLY,2023-11-16,https://www.youtube.com/watch?v=Kw40l5aHPI4,8345,Kw40l5aHPI4,Wien,2024-08-03T02:43:42.874-04:00
Belial,Julo,,Oma Doris,Dortmund,Accapella,2023,DLTLLY,2023-11-16,https://www.youtube.com/watch?v=I9J8qYJCcno,29515,I9J8qYJCcno,Dortmund,2024-08-03T02:43:42.875-04:00
Wenzel Washington,Davis,,,,Accapella,2023,DLTLLY,2023-11-16,https://www.youtube.com/watch?v=BNOhkxQXuyM,11672,BNOhkxQXuyM,Wien,2024-08-03T02:43:42.875-04:00
BAYZE,M.F.L.,,,,Accapella,2023,FOB,2023-11-12,https://www.youtube.com/watch?v=paqgtJnfItw,12994,paqgtJnfItw,ACAPELLA BATTLE,2024-08-03T02:43:42.875-04:00
KOOZY,ZEPTAH,,,,On Beat,2023,FOB,2023-11-10,https://www.youtube.com/watch?v=GGu6kpSltiw,13181,GGu6kpSltiw,ON BEAT BATTLE,2024-08-03T02:43:42.875-04:00
LUCKYLILY,IKKS,,,,Accapella,2023,FOB,2023-11-10,https://www.youtube.com/watch?v=kgZww6Ailfs,18991,kgZww6Ailfs,ACAPELLA BATTLE,2024-08-03T02:43:42.875-04:00
N'antinein,Bahamakarma,splash! 25,Splash,Ferropolis,On Beat,2023,DLTLLY,2023-11-07,https://www.youtube.com/watch?v=hxlKFtVRKTw,19982,hxlKFtVRKTw,splash! 25,2024-08-03T02:43:42.876-04:00
Kid Soldier,Krom,splash! 25,Splash,Ferropolis,On Beat,2023,DLTLLY,2023-11-07,https://www.youtube.com/watch?v=BDxFLIkPoGM,23842,BDxFLIkPoGM,splash! 25,2024-08-03T02:43:42.875-04:00
Notyzze,Pablo,Living HipHop,,München,On Beat,2023,DLTLLY,2023-11-07,https://www.youtube.com/watch?v=2oGok3bnO3g,31701,2oGok3bnO3g,München,2024-08-03T02:43:42.875-04:00
Shizu,Mave,splash! 25,Splash,Ferropolis,Accapella,2023,DLTLLY,2023-11-07,https://www.youtube.com/watch?v=0VnFsg9akkE,20719,0VnFsg9akkE,splash! 25,2024-08-03T02:43:42.875-04:00
Falki,Davie Jones,Living HipHop,,München,On Beat,2023,DLTLLY,2023-11-07,https://www.youtube.com/watch?v=PEZM8D30ogU,58239,PEZM8D30ogU,München,2024-08-03T02:43:42.875-04:00
Lyrico,Tobi High,splash! 25,Splash,Ferropolis,On Beat,2023,DLTLLY,2023-11-07,https://www.youtube.com/watch?v=tR63ErqqK-E,54057,tR63ErqqK-E,splash! 25,2024-08-03T02:43:42.876-04:00
Joseph Steinschleuder,Steel,,,,On Beat,2023,DLTLLY,2023-11-07,https://www.youtube.com/watch?v=o-gu-0j52H4,46176,o-gu-0j52H4,Düsseldorf,2024-08-03T02:43:42.876-04:00
Tokz,Tisos,,,,On Beat,2023,DLTLLY,2023-11-07,https://www.youtube.com/watch?v=Nx1dG5NYYSM,12554,Nx1dG5NYYSM,Match,2024-08-03T02:43:42.876-04:00
Phasenkind,Vyrus,,,,On Beat,2023,DLTLLY,2023-11-07,https://www.youtube.com/watch?v=9bTN83Isy_g,66330,9bTN83Isy_g,Battle,2024-08-03T02:43:42.876-04:00
Pablo,Mordrake,splash! 25,Splash,Ferropolis,On Beat,2023,DLTLLY,2023-11-07,https://www.youtube.com/watch?v=eTL6zktMYR4,15270,eTL6zktMYR4,splash! 25,2024-08-03T02:43:42.876-04:00
Krom,Craze,splash! 25,Splash,Ferropolis,On Beat,2023,DLTLLY,2023-11-07,https://www.youtube.com/watch?v=OFxzZdybSN8,40697,OFxzZdybSN8,Splash! Festival,2024-08-03T02:43:42.876-04:00
Cris Kotzen & Escape,Vyrus & Freezy,splash! 25,Splash,Ferropolis,On Beat,2023,DLTLLY,2023-11-07,https://www.youtube.com/watch?v=o63uOeCfr44,57479,o63uOeCfr44,2on2   splash! 25,2024-08-03T02:43:42.876-04:00
Mavgic,Notyzze,splash! 23,Splash,Ferropolis,On Beat,2023,DLTLLY,2023-11-07,https://www.youtube.com/watch?v=zfz6RCjGq9Q,80563,zfz6RCjGq9Q,Splash! Festival,2024-08-03T02:43:42.876-04:00
Aytee,Phasenkind,Living HipHop,,München,On Beat,2023,DLTLLY,2023-11-07,https://www.youtube.com/watch?v=E-5qSwv5Z0Q,212314,E-5qSwv5Z0Q,München,2024-08-03T02:43:42.876-04:00
Ssynic,Craze,,,,Accapella,2023,DLTLLY,2023-11-06,https://www.youtube.com/watch?v=FwsahytRilk,240067,FwsahytRilk,B-Day #10,2024-08-03T02:43:42.877-04:00
SUZIE SUH,MALIK,,,,Accapella,2023,FOB,2023-11-05,https://www.youtube.com/watch?v=XdxsQ5ZkBl0,6029,XdxsQ5ZkBl0,ACAPELLA BATTLE,2024-08-03T02:43:42.877-04:00
Yarambo,JollyJay,,,,Accapella,2023,DLTLLY,2023-10-29,https://www.youtube.com/watch?v=u6NT4ynzzXY,125985,u6NT4ynzzXY,B-Day #10,2024-08-03T02:43:42.877-04:00
SIC68,LEOQUENT,,,,Accapella,2023,FOB,2023-10-29,https://www.youtube.com/watch?v=Aagl3mzXYHE,2590,Aagl3mzXYHE,ACAPELLA BATTLE,2024-08-03T02:43:42.877-04:00
TEACH,SHORTWORTH,,,,Accapella,2023,FOB,2023-10-27,https://www.youtube.com/watch?v=v3gjheBRFdw,5834,v3gjheBRFdw,ACAPELLA BATTLE,2024-08-03T02:43:42.877-04:00
Kato,Bong Teggy,,,,Accapella,2023,DLTLLY,2023-10-25,https://www.youtube.com/watch?v=9-PHpWXpad8,83211,9-PHpWXpad8,B-Day #10,2024-08-03T02:43:42.877-04:00
M.F.L.,CLOCKWORK,,,,Accapella,2023,FOB,2023-10-21,https://www.youtube.com/watch?v=GrwKC49yyCQ,3336,GrwKC49yyCQ,ACAPELLA BATTLE,2024-08-03T02:43:42.877-04:00
DEELAH,DADDA,,,,Accapella,2023,FOB,2023-10-20,https://www.youtube.com/watch?v=1hXJvRr5-v0,15494,1hXJvRr5-v0,ACAPELLA BATTLE,2024-08-03T02:43:42.877-04:00
Karanova,Mc Geuner,,,,Accapella,2023,DLTLLY,2023-10-15,https://www.youtube.com/watch?v=EuuQTa_BAPs,37262,EuuQTa_BAPs,B-Day #10,2024-08-03T02:43:42.877-04:00
Jeystone,Karanova,,,,Accapella,2023,DUDL,2023-10-14,https://www.youtube.com/watch?v=RDIgvgVX2XE,16505,RDIgvgVX2XE,Battle,2024-08-03T02:43:42.878-04:00
DIAMOND,NATALI,,,,Accapella,2023,FOB,2023-10-13,https://www.youtube.com/watch?v=p8xbu9v5EZw,39570,p8xbu9v5EZw,ACAPELLA BATTLE,2024-08-03T02:43:42.878-04:00
Mighty P,Karma,,,,Accapella,2023,DLTLLY,2023-10-08,https://www.youtube.com/watch?v=9h9mrGmjNkE,24440,9h9mrGmjNkE,B-Day #10,2024-08-03T02:43:42.878-04:00
Flashus Christus,Béla Garbage,,,,Accapella,2023,DUDL,2023-10-07,https://www.youtube.com/watch?v=ZYJzYXtGpjk,6114,ZYJzYXtGpjk,Battle,2024-08-03T02:43:42.878-04:00
ShadyX,David Ardor,,,,Accapella,2023,DUDL,2023-09-30,https://www.youtube.com/watch?v=yyTA-Qjyo8k,4069,yyTA-Qjyo8k,Battle,2024-08-03T02:43:42.878-04:00
FAIVEL,MAZZIKANER,,,,Accapella,2023,FOB,2023-09-24,https://www.youtube.com/watch?v=jjoHn6PxuHo,4379,jjoHn6PxuHo,ACAPELLA BATTLE,2024-08-03T02:43:42.878-04:00
DEZ,MC Rabiat,,,,Accapella,2023,DUDL,2023-09-23,https://www.youtube.com/watch?v=7OxvBQs2I9U,5819,7OxvBQs2I9U,Battle,2024-08-03T02:43:42.878-04:00
JOSEPH STEINSCHLEUDER,ALADIN,,,,On Beat,2023,FOB,2023-09-21,https://www.youtube.com/watch?v=1JJayQ1V2h4,51108,1JJayQ1V2h4,ON BEAT BATTLE,2024-08-03T02:43:42.878-04:00
Wolff,Requiem,,,München,Accapella,2023,DLTLLY,2023-09-15,https://www.youtube.com/watch?v=ET-J69Ip5-E,49189,ET-J69Ip5-E,München,2024-08-03T02:43:42.878-04:00
Mc Geuner,Snakeheadrhyme,,,München,Accapella,2023,DLTLLY,2023-09-15,https://www.youtube.com/watch?v=i1B9-AWslJg,31540,i1B9-AWslJg,München,2024-08-03T02:43:42.879-04:00
Tobi High,Yarambo,,,München,Accapella,2023,DLTLLY,2023-08-28,https://www.youtube.com/watch?v=DmiECBflC1Y,172543,DmiECBflC1Y,München,2024-08-03T02:43:42.879-04:00
T-Way,Julo,,,München,Accapella,2023,DLTLLY,2023-08-21,https://www.youtube.com/watch?v=SsiMPL9Pxvc,21871,SsiMPL9Pxvc,München,2024-08-03T02:43:42.879-04:00
DER SERGEANT,MUSIO,,,,Accapella,2023,FOB,2023-08-10,https://www.youtube.com/watch?v=oxWTBgiZXYo,4936,oxWTBgiZXYo,ACAPELLA BATTLE,2024-08-03T02:43:42.879-04:00
TEACH,DJANGO (BATTLE UM PLATZ 3),,,,Accapella,2023,FOB,2023-08-10,https://www.youtube.com/watch?v=Gw-PKej8GDs,3369,Gw-PKej8GDs,FREESTYLE BATTLE,2024-08-03T02:43:42.880-04:00
NASTIC (FINNASTIC),CRIPSTA,,,,On Beat,2023,FOB,2023-08-10,https://www.youtube.com/watch?v=cQD1k_AzQvY,6786,cQD1k_AzQvY,ON BEAT BATTLE,2024-08-03T02:43:42.879-04:00
ROLLING G,ATROPATRAP,,,,Accapella,2023,FOB,2023-08-10,https://www.youtube.com/watch?v=qMDgBCsXSKk,19751,qMDgBCsXSKk,ACAPELLA BATTLE,2024-08-03T02:43:42.879-04:00
DAVIE JONES,KIRUMA,,,,Accapella,2023,FOB,2023-08-10,https://www.youtube.com/watch?v=153UC-iaZuY,51829,153UC-iaZuY,ACAPELLA BATTLE,2024-08-03T02:43:42.880-04:00
REQUIEM,ALADIN,,,,On Beat,2023,FOB,2023-08-10,https://www.youtube.com/watch?v=pu3AO8kGZhI,6198,pu3AO8kGZhI,ON BEAT BATTLE,2024-08-03T02:43:42.880-04:00
FAIVEL,TRIPLE,,,,Accapella,2023,FOB,2023-08-10,https://www.youtube.com/watch?v=ruyoC9eeZe0,4917,ruyoC9eeZe0,MIXED MARTIAL BARS,2024-08-03T02:43:42.880-04:00
VYRUS,KOOZY,,,,On Beat,2023,FOB,2023-08-10,https://www.youtube.com/watch?v=alByBsxKWa4,17585,alByBsxKWa4,ON BEAT BATTLE,2024-08-03T02:43:42.879-04:00
NOTYZZE,PATO G (FINALE),,,,Accapella,2023,FOB,2023-08-10,https://www.youtube.com/watch?v=P-J6-smmJlE,10478,P-J6-smmJlE,FREESTYLE BATTLE,2024-08-03T02:43:42.879-04:00
Joseph Steinschleuder,Shizu,,,München,Accapella,2023,DLTLLY,2023-08-01,https://www.youtube.com/watch?v=Ar11aFXhaH0,42487,Ar11aFXhaH0,München,2024-08-03T02:43:42.880-04:00
Kato,Meidi,,,,Accapella,2023,DLTLLY,2023-07-31,https://www.youtube.com/watch?v=5RNjICLfMiU,211397,5RNjICLfMiU,MAYhem #6,2024-08-03T02:43:42.880-04:00
MALIK,JEPAIN,,,,Accapella,2023,FOB,2023-07-28,https://www.youtube.com/watch?v=RTYVYzqrrxU,2855,RTYVYzqrrxU,ACAPELLA BATTLE,2024-08-03T02:43:42.881-04:00
Craze,Karanova,,,,Accapella,2023,DLTLLY,2023-07-25,https://www.youtube.com/watch?v=SPWI95_uXlw,96884,SPWI95_uXlw,MAYhem #6,2024-08-03T02:43:42.881-04:00
RIPA,CIZERO,,,,Accapella,2023,FOB,2023-07-23,https://www.youtube.com/watch?v=Zyqjl-p0XVM,2013,Zyqjl-p0XVM,ACAPELLA BATTLE,2024-08-03T02:43:42.881-04:00
DER SERGEANT,CLOCKWORK,,,,Accapella,2023,FOB,2023-07-21,https://www.youtube.com/watch?v=LiwzGIfLQy4,3568,LiwzGIfLQy4,ACAPELLA BATTLE,2024-08-03T02:43:42.881-04:00
YOUNG KENNEDY,LIUZ,,,,Accapella,2023,FOB,2023-07-16,https://www.youtube.com/watch?v=SNVsQYlBxIE,4626,SNVsQYlBxIE,ACAPELLA BATTLE,2024-08-03T02:43:42.881-04:00
BARETTA,OLDBOY,,,,Accapella,2023,FOB,2023-07-14,https://www.youtube.com/watch?v=GWuP4kXR1Kg,2985,GWuP4kXR1Kg,ACAPELLA BATTLE,2024-08-03T02:43:42.881-04:00
Karkobi,Hiding John,,,,Accapella,2023,DLTLLY,2023-07-14,https://www.youtube.com/watch?v=MI6qkQeEBXE,104225,MI6qkQeEBXE,MAYhem #6,2024-08-03T02:43:42.881-04:00
Kid Soldier,Hansen,,,,Accapella,2023,DLTLLY,2023-07-09,https://www.youtube.com/watch?v=dF87SGCIRYU,62616,dF87SGCIRYU,MAYhem #6,2024-08-03T02:43:42.881-04:00
Zeuge,Joseph Steinschleuder,,,,Accapella,2023,DLTLLY,2023-07-08,https://www.youtube.com/watch?v=rOr6ZAP9SDU,49013,rOr6ZAP9SDU,MAYhem #6,2024-08-03T02:43:42.882-04:00
Jindo109,Liuz,Proving Grounds Vol. 3,,Berlin,Accapella,2023,DLTLLY,2023-07-07,https://www.youtube.com/watch?v=VcwX1YM5mTA,73599,VcwX1YM5mTA,Proving Grounds Berlin,2024-08-03T02:43:42.882-04:00
FINNASTIC,FAIVEL,,,,On Beat,2023,FOB,2023-07-07,https://www.youtube.com/watch?v=IvW0VwU-bD4,5164,IvW0VwU-bD4,ON BEAT BATTLE,2024-08-03T02:43:42.882-04:00
Mavgic,Bong Teggy,,,,On Beat,2023,DLTLLY,2023-07-02,https://www.youtube.com/watch?v=7cWynBFYZKo,176558,7cWynBFYZKo,🏆  Titlematch 🏆,2024-08-03T02:43:42.882-04:00
MOODY,CSN GALACTICO,,,,Accapella,2023,FOB,2023-06-30,https://www.youtube.com/watch?v=xsiNjqXkrmU,6778,xsiNjqXkrmU,ACAPELLA BATTLE,2024-08-03T02:43:42.882-04:00
EZRA,TECEY,,,,Accapella,2023,FOB,2023-06-30,https://www.youtube.com/watch?v=o6pKCGAZ8jg,2462,o6pKCGAZ8jg,ACAPELLA BATTLE,2024-08-03T02:43:42.882-04:00
Rolling G,Jeystone,Proving Grounds Vol. 3,,Berlin,Accapella,2023,DLTLLY,2023-06-25,https://www.youtube.com/watch?v=WTKQAIjN1Vc,21306,WTKQAIjN1Vc,Proving Grounds Berlin,2024-08-03T02:43:42.882-04:00
Kiruma,Jeystone,,,,Accapella,2023,DUDL,2023-06-24,https://www.youtube.com/watch?v=ri_S-oeZ_eY,27598,ri_S-oeZ_eY,Battle,2024-08-03T02:43:42.883-04:00
LARA SOFT,MAT052,,,,On Beat,2023,FOB,2023-06-21,https://www.youtube.com/watch?v=on745CtUTC8,6855,on745CtUTC8,ON BEAT BATTLE,2024-08-03T02:43:42.883-04:00
Mars,ZinZity,NRWeekend 6,,,Accapella,2023,DLTLLY,2023-06-18,https://www.youtube.com/watch?v=GlT7vWzBfgA,67488,GlT7vWzBfgA,NRWeekend 6,2024-08-03T02:43:42.883-04:00
Julo,SnakeHeadRhyme,,,,Accapella,2023,DUDL,2023-06-17,https://www.youtube.com/watch?v=-YKMqAAxT8o,13336,-YKMqAAxT8o,Battle,2024-08-03T02:43:42.883-04:00
Mc Geuner,DeeLah,NRWeekend 6,,,Accapella,2023,DLTLLY,2023-06-11,https://www.youtube.com/watch?v=OqlGnaMrdxE,35067,OqlGnaMrdxE,NRWeekend 6,2024-08-03T02:43:42.883-04:00
LUCKYLILY,CRAZYO,,,,Accapella,2023,FOB,2023-06-11,https://www.youtube.com/watch?v=UvS4sFibdO8,10006,UvS4sFibdO8,ACAPELLA BATTLE,2024-08-03T02:43:42.883-04:00
FreeKno,LevRudi,,,,Accapella,2023,DUDL,2023-06-10,https://www.youtube.com/watch?v=9hUmhQs6_Mo,11932,9hUmhQs6_Mo,Battle,2024-08-03T02:43:42.883-04:00
Swear Boss,Chaarlz,,,,On Beat,2023,DLTLLY,2023-06-09,https://www.youtube.com/watch?v=xsppHOOGjuE,36909,xsppHOOGjuE,Bars von Chaarlz,2024-08-03T02:43:42.884-04:00
MC GEUNER,JOSEPH STEINSCHLEUDER,,,,Accapella,2023,FOB,2023-06-08,https://www.youtube.com/watch?v=PqIW0yKlenc,41617,PqIW0yKlenc,ACAPELLA BATTLE,2024-08-03T02:43:42.884-04:00
Jack Dragon,Duff,NRWeekend 6,,,Accapella,2023,DLTLLY,2023-06-04,https://www.youtube.com/watch?v=DaR9eHH76rU,25969,DaR9eHH76rU,NRWeekend 6,2024-08-03T02:43:42.884-04:00
THORA,NICK SHIT,,,,Accapella,2023,FOB,2023-06-04,https://www.youtube.com/watch?v=YcZozCm_xbk,2910,YcZozCm_xbk,ACAPELLA BATTLE,2024-08-03T02:43:42.884-04:00
XtraHerb,Trunkenbold,,,,Accapella,2023,DUDL,2023-06-03,https://www.youtube.com/watch?v=wmR1ZNP60_s,9395,wmR1ZNP60_s,Battle,2024-08-03T02:43:42.884-04:00
MC Janosch,Quasi Infamous,Proving Grounds Vol. 3,,Berlin,Accapella,2023,DLTLLY,2023-05-31,https://www.youtube.com/watch?v=zP_94cQIw4U,17628,zP_94cQIw4U,Proving Grounds Berlin,2024-08-03T02:43:42.884-04:00
Bronko Banano,Young Kennedy,Proving Grounds Vol. 3,,Berlin,Accapella,2023,DLTLLY,2023-05-31,https://www.youtube.com/watch?v=djAFYil0UhI,10256,djAFYil0UhI,Proving Grounds Berlin,2024-08-03T02:43:42.884-04:00
T-WAY & TOLLSCHOCK & BURST & EZRA & HEINZ87,NATIF (& YAAMANN),,,,Accapella,2023,FOB,2023-05-31,https://www.youtube.com/watch?v=s8txdXxnA78,6907,s8txdXxnA78,5 GEGEN NATIF,2024-08-03T02:43:42.884-04:00
Yarambo,Craze,NRWeekend 6,,,Accapella,2023,DLTLLY,2023-05-28,https://www.youtube.com/watch?v=46OYZ6po0Ak,121563,46OYZ6po0Ak,NRWeekend 6,2024-08-03T02:43:42.885-04:00
Nio,Vesso,,,,Accapella,2023,DUDL,2023-05-27,https://www.youtube.com/watch?v=GiTmnInso14,6725,GiTmnInso14,Battle,2024-08-03T02:43:42.885-04:00
Celune,Wenzel Washington,Proving Grounds Vol. 3,,Berlin,Accapella,2023,DLTLLY,2023-05-26,https://www.youtube.com/watch?v=vrsYi_dzJAM,25149,vrsYi_dzJAM,Proving Grounds Berlin,2024-08-03T02:43:42.885-04:00
Joseph Steinschleuder,Requiem,NRWeekend 6,,,Accapella,2023,DLTLLY,2023-05-21,https://www.youtube.com/watch?v=b7Ous_8Wlug,45660,b7Ous_8Wlug,NRWeekend 6,2024-08-03T02:43:42.885-04:00
S-Staticx,Rebellion,,,,Accapella,2023,DUDL,2023-05-20,https://www.youtube.com/watch?v=CxLrqhH-DBk,5994,CxLrqhH-DBk,Battle,2024-08-03T02:43:42.886-04:00
Valik,Davis,Proving Grounds Vol. 3,,Berlin,Accapella,2023,DLTLLY,2023-05-19,https://www.youtube.com/watch?v=LyPTX5qeZD0,13021,LyPTX5qeZD0,Proving Grounds Berlin,2024-08-03T02:43:42.886-04:00
DADDA,P-HAZE,,,,Accapella,2023,FOB,2023-05-19,https://www.youtube.com/watch?v=AhJOsTxYeUE,5102,AhJOsTxYeUE,ACAPELLA BATTLE,2024-08-03T02:43:42.886-04:00
Neilz,Tobi High,NRWeekend 6,,,Accapella,2023,DLTLLY,2023-05-14,https://www.youtube.com/watch?v=jhhMGXy1LF8,74067,jhhMGXy1LF8,NRWeekend 6,2024-08-03T02:43:42.886-04:00
JANAUND,PESC,,,,Accapella,2023,FOB,2023-05-12,https://www.youtube.com/watch?v=rJEsiba2m2Y,5272,rJEsiba2m2Y,ACAPELLA BATTLE,2024-08-03T02:43:42.886-04:00
MOODY,NEOS,,,,Accapella,2023,FOB,2023-05-07,https://www.youtube.com/watch?v=iBL1KeH3-Zg,3015,iBL1KeH3-Zg,ACAPELLA BATTLE,2024-08-03T02:43:42.886-04:00
CLOUDSURFER,CSN GALACTICO,,,,Accapella,2023,FOB,2023-05-05,https://www.youtube.com/watch?v=91Ics6zQVbw,7790,91Ics6zQVbw,ACAPELLA BATTLE,2024-08-03T02:43:42.886-04:00
DER SERGEANT,M.F.L.,,,,Accapella,2023,FOB,2023-04-28,https://www.youtube.com/watch?v=G2FxBew9Jug,6793,G2FxBew9Jug,ACAPELLA BATTLE,2024-08-03T02:43:42.887-04:00
MORGANA,STEEL,Unbeatable,,,On Beat,2023,FOB,2023-04-21,https://www.youtube.com/watch?v=WAFnWLi2kQM,43563,WAFnWLi2kQM,ON BEAT BATTLE,2024-08-03T02:43:42.887-04:00
PHASENKIND,MC COLOGNE,Unbeatable,,,On Beat,2023,FOB,2023-04-14,https://www.youtube.com/watch?v=zJNkeDhTDJo,19176,zJNkeDhTDJo,ON BEAT BATTLE,2024-08-03T02:43:42.887-04:00
Maka,Zeptah,NRWeekend 6,Spektakulum,Düsseldorf,Accapella,2023,DLTLLY,2023-04-09,https://www.youtube.com/watch?v=tE_8ZrKkRL4,16309,tE_8ZrKkRL4,NRWeekend 6,2024-08-03T02:43:42.887-04:00
Niza,Heinz87,Proving Grounds,,Wiesbaden,Accapella,2023,DLTLLY,2023-04-02,https://www.youtube.com/watch?v=GwIj5C8bPBs,15652,GwIj5C8bPBs,Proving Grounds Kontext Wiesbaden,2024-08-03T02:43:42.887-04:00
S-Staticx,Der Sir (JollyJay),Proving Grounds,,Wiesbaden,Accapella,2023,DLTLLY,2023-03-31,https://www.youtube.com/watch?v=Od-__geija4,9587,Od-__geija4,Proving Grounds Kontext Wiesbaden,2024-08-03T02:43:42.887-04:00
LUG SERIOUS,BANDAN,,,,On Beat,2023,FOB,2023-03-29,https://www.youtube.com/watch?v=iCJvT7zXNfY,4150,iCJvT7zXNfY,ON BEAT BATTLE,2024-08-03T02:43:42.887-04:00
MEIDI,KATO,,,,Accapella,2023,DLTLLY,2023-03-27,https://www.youtube.com/watch?v=BzgruMrzHLE,21762,BzgruMrzHLE,MAYhem 6 - PROVOKATION 1/6,2024-08-03T02:43:42.887-04:00
Aladin,Oregano,Proving Grounds,,Wiesbaden,Accapella,2023,DLTLLY,2023-03-26,https://www.youtube.com/watch?v=34HlNq1_VfI,31638,34HlNq1_VfI,Proving Grounds Wiesbaden,2024-08-03T02:43:42.887-04:00
HEYZEN,TECEY,,,,On Beat,2023,FOB,2023-03-23,https://www.youtube.com/watch?v=Fw7e-M3WdOI,2949,Fw7e-M3WdOI,ON BEAT BATTLE,2024-08-03T02:43:42.888-04:00
Mordrake,Faivel,Proving Grounds,,Wiesbaden,Accapella,2023,DLTLLY,2023-03-19,https://www.youtube.com/watch?v=pxKAJ5Ivies,14424,pxKAJ5Ivies,Proving Grounds Wiesbaden,2024-08-03T02:43:42.888-04:00
PRYME,FINNASTIC,,,,On Beat,2023,FOB,2023-03-17,https://www.youtube.com/watch?v=SC4utzuA9ks,4906,SC4utzuA9ks,ON BEAT BATTLE,2024-08-03T02:43:42.888-04:00
FINNASTIC,VESSO,,,,On Beat,2023,FOB,2023-03-17,https://www.youtube.com/watch?v=djWWmOoyq4Q,3207,djWWmOoyq4Q,ON BEAT BATTLE,2024-08-03T02:43:42.888-04:00
Mighty P,Shizu,,,,Accapella,2023,DLTLLY,2023-03-17,https://www.youtube.com/watch?v=lqYWya5f8gM,10742,lqYWya5f8gM,Freestyle um 3. Platz,2024-08-03T02:43:42.888-04:00
DADDA,MAT052,,,,On Beat,2023,FOB,2023-03-15,https://www.youtube.com/watch?v=VrI_EoQAHb8,6048,VrI_EoQAHb8,ON BEAT BATTLE,2024-08-03T02:43:42.888-04:00
FREEZY & DESPO,ZEPTAH & ORPHXN,,,,On Beat,2023,FOB,2023-03-14,https://www.youtube.com/watch?v=bnrYiUeZcmc,16772,bnrYiUeZcmc,ON BEAT BATTLE,2024-08-03T02:43:42.888-04:00
PHASENKIND,MC COLOGNE,,,,On Beat,2023,FOB,2023-03-14,https://www.youtube.com/watch?v=wGVt1b9k1-s,1543,wGVt1b9k1-s,ON BEAT BATTLE,2024-08-03T02:43:42.888-04:00
Holu & Freekno,Joseph Steinschleuder & Triple Beat,,,,Accapella,2023,DLTLLY,2023-03-12,https://www.youtube.com/watch?v=wD1OXlkgxuo,40048,wD1OXlkgxuo,2on2,2024-08-03T02:43:42.888-04:00
Krom,Shizu,,,Kassel,Accapella,2023,DLTLLY,2023-03-10,https://www.youtube.com/watch?v=5At2_Fwibvw,13240,5At2_Fwibvw,Freestyle Halbfinale 2/2  Kassel,2024-08-03T02:43:42.889-04:00
Kairuzo,Freezy,,,Kassel,On Beat,2023,DLTLLY,2023-03-05,https://www.youtube.com/watch?v=TWFbqnebTV8,15502,TWFbqnebTV8,Kassel,2024-08-03T02:43:42.889-04:00
JOSEPH STEINSCHLEUDER,KAIRUZO,,,,On Beat,2023,FOB,2023-03-05,https://www.youtube.com/watch?v=6dsqwWjEHYs,34629,6dsqwWjEHYs,ON BEAT BATTLE,2024-08-03T02:43:42.889-04:00
Papi Schlauch,Mighty P,,,Kassel,Accapella,2023,DLTLLY,2023-03-03,https://www.youtube.com/watch?v=GvjjcKT6ht8,22257,GvjjcKT6ht8,Freestyle Halbfinale 1/2  Kassel,2024-08-03T02:43:42.889-04:00
Gerro,Bilal,,,Kassel,Accapella,2023,DLTLLY,2023-02-26,https://www.youtube.com/watch?v=PtphnbYBD-g,21145,PtphnbYBD-g,Kassel,2024-08-03T02:43:42.889-04:00
Muro,Mighty P,,,Kassel,Accapella,2023,DLTLLY,2023-02-24,https://www.youtube.com/watch?v=FjKugbIQk7w,14438,FjKugbIQk7w,Freestyle Viertelfinale 4/4 Kassel,2024-08-03T02:43:42.889-04:00
Krom,Notyzze,,,Kassel,Accapella,2023,DLTLLY,2023-02-21,https://www.youtube.com/watch?v=98g7Cy_XbxY,29312,98g7Cy_XbxY,Freestyle Viertelfinale 3/4  Kassel,2024-08-03T02:43:42.889-04:00
MC Geuner,Shizu,,,Kassel,Accapella,2023,DLTLLY,2023-02-17,https://www.youtube.com/watch?v=AvAcIKtEhwc,13733,AvAcIKtEhwc,Freestyle Viertelfinale 2/4 Kassel,2024-08-03T02:43:42.889-04:00
Craze,Papi Schlauch,,,Kassel,Accapella,2023,DLTLLY,2023-02-14,https://www.youtube.com/watch?v=cFxjz1ESlrA,25783,cFxjz1ESlrA,Freestyle Viertelfinale 1/4 Kassel,2024-08-03T02:43:42.889-04:00
Vyrus,Bong Teggy,DISSember 4,Festsaal Kreuzberg,Berlin,On Beat,2023,DLTLLY,2023-02-12,https://www.youtube.com/watch?v=0j2whdG-GRI,153679,0j2whdG-GRI,DISSember 6,2024-08-03T02:43:42.889-04:00
Julo,Kid Soldier,DISSember 4,Festsaal Kreuzberg,Berlin,Accapella,2023,DLTLLY,2023-02-05,https://www.youtube.com/watch?v=9sm6ohBf5jM,42806,9sm6ohBf5jM,DISSember 6,2024-08-03T02:43:42.890-04:00
Kiruma,LevRudi,,,,Accapella,2022,DUDL,2023-02-04,https://www.youtube.com/watch?v=cy4tB0dKQvQ,23377,cy4tB0dKQvQ,Battle,2024-08-03T02:43:42.890-04:00
Neilz,Wolff,DISSember 4,Festsaal Kreuzberg,Berlin,Accapella,2023,DLTLLY,2023-02-02,https://www.youtube.com/watch?v=haZz6DTu_-g,64089,haZz6DTu_-g,DISSember 6,2024-08-03T02:43:42.890-04:00
Kato,Robscure,,,,Accapella,2023,DLTLLY,2023-01-29,https://www.youtube.com/watch?v=N2dkTa_mUcg,68304,N2dkTa_mUcg,🏆 TITLE MATCH 🏆,2024-08-03T02:43:42.890-04:00
MC Rabiat,Morgana,,,,Accapella,2022,DUDL,2023-01-28,https://www.youtube.com/watch?v=YZjDfu6_Hq4,6160,YZjDfu6_Hq4,Battle,2024-08-03T02:43:42.890-04:00
Hiding John,MC Geuner,DISSember 4,Festsaal Kreuzberg,Berlin,Accapella,2023,DLTLLY,2023-01-22,https://www.youtube.com/watch?v=grXVswnsBUY,65109,grXVswnsBUY,DISSember 6,2024-08-03T02:43:42.890-04:00
Jindo109,Quasi,,,,Accapella,2022,DUDL,2023-01-21,https://www.youtube.com/watch?v=tBp6PGi6uno,99487,tBp6PGi6uno,Battle,2024-08-03T02:43:42.890-04:00
Karanova,BanDan,DISSember 4,Festsaal Kreuzberg,Berlin,On Beat,2023,DLTLLY,2023-01-15,https://www.youtube.com/watch?v=4wcUZ0dY-LA,24248,4wcUZ0dY-LA,DISSember 6,2024-08-03T02:43:42.890-04:00
Jeystone,Vorstadtflokati,,,,Accapella,2022,DUDL,2023-01-14,https://www.youtube.com/watch?v=VvxXsgtdpE0,7193,VvxXsgtdpE0,Battle,2024-08-03T02:43:42.891-04:00
Mars B.,JollyJay,,,Kassel,Accapella,2023,DLTLLY,2023-01-08,https://www.youtube.com/watch?v=gGQdvDUSOpo,122105,gGQdvDUSOpo,Kassel,2024-08-03T02:43:42.891-04:00
Flashus Christus,Schlawin0r,,,,Accapella,2022,DUDL,2023-01-07,https://www.youtube.com/watch?v=NmmCLoAfZ5k,7421,NmmCLoAfZ5k,Battle,2024-08-03T02:43:42.891-04:00
YAAMANN,TOMMY2LATE (BATTLE UM PLATZ 3),,,,Accapella,2023,FOB,2023-01-02,https://www.youtube.com/watch?v=01BN8cP4K2s,2905,01BN8cP4K2s,FREESTYLE BATTLE,2024-08-03T02:43:42.891-04:00
CRAZE,MURO (FINALE),,,,Accapella,2023,FOB,2023-01-02,https://www.youtube.com/watch?v=38oHMQzefu4,7305,38oHMQzefu4,FREESTYLE BATTLE,2024-08-03T02:43:42.891-04:00
T-Way,Neilz,,,Kassel,Accapella,2023,DLTLLY,2023-01-01,https://www.youtube.com/watch?v=RlbPNOCmPdg,53157,RlbPNOCmPdg,Kassel,2024-08-03T02:43:42.891-04:00
Duff,B-Dad,,,Kassel,Accapella,2022,DLTLLY,2022-12-25,https://www.youtube.com/watch?v=vs4tNDMiQbE,28126,vs4tNDMiQbE,Kassel,2024-08-03T02:43:42.891-04:00
Pulsar,Shaolum,,,Kassel,Accapella,2022,DLTLLY,2022-12-11,https://www.youtube.com/watch?v=xhm1GaoEThA,19756,xhm1GaoEThA,Kassel,2024-08-03T02:43:42.891-04:00
T-WAY,KOOZY,,,,On Beat,2022,FOB,2022-12-09,https://www.youtube.com/watch?v=pZQtoF-rlXI,10099,pZQtoF-rlXI,ON BEAT BATTLE,2024-08-03T02:43:42.891-04:00
ZEPTAH,NOAH263,,,,Accapella,2022,FOB,2022-12-04,https://www.youtube.com/watch?v=Do5mGT8p3rQ,2550,Do5mGT8p3rQ,FREESTYLE BATTLE,2024-08-03T02:43:42.892-04:00
TEACH,VESSO,,,,Accapella,2022,FOB,2022-12-04,https://www.youtube.com/watch?v=FDh0UdIX-3g,2877,FDh0UdIX-3g,FREESTYLE BATTLE,2024-08-03T02:43:42.892-04:00
Papi Schlauch,Craze,,,,Accapella,2022,DLTLLY,2022-12-04,https://www.youtube.com/watch?v=8MwhxBFd0rk,95866,8MwhxBFd0rk,Stellwerk Hamburg,2024-08-03T02:43:42.892-04:00
Shizu,Niza,,,Kassel,Accapella,2022,DLTLLY,2022-11-30,https://www.youtube.com/watch?v=nB5MCOERYgw,25128,nB5MCOERYgw,Kassel,2024-08-03T02:43:42.892-04:00
MORGANA,DESPO,,,,Accapella,2022,FOB,2022-11-28,https://www.youtube.com/watch?v=cr7jeZoQa4Y,5212,cr7jeZoQa4Y,ACAPELLA BATTLE,2024-08-03T02:43:42.892-04:00
MC COLOGNE,LEOQUENT,,,,Accapella,2022,FOB,2022-11-28,https://www.youtube.com/watch?v=srliH-T5M4I,2801,srliH-T5M4I,ACAPELLA BATTLE,2024-08-03T02:43:42.892-04:00
LEONNN,CLOUDSURFER,,,,Accapella,2022,FOB,2022-11-28,https://www.youtube.com/watch?v=YdcZBjLyUdQ,3026,YdcZBjLyUdQ,ACAPELLA BATTLE,2024-08-03T02:43:42.892-04:00
Jack Dragon,Tollschock,,,,Accapella,2022,DLTLLY,2022-11-27,https://www.youtube.com/watch?v=BJFMwGvMeqY,17803,BJFMwGvMeqY,Stellwerk Hamburg,2024-08-03T02:43:42.892-04:00
Shortworth,Kairuzo,Proving Grounds Vol. 2,,Berlin,Accapella,2022,DLTLLY,2022-11-25,https://www.youtube.com/watch?v=moff7jTB0Hk,10877,moff7jTB0Hk,Proving Grounds  Panke Berlin,2024-08-03T02:43:42.892-04:00
DASCHA,NOTYZZE,,,,Accapella,2022,FOB,2022-11-20,https://www.youtube.com/watch?v=Rn3E7Ggt1eI,16595,Rn3E7Ggt1eI,FREESTYLE BATTLE,2024-08-03T02:43:42.893-04:00
Zeuge,D-Kay,,,,Accapella,2022,DLTLLY,2022-11-20,https://www.youtube.com/watch?v=lY1e8yfkpa8,19760,lY1e8yfkpa8,Stellwerk Hamburg,2024-08-03T02:43:42.893-04:00
Der Sir,Bronko Banano aka Street,Proving Grounds Vol. 2,,Berlin,Accapella,2022,DLTLLY,2022-11-18,https://www.youtube.com/watch?v=ZS28WqvU5SM,8481,ZS28WqvU5SM,Proving Grounds  Panke Berlin,2024-08-03T02:43:42.893-04:00
NOTYZZE,DIZZEPTICON,,,,Accapella,2022,FOB,2022-11-14,https://www.youtube.com/watch?v=bJE9flpMmRE,6216,bJE9flpMmRE,FREESTYLE BATTLE,2024-08-03T02:43:42.893-04:00
Joseph Steinschleuder,Hiding John,,,,Accapella,2022,DLTLLY,2022-11-13,https://www.youtube.com/watch?v=y6t8jKfD-AE,68063,y6t8jKfD-AE,Stellwerk Hamburg,2024-08-03T02:43:42.893-04:00
Mazzikaner,Requiem,Proving Grounds Vol. 2,,Berlin,Accapella,2022,DLTLLY,2022-11-06,https://www.youtube.com/watch?v=TAm558704I4,15926,TAm558704I4,Proving Grounds  Panke Berlin,2024-08-03T02:43:42.893-04:00
KIRUMA,ZEPTAH,,,,Accapella,2022,FOB,2022-11-04,https://www.youtube.com/watch?v=fWJTrdnzJrg,17207,fWJTrdnzJrg,ACAPELLA BATTLE,2024-08-03T02:43:42.893-04:00
MC GEUNER,ROLLING G,,,,Accapella,2022,FOB,2022-11-03,https://www.youtube.com/watch?v=uu0PY0v7IFQ,39508,uu0PY0v7IFQ,ACAPELLA BATTLE,2024-08-03T02:43:42.893-04:00
Krom,Fate,,,,Accapella,2022,DLTLLY,2022-10-23,https://www.youtube.com/watch?v=Li-qeNs1KpU,16458,Li-qeNs1KpU,Freestyle Halbfinale 2/2,2024-08-03T02:43:42.893-04:00
Hiding John,Lyrico,,Festsaal Kreuzberg,Berlin,Accapella,2022,DLTLLY,2022-10-16,https://www.youtube.com/watch?v=DfqZW-U6Pt8,96121,DfqZW-U6Pt8,Berlin 9th Birthday,2024-08-03T02:43:42.893-04:00
CRAZE & PHILLIE.45,VYRUS & FREEZY,,,,On Beat,2022,FOB,2022-10-14,https://www.youtube.com/watch?v=ldSXHCj1nOM,85386,ldSXHCj1nOM,ON BEAT BATTLE,2024-08-03T02:43:42.894-04:00
HOLU,MC RABIAT,,,,Accapella,2022,FOB,2022-10-14,https://www.youtube.com/watch?v=N9pjDq1PXRU,2329,N9pjDq1PXRU,ACAPELLA BATTLE,2024-08-03T02:43:42.894-04:00
Kato,Craze,,,,Accapella,2022,DLTLLY,2022-10-14,https://www.youtube.com/watch?v=EutFE-eb8sc,17592,EutFE-eb8sc,Freestyle Viertelfinale 4/4,2024-08-03T02:43:42.894-04:00
HEINZ87,OREGANO,,,,Accapella,2022,FOB,2022-10-14,https://www.youtube.com/watch?v=TRUrdcR5wIw,17114,TRUrdcR5wIw,ACAPELLA BATTLE,2024-08-03T02:43:42.894-04:00
Aytee,Galv,,Festsaal Kreuzberg,Berlin,On Beat,2022,DLTLLY,2022-10-09,https://www.youtube.com/watch?v=jD054e2cdBw,51924,jD054e2cdBw,Berlin 9th Birthday,2024-08-03T02:43:42.894-04:00
Fate,Davie Jones,,,,Accapella,2022,DLTLLY,2022-10-07,https://www.youtube.com/watch?v=05TK5EPBr0Y,16956,05TK5EPBr0Y,Freestyle Viertelfinale 3/4,2024-08-03T02:43:42.894-04:00
Tobi High,Wolff,,Festsaal Kreuzberg,Berlin,Accapella,2022,DLTLLY,2022-10-03,https://www.youtube.com/watch?v=k3BrRmzQiho,70304,k3BrRmzQiho,Berlin 9th Birthday,2024-08-03T02:43:42.894-04:00
Notyzze,Shizu,,,,Accapella,2022,DLTLLY,2022-10-02,https://www.youtube.com/watch?v=ZrSdgJqcZoE,18971,ZrSdgJqcZoE,Freestyle Viertelfinale 2/4,2024-08-03T02:43:42.894-04:00
Julo,Joseph Steinschleuder,,Badehaus Berlin,Berlin,Accapella,2022,DUDL,2022-10-01,https://www.youtube.com/watch?v=OZXeAAAO5J4,42814,OZXeAAAO5J4,Battle,2024-08-03T02:43:42.894-04:00
Krom,Mighty P,,,,Accapella,2022,DLTLLY,2022-09-30,https://www.youtube.com/watch?v=Jh54jeD5YeU,16621,Jh54jeD5YeU,Freestyle Viertelfinale 1/4,2024-08-03T02:43:42.894-04:00
T-WAY,FREEKNO,,,,Accapella,2022,FOB,2022-09-28,https://www.youtube.com/watch?v=9l3DT26cxe8,4312,9l3DT26cxe8,ACAPELLA BATTLE,2024-08-03T02:43:42.895-04:00
JOSEPH STEINSCHLEUDER,FAIVEL,,,,Accapella,2022,FOB,2022-09-27,https://www.youtube.com/watch?v=aUwkQJY2Rf8,27758,aUwkQJY2Rf8,ACAPELLA BATTLE,2024-08-03T02:43:42.895-04:00
TOLLSCHOCK,PESC,,,,Accapella,2022,FOB,2022-09-27,https://www.youtube.com/watch?v=BwRs5JfDleQ,5820,BwRs5JfDleQ,ACAPELLA BATTLE,2024-08-03T02:43:42.895-04:00
Morgana,Kiruma,,,,Accapella,2022,DUDL,2022-09-24,https://www.youtube.com/watch?v=sAEdAkJMRdU,20213,sAEdAkJMRdU,Battle,2024-08-03T02:43:42.895-04:00
MC Rabiat,Pulsar,,,,Accapella,2022,DUDL,2022-09-17,https://www.youtube.com/watch?v=dkTL_Nv3G8Q,6099,dkTL_Nv3G8Q,Battle,2024-08-03T02:43:42.895-04:00
MC COLOGNE,.TECEY,,,,On Beat,2022,FOB,2022-09-14,https://www.youtube.com/watch?v=r1F9bbM1oKU,2815,r1F9bbM1oKU,ON BEAT BATTLE,2024-08-03T02:43:42.895-04:00
VYRUS,ZEPTAH,,,,On Beat,2022,FOB,2022-09-14,https://www.youtube.com/watch?v=Zm6fOMQaFS0,57064,Zm6fOMQaFS0,ON BEAT BATTLE,2024-08-03T02:43:42.895-04:00
Bong Teggy,Davie Jones,splash! 23,Splash,Ferropolis,On Beat,2022,DLTLLY,2022-09-11,https://www.youtube.com/watch?v=pdhbmLWMwyg,213861,pdhbmLWMwyg,Splash! Festival,2024-08-03T02:43:42.895-04:00
DEZ,LevRudi,,,,Accapella,2022,DUDL,2022-09-10,https://www.youtube.com/watch?v=4hkL_gTsuBc,9199,4hkL_gTsuBc,Battle,2024-08-03T02:43:42.895-04:00
Karanova,Aytee,splash! 23,Splash,Ferropolis,On Beat,2022,DLTLLY,2022-09-04,https://www.youtube.com/watch?v=n6c9Qv8P-C8,79971,n6c9Qv8P-C8,Splash! Festival,2024-08-03T02:43:42.896-04:00
Trunkenbold,Flashus Christus,,,,Accapella,2022,DUDL,2022-09-03,https://www.youtube.com/watch?v=NIohlGTNge8,8290,NIohlGTNge8,Battle,2024-08-03T02:43:42.896-04:00
MORGANA,LUG SERIOUS,,,,On Beat,2022,FOB,2022-09-02,https://www.youtube.com/watch?v=y4yjYAZK7JE,20344,y4yjYAZK7JE,ON BEAT BATTLE,2024-08-03T02:43:42.896-04:00
FROZEN,FREEZY,,,,On Beat,2022,FOB,2022-08-30,https://www.youtube.com/watch?v=Gsl1naOWydI,4241,Gsl1naOWydI,ON BEAT BATTLE,2024-08-03T02:43:42.896-04:00
PHILLIE.45,BANDAN,,,,On Beat,2022,FOB,2022-08-30,https://www.youtube.com/watch?v=XXSqvOu2WQs,6500,XXSqvOu2WQs,ON BEAT BATTLE,2024-08-03T02:43:42.896-04:00
PHASENKIND,LUG SERIOUS,,,,On Beat,2022,FOB,2022-08-30,https://www.youtube.com/watch?v=FlPpnQ-dKD8,9708,FlPpnQ-dKD8,ON BEAT BATTLE,2024-08-03T02:43:42.896-04:00
Khacoby,DirtySanchez,splash! 23,Splash,Ferropolis,On Beat,2022,DLTLLY,2022-08-28,https://www.youtube.com/watch?v=s-zpW3jQqTo,32932,s-zpW3jQqTo,Splash! Festival,2024-08-03T02:43:42.896-04:00
Jeystone,Jesazz K,,,,Accapella,2022,DUDL,2022-08-27,https://www.youtube.com/watch?v=Hz69rjg3Kw8,9601,Hz69rjg3Kw8,Battle,2024-08-03T02:43:42.897-04:00
BURST,KAIRUZO,,,,On Beat,2022,FOB,2022-08-26,https://www.youtube.com/watch?v=CiPxzTK1pqw,2016,CiPxzTK1pqw,ON BEAT BATTLE,2024-08-03T02:43:42.897-04:00
REQUIEM,HEYZEN,,,,On Beat,2022,FOB,2022-08-25,https://www.youtube.com/watch?v=z83Zw2aMjkI,7389,z83Zw2aMjkI,ON BEAT BATTLE,2024-08-03T02:43:42.897-04:00
T-Way,Tobi High,splash! 23,Splash,Ferropolis,On Beat,2022,DLTLLY,2022-08-21,https://www.youtube.com/watch?v=tEhjlNLOuFA,22213,tEhjlNLOuFA,Splash! Festival,2024-08-03T02:43:42.897-04:00
SnakeHeadRhyme,D-Kay,,,,Accapella,2022,DUDL,2022-08-20,https://www.youtube.com/watch?v=huG-hq7KSZg,10979,huG-hq7KSZg,Battle,2024-08-03T02:43:42.898-04:00
CRAZE,PATO G (FINALE),,,,Accapella,2022,FOB,2022-08-18,https://www.youtube.com/watch?v=hr1SredLhhU,5773,hr1SredLhhU,FREESTYLE BATTLE,2024-08-03T02:43:42.898-04:00
NOTYZZE,CRAZE  (BONUS BATTLE),,,,Accapella,2022,FOB,2022-08-18,https://www.youtube.com/watch?v=KHCHHB0LHHM,11433,KHCHHB0LHHM,FREESTYLE BATTLE,2024-08-03T02:43:42.898-04:00
VYRUS,JOLLE (BATTLE UM PLATZ 3),,,,Accapella,2022,FOB,2022-08-18,https://www.youtube.com/watch?v=iOJVqrGOgso,4553,iOJVqrGOgso,FREESTYLE BATTLE,2024-08-03T02:43:42.898-04:00
Vorstadtflokati,Latik,,,,Accapella,2022,DUDL,2022-08-13,https://www.youtube.com/watch?v=dRDcUTdB7nE,6315,dRDcUTdB7nE,Battle,2024-08-03T02:43:42.898-04:00
STEEL,MC COLOGNE,,,,On Beat,2022,FOB,2022-08-12,https://www.youtube.com/watch?v=9gdlkHCY6ks,24618,9gdlkHCY6ks,ON BEAT BATTLE,2024-08-03T02:43:42.898-04:00
Holu,Mazzikaner,,,,Accapella,2022,DUDL,2022-08-06,https://www.youtube.com/watch?v=1JCgK26bVhA,5680,1JCgK26bVhA,Battle,2024-08-03T02:43:42.898-04:00
Julo,Cashus K.,,,,Accapella,2022,DUDL,2022-07-30,https://www.youtube.com/watch?v=syTuhtmBwRg,8707,syTuhtmBwRg,Battle,2024-08-03T02:43:42.898-04:00
Alko,Bilal,,,,Accapella,2022,DUDL,2022-07-23,https://www.youtube.com/watch?v=02mF_h347nk,11111,02mF_h347nk,Battle,2024-08-03T02:43:42.898-04:00
Shizu,Tao,,Backstage,München,Accapella,2022,DLTLLY,2022-07-17,https://www.youtube.com/watch?v=pbJaLLca8ec,24833,pbJaLLca8ec,Backstage München,2024-08-03T02:43:42.898-04:00
LevRudi,Jesazz K,,,,Accapella,2022,DUDL,2022-07-16,https://www.youtube.com/watch?v=LAUYmanP_6I,11865,LAUYmanP_6I,Battle,2024-08-03T02:43:42.899-04:00
NOTYZZE,YAAMANN,,,,Accapella,2022,FOB,2022-07-14,https://www.youtube.com/watch?v=HY-hSTOAFvc,8206,HY-hSTOAFvc,FREESTYLE BATTLE,2024-08-03T02:43:42.899-04:00
KALP ONE,FREEKNO,,,,Accapella,2022,FOB,2022-07-14,https://www.youtube.com/watch?v=yU99ToSTBps,3729,yU99ToSTBps,ACAPELLA BATTLE,2024-08-03T02:43:42.899-04:00
KOOZY,KAIRUZO,,,,On Beat,2022,FOB,2022-07-14,https://www.youtube.com/watch?v=5TCfzkPBF-o,13016,5TCfzkPBF-o,ON BEAT BATTLE,2024-08-03T02:43:42.899-04:00
BARETTA,OREGANO,,,,Accapella,2022,FOB,2022-07-14,https://www.youtube.com/watch?v=B6RjjHg62QE,11217,B6RjjHg62QE,ACAPELLA BATTLE,2024-08-03T02:43:42.899-04:00
NOTYZZE,PHASENKIND,,,,Accapella,2022,FOB,2022-07-14,https://www.youtube.com/watch?v=HD98boSKqCM,5791,HD98boSKqCM,FREESTYLE BATTLE,2024-08-03T02:43:42.899-04:00
DOCMO,BEZEY,,,,Accapella,2022,FOB,2022-07-14,https://www.youtube.com/watch?v=pVZjfqP3MvU,1183,pVZjfqP3MvU,FREESTYLE BATTLE,2024-08-03T02:43:42.899-04:00
MIKESH,SSYNIC,Mayhem 5,,,Accapella,2022,DLTLLY,2022-07-10,https://www.youtube.com/watch?v=ccC4G3Ox27Y,621325,ccC4G3Ox27Y,MAYhem #5,2024-08-03T02:43:42.899-04:00
Mars B.,Neilz,,Backstage,München,Accapella,2022,DLTLLY,2022-07-10,https://www.youtube.com/watch?v=-iJVkN6FDbs,102227,-iJVkN6FDbs,Backstage München,2024-08-03T02:43:42.899-04:00
Hiding John,Neilz,,Crack Bellmer,Berlin,Accapella,2022,DUDL,2022-07-09,https://www.youtube.com/watch?v=O_9B-Ip_kkg,82760,O_9B-Ip_kkg,Battle,2024-08-03T02:43:42.900-04:00
Robscure,Falki,,,,Accapella,2022,DLTLLY,2022-07-03,https://www.youtube.com/watch?v=f-mF2l3hDjY,57475,f-mF2l3hDjY,MAYhem 5 Festsaal Kreuzberg,2024-08-03T02:43:42.900-04:00
McLuvin,GR8,,,,Accapella,2022,DUDL,2022-07-02,https://www.youtube.com/watch?v=regYrzxAfGs,9668,regYrzxAfGs,Battle,2024-08-03T02:43:42.900-04:00
ROBEAZY,M.F.L.,,,,Accapella,2022,FOB,2022-06-30,https://www.youtube.com/watch?v=d0qAuLNmQQc,1992,d0qAuLNmQQc,ACAPELLA BATTLE,2024-08-03T02:43:42.900-04:00
Tobi High,Aytee,,,,Accapella,2022,DLTLLY,2022-06-26,https://www.youtube.com/watch?v=ZPeaBwUwty4,72095,ZPeaBwUwty4,MAYhem 5 Festsaal Kreuzberg,2024-08-03T02:43:42.900-04:00
Béla Garbage,Franz Flaute,,,,Accapella,2022,DUDL,2022-06-25,https://www.youtube.com/watch?v=e4VyBRJ4Fk4,10201,e4VyBRJ4Fk4,Battle,2024-08-03T02:43:42.900-04:00
DASCHA,PATO G,,,,Accapella,2022,FOB,2022-06-24,https://www.youtube.com/watch?v=jaQXn1IHhcU,2588,jaQXn1IHhcU,FREESTYLE BATTLE,2024-08-03T02:43:42.900-04:00
PESC,LEOQUENT,,,,Accapella,2022,FOB,2022-06-21,https://www.youtube.com/watch?v=dsD2zPtl9UQ,1804,dsD2zPtl9UQ,ACAPELLA BATTLE,2024-08-03T02:43:42.900-04:00
MORGANA,TECEY,,,,Accapella,2022,FOB,2022-06-20,https://www.youtube.com/watch?v=rXsbY1b41N4,3496,rXsbY1b41N4,ACAPELLA BATTLE,2024-08-03T02:43:42.901-04:00
Pablo2k,Jeystone,,,,Accapella,2022,DUDL,2022-06-18,https://www.youtube.com/watch?v=tuxr36FJOPs,9507,tuxr36FJOPs,Battle,2024-08-03T02:43:42.901-04:00
OREGANO,FAIVEL,,,,Accapella,2022,FOB,2022-06-17,https://www.youtube.com/watch?v=ahNsdBtoNVw,13522,ahNsdBtoNVw,ACAPELLA BATTLE,2024-08-03T02:43:42.901-04:00
SnakeHeadRhyme,Kid Soldier,,,,Accapella,2022,DLTLLY,2022-06-12,https://www.youtube.com/watch?v=3haA6pKjg5I,51019,3haA6pKjg5I,MAYhem 5,2024-08-03T02:43:42.901-04:00
ZinZity,Karanova,,,,Accapella,2022,DUDL,2022-06-11,https://www.youtube.com/watch?v=jY18iQanWaI,66164,jY18iQanWaI,Battle,2024-08-03T02:43:42.901-04:00
Django,Zeuge,,,,Accapella,2022,DUDL,2022-06-04,https://www.youtube.com/watch?v=rM3mXY5wEuA,13325,rM3mXY5wEuA,Battle,2024-08-03T02:43:42.901-04:00
LATIK,NIKA,,,,Accapella,2022,FOB,2022-06-04,https://www.youtube.com/watch?v=ughb98BsdD8,3114,ughb98BsdD8,ACAPELLA BATTLE,2024-08-03T02:43:42.901-04:00
NICK SHIT,EZRA,,,,Accapella,2022,FOB,2022-05-31,https://www.youtube.com/watch?v=-gNJ3ZjYgj0,1540,-gNJ3ZjYgj0,ACAPELLA BATTLE,2024-08-03T02:43:42.901-04:00
Kiruma,BunGee,,,,Accapella,2022,DUDL,2022-05-28,https://www.youtube.com/watch?v=aRMwOCghSCI,18332,aRMwOCghSCI,Battle,2024-08-03T02:43:42.901-04:00
ALKO,EMBA,,,,On Beat,2022,FOB,2022-05-24,https://www.youtube.com/watch?v=XedbsyzqXvg,4889,XedbsyzqXvg,ON BEAT BATTLE,2024-08-03T02:43:42.902-04:00
Bong Teggy & Papi Schlauch,Cris Kotzen & Ano-nym,DISSember 4,Festsaal Kreuzberg,Berlin,Accapella,2022,DLTLLY,2022-05-15,https://www.youtube.com/watch?v=kXPVliglFLM,138409,kXPVliglFLM,2on2  Dissember5 Berlin,2024-08-03T02:43:42.902-04:00
Deytona,Maka,,,,Accapella,2022,DLTLLY,2022-05-08,https://www.youtube.com/watch?v=nhXxVQrDp3E,18781,nhXxVQrDp3E,Spektakulum Düsseldorf,2024-08-03T02:43:42.902-04:00
Hiding John,Julo,,,,Accapella,2022,DLTLLY,2022-05-06,https://www.youtube.com/watch?v=8Rg-OYpHnz8,49389,8Rg-OYpHnz8,Spektakulum Düsseldorf,2024-08-03T02:43:42.902-04:00
Bilal,RNGD,DISSember 5,Festsaal Kreuzberg,Berlin,Accapella,2022,DLTLLY,2022-05-06,https://www.youtube.com/watch?v=A15mdm79cLI,13227,A15mdm79cLI,Bonus Battle DISSember 5 Berlin,2024-08-03T02:43:42.902-04:00
Davie Jones,Khacoby,DISSember 5,Festsaal Kreuzberg,Berlin,Accapella,2022,DLTLLY,2022-05-01,https://www.youtube.com/watch?v=x-LvLkEzs8k,59328,x-LvLkEzs8k,DISSember 5 Berlin,2024-08-03T02:43:42.902-04:00
LITTLE SEDO,MALIK (NEWCOMER BATTLE),,,,Accapella,2022,FOB,2022-04-28,https://www.youtube.com/watch?v=qTnU1JNsn1Q,2150,qTnU1JNsn1Q,ACAPELLA BATTLE,2024-08-03T02:43:42.902-04:00
Hiding John,Karanova,DISSember 5,Festsaal Kreuzberg,Berlin,Accapella,2022,DLTLLY,2022-04-24,https://www.youtube.com/watch?v=0AWRxf_O7N0,49065,0AWRxf_O7N0,DISSember 5 Berlin,2024-08-03T02:43:42.902-04:00
OREGANO,BUNNEE (NEWCOMER BATTLE),,,,Accapella,2022,FOB,2022-04-22,https://www.youtube.com/watch?v=IpAK7JAG9aY,5777,IpAK7JAG9aY,ACAPELLA BATTLE,2024-08-03T02:43:42.902-04:00
Niza,Despo,DISSember 5,Festsaal Kreuzberg,Berlin,Accapella,2022,DLTLLY,2022-04-17,https://www.youtube.com/watch?v=QOkXwlYdbQI,18151,QOkXwlYdbQI,DISSember 5 Berlin,2024-08-03T02:43:42.903-04:00
NICK SHIT,BARETTA (NEWCOMER BATTLE),,,,Accapella,2022,FOB,2022-04-15,https://www.youtube.com/watch?v=UHTFPhhnook,1650,UHTFPhhnook,ACAPELLA BATTLE,2024-08-03T02:43:42.903-04:00
T-Way,DeeLah,DISSember 5,Festsaal Kreuzberg,Berlin,Accapella,2022,DLTLLY,2022-04-10,https://www.youtube.com/watch?v=pc0see3ZJrM,33417,pc0see3ZJrM,DISSember 5 Berlin,2024-08-03T02:43:42.903-04:00
CRAZYO,M.F.L. (NEWCOMER BATTLE),,,,Accapella,2022,FOB,2022-04-08,https://www.youtube.com/watch?v=dwxhHY6EU6Y,1955,dwxhHY6EU6Y,ACAPELLA BATTLE,2024-08-03T02:43:42.903-04:00
Ankündigung MIKESH,SSYNIC,,,,Accapella,2022,DLTLLY,2022-03-27,https://www.youtube.com/watch?v=8SdOlGCSiyQ,51106,8SdOlGCSiyQ,MAYhem 5,2024-08-03T02:43:42.903-04:00
PESC,LEOQUENT (NEWCOMER BATTLE),,,,Accapella,2022,FOB,2022-03-25,https://www.youtube.com/watch?v=1FsbrboRc0c,1641,1FsbrboRc0c,ACAPELLA BATTLE,2024-08-03T02:43:42.903-04:00
FROZEN,EZRA (NEWCOMER BATTLE),,,,Accapella,2022,FOB,2022-03-24,https://www.youtube.com/watch?v=6LKmFzyGKjs,1716,6LKmFzyGKjs,ACAPELLA BATTLE,2024-08-03T02:43:42.903-04:00
BURST,A-RON,,,,On Beat,2022,FOB,2022-02-09,https://www.youtube.com/watch?v=R8lbxhWiq-M,2741,R8lbxhWiq-M,ON BEAT BATTLE,2024-08-03T02:43:42.903-04:00
ZEPTAH,PHILLIE.45,,,,On Beat,2022,FOB,2022-02-04,https://www.youtube.com/watch?v=ICuy8oTOBKw,6272,ICuy8oTOBKw,ON BEAT BATTLE,2024-08-03T02:43:42.903-04:00
FREEZY,DESPO,,,,On Beat,2022,FOB,2022-02-04,https://www.youtube.com/watch?v=elnma98FBPM,6336,elnma98FBPM,ON BEAT BATTLE,2024-08-03T02:43:42.903-04:00
KAIRUZO,FROZEN,,,,On Beat,2022,FOB,2022-02-02,https://www.youtube.com/watch?v=kLzU7By3Z48,3785,kLzU7By3Z48,ON BEAT BATTLE,2024-08-03T02:43:42.904-04:00
BANDAN,T-WAY,,,,On Beat,2022,FOB,2022-01-31,https://www.youtube.com/watch?v=yuTFKFCHHRs,4663,yuTFKFCHHRs,ON BEAT BATTLE,2024-08-03T02:43:42.904-04:00
LATIK,TEACH,,,,Accapella,2022,FOB,2022-01-30,https://www.youtube.com/watch?v=m5T71FIBKeE,4832,m5T71FIBKeE,ACAPELLA BATTLE,2024-08-03T02:43:42.904-04:00
TOLLSCHOCK,BURST,,,,Accapella,2022,FOB,2022-01-27,https://www.youtube.com/watch?v=0Nu4Vs4yFik,6324,0Nu4Vs4yFik,ACAPELLA BATTLE,2024-08-03T02:43:42.904-04:00
Joseph Steinschleuder,Tobi High,,,,Accapella,2021,DUDL,2022-01-08,https://www.youtube.com/watch?v=cblMd5dP52g,68910,cblMd5dP52g,Battle,2024-08-03T02:43:42.904-04:00
T-Way,Karanova,,,,Accapella,2021,DUDL,2022-01-01,https://www.youtube.com/watch?v=O1gK-lc2744,25741,O1gK-lc2744,Battle,2024-08-03T02:43:42.904-04:00
Khacoby,DeeLah,NRWeekend 5,,,Accapella,2021,DLTLLY,2021-12-26,https://www.youtube.com/watch?v=0TzaYVDPlWs,48833,0TzaYVDPlWs,NRWeekend 5,2024-08-03T02:43:42.904-04:00
Lug Serious,Zeuge,,,,Accapella,2021,DUDL,2021-12-25,https://www.youtube.com/watch?v=eZEkBQHj1Zw,12050,eZEkBQHj1Zw,Battle,2024-08-03T02:43:42.904-04:00
Maka,Heinz87,NRWeekend 5,,,Accapella,2021,DLTLLY,2021-12-24,https://www.youtube.com/watch?v=M9ljmm81bj8,16107,M9ljmm81bj8,NRWeekend 5,2024-08-03T02:43:42.904-04:00
MADAME CHAOT,REQUIEM,,,,Accapella,2021,FOB,2021-12-23,https://www.youtube.com/watch?v=f7Ie40PCgKE,18952,f7Ie40PCgKE,ACAPELLA BATTLE,2024-08-03T02:43:42.905-04:00
Mc Geuner,Phasenkind,NRWeekend 5,,,Accapella,2021,DLTLLY,2021-12-19,https://www.youtube.com/watch?v=8XF0GNuX43c,33437,8XF0GNuX43c,NRWeekend 5,2024-08-03T02:43:42.905-04:00
Craze,ZinZity,NRWeekend 5,,,Accapella,2021,DLTLLY,2021-12-19,https://www.youtube.com/watch?v=BFpaIJJRZpo,147198,BFpaIJJRZpo,NRWeekend 5,2024-08-03T02:43:42.905-04:00
Herr Sören,Holu,,,,Accapella,2021,DUDL,2021-12-18,https://www.youtube.com/watch?v=kSiZzKaRn_M,9233,kSiZzKaRn_M,Battle,2024-08-03T02:43:42.905-04:00
Hiding John,Mars B.,NRWeekend 5,,,Accapella,2021,DLTLLY,2021-12-12,https://www.youtube.com/watch?v=waIf0MlTjyA,139371,waIf0MlTjyA,NRWeekend 5,2024-08-03T02:43:42.905-04:00
Joe Pharo,Kid Soldier,,,,Accapella,2021,DUDL,2021-12-11,https://www.youtube.com/watch?v=v-UUweDkH68,36649,v-UUweDkH68,Battle,2024-08-03T02:43:42.905-04:00
Atropatrap,Natif,NRWeekend 5,,,Accapella,2021,DLTLLY,2021-12-10,https://www.youtube.com/watch?v=mLz-MOsV9eY,44096,mLz-MOsV9eY,NRWeekend 5,2024-08-03T02:43:42.905-04:00
Niza,Devasberg,NRWeekend 5,,,Accapella,2021,DLTLLY,2021-12-05,https://www.youtube.com/watch?v=_QVu_4_lKPw,17904,_QVu_4_lKPw,NRWeekend 5,2024-08-03T02:43:42.905-04:00
Wolff,MC Geuner,,,,Accapella,2021,DUDL,2021-12-04,https://www.youtube.com/watch?v=b-UoZVuRk8o,29719,b-UoZVuRk8o,Battle,2024-08-03T02:43:42.906-04:00
Dizzepticon,Koozy,NRWeekend 5,,,On Beat,2021,DLTLLY,2021-11-28,https://www.youtube.com/watch?v=44GWsXgZyNs,20568,44GWsXgZyNs,NRWeekend 5,2024-08-03T02:43:42.906-04:00
Phasenkind,SnakeHeadRhyme,,,,Accapella,2021,DUDL,2021-11-27,https://www.youtube.com/watch?v=rnhrlt8rjHo,15881,rnhrlt8rjHo,Battle,2024-08-03T02:43:42.906-04:00
Julo,Gerro,NRWeekend 5,,,Accapella,2021,DLTLLY,2021-11-21,https://www.youtube.com/watch?v=JFRhtS_YE9A,28324,JFRhtS_YE9A,NRWeekend 5,2024-08-03T02:43:42.906-04:00
Latik,Julo,,,,Accapella,2021,DUDL,2021-11-20,https://www.youtube.com/watch?v=JsYSZtd2KMg,6522,JsYSZtd2KMg,Battle,2024-08-03T02:43:42.906-04:00
DEMUTRAS,REQUIEM,,,,Accapella,2021,FOB,2021-11-18,https://www.youtube.com/watch?v=SGn3uMPhtTk,3198,SGn3uMPhtTk,ACAPELLA BATTLE,2024-08-03T02:43:42.906-04:00
EKHEAD,PESC,,,,Accapella,2021,FOB,2021-11-18,https://www.youtube.com/watch?v=0J9DKWtyvQ0,3810,0J9DKWtyvQ0,ACAPELLA BATTLE,2024-08-03T02:43:42.906-04:00
Davie Jones,Shizu,,,,Accapella,2021,DLTLLY,2021-11-12,https://www.youtube.com/watch?v=00PsDnNc0tE,18957,00PsDnNc0tE,Viertelfinale - Freestyle Turnier,2024-08-03T02:43:42.906-04:00
Requiem,Malik,,,,Accapella,2021,DUDL,2021-11-12,https://www.youtube.com/watch?v=nAOzsb5R0jQ,8366,nAOzsb5R0jQ,Battle,2024-08-03T02:43:42.906-04:00
Mighty P,Papi Schlauch / Viertelfinale - Freestyle Turnier / ProvingGrounds 2 Rapbattles / DLTLLY DurationPT5M Uploaded2021-11-9 Views19396 ChannelDLTLLY,,,,Accapella,2021,DLTLLY,2021-11-09,https://www.youtube.com/watch?v=MkO4Kivu-oc,19465,MkO4Kivu-oc,battlerap culture Thumbnail:https:,2024-08-03T02:43:42.906-04:00
Kato,Craze,,,,Accapella,2021,DLTLLY,2021-11-07,https://www.youtube.com/watch?v=tQxf0_g0Qyo,109636,tQxf0_g0Qyo,B-DAY #8,2024-08-03T02:43:42.907-04:00
Schlawin0r,Franciss,,,,Accapella,2021,DUDL,2021-11-06,https://www.youtube.com/watch?v=UJw2kUbdKRc,6827,UJw2kUbdKRc,Battle,2024-08-03T02:43:42.907-04:00
Notyzze,Leanders,,,,Accapella,2021,DLTLLY,2021-11-05,https://www.youtube.com/watch?v=P3jJnu84jso,20962,P3jJnu84jso,Viertelfinale - Freestyle Turnier,2024-08-03T02:43:42.907-04:00
Karanova,Mars B.,,,,Accapella,2021,DLTLLY,2021-10-31,https://www.youtube.com/watch?v=XW5F33vQEBE,56473,XW5F33vQEBE,B-DAY #8,2024-08-03T02:43:42.907-04:00
MC Rabiat,P.S. Jiggy,,,,Accapella,2021,DUDL,2021-10-29,https://www.youtube.com/watch?v=SAsznYYz40M,9677,SAsznYYz40M,Battle,2024-08-03T02:43:42.907-04:00
Aura,Desperados,Proving Grounds Vol. 2,,,Accapella,2021,DLTLLY,2021-10-29,https://www.youtube.com/watch?v=L-11Ys1jPbk,21413,L-11Ys1jPbk,Proving Grounds #2,2024-08-03T02:43:42.907-04:00
TRIPLE (TRIPLEBEAT),DASCHA,,,,Accapella,2021,FOB,2021-10-24,https://www.youtube.com/watch?v=DR_Ah6-tL4A,9097,DR_Ah6-tL4A,ACAPELLA BATTLE,2024-08-03T02:43:42.908-04:00
DESPO,MC COLOGNE,,,,On Beat,2021,FOB,2021-10-24,https://www.youtube.com/watch?v=l5WLfkde9bY,2872,l5WLfkde9bY,ON BEAT BATTLE,2024-08-03T02:43:42.907-04:00
LATIK,TECEY,,,,Accapella,2021,FOB,2021-10-24,https://www.youtube.com/watch?v=yOKjgjTx598,4525,yOKjgjTx598,ACAPELLA BATTLE,2024-08-03T02:43:42.907-04:00
DESPO,DOCMO,,,,Accapella,2020,FOB,2021-10-24,https://www.youtube.com/watch?v=iOCwuBA9Bm0,3314,iOCwuBA9Bm0,ACAPELLA BATTLE,2024-08-03T02:43:42.907-04:00
MUSIO,NATIF,,,,Accapella,2021,FOB,2021-10-24,https://www.youtube.com/watch?v=76GHLjt3_Q4,8642,76GHLjt3_Q4,ACAPELLA BATTLE,2024-08-03T02:43:42.907-04:00
DESPO & LEANDERS,BANDAN & RINGELNATZ,,,,Accapella,2021,FOB,2021-10-24,https://www.youtube.com/watch?v=Lmsc-4QD8cU,7029,Lmsc-4QD8cU,ACAPELLA BATTLE,2024-08-03T02:43:42.909-04:00
LEANDERS,TEACH,,,,Accapella,2021,FOB,2021-10-24,https://www.youtube.com/watch?v=YNP98QxWD9A,5638,YNP98QxWD9A,ACAPELLA BATTLE,2024-08-03T02:43:42.909-04:00
Neilz,Deytona,,,,Accapella,2021,DLTLLY,2021-10-24,https://www.youtube.com/watch?v=Uo9V26OqyLw,53753,Uo9V26OqyLw,B-DAY #8,2024-08-03T02:43:42.909-04:00
MC GEUNER,JULO,,,,Accapella,2021,FOB,2021-10-24,https://www.youtube.com/watch?v=EOkj_xbRKyo,16881,EOkj_xbRKyo,ACAPELLA BATTLE,2024-08-03T02:43:42.909-04:00
RALLE,DASCHA,,,,Accapella,2020,FOB,2021-10-24,https://www.youtube.com/watch?v=isjvzmQO3MI,4107,isjvzmQO3MI,ACAPELLA BATTLE,2024-08-03T02:43:42.908-04:00
Joseph Steinschleuder,A-Ron,,,,Accapella,2021,DLTLLY,2021-10-22,https://www.youtube.com/watch?v=11038rqoQr0,31400,11038rqoQr0,B-DAY #8,2024-08-03T02:43:42.909-04:00
Bong Teggy,Koozy,,,,On Beat,2021,DLTLLY,2021-10-17,https://www.youtube.com/watch?v=ADHXjLh3t58,179667,ADHXjLh3t58,B-Day #8,2024-08-03T02:43:42.909-04:00
Joseph Steinschleuder (aka Merlin),Tobi High,,,Berlin,Accapella,2021,DLTLLY,2021-10-15,https://www.youtube.com/watch?v=ErS3GzWV5EI,40538,ErS3GzWV5EI,B-DAY #8 Berlin,2024-08-03T02:43:42.909-04:00
Proton,Bandan,,,München,On Beat,2021,DLTLLY,2021-09-24,https://www.youtube.com/watch?v=2ZpsOZntjdQ,16941,2ZpsOZntjdQ,München,2024-08-03T02:43:42.909-04:00
Tollschock,MC Geuner,Proving Grounds Vol. 1,Panke Backyard,,Accapella,2021,DLTLLY,2021-09-12,https://www.youtube.com/watch?v=EPxRnWn0yFM,27684,EPxRnWn0yFM,Proving Grounds Vol. 1,2024-08-03T02:43:42.909-04:00
Vorstadtflokati,Maka,Proving Grounds Vol. 1,Panke Backyard,,Accapella,2021,DLTLLY,2021-09-05,https://www.youtube.com/watch?v=1a8hepLi7tM,13668,1a8hepLi7tM,Proving Grounds Vol. 1,2024-08-03T02:43:42.910-04:00
Julo,BDad,Proving Grounds Vol. 1,Panke Backyard,,Accapella,2021,DLTLLY,2021-08-29,https://www.youtube.com/watch?v=tcNaMgkL0ds,25331,tcNaMgkL0ds,Proving Grounds Vol. 1,2024-08-03T02:43:42.910-04:00
Moitz,Heinz87,Proving Grounds Vol. 1,Panke Backyard,,Accapella,2021,DLTLLY,2021-08-22,https://www.youtube.com/watch?v=HqgNJu5VcGI,14631,HqgNJu5VcGI,Proving Grounds Vol. 1,2024-08-03T02:43:42.910-04:00
Liser,Niza,Proving Grounds Vol. 1,Panke Backyard,,Accapella,2021,DLTLLY,2021-08-15,https://www.youtube.com/watch?v=d50Tv7s_7zY,39851,d50Tv7s_7zY,Proving Grounds Vol. 1,2024-08-03T02:43:42.910-04:00
Robscure,Hiding John,,,,Accapella,2021,DLTLLY,2021-08-08,https://www.youtube.com/watch?v=S4QLxawNqdA,41479,S4QLxawNqdA,Summer Vibes 2021,2024-08-03T02:43:42.910-04:00
Kato,Indoor Stan (OnBeat),,,,On Beat,2021,DLTLLY,2021-08-01,https://www.youtube.com/watch?v=X6kOp_8oxBU,29440,X6kOp_8oxBU,Summer Vibes 2021,2024-08-03T02:43:42.910-04:00
Joseph Steinschleuder,Natif,,,,Accapella,2021,DLTLLY,2021-07-25,https://www.youtube.com/watch?v=RPMJJLT995U,45787,RPMJJLT995U,Summer Vibes 2021,2024-08-03T02:43:42.910-04:00
Phasenkind,Ryko-J,,,,On Beat,2021,DLTLLY,2021-07-18,https://www.youtube.com/watch?v=LVHZ_t-xy48,29186,LVHZ_t-xy48,Battle,2024-08-03T02:43:42.910-04:00
Karanova,D-Kay,,,,Accapella,2021,DLTLLY,2021-07-11,https://www.youtube.com/watch?v=OB3JEUHn9uc,13775,OB3JEUHn9uc,Summer Vibes,2024-08-03T02:43:42.910-04:00
Mars B.,BX,,,,Accapella,2021,DLTLLY,2021-07-04,https://www.youtube.com/watch?v=_pAlmhNLPgk,22825,_pAlmhNLPgk,Hidden Gems 2,2024-08-03T02:43:42.911-04:00
SnakeHeadRhyme,Hiding John,,,,Accapella,2021,DLTLLY,2021-06-27,https://www.youtube.com/watch?v=bDWcsbukE34,34409,bDWcsbukE34,Hidden Gems 2,2024-08-03T02:43:42.911-04:00
Gerro,Tao,,,,Accapella,2021,DLTLLY,2021-06-13,https://www.youtube.com/watch?v=OedxSC21Q7c,12048,OedxSC21Q7c,Hidden Gems 2,2024-08-03T02:43:42.911-04:00
Phasenkind,Ferry,,,,Accapella,2021,DLTLLY,2021-06-06,https://www.youtube.com/watch?v=W77oeyxkAqU,14440,W77oeyxkAqU,Hidden Gems 2,2024-08-03T02:43:42.911-04:00
Wolff,Craze,,,,Accapella,2021,DLTLLY,2021-05-30,https://www.youtube.com/watch?v=8uoJU-abyag,40062,8uoJU-abyag,Hidden Gems,2024-08-03T02:43:42.911-04:00
Joseph Steinschleuder,Bahamakarma,,,,Accapella,2021,DLTLLY,2021-05-23,https://www.youtube.com/watch?v=UnPT7EzAH8I,32514,UnPT7EzAH8I,Hidden Gems,2024-08-03T02:43:42.911-04:00
Indoor Stan,DeeLah,,,,On Beat,2021,DLTLLY,2021-05-16,https://www.youtube.com/watch?v=fPBGqZNJ1ho,20337,fPBGqZNJ1ho,could not identify event,2024-08-03T02:43:42.911-04:00
Joe Pharo,SnakeHeadRhyme,,,,Accapella,2021,DLTLLY,2021-05-02,https://www.youtube.com/watch?v=otH1IrojW_o,20014,otH1IrojW_o,Hidden Gems,2024-08-03T02:43:42.911-04:00
Neilz,FreeKno,,,,Accapella,2021,DLTLLY,2021-04-25,https://www.youtube.com/watch?v=wZYLJenaGyg,20777,wZYLJenaGyg,Breakthrough Halbfinale,2024-08-03T02:43:42.912-04:00
Requiem,Deytona,,,,Accapella,2021,DLTLLY,2021-04-18,https://www.youtube.com/watch?v=heWtcrlwRbg,11306,heWtcrlwRbg,Breakthrough Halbfinale,2024-08-03T02:43:42.912-04:00
Mars B.,MC Geuner,,,,Accapella,2021,DLTLLY,2021-03-28,https://www.youtube.com/watch?v=-Drz-WlVUYY,49263,-Drz-WlVUYY,STREET BATTLES 2021,2024-08-03T02:43:42.912-04:00
Tollschock,D-Kay,,,,Accapella,2021,DLTLLY,2021-03-21,https://www.youtube.com/watch?v=ERCFAPYNCJI,11675,ERCFAPYNCJI,STREET BATTLES 2021,2024-08-03T02:43:42.912-04:00
Henrey,Hiding John,,,,Accapella,2021,DLTLLY,2021-03-14,https://www.youtube.com/watch?v=c8QaTxQRHMs,30053,c8QaTxQRHMs,STREET BATTLES 2021,2024-08-03T02:43:42.912-04:00
Karanova,YAMANN,,,,Accapella,2021,DLTLLY,2021-03-07,https://www.youtube.com/watch?v=4T4o-m4wRWQ,13691,4T4o-m4wRWQ,STREET BATTLES 2021,2024-08-03T02:43:42.912-04:00
Falki,Phasenkind,,,,On Beat,2021,DLTLLY,2021-02-07,https://www.youtube.com/watch?v=AgQGgjkkwBo,33075,AgQGgjkkwBo,Video Battle,2024-08-03T02:43:42.912-04:00
DOC,Gerro (aka RenetixX),,,,On Beat,2021,DLTLLY,2021-02-07,https://www.youtube.com/watch?v=FYm1CMj1TJQ,11084,FYm1CMj1TJQ,Video Battle,2024-08-03T02:43:42.912-04:00
Wandelbarz,YAAMANN,,,,On Beat,2021,DLTLLY,2021-02-07,https://www.youtube.com/watch?v=u_3tUhl9fXM,17924,u_3tUhl9fXM,Video Battle,2024-08-03T02:43:42.912-04:00
Khacoby,Peat,,,,On Beat,2021,DLTLLY,2021-01-24,https://www.youtube.com/watch?v=tlBRazaZShg,75669,tlBRazaZShg,Video Battle,2024-08-03T02:43:42.913-04:00
Holu,Kairuzo,,,,Accapella,2020,DLTLLY,2020-11-27,https://www.youtube.com/watch?v=lsb-FSjlsA0,9225,lsb-FSjlsA0,ExtraMatch,2024-08-03T02:43:42.913-04:00
Robscure,Sizyphos,,,,Accapella,2020,DLTLLY,2020-11-08,https://www.youtube.com/watch?v=2-xOBUKTmkk,90044,2-xOBUKTmkk,B.Day#7,2024-08-03T02:43:42.913-04:00
Kato,N'antinein,,,,Accapella,2020,DLTLLY,2020-11-01,https://www.youtube.com/watch?v=R5aGasnH0OM,58681,R5aGasnH0OM,B.Day#7,2024-08-03T02:43:42.913-04:00
DeeLah,Mars B.,,,,Accapella,2020,DLTLLY,2020-10-25,https://www.youtube.com/watch?v=Ia6Bsae_kEg,62300,Ia6Bsae_kEg,B.Day#7,2024-08-03T02:43:42.913-04:00
Joe Pharo,Hiding John,,,,Accapella,2020,DLTLLY,2020-10-18,https://www.youtube.com/watch?v=cBUqmJ_i5qY,60215,cBUqmJ_i5qY,B.Day#7,2024-08-03T02:43:42.913-04:00
Karma,Khacoby,,,,Accapella,2020,DLTLLY,2020-10-11,https://www.youtube.com/watch?v=YS82RpCtbS4,47804,YS82RpCtbS4,B.Day#7,2024-08-03T02:43:42.913-04:00
Joseph Steinschleuder,Indoor Stan,,Panke Backyard,Berlin,Accapella,2020,DLTLLY,2020-10-04,https://www.youtube.com/watch?v=5UjDGUy3PQI,51878,5UjDGUy3PQI,Panke,2024-08-03T02:43:42.913-04:00
Brian Damage,Craze,,Panke Backyard,Berlin,Accapella,2020,DLTLLY,2020-09-27,https://www.youtube.com/watch?v=iGUe8Sblwgw,44962,iGUe8Sblwgw,Panke,2024-08-03T02:43:42.913-04:00
DeeLah,SnakeHeadRhyme,,Panke Backyard,Berlin,Accapella,2020,DLTLLY,2020-09-20,https://www.youtube.com/watch?v=fi8fsxG1OcE,28897,fi8fsxG1OcE,Panke,2024-08-03T02:43:42.913-04:00
Steel,Karanova,,Panke Backyard,Berlin,Accapella,2020,DLTLLY,2020-09-13,https://www.youtube.com/watch?v=yHbnx2fuG5c,20590,yHbnx2fuG5c,Panke,2024-08-03T02:43:42.914-04:00
Bong Teggy,Robscure,,Panke Backyard,Berlin,Accapella,2020,DLTLLY,2020-08-16,https://www.youtube.com/watch?v=pZ6pnu5hf0A,55328,pZ6pnu5hf0A,Panke,2024-08-03T02:43:42.914-04:00
Vorstadtflokati,Shizu,,Panke Backyard,Berlin,Accapella,2020,DLTLLY,2020-08-14,https://www.youtube.com/watch?v=y9ncsceHW3M,9581,y9ncsceHW3M,Panke,2024-08-03T02:43:42.914-04:00
Kid Soldier,Hiding John,,Panke Backyard,Berlin,Accapella,2020,DLTLLY,2020-08-09,https://www.youtube.com/watch?v=Wdgl_Cg9GKU,47839,Wdgl_Cg9GKU,Panke,2024-08-03T02:43:42.914-04:00
Falk,Karanova,,,,On Beat,2020,DLTLLY,2020-08-02,https://www.youtube.com/watch?v=2ruMpOhxrRs,22396,2ruMpOhxrRs,Virtual  Battle,2024-08-03T02:43:42.914-04:00
Phasenkind,Peat,,,,On Beat,2020,DLTLLY,2020-07-26,https://www.youtube.com/watch?v=fvaZ9P2KRLE,32655,fvaZ9P2KRLE,Virtual  Battle,2024-08-03T02:43:42.914-04:00
Kato,Mr. Whyte,,,,Accapella,2020,DLTLLY,2020-07-19,https://www.youtube.com/watch?v=FgFwq0icwso,28133,FgFwq0icwso,Fussball Battle,2024-08-03T02:43:42.914-04:00
Papi Schlauch,Master Marv,,,,Accapella,2020,DLTLLY,2020-07-03,https://www.youtube.com/watch?v=eVQd_FWdloE,15334,eVQd_FWdloE,could not identify event,2024-08-03T02:43:42.914-04:00
Khacoby,Notyzze,,,,Accapella,2020,DLTLLY,2020-06-28,https://www.youtube.com/watch?v=Tm9vJh_dk9k,28050,Tm9vJh_dk9k,Corona Battle Package,2024-08-03T02:43:42.914-04:00
Mars B.,BX,,,,Accapella,2020,DLTLLY,2020-06-26,https://www.youtube.com/watch?v=LOOhH4_OvNE,11194,LOOhH4_OvNE,Corona Battle Package,2024-08-03T02:43:42.914-04:00
Craze,Burst,,,,Accapella,2020,DLTLLY,2020-06-23,https://www.youtube.com/watch?v=bMXRfRmgPTA,6293,bMXRfRmgPTA,English 1 Rounder,2024-08-03T02:43:42.915-04:00
Falk,Ano-nym,,,,Accapella,2020,DLTLLY,2020-06-21,https://www.youtube.com/watch?v=dYmfj_BzrgY,56190,dYmfj_BzrgY,OnlineBattle,2024-08-03T02:43:42.915-04:00
Zeptah,Gammel,,,,Accapella,2020,DLTLLY,2020-06-14,https://www.youtube.com/watch?v=uekZr7zXv-o,9492,uekZr7zXv-o,OnlineBattle,2024-08-03T02:43:42.915-04:00
Sizyphos,Robscure,,,,Accapella,2020,DLTLLY,2020-06-12,https://www.youtube.com/watch?v=Ldc4PM7uECU,18638,Ldc4PM7uECU,Online Battle,2024-08-03T02:43:42.915-04:00
Hiding John,A-Ron,,,,Accapella,2020,DLTLLY,2020-06-09,https://www.youtube.com/watch?v=a70lYjBMMGc,12896,a70lYjBMMGc,Onlie Battle,2024-08-03T02:43:42.915-04:00
Proton,Craze,,,,On Beat,2020,DLTLLY,2020-06-07,https://www.youtube.com/watch?v=vb_w46X0rGE,21139,vb_w46X0rGE,+ Accapella,2024-08-03T02:43:42.915-04:00
Pablo,Jolle,,,,Accapella,2020,DLTLLY,2020-05-31,https://www.youtube.com/watch?v=5HaB0pBqyX0,12871,5HaB0pBqyX0,Online Battle,2024-08-03T02:43:42.915-04:00
T-Way,Kid Soldier,,,,Accapella,2020,DLTLLY,2020-05-31,https://www.youtube.com/watch?v=cohcA2h186c,14444,cohcA2h186c,Online Battle,2024-08-03T02:43:42.915-04:00
Phasenkind,Karanova,,,,Accapella,2020,DLTLLY,2020-05-24,https://www.youtube.com/watch?v=5BgRzwhN2PI,25943,5BgRzwhN2PI,OnlineBattle,2024-08-03T02:43:42.915-04:00
Proton,Notyzze,NRWeekend 4,,,On Beat,2020,DLTLLY,2020-04-26,https://www.youtube.com/watch?v=lKlZmLtrRaw,177141,lKlZmLtrRaw,NRWeekend4,2024-08-03T02:43:42.915-04:00
Craze' Parts,Merlin,NRWeekend 4,,,Accapella,2020,DLTLLY,2020-04-24,https://www.youtube.com/watch?v=u21MvmyqRFg,29303,u21MvmyqRFg,NRWeekend4,2024-08-03T02:43:42.916-04:00
Falk + Khacoby,DNA + Ringelnatz,NRWeekend 4,,,Accapella,2020,DLTLLY,2020-04-19,https://www.youtube.com/watch?v=WeQISeOD2oI,48480,WeQISeOD2oI,NRWeekend4,2024-08-03T02:43:42.916-04:00
Ali Smart,Pulsar,,,,Accapella,2020,DLTLLY,2020-04-12,https://www.youtube.com/watch?v=xFD__wFE9vU,20997,xFD__wFE9vU,D&DL CoEvent,2024-08-03T02:43:42.916-04:00
Silence,Franz Flaute,,,Berlin,Accapella,2020,DUDL,2020-04-08,https://www.youtube.com/watch?v=AkDqmXszYWA,9828,AkDqmXszYWA,-CoEvent,2024-08-03T02:43:42.916-04:00
DeeLah,Wandelbarz,NRWeekend 4,,,Accapella,2020,DLTLLY,2020-04-05,https://www.youtube.com/watch?v=qW9luXAQXRI,30727,qW9luXAQXRI,NRWeekend4,2024-08-03T02:43:42.916-04:00
Davie Jones,Fresh Polakke,,,Berlin,On Beat,2020,DLTLLY,2020-04-03,https://www.youtube.com/watch?v=UUyqMyjB2bM,129428,UUyqMyjB2bM,Berlin,2024-08-03T02:43:42.916-04:00
MC Rabiat,Jepain,,,Berlin,Accapella,2020,DUDL,2020-04-01,https://www.youtube.com/watch?v=S-QZgsCSZd8,10409,S-QZgsCSZd8,-CoEvent,2024-08-03T02:43:42.916-04:00
Alko,Baretta,,,Berlin,Accapella,2020,DUDL,2020-03-30,https://www.youtube.com/watch?v=4oV8qkTZtmQ,13196,4oV8qkTZtmQ,-CoEvent,2024-08-03T02:43:42.916-04:00
Django,Leanders,NRWeekend 4,,,Accapella,2020,DLTLLY,2020-03-29,https://www.youtube.com/watch?v=t0mOqEll75s,19727,t0mOqEll75s,NRWeekend4,2024-08-03T02:43:42.916-04:00
Mazzikaner,DNA,,,Berlin,On Beat,2020,DLTLLY,2020-03-27,https://www.youtube.com/watch?v=Ekk3MCWp-ZU,21988,Ekk3MCWp-ZU,Berlin,2024-08-03T02:43:42.917-04:00
Corner,Maka,,,Berlin,Accapella,2020,DUDL,2020-03-25,https://www.youtube.com/watch?v=2Alsg7pneZU,13383,2Alsg7pneZU,-CoEvent,2024-08-03T02:43:42.917-04:00
Kato,Ano-nym,NRWeekend 4,,,Accapella,2020,DLTLLY,2020-03-22,https://www.youtube.com/watch?v=US8gUcwYuDc,118690,US8gUcwYuDc,NRWeekend4,2024-08-03T02:43:42.917-04:00
Phasenkind,Steel,,,Berlin,On Beat,2020,DLTLLY,2020-03-20,https://www.youtube.com/watch?v=5E8wtuc_gPo,74908,5E8wtuc_gPo,Berlin,2024-08-03T02:43:42.917-04:00
DOC,Vorstadtflokati,NRWeekend 4,,,Accapella,2020,DLTLLY,2020-03-18,https://www.youtube.com/watch?v=jzFuHDCB_3Q,21877,jzFuHDCB_3Q,NRWeekend4,2024-08-03T02:43:42.917-04:00
Tollschock,Kid Soldier,NRWeekend 4,,,Accapella,2020,DLTLLY,2020-03-17,https://www.youtube.com/watch?v=hy0Njy_aODY,63706,hy0Njy_aODY,NRWeekend4,2024-08-03T02:43:42.917-04:00
Fate,Sizyphos,,,Berlin,On Beat,2020,DLTLLY,2020-03-13,https://www.youtube.com/watch?v=LNYeG_rxNyY,43894,LNYeG_rxNyY,Berlin,2024-08-03T02:43:42.917-04:00
Natif,Ryko-J,NRWeekend 4,,,Accapella,2020,DLTLLY,2020-03-11,https://www.youtube.com/watch?v=2oTsMFm6BZY,49000,2oTsMFm6BZY,NRWeekend4,2024-08-03T02:43:42.917-04:00
RenetiXX,A-Ron,NRWeekend 4,,,Accapella,2020,DLTLLY,2020-03-08,https://www.youtube.com/watch?v=3kT6ZzpMmbI,29095,3kT6ZzpMmbI,NRWeekend4,2024-08-03T02:43:42.917-04:00
Craze,Pablo,,,Berlin,On Beat,2020,DLTLLY,2020-03-07,https://www.youtube.com/watch?v=fJNspy5iVA4,80550,fJNspy5iVA4,Berlin,2024-08-03T02:43:42.917-04:00
Wolff,Mars B.,,,Kassel,Accapella,2020,DLTLLY,2020-03-01,https://www.youtube.com/watch?v=FFBaDPuErfc,141720,FFBaDPuErfc,Kassel,2024-08-03T02:43:42.918-04:00
Jolle,Falk,,,Berlin,On Beat,2020,DLTLLY,2020-02-28,https://www.youtube.com/watch?v=9DEOJ6f0UL8,48834,9DEOJ6f0UL8,Berlin,2024-08-03T02:43:42.918-04:00
Hiding John,ZinZity,,,Kassel,Accapella,2020,DLTLLY,2020-02-23,https://www.youtube.com/watch?v=-WkDV5RsdSo,252945,-WkDV5RsdSo,Kassel,2024-08-03T02:43:42.918-04:00
Papa TR,Karanova,,,Berlin,On Beat,2020,DLTLLY,2020-02-21,https://www.youtube.com/watch?v=1awgzzB19e0,28371,1awgzzB19e0,Berlin,2024-08-03T02:43:42.918-04:00
Joe Pharo,Tobi High,,,Kassel,Accapella,2020,DLTLLY,2020-02-16,https://www.youtube.com/watch?v=l4_E1OTEa4Q,65021,l4_E1OTEa4Q,Kassel,2024-08-03T02:43:42.918-04:00
Paleiacci,PrettyShittyJiggy,,,Kassel,Accapella,2020,DLTLLY,2020-02-09,https://www.youtube.com/watch?v=cnzRnRAL2pQ,29296,cnzRnRAL2pQ,Kassel,2024-08-03T02:43:42.918-04:00
Yarambo,Robscure,DISSember 4,Schräglage,Stuttgart,Accapella,2019,DLTLLY,2020-02-02,https://www.youtube.com/watch?v=K_jqoyHG2cE,125789,K_jqoyHG2cE,DISSember4,2024-08-03T02:43:42.918-04:00
Cris Kotzen,Merlin,DISSember 4,Schräglage,Stuttgart,Accapella,2019,DLTLLY,2020-01-26,https://www.youtube.com/watch?v=M9-nikWIC48,97542,M9-nikWIC48,DISSember4,2024-08-03T02:43:42.918-04:00
Ano-nym,Davie Jones,DISSember 4,Schräglage,Stuttgart,Accapella,2019,DLTLLY,2020-01-19,https://www.youtube.com/watch?v=UKr_lNJHApg,79768,UKr_lNJHApg,DISSember4,2024-08-03T02:43:42.919-04:00
Steel,Tollschock,DISSember 4,Schräglage,Stuttgart,Accapella,2019,DLTLLY,2020-01-12,https://www.youtube.com/watch?v=QmnDTvpqWao,32095,QmnDTvpqWao,Finale DISSember4,2024-08-03T02:43:42.919-04:00
Falk + Khacoby,Sizyphos + Joseph Steinschleuder,DISSember 4,Schräglage,Stuttgart,Accapella,2019,DLTLLY,2020-01-05,https://www.youtube.com/watch?v=Y3aA4xBE8cQ,144153,Y3aA4xBE8cQ,DltllyBattle DISSember4,2024-08-03T02:43:42.919-04:00
Ryko-J,T-Way,,,,Accapella,2019,DLTLLY,2020-01-03,https://www.youtube.com/watch?v=v7SE0M4nEtM,31232,v7SE0M4nEtM,Krefeld,2024-08-03T02:43:42.919-04:00
Julo,Django,,,Krefeld,Accapella,2019,DUDL,2020-01-01,https://www.youtube.com/watch?v=p-4EgTDFaAg,8981,p-4EgTDFaAg,-CoEvent,2024-08-03T02:43:42.919-04:00
Stepho,Sejo,,,Krefeld,Accapella,2019,DUDL,2019-12-30,https://www.youtube.com/watch?v=VN2Jj5wdzf8,4465,VN2Jj5wdzf8,-CoEvent,2024-08-03T02:43:42.920-04:00
Joseph Steinschleuder,Craze,,,Köln,Accapella,2019,DLTLLY,2019-12-29,https://www.youtube.com/watch?v=aQsnPZjXxBI,114857,aQsnPZjXxBI,Köln,2024-08-03T02:43:42.921-04:00
DeeLah,Zeuge,,,,Accapella,2019,DLTLLY,2019-12-27,https://www.youtube.com/watch?v=wauI8sMOOjY,43897,wauI8sMOOjY,Krefeld,2024-08-03T02:43:42.921-04:00
SiC68,Lug Serious,,,Krefeld,Accapella,2019,DUDL,2019-12-25,https://www.youtube.com/watch?v=hiVeDwqBMAU,6182,hiVeDwqBMAU,-CoEvent,2024-08-03T02:43:42.921-04:00
Trafalgar47,Vorstadtflokati,,,Krefeld,Accapella,2019,DUDL,2019-12-23,https://www.youtube.com/watch?v=EjBaQPaVBB4,6907,EjBaQPaVBB4,-CoEvent,2024-08-03T02:43:42.921-04:00
Mr. Whyte,Sizyphos,,,Köln,Accapella,2019,DLTLLY,2019-12-22,https://www.youtube.com/watch?v=9eyIS57O1X0,82663,9eyIS57O1X0,Köln,2024-08-03T02:43:42.921-04:00
Kid Soldier,Khacoby,,,Köln,Accapella,2019,DLTLLY,2019-12-20,https://www.youtube.com/watch?v=hf7bzyZKBLo,84612,hf7bzyZKBLo,Köln,2024-08-03T02:43:42.921-04:00
Ralle,Herr Sören,,,Krefeld,Accapella,2019,DUDL,2019-12-18,https://www.youtube.com/watch?v=RgsfS0R9Zw4,8248,RgsfS0R9Zw4,-CoEvent,2024-08-03T02:43:42.922-04:00
RenetiXX,MC Geuner,,,Köln,Accapella,2019,DLTLLY,2019-12-15,https://www.youtube.com/watch?v=BUef8obuDf0,46503,BUef8obuDf0,Köln,2024-08-03T02:43:42.922-04:00
Master Marv,MC Rabiat,,,Berlin,Accapella,2019,DLTLLY,2019-12-13,https://www.youtube.com/watch?v=JWY0UT09k64,21317,JWY0UT09k64,Berlin,2024-08-03T02:43:42.922-04:00
Milio,Plural,,,Berlin,Accapella,2019,DUDL,2019-12-11,https://www.youtube.com/watch?v=Kb1di9tsUg4,5479,Kb1di9tsUg4,-CoEvent,2024-08-03T02:43:42.922-04:00
Cashus K. + Mac Horn,DNA + Ringelnatz,,,Köln,Accapella,2019,DLTLLY,2019-12-10,https://www.youtube.com/watch?v=9pjW5JyzG-Q,32069,9pjW5JyzG-Q,Köln,2024-08-03T02:43:42.922-04:00
A-Ron,Nika,,,Berlin,Accapella,2019,DLTLLY,2019-12-06,https://www.youtube.com/watch?v=e9mAswMAQGg,18472,e9mAswMAQGg,Berlin,2024-08-03T02:43:42.922-04:00
Cartoon,Schlawin0r,,,Berlin,Accapella,2019,DUDL,2019-12-04,https://www.youtube.com/watch?v=uHhCVo5FaXA,7321,uHhCVo5FaXA,-CoEvent,2024-08-03T02:43:42.923-04:00
Nick Shit,Morgana,,,Berlin,Accapella,2019,DUDL,2019-12-02,https://www.youtube.com/watch?v=XIGXQ1nDR7s,6880,XIGXQ1nDR7s,-CoEvent,2024-08-03T02:43:42.923-04:00
SnakeHeadRhyme,Karanova,,,Berlin,Accapella,2019,DLTLLY,2019-12-01,https://www.youtube.com/watch?v=a2oB09-ACww,40660,a2oB09-ACww,Berlin,2024-08-03T02:43:42.923-04:00
Phasenkind,PrettyShittyJiggy,Co-Event Dltlly & D&DL,,Ludwigshafen,Accapella,2019,DLTLLY,2019-11-29,https://www.youtube.com/watch?v=On_47ye4fI0,23507,On_47ye4fI0,Ludwigshafen,2024-08-03T02:43:42.923-04:00
Ekta,Frozen,,,Ludwigshafen,Accapella,2019,DUDL,2019-11-27,https://www.youtube.com/watch?v=0hphYeZF-7E,6659,0hphYeZF-7E,MusicGourmétz-CoEvent,2024-08-03T02:43:42.923-04:00
Papi Schlauch,Proton,,,,Accapella,2019,DLTLLY,2019-11-24,https://www.youtube.com/watch?v=pdOgI2ZzRFE,81461,pdOgI2ZzRFE,Frankfurt,2024-08-03T02:43:42.923-04:00
MC Maik,Fate,,,,Accapella,2019,DLTLLY,2019-11-22,https://www.youtube.com/watch?v=VdSYdtJK1SY,28709,VdSYdtJK1SY,Frankfurt,2024-08-03T02:43:42.923-04:00
Jepain,Kaliba,,,Ludwigshafen,Accapella,2019,DUDL,2019-11-20,https://www.youtube.com/watch?v=FLpo3lNamXs,6266,FLpo3lNamXs,MusicGourmétz-CoEvent,2024-08-03T02:43:42.924-04:00
XtraHerb,Zheka,,,Ludwigshafen,Accapella,2019,DUDL,2019-11-18,https://www.youtube.com/watch?v=rRxKa443nq0,9674,rRxKa443nq0,MusicGourmétz-CoEvent,2024-08-03T02:43:42.924-04:00
Steel,Hiding John,,,,Accapella,2019,DLTLLY,2019-11-17,https://www.youtube.com/watch?v=8jPhByN4nMY,53704,8jPhByN4nMY,Halbfinale Frankfurt,2024-08-03T02:43:42.924-04:00
Paleiacci,Baretta,Co-Event Dltlly & D&DL,,Ludwigshafen,Accapella,2019,DLTLLY,2019-11-15,https://www.youtube.com/watch?v=Ty7p2q_B-xA,17181,Ty7p2q_B-xA,Ludwigshafen,2024-08-03T02:43:42.924-04:00
Joe Pharo,Ryko-J,,,,Accapella,2019,DLTLLY,2019-11-08,https://www.youtube.com/watch?v=NlgHm8PC2JU,53319,NlgHm8PC2JU,Frankfurt,2024-08-03T02:43:42.924-04:00
Nimeon,DOC,,,,Accapella,2019,DLTLLY,2019-11-03,https://www.youtube.com/watch?v=DFz9IJOx7KA,17105,DFz9IJOx7KA,DUDL+DerNorden CoEvent,2024-08-03T02:43:42.924-04:00
Friedrich Chilla,Tommen,,,Bremen,Accapella,2019,DUDL,2019-11-01,https://www.youtube.com/watch?v=eTJ6O-3pFE4,7535,eTJ6O-3pFE4,Der Norden-CoEvent,2024-08-03T02:43:42.924-04:00
Ali Smart,Gin Tomek,,,Bremen,Accapella,2019,DUDL,2019-10-30,https://www.youtube.com/watch?v=Yl14HGtptyM,6250,Yl14HGtptyM,Der Norden-CoEvent,2024-08-03T02:43:42.924-04:00
Alko,Maru,,,Bremen,Accapella,2019,DUDL,2019-10-28,https://www.youtube.com/watch?v=7-zmJH0dxho,5595,7-zmJH0dxho,Der Norden-CoEvent,2024-08-03T02:43:42.924-04:00
Dizaster,JollyJay,,,,Accapella,2019,DLTLLY,2019-10-26,https://www.youtube.com/watch?v=1ap7X5HV54k,105178,1ap7X5HV54k,international Battle B.Day#6,2024-08-03T02:43:42.924-04:00
P-Haze,Torbäng,,,Bremen,Accapella,2019,DUDL,2019-10-25,https://www.youtube.com/watch?v=yJJZjoZqHyU,5553,yJJZjoZqHyU,Der Norden-CoEvent,2024-08-03T02:43:42.925-04:00
BrahMC,Moby Deep,,,Bremen,Accapella,2019,DUDL,2019-10-23,https://www.youtube.com/watch?v=43Ko11ZOZTE,5598,43Ko11ZOZTE,Der Norden-CoEvent,2024-08-03T02:43:42.925-04:00
Yarambo,Mikesh,,,,Accapella,2019,DLTLLY,2019-10-20,https://www.youtube.com/watch?v=g4vk0dkD2-U,381530,g4vk0dkD2-U,🏆 TITLE-MATCH 🏆,2024-08-03T02:43:42.925-04:00
Audienzz,Béla Garbage,Move 'n' Culture Festival,,Halle,Accapella,2019,DUDL,2019-10-18,https://www.youtube.com/watch?v=uLpUUufc6rE,4169,uLpUUufc6rE,Move &#39;n&#39; Culture Festival-CoEvent,2024-08-03T02:43:42.925-04:00
Ortcutt,Mazzikaner,Move 'n' Culture Festival,,Halle,Accapella,2019,DUDL,2019-10-16,https://www.youtube.com/watch?v=gNn3O1N0tos,5974,gNn3O1N0tos,Move &#39;n&#39; Culture Festival-CoEvent,2024-08-03T02:43:42.925-04:00
Brian Damage,Merlin,,,,Accapella,2019,DLTLLY,2019-10-13,https://www.youtube.com/watch?v=Td7-cUxlJlI,137086,Td7-cUxlJlI,B.Day#6,2024-08-03T02:43:42.925-04:00
Franz Flaute,Nika,Move 'n' Culture Festival,,Halle,Accapella,2019,DUDL,2019-10-09,https://www.youtube.com/watch?v=H5cwWICWP9Q,9202,H5cwWICWP9Q,Move &#39;n&#39; Culture Festival-CoEvent,2024-08-03T02:43:42.925-04:00
Cris Kotzen,Robscure,,,,Accapella,2019,DLTLLY,2019-10-06,https://www.youtube.com/watch?v=359kHeVVIy4,91300,359kHeVVIy4,B.Day#6,2024-08-03T02:43:42.925-04:00
Doga,Malik,Move 'n' Culture Festival,,Halle,Accapella,2019,DUDL,2019-10-02,https://www.youtube.com/watch?v=4mFYhFng1AE,5318,4mFYhFng1AE,Move &#39;n&#39; Culture Festival-CoEvent,2024-08-03T02:43:42.925-04:00
Henrey,Craze,,,,Accapella,2019,DLTLLY,2019-09-29,https://www.youtube.com/watch?v=Nk4nGx2_8dk,79349,Nk4nGx2_8dk,B.Day#6,2024-08-03T02:43:42.926-04:00
Pulsar,Shker,Move 'n' Culture Festival,,Halle,Accapella,2019,DUDL,2019-09-25,https://www.youtube.com/watch?v=so7-Y7-fv7Y,6848,so7-Y7-fv7Y,Move &#39;n&#39; Culture Festival-CoEvent,2024-08-03T02:43:42.926-04:00
DNA + Ringelnatz,Fesas + Krom,,,Berlin,Accapella,2019,DLTLLY,2019-09-22,https://www.youtube.com/watch?v=rpVKWVj_RWw,42004,rpVKWVj_RWw,Berlin,2024-08-03T02:43:42.926-04:00
Lucky Number,Ortcutt,,,Berlin,Accapella,2019,DLTLLY,2019-09-20,https://www.youtube.com/watch?v=FA1DpTyD_dM,16565,FA1DpTyD_dM,Berlin,2024-08-03T02:43:42.926-04:00
ZinZity,Mazzikaner,,,Berlin,Accapella,2019,DLTLLY,2019-09-15,https://www.youtube.com/watch?v=z-gyAcxHO3Q,85223,z-gyAcxHO3Q,Runde2 Berlin,2024-08-03T02:43:42.926-04:00
Ano-nym,Aytee,splash! 22,Splash,Ferropolis,On Beat,2019,DLTLLY,2019-09-13,https://www.youtube.com/watch?v=zdfjO-EkI-I,325700,zdfjO-EkI-I,Splash22,2024-08-03T02:43:42.926-04:00
Steel,Driss,,,Berlin,Accapella,2019,DLTLLY,2019-09-08,https://www.youtube.com/watch?v=so7auaBTczQ,20032,so7auaBTczQ,Runde2 Berlin,2024-08-03T02:43:42.926-04:00
Mavgic,Davie Jones,splash! 22,Splash,Ferropolis,On Beat,2019,DLTLLY,2019-09-06,https://www.youtube.com/watch?v=R5c3gVn0MTI,241539,R5c3gVn0MTI,Splash22,2024-08-03T02:43:42.926-04:00
SnakeHeadRhyme,Lug Serious,,,Berlin,Accapella,2019,DLTLLY,2019-09-04,https://www.youtube.com/watch?v=c33Tdb62OaY,24431,c33Tdb62OaY,HIPinside Berlin,2024-08-03T02:43:42.927-04:00
Hiding John,Phasenkind,,,Berlin,Accapella,2019,DLTLLY,2019-09-01,https://www.youtube.com/watch?v=a0VIIAdkQiw,51972,a0VIIAdkQiw,Runde2 Berlin,2024-08-03T02:43:42.927-04:00
Cris Kotzen,Pablo,splash! 22,Splash,Ferropolis,On Beat,2019,DLTLLY,2019-08-30,https://www.youtube.com/watch?v=7IG1ogWO5Iw,96176,7IG1ogWO5Iw,Splash22,2024-08-03T02:43:42.927-04:00
Silence,K.O. Ray,,,Berlin,Accapella,2019,DLTLLY,2019-08-28,https://www.youtube.com/watch?v=D6dGz3CbY9w,16143,D6dGz3CbY9w,HIPinside Berlin,2024-08-03T02:43:42.927-04:00
Tollschock,Paleiacci,,,Berlin,Accapella,2019,DLTLLY,2019-08-25,https://www.youtube.com/watch?v=SroLejedLS8,19667,SroLejedLS8,Runde2 Berlin,2024-08-03T02:43:42.927-04:00
Kato,Rino Mandingo,splash! 22,Splash,Ferropolis,On Beat,2019,DLTLLY,2019-08-23,https://www.youtube.com/watch?v=2OPxY-WJQ00,74209,2OPxY-WJQ00,Splash22,2024-08-03T02:43:42.927-04:00
Yarambo,Cris Kotzen,,,,Accapella,2019,DLTLLY,2019-08-17,https://www.youtube.com/watch?v=rXtu_yTsNyY,269269,rXtu_yTsNyY,Hamburg,2024-08-03T02:43:42.927-04:00
Ano-nym,Joe Pharo,,,,On Beat,2019,DLTLLY,2019-08-14,https://www.youtube.com/watch?v=k_PFZFeAvqo,43596,k_PFZFeAvqo,Hamburg,2024-08-03T02:43:42.927-04:00
Mars B.,Tobi High,,,,Accapella,2019,DLTLLY,2019-08-10,https://www.youtube.com/watch?v=08a7zIL-Kq4,273774,08a7zIL-Kq4,Hamburg,2024-08-03T02:43:42.927-04:00
Nikiz,Fabiga,,,,On Beat,2019,DLTLLY,2019-08-09,https://www.youtube.com/watch?v=QuVClodstF8,30436,QuVClodstF8,Hamburg,2024-08-03T02:43:42.927-04:00
Merlin,Khacoby,,,,Accapella,2019,DLTLLY,2019-08-04,https://www.youtube.com/watch?v=yJyAb9r0ntI,130455,yJyAb9r0ntI,Hamburg,2024-08-03T02:43:42.928-04:00
Aris,Julo,,,,Accapella,2019,DLTLLY,2019-08-02,https://www.youtube.com/watch?v=h51TEe9214k,24488,h51TEe9214k,Hamburg,2024-08-03T02:43:42.928-04:00
Mighty Mo,Hansen,,,,Accapella,2014,DLTLLY,2019-07-29,https://www.youtube.com/watch?v=Y5U4LUK-82o,182643,Y5U4LUK-82o,EOW-Tour,2024-08-03T02:43:42.928-04:00
Joseph Steinschleuder,Falk,,,,Accapella,2019,DLTLLY,2019-07-26,https://www.youtube.com/watch?v=7gndCUN-t1A,122792,7gndCUN-t1A,Hamburg,2024-08-03T02:43:42.928-04:00
Cashus K + Mac Horn,MC Geuner + Natif,,,,Accapella,2019,DLTLLY,2019-07-25,https://www.youtube.com/watch?v=2EgAMk2CWIo,41080,2EgAMk2CWIo,Hamburg,2024-08-03T02:43:42.928-04:00
RenetiXX,Shizu,,,,Accapella,2019,DLTLLY,2019-07-20,https://www.youtube.com/watch?v=49jN1g_l4sw,33844,49jN1g_l4sw,Hamburg,2024-08-03T02:43:42.928-04:00
DXXDSTXCK,TableddnTimmy,,,,Accapella,2019,DLTLLY,2019-07-20,https://www.youtube.com/watch?v=6gf6DGRGPco,50025,6gf6DGRGPco,Hamburg,2024-08-03T02:43:42.928-04:00
Bong Teggy,Mikesh,,,,Accapella,2019,DLTLLY,2019-07-09,https://www.youtube.com/watch?v=iytAxUC689k,734158,iytAxUC689k,MAYhem #4,2024-08-03T02:43:42.928-04:00
DLTLLY+D&DL   Ortcutt,Steel,,,,Accapella,2019,DUDL,2019-07-05,https://www.youtube.com/watch?v=CPwOU-cEeE0,16110,CPwOU-cEeE0,Runde1 Berlin,2024-08-03T02:43:42.928-04:00
JerMC,Robscure,,,,Accapella,2019,DLTLLY,2019-07-04,https://www.youtube.com/watch?v=jsa8A68JWHc,69371,jsa8A68JWHc,MAYhem4,2024-08-03T02:43:42.929-04:00
DLTLLY+D&DL   Phasenkind,Klö10,,,,Accapella,2019,DUDL,2019-07-03,https://www.youtube.com/watch?v=6tEH2aGB7_Y,17793,6tEH2aGB7_Y,Runde1 Berlin,2024-08-03T02:43:42.929-04:00
Sizyphos,Davie Jones,,,,Accapella,2019,DLTLLY,2019-06-29,https://www.youtube.com/watch?v=qv_Vf5YwFao,179987,qv_Vf5YwFao,MAYhem4,2024-08-03T02:43:42.929-04:00
DLTLLY+D&DL   Arbeitstitel,Hiding John,,,,Accapella,2019,DUDL,2019-06-26,https://www.youtube.com/watch?v=rWZkTI11c8Y,26564,rWZkTI11c8Y,Runde1 Berlin,2024-08-03T02:43:42.929-04:00
Fate,Craze,,,,Accapella,2019,DLTLLY,2019-06-23,https://www.youtube.com/watch?v=UiaCJXNCthY,46315,UiaCJXNCthY,MAYhem4,2024-08-03T02:43:42.929-04:00
DLTLLY+D&DL   Tollschock,Silence,,,,Accapella,2019,DUDL,2019-06-21,https://www.youtube.com/watch?v=zV3N2PCfxac,16716,zV3N2PCfxac,Runde1 Berlin,2024-08-03T02:43:42.929-04:00
DLTLLY+D&DL   Mazzikaner,K.O. Ray,,,,Accapella,2019,DUDL,2019-06-19,https://www.youtube.com/watch?v=sS6-j7wbm6o,14717,sS6-j7wbm6o,Runde1 Berlin,2024-08-03T02:43:42.929-04:00
Yarambo + Kato,Wolff + Joe Pharo,NRWeekend 3,,,Accapella,2019,DLTLLY,2019-06-16,https://www.youtube.com/watch?v=a4WsKK9UKeU,131096,a4WsKK9UKeU,NRWeekend3,2024-08-03T02:43:42.929-04:00
DLTLLY+D&DL   Lucky Number,ZinZity,,,,Accapella,2019,DUDL,2019-06-14,https://www.youtube.com/watch?v=c0j-SjApuO0,97056,c0j-SjApuO0,Runde1 Berlin,2024-08-03T02:43:42.929-04:00
DLTLLY+D&DL   Paleiacci,Sikk Whalee,,,,Accapella,2019,DUDL,2019-06-12,https://www.youtube.com/watch?v=8mePOEi9G-4,15311,8mePOEi9G-4,Runde1 Berlin,2024-08-03T02:43:42.929-04:00
Duff,Lyrico,NRWeekend 3,,,Accapella,2019,DLTLLY,2019-06-08,https://www.youtube.com/watch?v=4x-ouPt32k0,146464,4x-ouPt32k0,NRWeekend3,2024-08-03T02:43:42.930-04:00
N'antinein,Joseph Steinschleuder,NRWeekend 3,,,Accapella,2019,DLTLLY,2019-06-02,https://www.youtube.com/watch?v=fK-LjuDqkGo,80365,fK-LjuDqkGo,NRWeekend3,2024-08-03T02:43:42.930-04:00
Ryko-J,Highdemann,NRWeekend 3,,,Accapella,2019,DLTLLY,2019-05-31,https://www.youtube.com/watch?v=qUe3WkuFvUI,52213,qUe3WkuFvUI,NRWeekend3,2024-08-03T02:43:42.930-04:00
Indoor Stan,Kid Soldier,NRWeekend 3,,,Accapella,2019,DLTLLY,2019-05-26,https://www.youtube.com/watch?v=bDd23OyQj8U,76514,bDd23OyQj8U,NRWeekend3,2024-08-03T02:43:42.930-04:00
Alice,Karma,NRWeekend 3,,,Accapella,2019,DLTLLY,2019-05-19,https://www.youtube.com/watch?v=w-brgVQJxjo,75569,w-brgVQJxjo,NRWeekend3,2024-08-03T02:43:42.930-04:00
MC Geuner,Mave,NRWeekend 3,,,Accapella,2019,DLTLLY,2019-05-17,https://www.youtube.com/watch?v=UDctKKtso3U,55185,UDctKKtso3U,NRWeekend3,2024-08-03T02:43:42.930-04:00
Pablo,Khacoby,NRWeekend 3,,,Accapella,2019,DLTLLY,2019-05-12,https://www.youtube.com/watch?v=iJ5-bv361rw,50159,iJ5-bv361rw,NRWeekend3,2024-08-03T02:43:42.930-04:00
Proton,Vinci,NRWeekend 3,,,Accapella,2019,DLTLLY,2019-05-05,https://www.youtube.com/watch?v=YtSL7gzo2x4,50359,YtSL7gzo2x4,NRWeekend3,2024-08-03T02:43:42.931-04:00
T-Jey,Papa TR,NRWeekend 3,,,Accapella,2019,DLTLLY,2019-05-03,https://www.youtube.com/watch?v=c7keDhs479s,23815,c7keDhs479s,NRWeekend3,2024-08-03T02:43:42.931-04:00
T-Way + Burst,Cashus K + Mac Horn,NRWeekend 3,,,Accapella,2019,DLTLLY,2019-04-28,https://www.youtube.com/watch?v=LlgDB0N8P7k,33785,LlgDB0N8P7k,NRWeekend3,2024-08-03T02:43:42.931-04:00
Herr Kuchen,Tao,,,,Accapella,2019,DLTLLY,2019-04-21,https://www.youtube.com/watch?v=e0KjoxB51EI,94139,e0KjoxB51EI,Wiesbaden,2024-08-03T02:43:42.931-04:00
Julo,PrettyShittyJiggy,,,,Accapella,2019,DLTLLY,2019-04-14,https://www.youtube.com/watch?v=q2QSW6dxCxI,17506,q2QSW6dxCxI,Wiesbaden,2024-08-03T02:43:42.931-04:00
Nais,Ano-nym,,,,On Beat,2019,DLTLLY,2019-04-12,https://www.youtube.com/watch?v=Gt0tcF5aBhw,76502,Gt0tcF5aBhw,Tapefabrik,2024-08-03T02:43:42.931-04:00
Shortworth,Craze,,,,Accapella,2019,DLTLLY,2019-04-07,https://www.youtube.com/watch?v=_iIiMTUBDuo,38817,_iIiMTUBDuo,Wiesbaden,2024-08-03T02:43:42.931-04:00
Vyrus,Pablo,,,,On Beat,2019,DLTLLY,2019-04-05,https://www.youtube.com/watch?v=JRAeJtv2KAI,75077,JRAeJtv2KAI,Tapefabrik,2024-08-03T02:43:42.931-04:00
A-Ron,Mr. Whyte,,,,Accapella,2019,DLTLLY,2019-03-31,https://www.youtube.com/watch?v=KZC0Boi1V1A,20179,KZC0Boi1V1A,Wiesbaden,2024-08-03T02:43:42.931-04:00
Robscure,VT,,,Kassel,Accapella,2019,DLTLLY,2019-03-24,https://www.youtube.com/watch?v=suRzrcwwp10,52222,suRzrcwwp10,Kassel,2024-08-03T02:43:42.932-04:00
Aris,Fate,,,Kassel,Accapella,2019,DLTLLY,2019-03-17,https://www.youtube.com/watch?v=_hlEJQGceVI,25083,_hlEJQGceVI,Kassel,2024-08-03T02:43:42.932-04:00
Papi Schlauch,Joe Pharo,,,Kassel,Accapella,2019,DLTLLY,2019-03-10,https://www.youtube.com/watch?v=jlAGipbHY3o,100275,jlAGipbHY3o,Kassel,2024-08-03T02:43:42.932-04:00
Mars B.,Joseph Steinschleuder,,,Kassel,Accapella,2019,DLTLLY,2019-03-03,https://www.youtube.com/watch?v=52TG99ZhujQ,102981,52TG99ZhujQ,Kassel,2024-08-03T02:43:42.932-04:00
Julo,Senad,,,,Accapella,2019,DLTLLY,2019-03-01,https://www.youtube.com/watch?v=fzChU9ifmpM,16279,fzChU9ifmpM,CoEvent4,2024-08-03T02:43:42.932-04:00
Béla Garbage,Eddie Tude ,,,Berlin,Accapella,2019,DUDL,2019-02-27,https://www.youtube.com/watch?v=QKTtGKUnz-Q,7500,QKTtGKUnz-Q,-CoEvent,2024-08-03T02:43:42.932-04:00
Kid Soldier,Karma,,,Kassel,Accapella,2019,DLTLLY,2019-02-24,https://www.youtube.com/watch?v=FiNK7Ip2G7M,54773,FiNK7Ip2G7M,Kassel,2024-08-03T02:43:42.933-04:00
Lug Serious,Audienzz,,,,Accapella,2019,DLTLLY,2019-02-22,https://www.youtube.com/watch?v=Rj9OPzOXGEo,11433,Rj9OPzOXGEo,CoEvent4,2024-08-03T02:43:42.933-04:00
OstrichO,MC Rabiat,,,Berlin,Accapella,2019,DUDL,2019-02-20,https://www.youtube.com/watch?v=riW57gZu4wA,6504,riW57gZu4wA,-CoEvent,2024-08-03T02:43:42.933-04:00
Django,Craze,,,,Accapella,2019,DLTLLY,2019-02-17,https://www.youtube.com/watch?v=MbEatFFA6Ws,24146,MbEatFFA6Ws,CoEvent4,2024-08-03T02:43:42.933-04:00
SnakeHeadRhyme,Shizu,,,,Accapella,2019,DLTLLY,2019-02-10,https://www.youtube.com/watch?v=DRGeTbZNyVM,23995,DRGeTbZNyVM,CoEvent4,2024-08-03T02:43:42.934-04:00
Robscure,Mikesh,DISSember 3,Festsaal Kreuzberg,Berlin,Accapella,2019,DLTLLY,2019-02-03,https://www.youtube.com/watch?v=ZIt1ck2SkpY,401134,ZIt1ck2SkpY,DISSember #3,2024-08-03T02:43:42.934-04:00
Onkel Oktomusch + Die Zwetschke,Cris Kotzen + Ano-nym,DISSember 3,Festsaal Kreuzberg,Berlin,Accapella,2019,DLTLLY,2019-01-27,https://www.youtube.com/watch?v=oBCM0_x5BTw,371608,oBCM0_x5BTw,DISSember #3,2024-08-03T02:43:42.934-04:00
Yarambo,Nedal Nib,,,,Accapella,2019,DLTLLY,2019-01-18,https://www.youtube.com/watch?v=b9WiPNutmcs,447109,b9WiPNutmcs,🏆 TITLE-MATCH 🏆,2024-08-03T02:43:42.934-04:00
Brian Damage,Wolff,DISSember 3,Festsaal Kreuzberg,Berlin,Accapella,2019,DLTLLY,2019-01-13,https://www.youtube.com/watch?v=l1A7Frzc6Yc,438639,l1A7Frzc6Yc,DISSember #3,2024-08-03T02:43:42.934-04:00
JollyJay,Buddi,,Oma Doris,Dortmund,Accapella,2018,DLTLLY,2018-12-30,https://www.youtube.com/watch?v=g7CZ_KeNQBg,72731,g7CZ_KeNQBg,Dortmund,2024-08-03T02:43:42.934-04:00
Akanoo,MC Geuner,,Oma Doris,Dortmund,Accapella,2018,DLTLLY,2018-12-28,https://www.youtube.com/watch?v=9caXz-M8C-w,30570,9caXz-M8C-w,Dortmund,2024-08-03T02:43:42.934-04:00
Craze,Lug Serious,,Oma Doris,Dortmund,Accapella,2018,DLTLLY,2018-12-26,https://www.youtube.com/watch?v=d35ARcB-cRI,18306,d35ARcB-cRI,Dortmund,2024-08-03T02:43:42.934-04:00
Mr. Whyte,Bruda Tuck,,Oma Doris,Dortmund,Accapella,2018,DLTLLY,2018-12-23,https://www.youtube.com/watch?v=dB_h2U7U56Y,10948,dB_h2U7U56Y,Dortmund,2024-08-03T02:43:42.934-04:00
Joseph Steinschleuder,Vinci,,Oma Doris,Dortmund,Accapella,2018,DLTLLY,2018-12-23,https://www.youtube.com/watch?v=M36xibQ16Pw,128124,M36xibQ16Pw,Dortmund,2024-08-03T02:43:42.935-04:00
Django,Ryko-J,,Oma Doris,Dortmund,Accapella,2018,DLTLLY,2018-12-21,https://www.youtube.com/watch?v=L4-rMBVV-zE,22798,L4-rMBVV-zE,Dortmund,2024-08-03T02:43:42.935-04:00
T-Way,N'antinein,,Oma Doris,Dortmund,Accapella,2018,DLTLLY,2018-12-16,https://www.youtube.com/watch?v=Gu-rZ_etxcA,30333,Gu-rZ_etxcA,Dortmund,2024-08-03T02:43:42.935-04:00
Wandelbarz,Tao,,Oma Doris,Dortmund,Accapella,2018,DLTLLY,2018-12-14,https://www.youtube.com/watch?v=_cnUi80QTEA,20330,_cnUi80QTEA,Dortmund,2024-08-03T02:43:42.935-04:00
Henker,Highdemann,,Oma Doris,Dortmund,Accapella,2018,DLTLLY,2018-12-12,https://www.youtube.com/watch?v=KjXgHLwZ2Pg,21470,KjXgHLwZ2Pg,Dortmund,2024-08-03T02:43:42.935-04:00
Lyrico,Henrey,,Oma Doris,Dortmund,Accapella,2018,DLTLLY,2018-12-09,https://www.youtube.com/watch?v=DYsdE49UH84,50245,DYsdE49UH84,Dortmund,2024-08-03T02:43:42.935-04:00
Olio,Indoor Stan,,Naumanns,Leipzig,On Beat,2018,DLTLLY,2018-12-07,https://www.youtube.com/watch?v=KJBUkAShgN0,19235,KJBUkAShgN0,Leipzig,2024-08-03T02:43:42.935-04:00
A-Ron,Chinooka,,Alter Weinkeller,Dortmund,Accapella,2018,DLTLLY,2018-12-05,https://www.youtube.com/watch?v=nzLpekudhsA,12341,nzLpekudhsA,Dortmund,2024-08-03T02:43:42.935-04:00
Cris Kotzen,Mighty Mo,,,München,Accapella,2018,DLTLLY,2018-12-02,https://www.youtube.com/watch?v=WoRse1CULWQ,414199,WoRse1CULWQ,München BDAY # 5,2024-08-03T02:43:42.936-04:00
SnakeHeadRhyme,RenetiXX,,Naumanns,Leipzig,Accapella,2018,DLTLLY,2018-11-30,https://www.youtube.com/watch?v=b-nM1nsvYGo,22571,b-nM1nsvYGo,Leipzig,2024-08-03T02:43:42.936-04:00
Leonidas,Zeuge,,Alter Weinkeller,Dortmund,Accapella,2018,DLTLLY,2018-11-28,https://www.youtube.com/watch?v=doMfLOBrGH0,17316,doMfLOBrGH0,Dortmund,2024-08-03T02:43:42.936-04:00
Yarambo,Bong Teggy,,,,Accapella,2018,DLTLLY,2018-11-25,https://www.youtube.com/watch?v=X41Ie96tRCQ,259479,X41Ie96tRCQ,B.Day#5,2024-08-03T02:43:42.936-04:00
Der Stockinger,Skilla199,,Naumanns,Leipzig,On Beat,2018,DLTLLY,2018-11-23,https://www.youtube.com/watch?v=yun-riliTHU,29296,yun-riliTHU,Leipzig,2024-08-03T02:43:42.936-04:00
Pilz,Davie Jones,,,,Accapella,2018,DLTLLY,2018-11-18,https://www.youtube.com/watch?v=lk2jv_AamfU,168025,lk2jv_AamfU,B.Day#5,2024-08-03T02:43:42.936-04:00
Ringelnatz + DNA,Verz + Andi B.,Move 'n' Culture Festival,,Halle,Accapella,2018,DUDL,2018-11-14,https://www.youtube.com/watch?v=wTM1FhA1mww,9889,wTM1FhA1mww,Move &#39;n&#39; Culture Festival-CoEvent,2024-08-03T02:43:42.936-04:00
Kid Soldier,DXXDSTXCK,,Naumanns,Leipzig,Accapella,2018,DLTLLY,2018-11-12,https://www.youtube.com/watch?v=oIxlJcgrYdw,55106,oIxlJcgrYdw,Leipzig,2024-08-03T02:43:42.936-04:00
Ano-nym,Pueblo Escobar,,Naumanns,Leipzig,On Beat,2018,DLTLLY,2018-11-09,https://www.youtube.com/watch?v=1w7pZ_Bbd9k,79981,1w7pZ_Bbd9k,Leipzig,2024-08-03T02:43:42.937-04:00
Mikesh,Papi Schlauch,,,,Accapella,2018,DLTLLY,2018-11-04,https://www.youtube.com/watch?v=YkKG0MkHNXs,328769,YkKG0MkHNXs,BDay #5,2024-08-03T02:43:42.937-04:00
Plural,T-Jey,,Naumanns,Leipzig,Accapella,2018,DLTLLY,2018-11-02,https://www.youtube.com/watch?v=SnFk4SUScd4,16784,SnFk4SUScd4,Leipzig,2024-08-03T02:43:42.937-04:00
Gregg,Audienzz,Move 'n' Culture Festival,,Halle,Accapella,2018,DUDL,2018-10-31,https://www.youtube.com/watch?v=USUTGcYZFdk,3594,USUTGcYZFdk,Move &#39;n&#39; Culture Festival-CoEvent,2024-08-03T02:43:42.937-04:00
Robscure,Vyrus,,,,Accapella,2018,DLTLLY,2018-10-28,https://www.youtube.com/watch?v=Zn-y-VSA3u0,95146,Zn-y-VSA3u0,B.Day#5,2024-08-03T02:43:42.937-04:00
Mave,Kato,,,,Accapella,2018,DLTLLY,2018-10-26,https://www.youtube.com/watch?v=FJNKKo_PoJ0,27713,FJNKKo_PoJ0,Freestyle- HipHopKemp,2024-08-03T02:43:42.937-04:00
Josen,Dexta,Move 'n' Culture Festival,,Halle,Accapella,2018,DUDL,2018-10-24,https://www.youtube.com/watch?v=gmWKQ2I8wpU,3070,gmWKQ2I8wpU,Move &#39;n&#39; Culture Festival-CoEvent,2024-08-03T02:43:42.937-04:00
Kato,Mars B.,,,Frankfurt am Main,Accapella,2018,DLTLLY,2018-10-21,https://www.youtube.com/watch?v=7wCrQqYeOqQ,198041,7wCrQqYeOqQ,FFM,2024-08-03T02:43:42.937-04:00
Fabelouis,RenetiXX,,,Frankfurt am Main,Accapella,2018,DLTLLY,2018-10-19,https://www.youtube.com/watch?v=GD7sRHxZKB8,18750,GD7sRHxZKB8,FFM,2024-08-03T02:43:42.937-04:00
Virus,IZL,Move 'n' Culture Festival,,Halle,Accapella,2018,DUDL,2018-10-18,https://www.youtube.com/watch?v=Vr9WJVfLnwU,3065,Vr9WJVfLnwU,Move &#39;n&#39; Culture Festival-CoEvent,2024-08-03T02:43:42.938-04:00
Ano-nym,Wolff,,,,Accapella,2018,DLTLLY,2018-10-14,https://www.youtube.com/watch?v=ShO3UZLEDc0,148558,ShO3UZLEDc0,NextGeneration Finale FFM,2024-08-03T02:43:42.938-04:00
Pueblo Escobar,Mave,,,,On Beat,2018,DLTLLY,2018-10-12,https://www.youtube.com/watch?v=fJe8hxIVt70,15595,fJe8hxIVt70,HipHopKemp,2024-08-03T02:43:42.938-04:00
SnakeHeadRhyme,Chinooka,Move 'n' Culture Festival,,Halle,Accapella,2018,DUDL,2018-10-10,https://www.youtube.com/watch?v=BuzP2YHdC4w,6060,BuzP2YHdC4w,Move &#39;n&#39; Culture Festival-CoEvent,2024-08-03T02:43:42.938-04:00
Joe Pharo,Joseph Steinschleuder,,,Frankfurt am Main,Accapella,2018,DLTLLY,2018-10-07,https://www.youtube.com/watch?v=rSqxELamrxc,66298,rSqxELamrxc,FFM,2024-08-03T02:43:42.938-04:00
Cashus K,Barracuda,,,Frankfurt am Main,Accapella,2018,DLTLLY,2018-10-05,https://www.youtube.com/watch?v=Jgma5I9y1VY,20215,Jgma5I9y1VY,FFM,2024-08-03T02:43:42.938-04:00
Béla Garbage,Lug Serious,Move 'n' Culture Festival,,Halle,Accapella,2018,DUDL,2018-10-03,https://www.youtube.com/watch?v=Aaiz_iVu6_Q,5076,Aaiz_iVu6_Q,Move &#39;n&#39; Culture Festival-CoEvent,2024-08-03T02:43:42.938-04:00
Brian Damage + Karma,Lyrico + Bauda,,,,On Beat,2018,DLTLLY,2018-09-28,https://www.youtube.com/watch?v=FWgPT8F6Ano,56373,FWgPT8F6Ano,HipHopKemp,2024-08-03T02:43:42.938-04:00
Tao,Shortworth,,,Frankfurt am Main,Accapella,2018,DLTLLY,2018-09-23,https://www.youtube.com/watch?v=A-iuNHPKkDw,20157,A-iuNHPKkDw,FFM,2024-08-03T02:43:42.938-04:00
Pretty Shitty Jiggy,Zeuge,,,Berlin,Accapella,2018,DUDL,2018-09-21,https://www.youtube.com/watch?v=Ptf2GjS1Heg,6000,Ptf2GjS1Heg,-CoEvent,2024-08-03T02:43:42.938-04:00
DXXDSTXCK,Bruda Tuck,,,,Accapella,2018,DLTLLY,2018-09-16,https://www.youtube.com/watch?v=eItAIkth52U,22109,eItAIkth52U,NewcomerBattle  D&DL-Co-Event3,2024-08-03T02:43:42.939-04:00
Nedal Nib,CLEP,,,,Accapella,2018,DLTLLY,2018-09-15,https://www.youtube.com/watch?v=iVLMjsx6cuw,112608,iVLMjsx6cuw,Studio Version + Extra 4. Runde,2024-08-03T02:43:42.939-04:00
Farmer,Splopf,,,,Accapella,2018,DLTLLY,2018-09-14,https://www.youtube.com/watch?v=PoLsM528T2Q,9826,PoLsM528T2Q,NewcomerBattle  D&DL-Co-Event3,2024-08-03T02:43:42.939-04:00
Craze,Eddie Tude,,,Berlin,Accapella,2018,DUDL,2018-09-12,https://www.youtube.com/watch?v=pPKq1J_fk5g,8679,pPKq1J_fk5g,-CoEvent,2024-08-03T02:43:42.939-04:00
MC Rabiat,Private Max,,,Berlin,Accapella,2018,DUDL,2018-09-05,https://www.youtube.com/watch?v=3_DeFI2Jst0,4704,3_DeFI2Jst0,-CoEvent,2024-08-03T02:43:42.939-04:00
Tecey,Kid Soldier,,,,Accapella,2018,DLTLLY,2018-09-02,https://www.youtube.com/watch?v=cgjF2l3C_88,25280,cgjF2l3C_88,NewcomerBattle  D&DL-Co-Event3,2024-08-03T02:43:42.939-04:00
A-Ron,Shizu,,,,Accapella,2018,DLTLLY,2018-08-31,https://www.youtube.com/watch?v=Mj-ae6wrEnU,13187,Mj-ae6wrEnU,NewcomerBattle  D&DL-Co-Event3,2024-08-03T02:43:42.939-04:00
Clep,Nedal Nib,splash! 21,Splash,Ferropolis,On Beat,2018,DLTLLY,2018-08-26,https://www.youtube.com/watch?v=IYOzBAtlps8,109411,IYOzBAtlps8,Splash21,2024-08-03T02:43:42.939-04:00
Yarambo,Clep,,,,Accapella,2018,DLTLLY,2018-08-19,https://www.youtube.com/watch?v=34-uHYmnIr8,228331,34-uHYmnIr8,REMATCH!,2024-08-03T02:43:42.939-04:00
N'antinein,Bong Teggy,splash! 21,Splash,Ferropolis,On Beat,2018,DLTLLY,2018-08-11,https://www.youtube.com/watch?v=ZPy3zoBFfqg,57852,ZPy3zoBFfqg,Splash21,2024-08-03T02:43:42.939-04:00
Robscure + Karma,Wolff + Joe Pharo,,,,Accapella,2018,DLTLLY,2018-08-05,https://www.youtube.com/watch?v=16dUvQ0Obak,66723,16dUvQ0Obak,Hamburg,2024-08-03T02:43:42.940-04:00
J.W. Goethe,DFVK,,,Hamburg,Accapella,2018,DUDL,2018-08-01,https://www.youtube.com/watch?v=XiEaDXbgTOc,4727,XiEaDXbgTOc,2018,2024-08-03T02:43:42.940-04:00
MC Geuner,Vinci,,,,Accapella,2018,DLTLLY,2018-07-29,https://www.youtube.com/watch?v=UP1fTaup1-c,44611,UP1fTaup1-c,Hamburg,2024-08-03T02:43:42.940-04:00
RenetiXX,Karanova,,,,Accapella,2018,DLTLLY,2018-07-27,https://www.youtube.com/watch?v=XzbKLReHfls,21136,XzbKLReHfls,Hamburg,2024-08-03T02:43:42.940-04:00
Indoor Stan,Mikesh,,,,Accapella,2018,DLTLLY,2018-07-22,https://www.youtube.com/watch?v=FuavftTf3sw,111608,FuavftTf3sw,Hamburg,2024-08-03T02:43:42.940-04:00
Josen,Kid Soldier,,,Hamburg,Accapella,2018,DUDL,2018-07-18,https://www.youtube.com/watch?v=zO_sCdE_GC4,11823,zO_sCdE_GC4,2018,2024-08-03T02:43:42.940-04:00
Cashus K,Aris,,,,Accapella,2018,DLTLLY,2018-07-15,https://www.youtube.com/watch?v=SipsDmDHBOs,18375,SipsDmDHBOs,Hamburg,2024-08-03T02:43:42.940-04:00
VT,Bong Teggy,,,,Accapella,2018,DLTLLY,2018-07-08,https://www.youtube.com/watch?v=O4Y60KkxIK0,121016,O4Y60KkxIK0,MAYhem3,2024-08-03T02:43:42.940-04:00
Tao,A-Ron,,,Berlin,Accapella,2018,DUDL,2018-07-04,https://www.youtube.com/watch?v=kVXQiE09o5Q,6304,kVXQiE09o5Q,-CoEvent,2024-08-03T02:43:42.940-04:00
Davie Jones,Karma,,,,Accapella,2018,DLTLLY,2018-07-01,https://www.youtube.com/watch?v=WjdC1A9Hke0,33362,WjdC1A9Hke0,MAYhem3,2024-08-03T02:43:42.940-04:00
O&#39;spella,Rupert69,,,Berlin,Accapella,2018,DUDL,2018-06-30,https://www.youtube.com/watch?v=thvwa2GA4TY,4060,thvwa2GA4TY,-CoEvent,2024-08-03T02:43:42.941-04:00
LBB,Ssynic,,,,Accapella,2018,DLTLLY,2018-06-24,https://www.youtube.com/watch?v=6_bXVyjHLF4,165260,6_bXVyjHLF4,Kato vs Brian Damage,2024-08-03T02:43:42.941-04:00
Highdemann,Julo,,,Essen,Accapella,2018,DUDL,2018-06-13,https://www.youtube.com/watch?v=SGZT5qPenuM,7992,SGZT5qPenuM,2018,2024-08-03T02:43:42.941-04:00
Sizyphos,Henrey,,,,Accapella,2018,DLTLLY,2018-06-10,https://www.youtube.com/watch?v=ACCMjHqPhYE,59629,ACCMjHqPhYE,MAYhem3,2024-08-03T02:43:42.941-04:00
Henker,SeBa,,,Essen,Accapella,2018,DUDL,2018-06-06,https://www.youtube.com/watch?v=EaBkot2Iumk,6035,EaBkot2Iumk,2018,2024-08-03T02:43:42.941-04:00
Merlin,BX,,,,Accapella,2018,DLTLLY,2018-06-03,https://www.youtube.com/watch?v=oT4k9OlTdTM,31574,oT4k9OlTdTM,Stuttgart,2024-08-03T02:43:42.941-04:00
LBB,MC GEUNER,,,,Accapella,2018,RAM,2018-06-03,https://www.youtube.com/watch?v=9r-_GoSvDAw,1883429,9r-_GoSvDAw,BMCL,2024-08-03T02:43:42.941-04:00
MC Lauch,Herr Sören,,,Essen,Accapella,2018,DUDL,2018-06-02,https://www.youtube.com/watch?v=Cyxilq52yW8,8324,Cyxilq52yW8,2018,2024-08-03T02:43:42.941-04:00
Pueblo Escobar + Morizz Fizzl,Schalle + Alcantara,,,,On Beat,2018,DLTLLY,2018-06-01,https://www.youtube.com/watch?v=8jwJwsdYaoM,25220,8jwJwsdYaoM,Stuttgart,2024-08-03T02:43:42.941-04:00
Paze,Zeuge,,,Essen,Accapella,2018,DUDL,2018-05-30,https://www.youtube.com/watch?v=cMme7MVfzlk,5259,cMme7MVfzlk,2018,2024-08-03T02:43:42.942-04:00
Mikesh,Akanoo,,,,Accapella,2018,DLTLLY,2018-05-27,https://www.youtube.com/watch?v=fADGoxfLmoU,100930,fADGoxfLmoU,Stuttgart,2024-08-03T02:43:42.942-04:00
Bdad,Nikiz,,,,On Beat,2018,DLTLLY,2018-05-25,https://www.youtube.com/watch?v=X9NqPZCIV64,32482,X9NqPZCIV64,Stuttgart,2024-08-03T02:43:42.942-04:00
Vyrus,Mavgic,NRWeekend 2,,,On Beat,2018,DLTLLY,2018-05-20,https://www.youtube.com/watch?v=izMlExusQww,524687,izMlExusQww,NRWeekend #2,2024-08-03T02:43:42.942-04:00
Fabelouis,Farmer,,,,Accapella,2018,DLTLLY,2018-05-18,https://www.youtube.com/watch?v=D_bw-AJEGpE,21856,D_bw-AJEGpE,Stuttgart,2024-08-03T02:43:42.942-04:00
Malik N.,Hillston,,,Berlin,Accapella,2018,DUDL,2018-05-16,https://www.youtube.com/watch?v=XQVJrBoiwPk,3464,XQVJrBoiwPk,2018,2024-08-03T02:43:42.942-04:00
Proton,Robscure,NRWeekend 2,,,Accapella,2018,DLTLLY,2018-05-13,https://www.youtube.com/watch?v=zp-NPxt-Y0w,48359,zp-NPxt-Y0w,NRWeekend2,2024-08-03T02:43:42.942-04:00
Change,Tommy2Late,,,,On Beat,2018,DLTLLY,2018-05-13,https://www.youtube.com/watch?v=n-8IV_68dVs,23243,n-8IV_68dVs,Stuttgart,2024-08-03T02:43:42.942-04:00
Kyu,Tommen,,,Berlin,Accapella,2018,DUDL,2018-05-12,https://www.youtube.com/watch?v=vcdMwQZNFIA,4015,vcdMwQZNFIA,2018,2024-08-03T02:43:42.942-04:00
Kato,Mave,NRWeekend 2,,,Accapella,2018,DLTLLY,2018-05-06,https://www.youtube.com/watch?v=ISMH_t00yWU,81932,ISMH_t00yWU,NRWeekend2,2024-08-03T02:43:42.942-04:00
Dyas,SnakeHeadRhyme,,,Berlin,Accapella,2018,DUDL,2018-05-05,https://www.youtube.com/watch?v=DrGC8vf46YE,6246,DrGC8vf46YE,2018,2024-08-03T02:43:42.943-04:00
Buddi,VT,NRWeekend 2,,,On Beat,2018,DLTLLY,2018-05-04,https://www.youtube.com/watch?v=MYBbVI9103A,24690,MYBbVI9103A,NRWeekend2,2024-08-03T02:43:42.943-04:00
Gusy,Micky Haze,,,Stuttgart,Accapella,2018,DUDL,2018-05-02,https://www.youtube.com/watch?v=04_j-wKwruQ,4683,04_j-wKwruQ,2018,2024-08-03T02:43:42.943-04:00
Yarambo,Davie Jones,NRWeekend 2,,,Accapella,2018,DLTLLY,2018-04-29,https://www.youtube.com/watch?v=eBbEez8gLpY,331679,eBbEez8gLpY,NRWeekend #2,2024-08-03T02:43:42.943-04:00
RV,CASHISCLAY,,,,Accapella,2018,RAM,2018-04-29,https://www.youtube.com/watch?v=mNFeSKs8-Zw,91486,mNFeSKs8-Zw,BMCL,2024-08-03T02:43:42.943-04:00
FARE,Dizzepticon,,,Stuttgart,Accapella,2018,DUDL,2018-04-28,https://www.youtube.com/watch?v=VvM1Iz5Zo6o,5517,VvM1Iz5Zo6o,2018,2024-08-03T02:43:42.943-04:00
Tuncmann,Wandelbarz,NRWeekend 2,,,Accapella,2018,DLTLLY,2018-04-27,https://www.youtube.com/watch?v=YvVuLQ-ntwo,33787,YvVuLQ-ntwo,NRWeekend2,2024-08-03T02:43:42.943-04:00
Slappy,Tao,,,Stuttgart,Accapella,2018,DUDL,2018-04-25,https://www.youtube.com/watch?v=Y0UEpKbuN04,3755,Y0UEpKbuN04,2018,2024-08-03T02:43:42.943-04:00
Wolff,NichtDeinTyp,,,,Accapella,2018,DLTLLY,2018-04-22,https://www.youtube.com/watch?v=DtPnL171Y1U,50348,DtPnL171Y1U,NextGeneration VR 4/4 Stuttgart,2024-08-03T02:43:42.943-04:00
ChinookA,Michael Dope,,,Stuttgart,Accapella,2018,DUDL,2018-04-21,https://www.youtube.com/watch?v=H9QpMaRaOuw,4126,H9QpMaRaOuw,2018,2024-08-03T02:43:42.944-04:00
Karanova,OE,NRWeekend 2,,,Accapella,2018,DLTLLY,2018-04-20,https://www.youtube.com/watch?v=u8rydX8Eo7A,17335,u8rydX8Eo7A,NRWeekend2,2024-08-03T02:43:42.944-04:00
A-Ron,PrettyShittyJiggy,,,Stuttgart,Accapella,2018,DUDL,2018-04-18,https://www.youtube.com/watch?v=k6DLGl60vUE,6375,k6DLGl60vUE,2018,2024-08-03T02:43:42.944-04:00
Ano-Nym,RenetiXX,NRWeekend 2,,,Accapella,2018,DLTLLY,2018-04-15,https://www.youtube.com/watch?v=9rVRBR8i80o,66866,9rVRBR8i80o,NextGeneration VR 3/4 NRWeekend2,2024-08-03T02:43:42.944-04:00
Jolle,Joseph Steinschleuder,NRWeekend 2,,,Accapella,2018,DLTLLY,2018-04-13,https://www.youtube.com/watch?v=wKdWtqAf10A,75150,wKdWtqAf10A,NextGeneration VR 2/4 NRWeekend2,2024-08-03T02:43:42.945-04:00
Duff,T-Way,NRWeekend 2,,,Accapella,2018,DLTLLY,2018-04-08,https://www.youtube.com/watch?v=QA2y20az1C4,25836,QA2y20az1C4,NRWeekend2,2024-08-03T02:43:42.945-04:00
Falk,Khacoby,NRWeekend 2,,,Accapella,2018,DLTLLY,2018-04-06,https://www.youtube.com/watch?v=Rt_1IAP9zQc,101405,Rt_1IAP9zQc,ComplimentBattle NRWeekend2,2024-08-03T02:43:42.945-04:00
Schleswig-Prollstein,Opti + Rö,,,Berlin,Accapella,2018,DUDL,2018-04-04,https://www.youtube.com/watch?v=s04C_8fOsJA,10046,s04C_8fOsJA,-CoEvent,2024-08-03T02:43:42.945-04:00
ViruS + KingPin,Eczo + Heynsch,,,Berlin,Accapella,2018,DUDL,2018-04-02,https://www.youtube.com/watch?v=wImLFbzyPBs,8206,wImLFbzyPBs,-CoEvent,2024-08-03T02:43:42.945-04:00
BDAD,VYRUS,,,,Accapella,2018,RAM,2018-04-01,https://www.youtube.com/watch?v=edSol4qguUE,56616,edSol4qguUE,BMCL,2024-08-03T02:43:42.945-04:00
Wolff + Joe Pharo,Ilhan + TableddnTimmy,,,,Accapella,2018,DLTLLY,2018-04-01,https://www.youtube.com/watch?v=PfLQiBTvd-4,56476,PfLQiBTvd-4,D&DL CoEvent 1,2024-08-03T02:43:42.945-04:00
Wolle der Grobe,Jakzta,,,,Accapella,2018,DLTLLY,2018-03-30,https://www.youtube.com/watch?v=yZOihBj5VYk,14541,yZOihBj5VYk,NextGeneration VR 1/4 D&DL CoEvent 1,2024-08-03T02:43:42.945-04:00
Galv,Schote,,,,On Beat,2018,DLTLLY,2018-03-25,https://www.youtube.com/watch?v=WDxHLb71RF0,148177,WDxHLb71RF0,Tapefabrik,2024-08-03T02:43:42.946-04:00
CPE,AKANOO,,,,Accapella,2018,RAM,2018-03-25,https://www.youtube.com/watch?v=bGSiQtKl7zc,35367,bGSiQtKl7zc,BMCL,2024-08-03T02:43:42.946-04:00
Notyzze,LUX,,,,On Beat,2018,DLTLLY,2018-03-21,https://www.youtube.com/watch?v=869cf3bg49k,56813,869cf3bg49k,Tapefabrik,2024-08-03T02:43:42.946-04:00
Davie Jones,Vyrus,,,Kassel,Accapella,2018,DLTLLY,2018-03-19,https://www.youtube.com/watch?v=Absp5IK_V9k,119739,Absp5IK_V9k,Kassel,2024-08-03T02:43:42.946-04:00
VT,Mars B.,,,Kassel,Accapella,2018,DLTLLY,2018-03-18,https://www.youtube.com/watch?v=pkrXAzvIRl0,66925,pkrXAzvIRl0,Kassel,2024-08-03T02:43:42.946-04:00
Olio,Kato,,,Kassel,Accapella,2018,DLTLLY,2018-03-03,https://www.youtube.com/watch?v=pwzr2W-YntY,85300,pwzr2W-YntY,Kassel,2024-08-03T02:43:42.946-04:00
Bauda,Seby Tone,,,Kassel,Accapella,2018,DLTLLY,2018-02-25,https://www.youtube.com/watch?v=fAou_OoLduY,24798,fAou_OoLduY,Kassel,2024-08-03T02:43:42.946-04:00
TOMMY2LATE,CASHUS K,,,,Accapella,2018,RAM,2018-02-25,https://www.youtube.com/watch?v=5jIGrJnIlrs,35326,5jIGrJnIlrs,BMCL,2024-08-03T02:43:42.946-04:00
TRIPLEBEAT,FOURSEVEN,,,,Accapella,2018,RAM,2018-02-25,https://www.youtube.com/watch?v=ViFTDD0HHEk,487896,ViFTDD0HHEk,BMCL,2024-08-03T02:43:42.946-04:00
Krom,Wolff,,,Kassel,Accapella,2018,DLTLLY,2018-02-18,https://www.youtube.com/watch?v=fE0SEINZpDg,73524,fE0SEINZpDg,Kassel,2024-08-03T02:43:42.946-04:00
Schalle,Joe Pharo,,,Kassel,Accapella,2018,DLTLLY,2018-02-11,https://www.youtube.com/watch?v=OU423DQtcD4,30162,OU423DQtcD4,Kassel,2024-08-03T02:43:42.947-04:00
JollyJay,Brian Damage,DISSember 2,Backstage,München,Accapella,2017,DLTLLY,2018-02-04,https://www.youtube.com/watch?v=jK6Kcpse9o0,220992,jK6Kcpse9o0,Bilingual Battle DISSember2,2024-08-03T02:43:42.947-04:00
TableddnTimmy,Joseph Steinschleuder,,,Berlin,Accapella,2017,DUDL,2018-01-31,https://www.youtube.com/watch?v=7XEQc4Uixvg,43950,7XEQc4Uixvg,2017,2024-08-03T02:43:42.947-04:00
KROM,SEVA,,,,Accapella,2018,RAM,2018-01-29,https://www.youtube.com/watch?v=FwNISDJyry4,59449,FwNISDJyry4,BMCL,2024-08-03T02:43:42.947-04:00
CLEP,Robscure,DISSember 2,Backstage,München,Accapella,2017,DLTLLY,2018-01-28,https://www.youtube.com/watch?v=0lS6QaFGybw,138293,0lS6QaFGybw,DISSember2,2024-08-03T02:43:42.947-04:00
DEZ,Noone,,,Berlin,Accapella,2017,DUDL,2018-01-24,https://www.youtube.com/watch?v=0tkSP6s8_uM,4756,0tkSP6s8_uM,2017,2024-08-03T02:43:42.947-04:00
Karma,Mars B.,DISSember 2,Backstage,München,Accapella,2017,DLTLLY,2018-01-21,https://www.youtube.com/watch?v=2d1RlPosOF0,59658,2d1RlPosOF0,DISSember2,2024-08-03T02:43:42.947-04:00
Splopf,Shizu,,,Berlin,Accapella,2017,DUDL,2018-01-17,https://www.youtube.com/watch?v=C4xri1oyMvQ,4641,C4xri1oyMvQ,2017,2024-08-03T02:43:42.947-04:00
T-Way,VT,DISSember 2,Backstage,München,Accapella,2017,DLTLLY,2018-01-14,https://www.youtube.com/watch?v=NKFsOpcgMpo,28519,NKFsOpcgMpo,DISSember2,2024-08-03T02:43:42.947-04:00
Julo,SinTony,,,Berlin,Accapella,2017,DUDL,2018-01-10,https://www.youtube.com/watch?v=9TPjSYw4jbI,5074,9TPjSYw4jbI,2017,2024-08-03T02:43:42.947-04:00
Jack Dragon,Hansen,DISSember 2,Backstage,München,Accapella,2017,DLTLLY,2018-01-07,https://www.youtube.com/watch?v=lJ6whp-ADwU,38880,lJ6whp-ADwU,DISSember2,2024-08-03T02:43:42.948-04:00
Louis Beton,Hörsturz,,,Leipzig,Accapella,2017,DLTLLY,2018-01-04,https://www.youtube.com/watch?v=0_CFEJmm4i8,13859,0_CFEJmm4i8,Leipzig,2024-08-03T02:43:42.948-04:00
ShaoLum,Joe-L (Sport-Bars),,,,Accapella,2018,SPOX,2018-01-02,https://www.youtube.com/watch?v=y7s-nFdjpQg,35432,y7s-nFdjpQg,could not identify event,2024-08-03T02:43:42.948-04:00
DAVIE JONES,TOBI NICE,,,,Accapella,2018,RAM,2018-01-01,https://www.youtube.com/watch?v=C6G6zvJ-6ho,76291,C6G6zvJ-6ho,BMCL,2024-08-03T02:43:42.948-04:00
Cris Kotzen,Schote,,,Leipzig,On Beat,2017,DLTLLY,2017-12-31,https://www.youtube.com/watch?v=xxMx2BO8sww,151277,xxMx2BO8sww,Leipzig,2024-08-03T02:43:42.948-04:00
Wandelbarz,Mikesh,,,Leipzig,Accapella,2017,DLTLLY,2017-12-24,https://www.youtube.com/watch?v=BVIWJYptGjk,79229,BVIWJYptGjk,Leipzig,2024-08-03T02:43:42.948-04:00
Sizyphos,Ilhan,,,Leipzig,Accapella,2017,DLTLLY,2017-12-17,https://www.youtube.com/watch?v=LqO0Og4pNHQ,59838,LqO0Og4pNHQ,Leipzig,2024-08-03T02:43:42.948-04:00
Wolff,IZL,,,Erfurt,Accapella,2017,DUDL,2017-12-16,https://www.youtube.com/watch?v=Q92uBy-sybk,16253,Q92uBy-sybk,2017,2024-08-03T02:43:42.948-04:00
FU!,Terra Pete,,,Leipzig,On Beat,2017,DLTLLY,2017-12-14,https://www.youtube.com/watch?v=xeyQgA45-nQ,21377,xeyQgA45-nQ,Leipzig,2024-08-03T02:43:42.948-04:00
MC Maik,Akanoo,,,Leipzig,Accapella,2017,DLTLLY,2017-12-10,https://www.youtube.com/watch?v=dofZoRLuze0,18393,dofZoRLuze0,Leipzig,2024-08-03T02:43:42.948-04:00
Leonidas,MC Geuner,,,Erfurt,Accapella,2017,DUDL,2017-12-09,https://www.youtube.com/watch?v=i0cry-GK_n4,10101,i0cry-GK_n4,2017,2024-08-03T02:43:42.949-04:00
Jotti (Schalke 04),Mave (Chemnitzer FC),,,,Accapella,2017,SPOX,2017-12-08,https://www.youtube.com/watch?v=AFityNagM_k,70675,AFityNagM_k,could not identify event,2024-08-03T02:43:42.949-04:00
Papi Schlauch,JerMC,,,,Accapella,2017,DLTLLY,2017-12-03,https://www.youtube.com/watch?v=vdpnmXQ8IwQ,118704,vdpnmXQ8IwQ,Wien,2024-08-03T02:43:42.949-04:00
SnakeHeadRhyme,KingPin,,,Erfurt,Accapella,2017,DUDL,2017-12-02,https://www.youtube.com/watch?v=8Zlalomq-GE,7561,8Zlalomq-GE,2017,2024-08-03T02:43:42.949-04:00
Bong Teggy (Fußball),Lyrico (Eishockey),,,,Accapella,2017,SPOX,2017-12-01,https://www.youtube.com/watch?v=3ndLIgcKMk8,143566,3ndLIgcKMk8,could not identify event,2024-08-03T02:43:42.949-04:00
DEZ,Eczo,,,Erfurt,Accapella,2017,DUDL,2017-11-29,https://www.youtube.com/watch?v=Qgqkd6Tz7fA,3898,Qgqkd6Tz7fA,2017,2024-08-03T02:43:42.949-04:00
YARAMBO + T-WAY,CASHISCLAY + TWIZZY,,,,Accapella,2017,RAM,2017-11-26,https://www.youtube.com/watch?v=WDjqjWRXKEc,115244,WDjqjWRXKEc,BMCL,2024-08-03T02:43:42.949-04:00
Noone,Teach,,,Berlin,Accapella,2017,DUDL,2017-11-25,https://www.youtube.com/watch?v=_91WwhMuHRY,5286,_91WwhMuHRY,2017,2024-08-03T02:43:42.949-04:00
Demo MC,Hopeless MC,,,Berlin,Accapella,2017,DUDL,2017-11-22,https://www.youtube.com/watch?v=XtcGuHUZ6TQ,2935,XtcGuHUZ6TQ,2017,2024-08-03T02:43:42.949-04:00
DemoLux,Krom,,,,Accapella,2017,DLTLLY,2017-11-19,https://www.youtube.com/watch?v=zfb4pehw3J8,23578,zfb4pehw3J8,Wien,2024-08-03T02:43:42.949-04:00
Borussia Dortmund,FC Bayern München,,,,Accapella,2017,SPOX,2017-11-18,https://www.youtube.com/watch?v=Z-7dBXCQysI,260979,Z-7dBXCQysI,could not identify event,2024-08-03T02:43:42.950-04:00
Joe Pharo,Part-Tron,,,Hannover,Accapella,2017,DUDL,2017-11-18,https://www.youtube.com/watch?v=n0cCt2WhEZA,8126,n0cCt2WhEZA,2017,2024-08-03T02:43:42.950-04:00
Sirius Crack,Fate1,,,,Accapella,2017,DLTLLY,2017-11-16,https://www.youtube.com/watch?v=_7Dryn55kTw,15161,_7Dryn55kTw,Wien,2024-08-03T02:43:42.950-04:00
MC Lauch,Gusy,,,Berlin,Accapella,2017,DUDL,2017-11-15,https://www.youtube.com/watch?v=FLkRkegMFuI,4100,FLkRkegMFuI,2017,2024-08-03T02:43:42.950-04:00
ADHS-Andy,Shadow,,,Hannover,Accapella,2017,DUDL,2017-11-13,https://www.youtube.com/watch?v=iH078cExL8k,16673,iH078cExL8k,2017,2024-08-03T02:43:42.950-04:00
Proton,Tobi Nice,,,,On Beat,2017,DLTLLY,2017-11-12,https://www.youtube.com/watch?v=EFgSOM4IYPU,51762,EFgSOM4IYPU,s B.Day#4,2024-08-03T02:43:42.950-04:00
Rupert69,Pueblo Escobar,,,Berlin,Accapella,2017,DUDL,2017-11-11,https://www.youtube.com/watch?v=Bj_YDfyUkUI,4703,Bj_YDfyUkUI,2017,2024-08-03T02:43:42.950-04:00
Ano-nym,Wolle der Grobe,,,Hannover,Accapella,2017,DUDL,2017-11-08,https://www.youtube.com/watch?v=5UF2c4lBEF4,17471,5UF2c4lBEF4,2017,2024-08-03T02:43:42.950-04:00
Lyrico,Nedal Nib,,,,Accapella,2017,DLTLLY,2017-11-05,https://www.youtube.com/watch?v=zfEr6wUONDs,219862,zfEr6wUONDs,2nd TITLE-MATCH B.Day#4,2024-08-03T02:43:42.950-04:00
RenetiXX,Aris,,,Hannover,Accapella,2017,DUDL,2017-11-04,https://www.youtube.com/watch?v=ESbgxv4rwsU,7895,ESbgxv4rwsU,2017,2024-08-03T02:43:42.950-04:00
Spike,Akanoo,,,,Accapella,2017,DLTLLY,2017-11-02,https://www.youtube.com/watch?v=BYnvhhpJQgU,15579,BYnvhhpJQgU,s Wien,2024-08-03T02:43:42.951-04:00
Splopf,Mango,,,Hannover,Accapella,2017,DUDL,2017-11-01,https://www.youtube.com/watch?v=3GL_5yyuvdU,3700,3GL_5yyuvdU,2017,2024-08-03T02:43:42.951-04:00
Der Zigeunerbaron,Niemand,,,Berlin,Accapella,2017,DUDL,2017-10-30,https://www.youtube.com/watch?v=fCrWefuufkg,2834,fCrWefuufkg,2017,2024-08-03T02:43:42.951-04:00
CASHUS K,TISOS,,,,Accapella,2017,RAM,2017-10-29,https://www.youtube.com/watch?v=7JiS06qKZ64,53004,7JiS06qKZ64,BMCL,2024-08-03T02:43:42.951-04:00
Unanymous,JollyJay,,,,Accapella,2017,DLTLLY,2017-10-29,https://www.youtube.com/watch?v=E4_2vzM1SCE,29107,E4_2vzM1SCE,B.Day#4,2024-08-03T02:43:42.951-04:00
Bubba T,DEZ,,,Berlin,Accapella,2017,DUDL,2017-10-27,https://www.youtube.com/watch?v=X0xRGjcxL8w,5102,X0xRGjcxL8w,2017,2024-08-03T02:43:42.951-04:00
MAST,SnakeHeadRhyme,,,Berlin,Accapella,2017,DUDL,2017-10-25,https://www.youtube.com/watch?v=qaR-Ut82el8,4596,qaR-Ut82el8,2017,2024-08-03T02:43:42.951-04:00
Wandelbarz,Nicht Dein Typ,,,Bonn,Accapella,2017,DUDL,2017-10-21,https://www.youtube.com/watch?v=Yg02RTzal2E,8105,Yg02RTzal2E,2017,2024-08-03T02:43:42.951-04:00
Merlin,Yarambo,,,,Accapella,2017,DLTLLY,2017-10-21,https://www.youtube.com/watch?v=uGiKtuP4siw,201529,uGiKtuP4siw,B.Day#4,2024-08-03T02:43:42.951-04:00
Vyrus,Tommy2Late,,,,On Beat,2017,DLTLLY,2017-10-20,https://www.youtube.com/watch?v=OOI5QKfWSVU,46228,OOI5QKfWSVU,s B.Day#4,2024-08-03T02:43:42.952-04:00
Shizu,Jozef104,,,Berlin,Accapella,2017,DUDL,2017-10-18,https://www.youtube.com/watch?v=XVS8XZzvtBQ,5259,XVS8XZzvtBQ,2017,2024-08-03T02:43:42.952-04:00
BX,Ilhan,,,,Accapella,2017,DLTLLY,2017-10-15,https://www.youtube.com/watch?v=BuBDtfDtIFo,42243,BuBDtfDtIFo,B.Day #4,2024-08-03T02:43:42.952-04:00
Wolff,Mr. Whyte,,,Bonn,Accapella,2017,DUDL,2017-10-13,https://www.youtube.com/watch?v=5l9zBAdVOMc,23649,5l9zBAdVOMc,2017,2024-08-03T02:43:42.952-04:00
VT,Karma,,,Frankfurt am Main,Accapella,2017,DLTLLY,2017-10-09,https://www.youtube.com/watch?v=PAjBrklU_t8,35751,PAjBrklU_t8,FFM,2024-08-03T02:43:42.952-04:00
Gregpipe,Davie Jones,,,Frankfurt am Main,Accapella,2017,DLTLLY,2017-10-08,https://www.youtube.com/watch?v=zlunUmUwmX8,338332,zlunUmUwmX8,FFM,2024-08-03T02:43:42.952-04:00
Kato,FlaKiT,,,Bonn,Accapella,2017,DUDL,2017-10-07,https://www.youtube.com/watch?v=LGpYsR1Db-k,43087,LGpYsR1Db-k,2017,2024-08-03T02:43:42.952-04:00
Joe Pharo,Herrn Sören,,,Bonn,Accapella,2017,DUDL,2017-10-04,https://www.youtube.com/watch?v=HoQ5icymcgk,8878,HoQ5icymcgk,2017,2024-08-03T02:43:42.952-04:00
Saking,Akanoo,,,Frankfurt am Main,Accapella,2017,DLTLLY,2017-10-01,https://www.youtube.com/watch?v=lE8Fk77n_iM,15699,lE8Fk77n_iM,FFM,2024-08-03T02:43:42.952-04:00
FOUR SEVEN,INDOOR STAN,,,,Accapella,2017,RAM,2017-10-01,https://www.youtube.com/watch?v=52Atd4tpwJM,139557,52Atd4tpwJM,BMCL,2024-08-03T02:43:42.952-04:00
Ralle,Phillie,,,Bonn,Accapella,2017,DUDL,2017-09-30,https://www.youtube.com/watch?v=9WY-jqLTF2Y,3214,9WY-jqLTF2Y,2017,2024-08-03T02:43:42.953-04:00
EkHead,CPE,,,Frankfurt am Main,Accapella,2017,DLTLLY,2017-09-28,https://www.youtube.com/watch?v=5bOiatzTGbk,17371,5bOiatzTGbk,FFM,2024-08-03T02:43:42.953-04:00
Shortworth,RenetiXX,,,Berlin,Accapella,2017,DUDL,2017-09-23,https://www.youtube.com/watch?v=_SbPwHKWPCw,4623,_SbPwHKWPCw,2017,2024-08-03T02:43:42.953-04:00
Part-Tron,Paze,,,Berlin,Accapella,2017,DUDL,2017-09-20,https://www.youtube.com/watch?v=apTMCWrtJx0,3587,apTMCWrtJx0,2017,2024-08-03T02:43:42.953-04:00
Clep,Bong Teggy,splash! 20,Splash,Ferropolis,Accapella,2017,DLTLLY,2017-09-17,https://www.youtube.com/watch?v=d3IC3OUGlGA,129810,d3IC3OUGlGA,Splash 20,2024-08-03T02:43:42.953-04:00
Eczo,Jozef104,,,Berlin,Accapella,2017,DUDL,2017-09-16,https://www.youtube.com/watch?v=a4XDYKUDuAg,4345,a4XDYKUDuAg,2017,2024-08-03T02:43:42.953-04:00
Harry,Adam,,,Mannheim,Accapella,2017,DUDL,2017-09-13,https://www.youtube.com/watch?v=ggzh6IzcEHQ,3147,ggzh6IzcEHQ,2017,2024-08-03T02:43:42.953-04:00
Ars,Wux Brofer,,,Ludwigshafen,Accapella,2017,DUDL,2017-09-11,https://www.youtube.com/watch?v=sq-_SOiyZoA,4051,sq-_SOiyZoA,2017,2024-08-03T02:43:42.953-04:00
MC Maik,N'antinein,splash! 20,Splash,Ferropolis,Accapella,2017,DLTLLY,2017-09-10,https://www.youtube.com/watch?v=cMmNpNs82GA,18870,cMmNpNs82GA,Splash 20,2024-08-03T02:43:42.953-04:00
Lyrico + Buddi,Falk + Khacoby,splash! 20,Splash,Ferropolis,Accapella,2017,DLTLLY,2017-09-10,https://www.youtube.com/watch?v=5Bb7YQjNO8k,65651,5Bb7YQjNO8k,Splash 20,2024-08-03T02:43:42.953-04:00
Brian Damage + Robscure,Yarambo + T-Way,splash! 20,Splash,Ferropolis,Accapella,2017,DLTLLY,2017-09-10,https://www.youtube.com/watch?v=F5V3pnpODhw,56478,F5V3pnpODhw,Splash 20,2024-08-03T02:43:42.954-04:00
Hörsturz,Nicht Dein Typ,,,Ludwigshafen,Accapella,2017,DUDL,2017-09-09,https://www.youtube.com/watch?v=TpQrcZRl7rE,4510,TpQrcZRl7rE,2017,2024-08-03T02:43:42.954-04:00
Bubba T,MC Lauch,,,Ludwigshafen,Accapella,2017,DUDL,2017-09-06,https://www.youtube.com/watch?v=seh2mg2LFV8,4154,seh2mg2LFV8,2017,2024-08-03T02:43:42.954-04:00
Scamp,Paperbite,,,Ludwigshafen,Accapella,2017,DUDL,2017-09-01,https://www.youtube.com/watch?v=-mapSli5wm8,3973,-mapSli5wm8,2017,2024-08-03T02:43:42.954-04:00
Wolff,FlaKiT,,,Berlin,Accapella,2017,DUDL,2017-08-25,https://www.youtube.com/watch?v=LxqqUUX-HkI,14936,LxqqUUX-HkI,2017,2024-08-03T02:43:42.954-04:00
MIGHTY MO,CASHISCLAY,,,,Accapella,2017,RAM,2017-08-24,https://www.youtube.com/watch?v=N8iKapmZv5A,214491,N8iKapmZv5A,BMCL,2024-08-03T02:43:42.954-04:00
Hopeless MC,D.E.Z.,,,Berlin,Accapella,2017,DUDL,2017-08-23,https://www.youtube.com/watch?v=8jdukosjugQ,3963,8jdukosjugQ,2017,2024-08-03T02:43:42.954-04:00
MC Schub,O&#39;Spella,,,Berlin,Accapella,2017,DUDL,2017-08-21,https://www.youtube.com/watch?v=9rRmgC6mvyk,3092,9rRmgC6mvyk,2017,2024-08-03T02:43:42.954-04:00
Merlin,Peter Pogen,,,,Accapella,2017,DLTLLY,2017-08-20,https://www.youtube.com/watch?v=cBhojNDM-cY,46585,cBhojNDM-cY,Hamburg,2024-08-03T02:43:42.954-04:00
Demo MC,Cemo Dafuq,,,Berlin,Accapella,2017,DUDL,2017-08-19,https://www.youtube.com/watch?v=Qmsi3Hlj1Vc,3188,Qmsi3Hlj1Vc,2017,2024-08-03T02:43:42.954-04:00
JI-ZI,SSYNIC,,,,Accapella,2017,RAM,2017-08-18,https://www.youtube.com/watch?v=nWum8Xdxh9w,824612,nWum8Xdxh9w,BMCL,2024-08-03T02:43:42.955-04:00
Mave,Hörsturz,,,Halle,Accapella,2017,DUDL,2017-08-16,https://www.youtube.com/watch?v=CkFi6pao01E,17177,CkFi6pao01E,2017,2024-08-03T02:43:42.955-04:00
Papi Schlauch,Fabiga,,,,Accapella,2017,DLTLLY,2017-08-13,https://www.youtube.com/watch?v=uwohgd5dtuI,58579,uwohgd5dtuI,Hamburg,2024-08-03T02:43:42.955-04:00
RenetiXX,Fesas,,,Halle,Accapella,2017,DUDL,2017-08-12,https://www.youtube.com/watch?v=dihDC74TLD0,9256,dihDC74TLD0,2017,2024-08-03T02:43:42.955-04:00
VYRUS,FINCH,,,,Accapella,2017,RAM,2017-08-11,https://www.youtube.com/watch?v=ZWQ6wtTiKUc,210955,ZWQ6wtTiKUc,BMCL,2024-08-03T02:43:42.956-04:00
Reinecken,IZL,,,Halle,Accapella,2017,DUDL,2017-08-09,https://www.youtube.com/watch?v=VnUHcRdCdhI,3279,VnUHcRdCdhI,2017,2024-08-03T02:43:42.956-04:00
Noone,Fab,,,Berlin,Accapella,2017,DUDL,2017-08-07,https://www.youtube.com/watch?v=cS6ANNMsBvw,7452,cS6ANNMsBvw,2017,2024-08-03T02:43:42.956-04:00
Davie Jones,Schote,,,,On Beat,2017,DLTLLY,2017-08-06,https://www.youtube.com/watch?v=BH092XAZWGc,115061,BH092XAZWGc,Hamburg,2024-08-03T02:43:42.956-04:00
Ilhan,Balavababa,,,Berlin,Accapella,2017,DUDL,2017-08-05,https://www.youtube.com/watch?v=PRd0MOIgHkI,10316,PRd0MOIgHkI,2017,2024-08-03T02:43:42.956-04:00
TOBI NICE,FRESH POLAKKE,,,,Accapella,2017,RAM,2017-08-04,https://www.youtube.com/watch?v=lbL2I40Il9w,104290,lbL2I40Il9w,BMCL,2024-08-03T02:43:42.956-04:00
Abrupt,Gusy,,,Berlin,Accapella,2017,DUDL,2017-08-03,https://www.youtube.com/watch?v=HmfqmTGGWG0,3345,HmfqmTGGWG0,2017,2024-08-03T02:43:42.956-04:00
Nedal Nib,JerMc,,,,Accapella,2017,DLTLLY,2017-07-30,https://www.youtube.com/watch?v=Oh2i1ulWHoM,115905,Oh2i1ulWHoM,Mayhem2,2024-08-03T02:43:42.956-04:00
Andy Amnesia,Shortworth,,,Berlin,Accapella,2017,DUDL,2017-07-29,https://www.youtube.com/watch?v=2HK4NQdp9DY,9487,2HK4NQdp9DY,2017,2024-08-03T02:43:42.956-04:00
Butchbruda,Joseph Steinschleuder,,,Berlin,Accapella,2017,DUDL,2017-07-26,https://www.youtube.com/watch?v=tHEzlDKDqEg,11459,tHEzlDKDqEg,2017,2024-08-03T02:43:42.956-04:00
Nikiz,Stockinger,,,,Accapella,2017,DLTLLY,2017-07-23,https://www.youtube.com/watch?v=NX5YOcBtTM8,22586,NX5YOcBtTM8,Mayhem2,2024-08-03T02:43:42.957-04:00
Mikesh,Tuncmann,,,,Accapella,2017,DLTLLY,2017-07-20,https://www.youtube.com/watch?v=GzsFKgMwwIo,76252,GzsFKgMwwIo,Hamburg,2024-08-03T02:43:42.957-04:00
Johnny Camo,Lang&Sympathisch,,,Neubrandenburg,Accapella,2017,DUDL,2017-07-19,https://www.youtube.com/watch?v=HJ90C8nBaio,6117,HJ90C8nBaio,ReimWerkNord-CoEvent,2024-08-03T02:43:42.957-04:00
Henrey,Vyrus,,,,Accapella,2017,DLTLLY,2017-07-16,https://www.youtube.com/watch?v=LkkkwAmTjRk,42734,LkkkwAmTjRk,Hamburg,2024-08-03T02:43:42.957-04:00
Doktor Dave,Jack Dragon - REMATCH!,,,,Accapella,2017,DLTLLY,2017-07-16,https://www.youtube.com/watch?v=LSylroi2Toc,35550,LSylroi2Toc,could not identify event,2024-08-03T02:43:42.957-04:00
Triple Beat,Mr. Whyte,,,Neubrandenburg,Accapella,2017,DUDL,2017-07-15,https://www.youtube.com/watch?v=l7Y_objhRcA,7041,l7Y_objhRcA,ReimWerkNord-CoEvent,2024-08-03T02:43:42.957-04:00
Tableddn Timmy,Hopeless MC,,,Berlin,Accapella,2017,DUDL,2017-07-01,https://www.youtube.com/watch?v=eSZab6qlU6M,8193,eSZab6qlU6M,2017,2024-08-03T02:43:42.957-04:00
Lyrico,Robscure,,,,Accapella,2017,DLTLLY,2017-07-01,https://www.youtube.com/watch?v=aLe_BInOof0,129824,aLe_BInOof0,Mayhem2,2024-08-03T02:43:42.957-04:00
BMCL TITELMATCH: SSYNIC,MIGHTY MO,,,,Accapella,2017,RAM,2017-06-30,https://www.youtube.com/watch?v=FbeBGeRf4F0,698986,FbeBGeRf4F0,BMCL,2024-08-03T02:43:42.957-04:00
Promme,Rhyme Inspector,,,Berlin,Accapella,2017,DUDL,2017-06-26,https://www.youtube.com/watch?v=5L3MZyCpoMU,2797,5L3MZyCpoMU,2017,2024-08-03T02:43:42.957-04:00
N'antinein,Cris Kotzen,,,,Accapella,2017,DLTLLY,2017-06-25,https://www.youtube.com/watch?v=vr4dnObsxAE,106542,vr4dnObsxAE,Mayhem2,2024-08-03T02:43:42.958-04:00
FlaKiT,ViruS,,,Berlin,Accapella,2017,DUDL,2017-06-24,https://www.youtube.com/watch?v=q3uVXbV8kU4,5709,q3uVXbV8kU4,2017,2024-08-03T02:43:42.958-04:00
Porno Pete,Eczo,,,Berlin,Accapella,2017,DUDL,2017-06-21,https://www.youtube.com/watch?v=1mz3_aRDkPg,2806,1mz3_aRDkPg,2017,2024-08-03T02:43:42.958-04:00
MC Maik,Sizyphos,,,,Accapella,2017,DLTLLY,2017-06-18,https://www.youtube.com/watch?v=ByizH6xxKlk,31021,ByizH6xxKlk,Mayhem2,2024-08-03T02:43:42.958-04:00
T-Way,Merlin,,,München,Accapella,2017,DLTLLY,2017-06-11,https://www.youtube.com/watch?v=gLZJhvfjtE4,110527,gLZJhvfjtE4,München,2024-08-03T02:43:42.958-04:00
WandelBarZ,Ano-nym,,,Dortmund,Accapella,2017,DUDL,2017-06-10,https://www.youtube.com/watch?v=rFIvRmCe9FM,28724,rFIvRmCe9FM,Kupplyn-CoEvent,2024-08-03T02:43:42.958-04:00
Mosaik,OE,,,Dortmund,Accapella,2017,DUDL,2017-06-07,https://www.youtube.com/watch?v=ZrZKeWYQr1U,4401,ZrZKeWYQr1U,Kupplyn-CoEvent,2024-08-03T02:43:42.958-04:00
Phillie,BunGee,,,Dortmund,Accapella,2017,DUDL,2017-06-05,https://www.youtube.com/watch?v=cv9ES-KJk_8,4986,cv9ES-KJk_8,Kupplyn-CoEvent,2024-08-03T02:43:42.958-04:00
Schote,Jack Dragon,,,München,Accapella,2017,DLTLLY,2017-06-04,https://www.youtube.com/watch?v=ci-DKAMvD-k,25395,ci-DKAMvD-k,München,2024-08-03T02:43:42.958-04:00
Demo MC,Kato,,,Dortmund,Accapella,2017,DUDL,2017-06-03,https://www.youtube.com/watch?v=AhKQn8nD-9o,33428,AhKQn8nD-9o,Kupplyn-CoEvent,2024-08-03T02:43:42.958-04:00
MERLIN,FRESH POLAKKE,,,,Accapella,2017,RAM,2017-06-02,https://www.youtube.com/watch?v=wGfjTJPiTDY,211958,wGfjTJPiTDY,BMCL,2024-08-03T02:43:42.959-04:00
Karma,BDad,,,München,Accapella,2017,DLTLLY,2017-06-01,https://www.youtube.com/watch?v=ez72X6TNExA,24886,ez72X6TNExA,München,2024-08-03T02:43:42.959-04:00
RenetiXX,Dryno,,,Dortmund,Accapella,2017,DUDL,2017-05-31,https://www.youtube.com/watch?v=HI_dcCSnL14,6827,HI_dcCSnL14,Kupplyn-CoEvent,2024-08-03T02:43:42.959-04:00
Change19,Schalle,,,München,Accapella,2017,DLTLLY,2017-05-28,https://www.youtube.com/watch?v=m5NhYx3GfFs,18892,m5NhYx3GfFs,München,2024-08-03T02:43:42.959-04:00
Ilhan,Hörsturz,,,Berlin,Accapella,2017,DUDL,2017-05-27,https://www.youtube.com/watch?v=WNfwTsmOCyY,7950,WNfwTsmOCyY,2017,2024-08-03T02:43:42.959-04:00
Wolff,Aris,,,Berlin,Accapella,2017,DUDL,2017-05-24,https://www.youtube.com/watch?v=_c1nHOFVu9Y,12599,_c1nHOFVu9Y,2017,2024-08-03T02:43:42.959-04:00
Onkel Oktomusch & Die Zwetschke,Falk & Khacoby,NRWeekend 1,,,Accapella,2017,DLTLLY,2017-05-21,https://www.youtube.com/watch?v=1g89uVaen_4,584381,1g89uVaen_4,NRWeekend,2024-08-03T02:43:42.959-04:00
Wolle Der Grobe,Balavababa,,,München,Accapella,2017,DLTLLY,2017-05-18,https://www.youtube.com/watch?v=tZTLE8iBL4I,20451,tZTLE8iBL4I,NewcomerBattle München,2024-08-03T02:43:42.959-04:00
Mars B.,Yarambo,NRWeekend 1,,,Accapella,2017,DLTLLY,2017-05-14,https://www.youtube.com/watch?v=hx_YK4LaoJM,135393,hx_YK4LaoJM,NRWeekend,2024-08-03T02:43:42.959-04:00
Andres,Mikesh,,,Berlin,Accapella,2017,DUDL,2017-05-13,https://www.youtube.com/watch?v=mGJhMHg6B6k,19379,mGJhMHg6B6k,2017,2024-08-03T02:43:42.959-04:00
YARAMBO,NOTYZZE,,,,Accapella,2017,RAM,2017-05-12,https://www.youtube.com/watch?v=D2L-FyXYNCE,124515,D2L-FyXYNCE,BMCL,2024-08-03T02:43:42.960-04:00
Leonidas,IZL,,,Berlin,Accapella,2017,DUDL,2017-05-10,https://www.youtube.com/watch?v=6DksgfKA-rU,3919,6DksgfKA-rU,2017,2024-08-03T02:43:42.960-04:00
Wux Brofer,Eli,,,Berlin,Accapella,2017,DUDL,2017-05-08,https://www.youtube.com/watch?v=VflpvPsTY0s,3272,VflpvPsTY0s,2017,2024-08-03T02:43:42.960-04:00
DuFF,Doktor Dave,NRWeekend 1,,,Accapella,2017,DLTLLY,2017-05-07,https://www.youtube.com/watch?v=I9eODi7SoTw,53040,I9eODi7SoTw,NRWeekend,2024-08-03T02:43:42.960-04:00
Vinci,Shizu,,,Berlin,Accapella,2017,DUDL,2017-05-06,https://www.youtube.com/watch?v=vqAF6VxRldE,11147,vqAF6VxRldE,2017,2024-08-03T02:43:42.960-04:00
VT,Vyrus,NRWeekend 1,,,Accapella,2017,DLTLLY,2017-04-30,https://www.youtube.com/watch?v=B9rLr9Rus-Q,39408,B9rLr9Rus-Q,NRWeekend,2024-08-03T02:43:42.960-04:00
Ars,LNB,,,Berlin,Accapella,2017,DUDL,2017-04-29,https://www.youtube.com/watch?v=ZE-tNe-oCYY,6006,ZE-tNe-oCYY,2017,2024-08-03T02:43:42.960-04:00
Eczo,TableddnTimmy,,,Berlin,Accapella,2017,DUDL,2017-04-26,https://www.youtube.com/watch?v=3PzPdRfuiFc,6793,3PzPdRfuiFc,2017,2024-08-03T02:43:42.960-04:00
T-Rick,Red,,,Berlin,Accapella,2017,DUDL,2017-04-24,https://www.youtube.com/watch?v=g6kzkhNC4Do,10745,g6kzkhNC4Do,2017,2024-08-03T02:43:42.960-04:00
Tobi Nice,Notyzze,NRWeekend 1,,,Accapella,2017,DLTLLY,2017-04-23,https://www.youtube.com/watch?v=mSKRQjb-ZMk,34113,mSKRQjb-ZMk,NRWeekend,2024-08-03T02:43:42.960-04:00
D.E.Z.,Nicht dein Typ,,,Berlin,Accapella,2017,DUDL,2017-04-22,https://www.youtube.com/watch?v=I3LdGKVJ5dQ,9165,I3LdGKVJ5dQ,2017,2024-08-03T02:43:42.961-04:00
Barracuda,Mavgic,NRWeekend 1,,,Accapella,2017,DLTLLY,2017-04-20,https://www.youtube.com/watch?v=rQB3nOExFoM,138607,rQB3nOExFoM,NRWeekend,2024-08-03T02:43:42.961-04:00
Fabiga,Four Seven,NRWeekend 1,,,Accapella,2017,DLTLLY,2017-04-16,https://www.youtube.com/watch?v=Qkjxygmrf2w,107459,Qkjxygmrf2w,NRWeekend,2024-08-03T02:43:42.961-04:00
KROM,TOBI NICE,,,,Accapella,2017,RAM,2017-04-14,https://www.youtube.com/watch?v=wQngllMH3KM,86958,wQngllMH3KM,BMCL,2024-08-03T02:43:42.961-04:00
Pilz,Nedal Nib,,,,Accapella,2017,DLTLLY,2017-04-09,https://www.youtube.com/watch?v=8aBn-vWKhHk,300580,8aBn-vWKhHk,Tapefabrik,2024-08-03T02:43:42.961-04:00
Madame Chaot,Yori,,,Berlin,Accapella,2017,DUDL,2017-04-08,https://www.youtube.com/watch?v=XZTmT_gLq8U,71070,XZTmT_gLq8U,2017,2024-08-03T02:43:42.961-04:00
Noone,Hopeless MC,,,Berlin,Accapella,2017,DUDL,2017-04-05,https://www.youtube.com/watch?v=eGQLfZpCMHw,4517,eGQLfZpCMHw,2017,2024-08-03T02:43:42.961-04:00
Cryptax,JOSHKA106,,,Berlin,Accapella,2017,DUDL,2017-04-03,https://www.youtube.com/watch?v=rLwKdc4ZZRI,15976,rLwKdc4ZZRI,2017,2024-08-03T02:43:42.961-04:00
Henrey,N'antinein,,,,Accapella,2017,DLTLLY,2017-04-02,https://www.youtube.com/watch?v=NVjXIXIWAfw,27459,NVjXIXIWAfw,Tapefabrik,2024-08-03T02:43:42.961-04:00
Bruf,Cemo Dafuq,,,Berlin,Accapella,2017,DUDL,2017-04-01,https://www.youtube.com/watch?v=0A7QZXW_lk8,4378,0A7QZXW_lk8,2017,2024-08-03T02:43:42.962-04:00
Robscure,Merlin,,,Berlin,Accapella,2017,DLTLLY,2017-03-26,https://www.youtube.com/watch?v=KCrOGMu5w1s,74889,KCrOGMu5w1s,Berlin,2024-08-03T02:43:42.962-04:00
Saking,TripleBeat,,,Frankfurt am Main,Accapella,2017,DUDL,2017-03-25,https://www.youtube.com/watch?v=HnBA4UuuA0c,6498,HnBA4UuuA0c,-CoSession,2024-08-03T02:43:42.962-04:00
Tommy2Late,Hörsturz,,,Berlin,Accapella,2017,DLTLLY,2017-03-23,https://www.youtube.com/watch?v=zg1Qx-YlyWg,19108,zg1Qx-YlyWg,Berlin,2024-08-03T02:43:42.962-04:00
Porno Pete,Schenck OH,,,Frankfurt am Main,Accapella,2017,DUDL,2017-03-22,https://www.youtube.com/watch?v=GWNnMIu8hOM,2570,GWNnMIu8hOM,-CoSession,2024-08-03T02:43:42.962-04:00
Ciro,MC Geuner,,,Frankfurt am Main,Accapella,2017,DUDL,2017-03-20,https://www.youtube.com/watch?v=TxNJSk9ZCu8,18150,TxNJSk9ZCu8,-CoSession,2024-08-03T02:43:42.962-04:00
Rino Mandingo,Cris Kotzen,,,Berlin,Accapella,2017,DLTLLY,2017-03-19,https://www.youtube.com/watch?v=glYXcKNGuiM,177246,glYXcKNGuiM,Berlin,2024-08-03T02:43:42.962-04:00
Sizyphos,Akanoo,,,Berlin,Accapella,2017,DLTLLY,2017-03-16,https://www.youtube.com/watch?v=1WexX61mYaM,27109,1WexX61mYaM,Berlin,2024-08-03T02:43:42.962-04:00
Robscure,Mars B.,,,Kassel,Accapella,2017,DLTLLY,2017-03-12,https://www.youtube.com/watch?v=trVhEKQgMQg,97419,trVhEKQgMQg,Kassel,2024-08-03T02:43:42.962-04:00
FINCH,DAVIE JONES,,,,Accapella,2017,RAM,2017-03-10,https://www.youtube.com/watch?v=lGiH2B3GMAg,1226667,lGiH2B3GMAg,BMCL,2024-08-03T02:43:42.963-04:00
Lamin,Papa TR,,,Kassel,Accapella,2017,DLTLLY,2017-03-09,https://www.youtube.com/watch?v=UIWWhFIao_M,19342,UIWWhFIao_M,Kassel,2024-08-03T02:43:42.963-04:00
IZL,Ilhan,,,Berlin,Accapella,2017,DUDL,2017-03-08,https://www.youtube.com/watch?v=_v8Zq2cLFpM,4500,_v8Zq2cLFpM,2017,2024-08-03T02:43:42.963-04:00
Shizu,T-Tekk,,,Berlin,Accapella,2017,DUDL,2017-03-06,https://www.youtube.com/watch?v=tHM2qQC7Fnw,3710,tHM2qQC7Fnw,2017,2024-08-03T02:43:42.963-04:00
MC Maik,Bauda,,,Kassel,Accapella,2017,DLTLLY,2017-03-05,https://www.youtube.com/watch?v=6kVFEwuJuxQ,28680,6kVFEwuJuxQ,Kassel,2024-08-03T02:43:42.963-04:00
MSK,Mikesh,,,Berlin,Accapella,2017,DUDL,2017-03-04,https://www.youtube.com/watch?v=7MW5bobkjyc,20535,7MW5bobkjyc,2017,2024-08-03T02:43:42.963-04:00
Olio,CPE,,,Kassel,Accapella,2017,DLTLLY,2017-03-02,https://www.youtube.com/watch?v=m0tjUv3Hzr8,25323,m0tjUv3Hzr8,Kassel,2024-08-03T02:43:42.963-04:00
Shadow,OE,,,Berlin,Accapella,2017,DUDL,2017-03-01,https://www.youtube.com/watch?v=Rvbod2n6hPA,4904,Rvbod2n6hPA,2017,2024-08-03T02:43:42.963-04:00
VT,ShaoLum,,,Kassel,Accapella,2017,DLTLLY,2017-02-26,https://www.youtube.com/watch?v=3wnRMQSaho4,53614,3wnRMQSaho4,Kassel,2024-08-03T02:43:42.963-04:00
Crocodile Andi,Teach,,,Kassel,Accapella,2017,DLTLLY,2017-02-23,https://www.youtube.com/watch?v=Win4Mw0ryao,14713,Win4Mw0ryao,Kassel,2024-08-03T02:43:42.963-04:00
Davie Jones,Clepto,,,Leipzig,Accapella,2016,DLTLLY,2017-02-19,https://www.youtube.com/watch?v=-bkqaYNfedw,118564,-bkqaYNfedw,Leipzig,2024-08-03T02:43:42.964-04:00
Paperbite,D-OS,,,Kassel,Accapella,2017,DLTLLY,2017-02-16,https://www.youtube.com/watch?v=ruz4CLYrGJo,14015,ruz4CLYrGJo,NewcomerBattle Kassel,2024-08-03T02:43:42.964-04:00
Nedal Nib,Brian Damage,,,,Accapella,2017,DLTLLY,2017-02-12,https://www.youtube.com/watch?v=oBtWEmAeVio,254325,oBtWEmAeVio,🏆 TITLE-MATCH 🏆,2024-08-03T02:43:42.964-04:00
Natif,King Lil&#39;C,,,Berlin,Accapella,2017,DUDL,2017-02-11,https://www.youtube.com/watch?v=YSqxRl0Hu5E,4218,YSqxRl0Hu5E,2017,2024-08-03T02:43:42.964-04:00
BUDDI,VYRUS,,,,Accapella,2017,RAM,2017-02-10,https://www.youtube.com/watch?v=XyOCDNYrtDw,72917,XyOCDNYrtDw,BMCL,2024-08-03T02:43:42.964-04:00
BalavaBaba,Noone,,,Berlin,Accapella,2017,DUDL,2017-02-08,https://www.youtube.com/watch?v=kWANHYPCLcg,5980,kWANHYPCLcg,2017,2024-08-03T02:43:42.964-04:00
Andres,Jozef104,,,Berlin,Accapella,2017,DUDL,2017-02-06,https://www.youtube.com/watch?v=fB08F5-eki4,4810,fB08F5-eki4,2017,2024-08-03T02:43:42.964-04:00
Doktor Dave,Mave,,,Leipzig,Accapella,2016,DLTLLY,2017-02-05,https://www.youtube.com/watch?v=tdAsouzcgpU,52931,tdAsouzcgpU,Leipzig,2024-08-03T02:43:42.964-04:00
Papi Schlauch,Lyrico,DISSember 1,,Berlin,Accapella,2016,DLTLLY,2017-01-29,https://www.youtube.com/watch?v=QUo9YKuQu4c,166072,QUo9YKuQu4c,Dissember,2024-08-03T02:43:42.964-04:00
Louis Beton,Sizyphos,,,Leipzig,Accapella,2016,DLTLLY,2017-01-22,https://www.youtube.com/watch?v=54zZPo3m_Nc,21938,54zZPo3m_Nc,Leipzig,2024-08-03T02:43:42.964-04:00
Stock,Reinicken + Bossom,,,Leipzig,Accapella,2016,DLTLLY,2017-01-19,https://www.youtube.com/watch?v=7RBrghmeR9w,15413,7RBrghmeR9w,Leipzig,2024-08-03T02:43:42.965-04:00
Raptor Warhurst,Unanymous,DISSember 1,,Berlin,Accapella,2016,DLTLLY,2017-01-15,https://www.youtube.com/watch?v=_mMlNI6W100,31941,_mMlNI6W100,Dissember,2024-08-03T02:43:42.965-04:00
GUGO,INDOOR STAN,,,,Accapella,2017,RAM,2017-01-13,https://www.youtube.com/watch?v=PCZVblvzB8Q,65226,PCZVblvzB8Q,BMCL,2024-08-03T02:43:42.965-04:00
T-Way,JerMc,DISSember 1,,Berlin,Accapella,2016,DLTLLY,2017-01-08,https://www.youtube.com/watch?v=blKeiA-2lTU,57179,blKeiA-2lTU,Dissember,2024-08-03T02:43:42.965-04:00
Karma,Henrey,DISSember 1,,Berlin,Accapella,2016,DLTLLY,2017-01-01,https://www.youtube.com/watch?v=2tK6qwRvHxQ,26988,2tK6qwRvHxQ,Dissember,2024-08-03T02:43:42.965-04:00
Mäneken,D.E.Z,,,Berlin,Accapella,2016,DUDL,2016-12-31,https://www.youtube.com/watch?v=mxkdhn9Gdow,3388,mxkdhn9Gdow,IDNR-CoEvent,2024-08-03T02:43:42.966-04:00
Halk Hoden,Ka-Oz,,,Berlin,Accapella,2016,DUDL,2016-12-28,https://www.youtube.com/watch?v=-c4Mtrcz4Sk,4274,-c4Mtrcz4Sk,IDNR-CoEvent,2024-08-03T02:43:42.966-04:00
Blvck Light,Kol&#39;ja,,,Berlin,Accapella,2016,DUDL,2016-12-26,https://www.youtube.com/watch?v=D5CrbkP-Sh0,3555,D5CrbkP-Sh0,IDNR-CoEvent,2024-08-03T02:43:42.966-04:00
Tobi High & Max Stoned,CPE & Ekhead,,,,Accapella,2016,DLTLLY,2016-12-25,https://www.youtube.com/watch?v=cgqFWTRRsW8,41460,cgqFWTRRsW8,Stuttgart,2024-08-03T02:43:42.966-04:00
Yarambo,N'antinein,,,,Accapella,2016,DLTLLY,2016-12-18,https://www.youtube.com/watch?v=64Jp732JVUQ,106533,64Jp732JVUQ,Stuttgart,2024-08-03T02:43:42.966-04:00
Akanoo,Mr. Whyte,,,,Accapella,2016,DLTLLY,2016-12-16,https://www.youtube.com/watch?v=8OFDEaCCRgk,12946,8OFDEaCCRgk,3x in die Fresse,2024-08-03T02:43:42.966-04:00
4TUNE,FRESH POLAKKE,,,,Accapella,2016,RAM,2016-12-16,https://www.youtube.com/watch?v=VpmYqFARLMg,277060,VpmYqFARLMg,BMCL,2024-08-03T02:43:42.967-04:00
Change19,BX,,,,Accapella,2016,DLTLLY,2016-12-11,https://www.youtube.com/watch?v=ws5uTV9os-U,22346,ws5uTV9os-U,Stuttgart,2024-08-03T02:43:42.967-04:00
Gixtah,Street,,,,Accapella,2016,DLTLLY,2016-12-09,https://www.youtube.com/watch?v=wQUrPiTwWLo,13363,wQUrPiTwWLo,NewcomerBattle 3x in die Fresse,2024-08-03T02:43:42.967-04:00
Barracuda,Schalle,,,,Accapella,2016,DLTLLY,2016-12-08,https://www.youtube.com/watch?v=MvgtRJiCETQ,17571,MvgtRJiCETQ,Stuttgart,2024-08-03T02:43:42.967-04:00
Lyrico,Gregpipe,,,,Accapella,2016,DLTLLY,2016-12-04,https://www.youtube.com/watch?v=gNJ_BBj6YYY,341971,gNJ_BBj6YYY,BDay #3,2024-08-03T02:43:42.967-04:00
Nicht Dein Typ,Tommy2Late,,,,Accapella,2016,DLTLLY,2016-12-01,https://www.youtube.com/watch?v=8VzakpMLEx4,16835,8VzakpMLEx4,Stuttgart,2024-08-03T02:43:42.967-04:00
Vyrus,Four Seven,,,,Accapella,2016,DLTLLY,2016-11-27,https://www.youtube.com/watch?v=GzZApeO4vT4,129752,GzZApeO4vT4,Stuttgart,2024-08-03T02:43:42.967-04:00
Dawson,Solay,,,,Accapella,2016,DLTLLY,2016-11-24,https://www.youtube.com/watch?v=mcCYKAhN4fg,9629,mcCYKAhN4fg,NewcomerBattle Day 2/2,2024-08-03T02:43:42.967-04:00
Mosaik,Sizyphos,,,Berlin,Accapella,2016,DUDL,2016-11-23,https://www.youtube.com/watch?v=zLkiwYiGf9k,7139,zLkiwYiGf9k,2016,2024-08-03T02:43:42.967-04:00
Brian Damage & Harry Crotch,Robscure & Karma,,,,Accapella,2016,DLTLLY,2016-11-20,https://www.youtube.com/watch?v=KR9itjM-1sI,64893,KR9itjM-1sI,B.Day#3,2024-08-03T02:43:42.967-04:00
ANO-NYM,Dirty GommoraH,,,,Accapella,2016,DLTLLY,2016-11-17,https://www.youtube.com/watch?v=eSAUwWXl6Jc,21994,eSAUwWXl6Jc,Day 2/2,2024-08-03T02:43:42.967-04:00
Cris Kotzen,MC Maik,,,,Accapella,2016,DLTLLY,2016-11-13,https://www.youtube.com/watch?v=sQOlZJYDIkY,191030,sQOlZJYDIkY,Day 1/2,2024-08-03T02:43:42.968-04:00
JI-ZI,JEY JEY GLÜNDERLING,,,,Accapella,2016,RAM,2016-11-11,https://www.youtube.com/watch?v=dTmyLW9tEE0,416592,dTmyLW9tEE0,BMCL,2024-08-03T02:43:42.968-04:00
Natif,Hörsturz,,,Berlin,Accapella,2016,DUDL,2016-11-11,https://www.youtube.com/watch?v=ZDP0LlcDDb4,11562,ZDP0LlcDDb4,2016,2024-08-03T02:43:42.968-04:00
Mr. Whyte,Four Seven,,,,Accapella,2016,DLTLLY,2016-11-10,https://www.youtube.com/watch?v=LWaz2xpCbQM,19746,LWaz2xpCbQM,NewcomerBattle Day 2/2,2024-08-03T02:43:42.968-04:00
Sanja Alexis,Triple Beat,,,Berlin,Accapella,2016,DUDL,2016-11-09,https://www.youtube.com/watch?v=r_dMQ3e7tFE,4676,r_dMQ3e7tFE,2016,2024-08-03T02:43:42.968-04:00
Ilhan,Jay Pie,,,Berlin,Accapella,2016,DUDL,2016-11-07,https://www.youtube.com/watch?v=MFjaftO_xyM,7513,MFjaftO_xyM,2016,2024-08-03T02:43:42.968-04:00
Davie Jones,Mars B.,,,,Accapella,2016,DLTLLY,2016-11-06,https://www.youtube.com/watch?v=vwH6czsMTv4,83295,vwH6czsMTv4,B.Day#3,2024-08-03T02:43:42.968-04:00
Hansen,T-Way,,,,Accapella,2016,DLTLLY,2016-10-30,https://www.youtube.com/watch?v=tIPnTbtv-V4,38626,tIPnTbtv-V4,Day 1/2,2024-08-03T02:43:42.968-04:00
King Lil&#39; C,Drago51,,,Berlin,Accapella,2016,DUDL,2016-10-29,https://www.youtube.com/watch?v=-FngR7m7_08,5708,-FngR7m7_08,2016,2024-08-03T02:43:42.968-04:00
Joe-L,Schalle,,,,Accapella,2016,DLTLLY,2016-10-27,https://www.youtube.com/watch?v=ApT0XhylFoA,19352,ApT0XhylFoA,Day 1/2,2024-08-03T02:43:42.968-04:00
Apriori,Paperbite,,,,Accapella,2016,DUDL,2016-10-26,https://www.youtube.com/watch?v=5U2RQhxGZGI,3968,5U2RQhxGZGI,DUDL#0003 Berlin,2024-08-03T02:43:42.969-04:00
TK,T-Tekk,,,,Accapella,2016,DUDL,2016-10-24,https://www.youtube.com/watch?v=F05bbI13KsA,5483,F05bbI13KsA,DUDL#0001 Berlin,2024-08-03T02:43:42.969-04:00
Tobi High,Max Stoned,,,,Accapella,2016,DLTLLY,2016-10-23,https://www.youtube.com/watch?v=IJteo2N_UHs,31705,IJteo2N_UHs,B.Day#3,2024-08-03T02:43:42.969-04:00
ShaoLum,WandelBarZ,,,,Accapella,2016,DLTLLY,2016-10-20,https://www.youtube.com/watch?v=cXjp1UgVCWk,24572,cXjp1UgVCWk,Day 2/2,2024-08-03T02:43:42.969-04:00
Jack Dragon,Henrey,,,,Accapella,2016,DLTLLY,2016-10-20,https://www.youtube.com/watch?v=MvOwv1ioueY,24553,MvOwv1ioueY,B.Day#3,2024-08-03T02:43:42.969-04:00
S.B.G,Wolle Der Grobe,,,,Accapella,2016,DUDL,2016-10-15,https://www.youtube.com/watch?v=6jvuB2i2mCs,9727,6jvuB2i2mCs,DUDL#0002 Berlin,2024-08-03T02:43:42.969-04:00
FINCH,YARAMBO,,,,Accapella,2016,RAM,2016-10-14,https://www.youtube.com/watch?v=oJTk-fglZhA,1288038,oJTk-fglZhA,BMCL,2024-08-03T02:43:42.969-04:00
Bruf,Dirrdy D,,,,Accapella,2016,DLTLLY,2016-10-13,https://www.youtube.com/watch?v=Frg6QAYVgPA,15821,Frg6QAYVgPA,NewcomerBattle Day 2/2,2024-08-03T02:43:42.969-04:00
Aris,Popeye,,,Berlin,Accapella,2016,DUDL,2016-10-12,https://www.youtube.com/watch?v=Pz-PARaHi8I,5463,Pz-PARaHi8I,2016,2024-08-03T02:43:42.969-04:00
OstrichO,Sizyphos,,,Berlin,Accapella,2016,DUDL,2016-10-10,https://www.youtube.com/watch?v=J1aUQuxfL-Q,17311,J1aUQuxfL-Q,2016,2024-08-03T02:43:42.969-04:00
VT & Tobi Nice,Ekhead & CPE,,,,Accapella,2016,DLTLLY,2016-10-09,https://www.youtube.com/watch?v=X5D8-os0hXE,30964,X5D8-os0hXE,Day 1/2,2024-08-03T02:43:42.970-04:00
Falk & Khacoby,O.G.OhneGummi & Eric Ventura,,,,Accapella,2016,DLTLLY,2016-10-02,https://www.youtube.com/watch?v=IyDDNFH8COI,127489,IyDDNFH8COI,Day 1/2,2024-08-03T02:43:42.970-04:00
Barracuda,Olio,,,,Accapella,2016,DLTLLY,2016-09-25,https://www.youtube.com/watch?v=KgCdiNu_dIs,24348,KgCdiNu_dIs,Day 1/2,2024-08-03T02:43:42.970-04:00
Davie Jones,Doktor Dave,,,,Accapella,2016,DLTLLY,2016-09-18,https://www.youtube.com/watch?v=sF2wljyB_LE,24649,sF2wljyB_LE,The Base,2024-08-03T02:43:42.970-04:00
N'antinein,Besser,,,,Accapella,2016,DLTLLY,2016-09-11,https://www.youtube.com/watch?v=P7S-Blx2qKM,22525,P7S-Blx2qKM,The Base,2024-08-03T02:43:42.970-04:00
Atzenkalle,Main Moe,splash! 19,Splash,Ferropolis,Accapella,2016,DLTLLY,2016-09-04,https://www.youtube.com/watch?v=gu_G_N8TD4Y,86184,gu_G_N8TD4Y,Splash19,2024-08-03T02:43:42.970-04:00
Tobi Nice & Duff,Yarambo & Indoor Stan,splash! 19,Splash,Ferropolis,Accapella,2016,DLTLLY,2016-08-28,https://www.youtube.com/watch?v=Uv2oUfu6jhQ,34921,Uv2oUfu6jhQ,Splash19,2024-08-03T02:43:42.970-04:00
LYRICO,MIGHTY MO,,,,Accapella,2016,RAM,2016-08-26,https://www.youtube.com/watch?v=BHIV5gY0aLs,142012,BHIV5gY0aLs,BMCL,2024-08-03T02:43:42.970-04:00
SSYNIC,BUY SOME,,,,Accapella,2016,RAM,2016-08-26,https://www.youtube.com/watch?v=1CAK0B4s_r0,274596,1CAK0B4s_r0,BMCL,2024-08-03T02:43:42.970-04:00
Gregpipe + Mars B.,Bong Teggy + Brian Damage,splash! 19,Splash,Ferropolis,Accapella,2016,DLTLLY,2016-08-25,https://www.youtube.com/watch?v=0usuNF2yMJw,316290,0usuNF2yMJw,SPLASH #19,2024-08-03T02:43:42.970-04:00
FRESH POLAKKE,NOTYZZE,,,,Accapella,2016,RAM,2016-08-14,https://www.youtube.com/watch?v=wZfY-YVAcjI,174729,wZfY-YVAcjI,BMCL,2024-08-03T02:43:42.971-04:00
Schote & BDad,Buddi & Fabiga,splash! 19,Splash,Ferropolis,Accapella,2016,DLTLLY,2016-08-14,https://www.youtube.com/watch?v=AP4x9u89IPI,24477,AP4x9u89IPI,Splash19,2024-08-03T02:43:42.971-04:00
Cris Kotzen,Fab,,,,Accapella,2016,DLTLLY,2016-08-07,https://www.youtube.com/watch?v=eU-1x_dFcz4,70042,eU-1x_dFcz4,Fete de la HipHop,2024-08-03T02:43:42.971-04:00
NEDAL NIB,RV,,,,Accapella,2016,RAM,2016-08-05,https://www.youtube.com/watch?v=ymdiTG9zsNg,82833,ymdiTG9zsNg,BMCL,2024-08-03T02:43:42.971-04:00
Robscure,Davie Jones,,,,Accapella,2016,DLTLLY,2016-08-01,https://www.youtube.com/watch?v=aTSfJUKP2jk,110424,aTSfJUKP2jk,Wien,2024-08-03T02:43:42.971-04:00
Seby Tone,Karma,,,,Accapella,2016,DLTLLY,2016-07-24,https://www.youtube.com/watch?v=wUz34i4vAdQ,24439,wUz34i4vAdQ,Wien,2024-08-03T02:43:42.971-04:00
Battleboi Basti,Doktor Dave,,,,Accapella,2016,DLTLLY,2016-07-17,https://www.youtube.com/watch?v=jbIyI7bq-3w,228646,jbIyI7bq-3w,MAYhem,2024-08-03T02:43:42.971-04:00
Lyrico,Hansen,,,,Accapella,2016,DLTLLY,2016-07-10,https://www.youtube.com/watch?v=wxPLJE83D6A,106889,wxPLJE83D6A,MAYhem,2024-08-03T02:43:42.971-04:00
Jack Dragon,JerMc,,,,Accapella,2016,DLTLLY,2016-07-07,https://www.youtube.com/watch?v=Tb6dmZPRnSA,42628,Tb6dmZPRnSA,Wien,2024-08-03T02:43:42.971-04:00
Bong Teggy & Papi Schlauch,Onkel Oktomusch & Die Zwetschke,,,,Accapella,2016,DLTLLY,2016-07-03,https://www.youtube.com/watch?v=4xfAs26Cee4,412873,4xfAs26Cee4,MAYhem,2024-08-03T02:43:42.972-04:00
FellowSoph,Ekhead,,,,Accapella,2016,DLTLLY,2016-06-30,https://www.youtube.com/watch?v=9poWpKcnfyY,14150,9poWpKcnfyY,Wien,2024-08-03T02:43:42.972-04:00
Barbee n' Flow,Spello & Al Pone,,,,Accapella,2016,DLTLLY,2016-06-26,https://www.youtube.com/watch?v=sqvPg3sEN0I,18387,sqvPg3sEN0I,Wien,2024-08-03T02:43:42.972-04:00
Mave & MC Maik,Tobi Nice & Duff,,,,Accapella,2016,DLTLLY,2016-06-19,https://www.youtube.com/watch?v=NoR7sZLr9MA,21931,NoR7sZLr9MA,MAYhem,2024-08-03T02:43:42.972-04:00
Cleptomatic,Yarambo,,,,Accapella,2016,DLTLLY,2016-06-12,https://www.youtube.com/watch?v=ZH_LmIdBhAE,162947,ZH_LmIdBhAE,MAYhem,2024-08-03T02:43:42.972-04:00
GUGO,FINCH,,,,Accapella,2016,RAM,2016-06-10,https://www.youtube.com/watch?v=Vy8WHxOAHfQ,676449,Vy8WHxOAHfQ,BMCL,2024-08-03T02:43:42.972-04:00
Indoor Stan & Nikiz,N'antinein & BX,,,,Accapella,2016,DLTLLY,2016-06-05,https://www.youtube.com/watch?v=lQFIXdpBY5g,27833,lQFIXdpBY5g,MAYhem,2024-08-03T02:43:42.972-04:00
BDad,N'antinein,,,,Accapella,2016,DLTLLY,2016-05-29,https://www.youtube.com/watch?v=A6JXhwYcMQ8,29531,A6JXhwYcMQ8,DailyRapJam,2024-08-03T02:43:42.972-04:00
YARAMBO,BARRACUDA,,,,Accapella,2016,RAM,2016-05-27,https://www.youtube.com/watch?v=o8IWqT1Y95A,83684,o8IWqT1Y95A,BMCL,2024-08-03T02:43:42.972-04:00
Change19,Akanoo,,,,Accapella,2016,DLTLLY,2016-05-26,https://www.youtube.com/watch?v=Kg4y3iJBiGE,10915,Kg4y3iJBiGE,DailyRapJam,2024-08-03T02:43:42.972-04:00
T-Way,Mars B.,,,Kassel,Accapella,2016,DLTLLY,2016-05-22,https://www.youtube.com/watch?v=HhEXUrhCaok,46179,HhEXUrhCaok,Kassel,2024-08-03T02:43:42.973-04:00
Mavgic,Joe-L,,,Kassel,Accapella,2016,DLTLLY,2016-05-19,https://www.youtube.com/watch?v=4KvkXpIrMIA,80121,4KvkXpIrMIA,NewcomerBattle Kassel,2024-08-03T02:43:42.973-04:00
Eric Ventura & O.G. Ohne Gummi,Tobi High & Max Stoned,,,Kassel,Accapella,2016,DLTLLY,2016-05-15,https://www.youtube.com/watch?v=BwTd5Bwn7NE,23558,BwTd5Bwn7NE,Kassel,2024-08-03T02:43:42.973-04:00
Aladin,Khan G.,,,Kassel,Accapella,2016,DLTLLY,2016-05-12,https://www.youtube.com/watch?v=8BKS4n-WTlQ,14017,8BKS4n-WTlQ,Kassel,2024-08-03T02:43:42.973-04:00
Olio,VT,,,Kassel,Accapella,2016,DLTLLY,2016-05-12,https://www.youtube.com/watch?v=qIrNbzKyR6k,16952,qIrNbzKyR6k,Kassel,2024-08-03T02:43:42.973-04:00
Yarambo,Fabiga,,,Düsseldorf,Accapella,2016,DLTLLY,2016-05-08,https://www.youtube.com/watch?v=hl3iYzTbStQ,91801,hl3iYzTbStQ,Düsseldorf,2024-08-03T02:43:42.973-04:00
Akzent,Peat Pandora,,,Düsseldorf,Accapella,2016,DLTLLY,2016-05-03,https://www.youtube.com/watch?v=Dri82KcuNI4,11225,Dri82KcuNI4,Düsseldorf,2024-08-03T02:43:42.973-04:00
Wandelbarz,Cris Kotzen,,Alter Weinkeller,Dortmund,Accapella,2016,DLTLLY,2016-05-01,https://www.youtube.com/watch?v=le6XdSmVEIY,79902,le6XdSmVEIY,Dortmund,2024-08-03T02:43:42.973-04:00
Proton,Notyzze,,,Düsseldorf,Accapella,2016,DLTLLY,2016-05-01,https://www.youtube.com/watch?v=1nEKKoj1xXU,65326,1nEKKoj1xXU,Düsseldorf,2024-08-03T02:43:42.973-04:00
NOTYZZE,BUY SOME,,,,Accapella,2016,RAM,2016-04-29,https://www.youtube.com/watch?v=QrftoDX65MQ,119814,QrftoDX65MQ,BMCL,2024-08-03T02:43:42.973-04:00
Zeptah,Neit,,Alter Weinkeller,Dortmund,Accapella,2016,DLTLLY,2016-04-26,https://www.youtube.com/watch?v=m3vfESZ8AKQ,13232,m3vfESZ8AKQ,Dortmund,2024-08-03T02:43:42.974-04:00
Robscure,BX,,,Kassel,Accapella,2016,DLTLLY,2016-04-24,https://www.youtube.com/watch?v=0frBoMjSUZU,28176,0frBoMjSUZU,Kassel,2024-08-03T02:43:42.974-04:00
Falk & Khacoby,Ekhead & CPE,,,Düsseldorf,Accapella,2016,DLTLLY,2016-04-21,https://www.youtube.com/watch?v=0s7gLvY71tQ,67582,0s7gLvY71tQ,Düsseldorf,2024-08-03T02:43:42.974-04:00
Nedal Nib,Bong Teggy,,,Berlin,Accapella,2016,DLTLLY,2016-04-17,https://www.youtube.com/watch?v=nMI2m-Miyts,268249,nMI2m-Miyts,Berlin,2024-08-03T02:43:42.974-04:00
VYRUS,ALI AFFRONT,,,,Accapella,2016,RAM,2016-04-15,https://www.youtube.com/watch?v=qr9ModA-fjA,75202,qr9ModA-fjA,BMCL,2024-08-03T02:43:42.974-04:00
Bauda,Henrey,,,Düsseldorf,Accapella,2016,DLTLLY,2016-04-14,https://www.youtube.com/watch?v=R8HbJGoyhqw,22745,R8HbJGoyhqw,Düsseldorf,2024-08-03T02:43:42.974-04:00
Indoor Stan,Robscure,,,Berlin,Accapella,2016,DLTLLY,2016-04-12,https://www.youtube.com/watch?v=b1DojOrzF4M,44493,b1DojOrzF4M,Berlin,2024-08-03T02:43:42.974-04:00
Harlem T,MC Intifada,,Alter Weinkeller,Dortmund,Accapella,2016,DLTLLY,2016-04-12,https://www.youtube.com/watch?v=qoPBN9EsKBk,12621,qoPBN9EsKBk,FreestyleBattle Dortmund,2024-08-03T02:43:42.974-04:00
DirtySanchez,Karma,,,Berlin,Accapella,2016,DLTLLY,2016-04-07,https://www.youtube.com/watch?v=OYTYcxTXJok,22734,OYTYcxTXJok,Berlin,2024-08-03T02:43:42.974-04:00
Scumgod,Der Schwede,,,Berlin,Accapella,2016,DLTLLY,2016-04-05,https://www.youtube.com/watch?v=kOj2TLK1mPM,16173,kOj2TLK1mPM,Berlin,2024-08-03T02:43:42.974-04:00
Muro,Marc Zufall,,,Düsseldorf,Accapella,2016,DLTLLY,2016-04-03,https://www.youtube.com/watch?v=dW94881DddE,24818,dW94881DddE,Düsseldorf,2024-08-03T02:43:42.975-04:00
Saking,Black Snowman,,,,Accapella,2016,DLTLLY,2016-03-29,https://www.youtube.com/watch?v=9T7a78JZM5A,18445,9T7a78JZM5A,NewcomerBattle FFM,2024-08-03T02:43:42.975-04:00
Nikiz,Cleptomatic,,,Berlin,Accapella,2016,DLTLLY,2016-03-27,https://www.youtube.com/watch?v=74tp1mwwcf0,64053,74tp1mwwcf0,Berlin,2024-08-03T02:43:42.975-04:00
LYRICO,TOBI NICE,,,,Accapella,2016,RAM,2016-03-25,https://www.youtube.com/watch?v=hI4-2PPQRWo,77020,hI4-2PPQRWo,BMCL,2024-08-03T02:43:42.975-04:00
Mars B.,Jack Dragon,,,,Accapella,2016,DLTLLY,2016-03-20,https://www.youtube.com/watch?v=tNYcKfDpacg,24849,tNYcKfDpacg,Privat,2024-08-03T02:43:42.975-04:00
Schalle,Aladin,,,Frankfurt am Main,Accapella,2016,DLTLLY,2016-03-17,https://www.youtube.com/watch?v=PQKWPvQXOwE,12342,PQKWPvQXOwE,FFM,2024-08-03T02:43:42.975-04:00
MfGen,Ciro,,,,Accapella,2016,DLTLLY,2016-03-15,https://www.youtube.com/watch?v=XNHOH7JhBxQ,10703,XNHOH7JhBxQ,NewcomerBattle FFM,2024-08-03T02:43:42.975-04:00
DUFF,LE NERD,,,,Accapella,2016,RAM,2016-03-13,https://www.youtube.com/watch?v=ILHRGfFmwEU,50296,ILHRGfFmwEU,BMCL,2024-08-03T02:43:42.975-04:00
GUGO,YARAMBO,,,,Accapella,2016,RAM,2016-03-11,https://www.youtube.com/watch?v=F6kCIK5lQG0,114419,F6kCIK5lQG0,BMCL,2024-08-03T02:43:42.975-04:00
D-OS,Banal,,,,Accapella,2016,DLTLLY,2016-03-10,https://www.youtube.com/watch?v=kIrzaRvdVC4,8323,kIrzaRvdVC4,NewcomerBattle FFM,2024-08-03T02:43:42.975-04:00
BX,Patrick Enemy,,,Frankfurt am Main,Accapella,2016,DLTLLY,2016-03-08,https://www.youtube.com/watch?v=aTefZYUtprA,39907,aTefZYUtprA,FFM,2024-08-03T02:43:42.976-04:00
Tobi High & Max Stoned,Lockenkopf & Tschappy,,,Frankfurt am Main,Accapella,2016,DLTLLY,2016-03-06,https://www.youtube.com/watch?v=3gLHKfqk6yo,18628,3gLHKfqk6yo,FFM,2024-08-03T02:43:42.976-04:00
N'antinein,Dopex,,,Frankfurt am Main,Accapella,2016,DLTLLY,2016-03-06,https://www.youtube.com/watch?v=TvtQj3KDygg,15364,TvtQj3KDygg,FFM,2024-08-03T02:43:42.976-04:00
Johnny Rakete,Kex Kuhl,,,,Accapella,2016,DLTLLY,2016-02-28,https://www.youtube.com/watch?v=6mK2r5H3KxU,87967,6mK2r5H3KxU,ComplimentsBattle,2024-08-03T02:43:42.976-04:00
Karma,Akanoo,,,,Accapella,2016,DLTLLY,2016-02-21,https://www.youtube.com/watch?v=JazaORAoQrk,14393,JazaORAoQrk,could not identify event,2024-08-03T02:43:42.977-04:00
Indoor Stan,Yarambo,,,,Accapella,2015,DLTLLY,2016-02-14,https://www.youtube.com/watch?v=jagzt8m2Hf8,118465,jagzt8m2Hf8,Bochum,2024-08-03T02:43:42.977-04:00
MC MAIK,FRESH POLAKKE,,,,Accapella,2016,RAM,2016-02-12,https://www.youtube.com/watch?v=aPd7CtuL-m0,261190,aPd7CtuL-m0,BMCL,2024-08-03T02:43:42.977-04:00
FALK,FraX One,,,,Accapella,2015,DLTLLY,2016-02-04,https://www.youtube.com/watch?v=osXtwVnSD7E,25681,osXtwVnSD7E,Bochum,2024-08-03T02:43:42.977-04:00
BUY SOME,GEORGE MIDAS,,,,Accapella,2016,RAM,2016-02-01,https://www.youtube.com/watch?v=HBKjc7iMiu8,68842,HBKjc7iMiu8,BMCL,2024-08-03T02:43:42.977-04:00
Notyzze,Buddi,,,,Accapella,2015,DLTLLY,2016-01-31,https://www.youtube.com/watch?v=etdezVWG0_Y,30845,etdezVWG0_Y,Bochum,2024-08-03T02:43:42.977-04:00
Collapz & CPE,Aresst & D.ZUM.A,,,,Accapella,2015,DLTLLY,2016-01-28,https://www.youtube.com/watch?v=RdRLoOQj0gE,22083,RdRLoOQj0gE,NewcomerBattle Bochum,2024-08-03T02:43:42.977-04:00
Fabiga,Bauda,,,,Accapella,2015,DLTLLY,2016-01-24,https://www.youtube.com/watch?v=DfxmpTNvkyg,18347,DfxmpTNvkyg,Bochum,2024-08-03T02:43:42.977-04:00
Jack Dragon,Smoke Tüü,,,,Accapella,2015,DLTLLY,2016-01-17,https://www.youtube.com/watch?v=aUdGRgaSejE,17689,aUdGRgaSejE,Stuttgart,2024-08-03T02:43:42.977-04:00
SSYNIC,BONG TEGGY - REMATCH,,,,Accapella,2016,RAM,2016-01-15,https://www.youtube.com/watch?v=z0FlpflmILU,2443055,z0FlpflmILU,BMCL,2024-08-03T02:43:42.978-04:00
Dezzad,N'Antinein,,,,Accapella,2015,DLTLLY,2016-01-14,https://www.youtube.com/watch?v=0R6CgGZz5Ek,13057,0R6CgGZz5Ek,Stuttgart,2024-08-03T02:43:42.978-04:00
Bong Teggy,Brian Damage,,,München,Accapella,2016,DLTLLY,2016-01-10,https://www.youtube.com/watch?v=MGNDNQIOwwA,843876,MGNDNQIOwwA,Bad Bars  München,2024-08-03T02:43:42.978-04:00
Battleboi Basti & Dee Ho,Onkel Oktomusch & Die Zwetschke,,,,Accapella,2016,DLTLLY,2016-01-03,https://www.youtube.com/watch?v=I_lk5irw2Jc,412671,I_lk5irw2Jc,BDAY #3,2024-08-03T02:43:42.978-04:00
Nedal Nib,Mars B.,,,,Accapella,2015,DLTLLY,2015-12-27,https://www.youtube.com/watch?v=cCMR6HUQqUU,134772,cCMR6HUQqUU,B.day #2,2024-08-03T02:43:42.978-04:00
LYRICO,DAVIE JONES,,,,Accapella,2015,RAM,2015-12-25,https://www.youtube.com/watch?v=EepN4HuvLlA,98534,EepN4HuvLlA,BMCL,2024-08-03T02:43:42.978-04:00
Ali Affront,Seby Tone,,,,Accapella,2015,DLTLLY,2015-12-20,https://www.youtube.com/watch?v=us8MU7ZmmKI,26925,us8MU7ZmmKI,B.Day#2,2024-08-03T02:43:42.978-04:00
Change19 & Henrey,Tobi High & Max Stoned,,,,Accapella,2015,DLTLLY,2015-12-13,https://www.youtube.com/watch?v=hU7Q5aWUWuU,28107,hU7Q5aWUWuU,B.Day#2,2024-08-03T02:43:42.978-04:00
RV,TOBI NICE,,,,Accapella,2015,RAM,2015-12-11,https://www.youtube.com/watch?v=yqwOk88aRsI,50517,yqwOk88aRsI,BMCL,2024-08-03T02:43:42.978-04:00
Karma,Robscure,,,,Accapella,2015,DLTLLY,2015-12-06,https://www.youtube.com/watch?v=4yqAT8hW_-g,26312,4yqAT8hW_-g,B.Day#2,2024-08-03T02:43:42.978-04:00
AMAH,MCTWIST,,,,Accapella,2015,RAM,2015-11-28,https://www.youtube.com/watch?v=8gUddeSaqLU,70426,8gUddeSaqLU,BMCL,2024-08-03T02:43:42.979-04:00
Hansen,George Midas,,,Berlin,Accapella,2015,DLTLLY,2015-11-15,https://www.youtube.com/watch?v=G-T1yEG9Wc4,36522,G-T1yEG9Wc4,Berlin,2024-08-03T02:43:42.979-04:00
MIKZ,MC MAIK,,,,Accapella,2015,RAM,2015-11-13,https://www.youtube.com/watch?v=P1kYQfUxr4o,58078,P1kYQfUxr4o,BMCL,2024-08-03T02:43:42.979-04:00
Fab,Cemo,,,,Accapella,2015,DLTLLY,2015-11-12,https://www.youtube.com/watch?v=nVeWgyMQjtE,19315,nVeWgyMQjtE,NewcomerBattle DAYtime Event,2024-08-03T02:43:42.979-04:00
Dezzad,Schnaxler,,,,Accapella,2015,DLTLLY,2015-11-05,https://www.youtube.com/watch?v=Qmz-Tfcex_U,12969,Qmz-Tfcex_U,DAYtime Event,2024-08-03T02:43:42.979-04:00
Le Nerd,Tobi Nice,,,Berlin,Accapella,2015,DLTLLY,2015-11-01,https://www.youtube.com/watch?v=LA7Z4-6d83s,49062,LA7Z4-6d83s,Berlin,2024-08-03T02:43:42.979-04:00
BDAD,MERLIN,,,,Accapella,2015,RAM,2015-10-30,https://www.youtube.com/watch?v=t6Xp0bvI0og,58132,t6Xp0bvI0og,BMCL,2024-08-03T02:43:42.979-04:00
Pedro,Jean-Gough Frais,,,Berlin,Accapella,2015,DLTLLY,2015-10-25,https://www.youtube.com/watch?v=G5tqGvFuKpg,16952,G5tqGvFuKpg,Berlin,2024-08-03T02:43:42.979-04:00
T Way,Nikiz,,,Berlin,Accapella,2015,DLTLLY,2015-10-18,https://www.youtube.com/watch?v=wBS3BPDO3Js,18327,wBS3BPDO3Js,Berlin,2024-08-03T02:43:42.979-04:00
MIGHTY P.,NEDAL NIB,,,,Accapella,2015,RAM,2015-10-16,https://www.youtube.com/watch?v=XofXZxOln1E,111221,XofXZxOln1E,BMCL,2024-08-03T02:43:42.979-04:00
Mio Mao,Buddi,,,,Accapella,2015,DLTLLY,2015-10-11,https://www.youtube.com/watch?v=DZycRn9Ll10,49445,DZycRn9Ll10,Tapefabrik,2024-08-03T02:43:42.980-04:00
Lyrico,Mars B.,,,,Accapella,2015,DLTLLY,2015-10-04,https://www.youtube.com/watch?v=edwqNrm-dAA,73120,edwqNrm-dAA,Tapefabrik,2024-08-03T02:43:42.980-04:00
Karma,Limstar,,,München,Accapella,2015,DLTLLY,2015-09-27,https://www.youtube.com/watch?v=o-hSpdTPM1U,14026,o-hSpdTPM1U,NewcomerBattle München,2024-08-03T02:43:42.980-04:00
NOTYZZE,ALI AFFRONT,,,,Accapella,2015,RAM,2015-09-25,https://www.youtube.com/watch?v=ZBmqvUsdnyg,86145,ZBmqvUsdnyg,BMCL,2024-08-03T02:43:42.980-04:00
Henrey,Change19,,,München,Accapella,2015,DLTLLY,2015-09-20,https://www.youtube.com/watch?v=2uZd-H6oiYM,29919,2uZd-H6oiYM,NewcomerBattle München,2024-08-03T02:43:42.980-04:00
Z,DAVIE JONES,,,,Accapella,2015,RAM,2015-09-11,https://www.youtube.com/watch?v=ok6N3xcfNZg,481110,ok6N3xcfNZg,BMCL,2024-08-03T02:43:42.980-04:00
Le Nerd,Davie Jones,,,Berlin,Accapella,2015,DLTLLY,2015-08-09,https://www.youtube.com/watch?v=dTGwez2RVGs,139294,dTGwez2RVGs,Berlin,2024-08-03T02:43:42.980-04:00
Lyrico,Der Fischer,,,Berlin,Accapella,2015,DLTLLY,2015-08-06,https://www.youtube.com/watch?v=e2Udzmm8L8w,90763,e2Udzmm8L8w,Berlin,2024-08-03T02:43:42.980-04:00
JOLLYJAY,MR TONGUE TWISTER,,,,Accapella,2015,DON'T FLOP,2015-08-05,https://www.youtube.com/watch?v=u0sKIr74qNM,31042,u0sKIr74qNM,Dont Flop,2024-08-03T02:43:42.980-04:00
Mighty Mo & Nedal Nib,Duff,splash! 18,Splash,Ferropolis,Accapella,2015,DLTLLY,2015-08-02,https://www.youtube.com/watch?v=8f534bjTdPQ,52787,8f534bjTdPQ,Splash 18,2024-08-03T02:43:42.980-04:00
Gregpipe + Basic,Battleboi Basti + Besser,,,Berlin,Accapella,2015,DLTLLY,2015-07-26,https://www.youtube.com/watch?v=1hxM1bSTeBQ,314604,1hxM1bSTeBQ,Berlin,2024-08-03T02:43:42.980-04:00
Mars B.,Mirror,,,Berlin,Accapella,2015,DLTLLY,2015-07-19,https://www.youtube.com/watch?v=gR8kjMySBP4,26411,gR8kjMySBP4,Berlin,2024-08-03T02:43:42.981-04:00
Tis L,T-Way,,,Berlin,Accapella,2015,DLTLLY,2015-07-16,https://www.youtube.com/watch?v=F44bnk1YOCU,28294,F44bnk1YOCU,Berlin,2024-08-03T02:43:42.981-04:00
MC Maik + Mave,Scumgod + DirtySanchez,,,Berlin,Accapella,2015,DLTLLY,2015-07-12,https://www.youtube.com/watch?v=UH4PdAMGnQY,31936,UH4PdAMGnQY,Berlin,2024-08-03T02:43:42.981-04:00
BMCL MEETS DLTLLY RAP BATTLE: BESSER,PROTON,,,,Accapella,2015,RAM,2015-07-10,https://www.youtube.com/watch?v=G0k2SM7LB6Q,69917,G0k2SM7LB6Q,BMCL,2024-08-03T02:43:42.981-04:00
Merlin,Bong Teggy,,,München,Accapella,2015,DLTLLY,2015-07-05,https://www.youtube.com/watch?v=3f92lfia1Iw,223586,3f92lfia1Iw,München,2024-08-03T02:43:42.981-04:00
Jack Dragon,Demolux,,,München,Accapella,2015,DLTLLY,2015-06-28,https://www.youtube.com/watch?v=3M5hkitrUQY,14453,3M5hkitrUQY,München,2024-08-03T02:43:42.981-04:00
P-ZAK,BONG TEGGY,,,,Accapella,2015,RAM,2015-06-28,https://www.youtube.com/watch?v=uxnJ2v9nfhw,484600,uxnJ2v9nfhw,BMCL,2024-08-03T02:43:42.981-04:00
Brian Damage,Harry Crotch,,,München,Accapella,2015,DLTLLY,2015-06-21,https://www.youtube.com/watch?v=6LevyA-T6JM,149466,6LevyA-T6JM,ComplimentsBattle München,2024-08-03T02:43:42.981-04:00
GOZPEL,BATTLEBOI BASTI,,,,Accapella,2015,RAM,2015-06-12,https://www.youtube.com/watch?v=JpNxEeszyA8,932385,JpNxEeszyA8,BMCL,2024-08-03T02:43:42.981-04:00
Ali Affront,Fellowsoph,,,München,Accapella,2015,DLTLLY,2015-06-07,https://www.youtube.com/watch?v=fMLkNIgjsro,25527,fMLkNIgjsro,München,2024-08-03T02:43:42.982-04:00
PETSCHINO,MIGHTY MO,,,,Accapella,2015,RAM,2015-05-29,https://www.youtube.com/watch?v=Z56RuCO7frg,252101,Z56RuCO7frg,BMCL,2024-08-03T02:43:42.982-04:00
Brian Damage,Davie Jones,,,,Accapella,2015,DLTLLY,2015-05-24,https://www.youtube.com/watch?v=ac1sR229bak,98007,ac1sR229bak,Livin' HipHop Jam,2024-08-03T02:43:42.982-04:00
TIERSTAR,DIZASTER,,,,Accapella,2015,RAM,2015-05-15,https://www.youtube.com/watch?v=NEFFMcjJ3SQ,382523,NEFFMcjJ3SQ,powered by audio-technica,2024-08-03T02:43:42.982-04:00
Lyrico,Harry Crotch,,,,Accapella,2015,DLTLLY,2015-05-10,https://www.youtube.com/watch?v=e5huTSczyf4,29613,e5huTSczyf4,Livin' HipHop Jam,2024-08-03T02:43:42.982-04:00
Doktor Dave,George Midas (HipHop Convention),,,Berlin,Accapella,2015,DLTLLY,2015-05-07,https://www.youtube.com/watch?v=w6zCM9KpVBQ,15110,w6zCM9KpVBQ,Berlin,2024-08-03T02:43:42.982-04:00
Tis L,Bauda,,,Berlin,Accapella,2015,DLTLLY,2015-04-29,https://www.youtube.com/watch?v=tWUiuZc5p3Y,18589,tWUiuZc5p3Y,Berlin,2024-08-03T02:43:42.982-04:00
Nikiz,Le Nerd,,,Berlin,Accapella,2015,DLTLLY,2015-04-26,https://www.youtube.com/watch?v=-w9IPyHjXZo,47509,-w9IPyHjXZo,Berlin,2024-08-03T02:43:42.982-04:00
SSYNIC,CASHISCLAY,,,,Accapella,2015,RAM,2015-04-24,https://www.youtube.com/watch?v=PgFKjYcDtLs,1451948,PgFKjYcDtLs,BMCL,2024-08-03T02:43:42.982-04:00
Scumgod + DirtySanchez,Tschappy + Doktor Dave,,,Berlin,Accapella,2015,DLTLLY,2015-04-23,https://www.youtube.com/watch?v=a3YBKYlenFI,19065,a3YBKYlenFI,Berlin,2024-08-03T02:43:42.982-04:00
Mighty Mo,Hansen - REMATCH!,,,,Accapella,2015,DLTLLY,2015-04-19,https://www.youtube.com/watch?v=TADdGDpKWPs,149616,TADdGDpKWPs,Hamburg,2024-08-03T02:43:42.983-04:00
DeeLah,D.O.C.,,,,Accapella,2015,DLTLLY,2015-04-18,https://www.youtube.com/watch?v=a48W9qfgEr4,24940,a48W9qfgEr4,Hamburg,2024-08-03T02:43:42.983-04:00
Kenny Kansas,Core One,,,,Accapella,2015,DLTLLY,2015-04-18,https://www.youtube.com/watch?v=W1btY9KbOIo,15196,W1btY9KbOIo,Hamburg,2024-08-03T02:43:42.983-04:00
DOKTOR DAVE,DROB DYNAMIC,,,,Accapella,2015,RAM,2015-04-10,https://www.youtube.com/watch?v=3mIpymc2NhE,115076,3mIpymc2NhE,BMCL,2024-08-03T02:43:42.983-04:00
Onkel Oktomusch + Die Zwetschke,Mave + MC Maik,,,,Accapella,2015,DLTLLY,2015-04-05,https://www.youtube.com/watch?v=40MavNkdI0k,117853,40MavNkdI0k,Hamburg,2024-08-03T02:43:42.983-04:00
Nedal Nib,Der Fischer,,,,Accapella,2015,DLTLLY,2015-03-31,https://www.youtube.com/watch?v=neSX-I5XmyE,100289,neSX-I5XmyE,Hamburg,2024-08-03T02:43:42.983-04:00
Mac Horn + Cashus K.,PadaLash + SZD,,,,Accapella,2015,DLTLLY,2015-03-31,https://www.youtube.com/watch?v=1FO62qmqIc4,19393,1FO62qmqIc4,Hamburg,2024-08-03T02:43:42.983-04:00
MERLIN,DAVIE JONES,,,,Accapella,2015,RAM,2015-03-27,https://www.youtube.com/watch?v=6Gnzk5hivPU,98244,6Gnzk5hivPU,BMCL,2024-08-03T02:43:42.983-04:00
Aytee,Fabiga,,,,Accapella,2015,DLTLLY,2015-03-15,https://www.youtube.com/watch?v=9N2tKrPsVss,60832,9N2tKrPsVss,DAYtime Event,2024-08-03T02:43:42.983-04:00
P-ZAK,FRESH POLAKKE,,,,Accapella,2015,RAM,2015-03-13,https://www.youtube.com/watch?v=Q9zTtHXf8_Q,328218,Q9zTtHXf8_Q,BMCL,2024-08-03T02:43:42.983-04:00
Buddi,Duff,,,,Accapella,2015,DLTLLY,2015-03-08,https://www.youtube.com/watch?v=RQdqtBa7hUw,29884,RQdqtBa7hUw,DAYtime Event,2024-08-03T02:43:42.984-04:00
Proton,Heideck,,,,Accapella,2015,DLTLLY,2015-03-01,https://www.youtube.com/watch?v=E7biTSHPeBg,17462,E7biTSHPeBg,DAYtime Event,2024-08-03T02:43:42.984-04:00
BESSER,MARS B.,,,,Accapella,2015,RAM,2015-02-27,https://www.youtube.com/watch?v=Q1qDVN5ufWw,71127,Q1qDVN5ufWw,BMCL,2024-08-03T02:43:42.984-04:00
Buy Some,T-Way,,,,Accapella,2015,DLTLLY,2015-02-22,https://www.youtube.com/watch?v=nV3WY_BWZjw,37158,nV3WY_BWZjw,DAYtime Event,2024-08-03T02:43:42.984-04:00
BDAD,TOBI NICE,,,,Accapella,2015,RAM,2015-02-13,https://www.youtube.com/watch?v=I70pYTHXrH8,67548,I70pYTHXrH8,BMCL,2024-08-03T02:43:42.984-04:00
RAPSTA,FRESH POLAKKE,,,,Accapella,2015,RAM,2015-01-30,https://www.youtube.com/watch?v=NtjahY1x55w,713637,NtjahY1x55w,BMCL,2024-08-03T02:43:42.984-04:00
Juskah,BDad,,,,Accapella,2014,DLTLLY,2015-01-25,https://www.youtube.com/watch?v=gxa7WsZIoSM,22736,gxa7WsZIoSM,B.Day#1,2024-08-03T02:43:42.984-04:00
Merlin,Schote,,,,Accapella,2014,DLTLLY,2015-01-18,https://www.youtube.com/watch?v=-NpzvlH-ge4,41562,-NpzvlH-ge4,B.Day#1,2024-08-03T02:43:42.984-04:00
MC MAIK,RONI 87,,,,Accapella,2015,RAM,2015-01-16,https://www.youtube.com/watch?v=a8hVM0mGq_E,46690,a8hVM0mGq_E,BMCL,2024-08-03T02:43:42.984-04:00
George Midas,RV,,,,Accapella,2014,DLTLLY,2015-01-11,https://www.youtube.com/watch?v=6MQjesM1jh0,23071,6MQjesM1jh0,B.Day#1,2024-08-03T02:43:42.984-04:00
Bong Teggy,Papi Schlauch,,,,Accapella,2014,DLTLLY,2015-01-04,https://www.youtube.com/watch?v=U70JIQSZkNw,177443,U70JIQSZkNw,B.Day#1,2024-08-03T02:43:42.985-04:00
BONG TEGGY,MIGHTY MO,,,,Accapella,2014,RAM,2014-12-26,https://www.youtube.com/watch?v=XuuI1Uzmt3A,544640,XuuI1Uzmt3A,BMCL,2024-08-03T02:43:42.985-04:00
Buddi,Jack Dragon,,,,Accapella,2014,DLTLLY,2014-12-21,https://www.youtube.com/watch?v=a7BPokhefac,16582,a7BPokhefac,B.Day#1,2024-08-03T02:43:42.985-04:00
Rino Mandingo + Johnny Rakete,Onkel Oktomusch + Die Zwetschke,,,,Accapella,2014,DLTLLY,2014-12-14,https://www.youtube.com/watch?v=F7STdjMpxjI,96751,F7STdjMpxjI,B.Day,2024-08-03T02:43:42.985-04:00
MERLIN,SSYNIC,,,,Accapella,2014,RAM,2014-12-12,https://www.youtube.com/watch?v=cfvDlQ4_Tgo,560208,cfvDlQ4_Tgo,BMCL,2024-08-03T02:43:42.985-04:00
Doktor Dave,Nedal Nib,,,,Accapella,2014,DLTLLY,2014-12-07,https://www.youtube.com/watch?v=2C-98kSAnvA,89997,2C-98kSAnvA,B.Day#1,2024-08-03T02:43:42.985-04:00
PILLE,TOBI NICE,,,,Accapella,2014,RAM,2014-11-28,https://www.youtube.com/watch?v=dvHDvXMW0gs,65687,dvHDvXMW0gs,SPECIAL GUEST EKO FRESH,2024-08-03T02:43:42.985-04:00
BESSER,MC MAIK,,,,Accapella,2014,RAM,2014-11-14,https://www.youtube.com/watch?v=cxBjXzzu8UE,67822,cxBjXzzu8UE,BMCL,2024-08-03T02:43:42.985-04:00
Der Fischer,Harry Crotch,,,,Accapella,2014,DLTLLY,2014-11-09,https://www.youtube.com/watch?v=Y7aVsjvskZg,27414,Y7aVsjvskZg,Stuttgart,2024-08-03T02:43:42.985-04:00
BX,Crash Bundy,,,,Accapella,2014,DLTLLY,2014-11-02,https://www.youtube.com/watch?v=P7pIjWwY_GM,13793,P7pIjWwY_GM,Stuttgart,2024-08-03T02:43:42.985-04:00
Peter Pogen,Mars B.,,,,Accapella,2014,DLTLLY,2014-11-01,https://www.youtube.com/watch?v=nuB576G-0b4,43416,nuB576G-0b4,Stuttgart,2024-08-03T02:43:42.986-04:00
RV,JACK DRAGON,,,,Accapella,2014,RAM,2014-10-24,https://www.youtube.com/watch?v=1t4jYneSlMU,49610,1t4jYneSlMU,BMCL,2024-08-03T02:43:42.986-04:00
BDad,Smoke Tüü,,,,Accapella,2014,DLTLLY,2014-10-19,https://www.youtube.com/watch?v=RjFEs3w4x9k,45346,RjFEs3w4x9k,Stuttgart,2024-08-03T02:43:42.986-04:00
4TUNE,MERLIN,,,,Accapella,2014,RAM,2014-10-10,https://www.youtube.com/watch?v=FntcHYJRbJ8,271853,FntcHYJRbJ8,BMCL,2024-08-03T02:43:42.986-04:00
GREGPIPE,DAMION DAVIS,,,,Accapella,2014,RAM,2014-09-26,https://www.youtube.com/watch?v=aPZMBf0ZarU,432592,aPZMBf0ZarU,FEAT. DIZASTER,2024-08-03T02:43:42.986-04:00
JEAN GOUGH FRAIS,OGMIOS,,,,Accapella,2014,DON'T FLOP,2014-09-24,https://www.youtube.com/watch?v=xJh2enV5w5s,32898,xJh2enV5w5s,could not identify event,2024-08-03T02:43:42.986-04:00
IMPACT,MANIAC,,,,Accapella,2014,DON'T FLOP,2014-09-17,https://www.youtube.com/watch?v=vZU5vczCf3U,20576,vZU5vczCf3U,could not identify event,2024-08-03T02:43:42.986-04:00
Jack Dragon,Suza,,,,Accapella,2014,DLTLLY,2014-09-14,https://www.youtube.com/watch?v=bDEJXvF-nUI,15366,bDEJXvF-nUI,CoEvent,2024-08-03T02:43:42.986-04:00
SSYNIC,BONG TEGGY,,,,Accapella,2014,RAM,2014-09-12,https://www.youtube.com/watch?v=6iVykrPFKfg,1295100,6iVykrPFKfg,BMCL,2024-08-03T02:43:42.987-04:00
INNUENDO,JOLLYJAY,,,,Accapella,2014,DON'T FLOP,2014-09-10,https://www.youtube.com/watch?v=IHAEQ3v_qXg,29133,IHAEQ3v_qXg,could not identify event,2024-08-03T02:43:42.987-04:00
Nikiz,Luie-Die-Nadel,,,,Accapella,2014,DLTLLY,2014-09-07,https://www.youtube.com/watch?v=2_s20UfvW9E,14833,2_s20UfvW9E,CoEvent,2024-08-03T02:43:42.987-04:00
MR TONGUE TWISTER,BRIAN DAMAGE,,,,Accapella,2014,DON'T FLOP,2014-09-03,https://www.youtube.com/watch?v=LCVkClBmSK0,68854,LCVkClBmSK0,could not identify event,2024-08-03T02:43:42.987-04:00
Fatcap,Doktor Dave,,,,Accapella,2014,DLTLLY,2014-08-31,https://www.youtube.com/watch?v=5btIHEDh3Zg,41883,5btIHEDh3Zg,CoEvent,2024-08-03T02:43:42.987-04:00
MERLIN,RONI 87,,,,Accapella,2014,RAM,2014-08-29,https://www.youtube.com/watch?v=9YMIMdfVXII,84275,9YMIMdfVXII,BMCL,2024-08-03T02:43:42.987-04:00
Happy Beckmann & 4tune,Petschino & Juskah,splash! 17,Splash,Ferropolis,Accapella,2014,DLTLLY,2014-08-17,https://www.youtube.com/watch?v=gcvYmaoKYBs,328904,gcvYmaoKYBs,Splash #17,2024-08-03T02:43:42.988-04:00
Merlin,Gozpel,splash! 17,Splash,Ferropolis,Accapella,2014,DLTLLY,2014-08-10,https://www.youtube.com/watch?v=X6Etme4mfyY,140112,X6Etme4mfyY,Splash 17,2024-08-03T02:43:42.988-04:00
Mighty P,MC Maik,,,,Accapella,2014,DLTLLY,2014-08-07,https://www.youtube.com/watch?v=gGPgGMkU0vE,16653,gGPgGMkU0vE,EOW-Tour,2024-08-03T02:43:42.988-04:00
DuFF,Fresh Polakke,splash! 17,Splash,Ferropolis,Accapella,2014,DLTLLY,2014-08-02,https://www.youtube.com/watch?v=KVL-ldGpFlw,208081,KVL-ldGpFlw,Splash 17,2024-08-03T02:43:42.988-04:00
Duzoe & Dollar John,Der Fischer & Johnny Medez,,,,Accapella,2014,DLTLLY,2014-07-31,https://www.youtube.com/watch?v=0Dys8GpvON8,94387,0Dys8GpvON8,EOW-Tour,2024-08-03T02:43:42.988-04:00
Brian Damage + Philipp Quh,Mighty Mo + Nedal Nib,splash! 17,Splash,Ferropolis,Accapella,2014,DLTLLY,2014-07-26,https://www.youtube.com/watch?v=0uyM6aRubkg,122908,0uyM6aRubkg,Splash 17,2024-08-03T02:43:42.988-04:00
Pille,MisterOneTake,,,,Accapella,2014,DLTLLY,2014-07-24,https://www.youtube.com/watch?v=PK50fr4tGLE,22288,PK50fr4tGLE,EOW-Tour,2024-08-03T02:43:42.988-04:00
BDad,TWO,,,,Accapella,2014,DLTLLY,2014-07-17,https://www.youtube.com/watch?v=NjZpYHJ97HQ,18028,NjZpYHJ97HQ,EOW-Tour,2024-08-03T02:43:42.988-04:00
Proton,Koozy,,,,Accapella,2014,DLTLLY,2014-07-11,https://www.youtube.com/watch?v=4XKC8Ps7BgI,26823,4XKC8Ps7BgI,EOW-Tour,2024-08-03T02:43:42.988-04:00
Onkel Oktomusch & Die Zwetschke,DeeLah & MOH,,,,Accapella,2014,DLTLLY,2014-07-10,https://www.youtube.com/watch?v=L5Euo3LtaoI,69978,L5Euo3LtaoI,EOW-Tour,2024-08-03T02:43:42.988-04:00
Buddi,Veedel Kaztro,,,,Accapella,2014,DLTLLY,2014-06-29,https://www.youtube.com/watch?v=FJ_w_sSBM-4,28537,FJ_w_sSBM-4,EOW-Tour,2024-08-03T02:43:42.989-04:00
Mirko Fon,Kiddom,,,,Accapella,2014,DLTLLY,2014-06-26,https://www.youtube.com/watch?v=UDoGf75NbeY,9851,UDoGf75NbeY,EOW-Tour,2024-08-03T02:43:42.989-04:00
Salo,Tanguy,,,München,Accapella,2014,DLTLLY,2014-06-19,https://www.youtube.com/watch?v=xCGvPBzwfHk,15007,xCGvPBzwfHk,München,2024-08-03T02:43:42.989-04:00
Seby Tone,Manny Blanco,,,München,Accapella,2014,DLTLLY,2014-06-15,https://www.youtube.com/watch?v=a5cH4acRj8I,22908,a5cH4acRj8I,München,2024-08-03T02:43:42.989-04:00
MIGHTY MO,FRESH POLAKKE,,,,Accapella,2014,RAM,2014-06-13,https://www.youtube.com/watch?v=1G5Vmet6MPE,844894,1G5Vmet6MPE,BMCL,2024-08-03T02:43:42.989-04:00
Merlin,Trump,,,München,Accapella,2014,DLTLLY,2014-06-08,https://www.youtube.com/watch?v=cx87Qv4ZpMA,49835,cx87Qv4ZpMA,München,2024-08-03T02:43:42.989-04:00
Jack Dragon,Davie Jones,,,München,Accapella,2014,DLTLLY,2014-06-05,https://www.youtube.com/watch?v=cOl4rAK_Otc,31881,cOl4rAK_Otc,München,2024-08-03T02:43:42.989-04:00
Johnny Rakete,Philipp Quh,,,München,Accapella,2014,DLTLLY,2014-06-01,https://www.youtube.com/watch?v=rSc36pXcf1A,85869,rSc36pXcf1A,München,2024-08-03T02:43:42.989-04:00
P-ZAK,DEKZTER FRO,,,,Accapella,2014,RAM,2014-05-30,https://www.youtube.com/watch?v=2s8hiKZcZCM,91886,2s8hiKZcZCM,BMCL,2024-08-03T02:43:42.989-04:00
SSYNIC,JACK DRAGON,,,,Accapella,2014,RAM,2014-05-21,https://www.youtube.com/watch?v=qz915i6DQ2Q,543639,qz915i6DQ2Q,BMCL,2024-08-03T02:43:42.989-04:00
Nestor,Pirate,,,Berlin,Accapella,2014,DLTLLY,2014-05-11,https://www.youtube.com/watch?v=yqORBcs5UYY,11594,yqORBcs5UYY,Berlin,2024-08-03T02:43:42.990-04:00
Nikiz,Doktor Dave,,,Berlin,Accapella,2014,DLTLLY,2014-04-27,https://www.youtube.com/watch?v=u5z_5j3cXK8,38554,u5z_5j3cXK8,Berlin,2024-08-03T02:43:42.990-04:00
PILLE,GOZPEL,,,,Accapella,2014,RAM,2014-04-25,https://www.youtube.com/watch?v=lHq-Fzsr8Ac,243459,lHq-Fzsr8Ac,BMCL,2024-08-03T02:43:42.990-04:00
Micky Worthless,Jean-Gough Frais,,,,Accapella,2014,DLTLLY,2014-04-20,https://www.youtube.com/watch?v=OPLr7GGptLY,13873,OPLr7GGptLY,international,2024-08-03T02:43:42.990-04:00
George Midas,Der Fischer,,,Berlin,Accapella,2014,DLTLLY,2014-04-13,https://www.youtube.com/watch?v=YbkN0_nETaA,51498,YbkN0_nETaA,Berlin,2024-08-03T02:43:42.990-04:00
RONI 87,KEX KUHL,,,,Accapella,2014,RAM,2014-04-11,https://www.youtube.com/watch?v=x482UpQJG4Y,62723,x482UpQJG4Y,BMCL,2024-08-03T02:43:42.990-04:00
Brian Damage & Harry Crotch,Proton & Roni 87,,,Berlin,Accapella,2014,DLTLLY,2014-04-06,https://www.youtube.com/watch?v=yn7FJYKQC2Q,98081,yn7FJYKQC2Q,Berlin,2024-08-03T02:43:42.990-04:00
MERLIN,MC MIRROR,,,,Accapella,2014,RAM,2014-03-28,https://www.youtube.com/watch?v=BKIfTyJF1lI,73900,BKIfTyJF1lI,BMCL,2024-08-03T02:43:42.990-04:00
RV,MIGHTY P.,,,,Accapella,2014,RAM,2014-03-14,https://www.youtube.com/watch?v=9NjDEMuuDpU,74668,9NjDEMuuDpU,BMCL,2024-08-03T02:43:42.990-04:00
Amah,Koozy,,,München,Accapella,2014,DLTLLY,2014-03-09,https://www.youtube.com/watch?v=HUKdpTiE85w,34933,HUKdpTiE85w,München,2024-08-03T02:43:42.990-04:00
LeeWun,Trump,,,München,Accapella,2014,DLTLLY,2014-03-02,https://www.youtube.com/watch?v=q0awwVA6XtE,27413,q0awwVA6XtE,München,2024-08-03T02:43:42.991-04:00
BRIAN DAMAGE,DROB DYNAMIC,,,,Accapella,2014,RAM,2014-02-28,https://www.youtube.com/watch?v=RjwrnfiUHOg,205818,RjwrnfiUHOg,BMCL,2024-08-03T02:43:42.991-04:00
Harry Crotch,Jack Dragon,,,München,Accapella,2014,DLTLLY,2014-02-23,https://www.youtube.com/watch?v=vAwL9nL2Tws,24418,vAwL9nL2Tws,München,2024-08-03T02:43:42.991-04:00
Merlin,Mighty P,,,München,Accapella,2014,DLTLLY,2014-02-16,https://www.youtube.com/watch?v=pKPqvqAzf4Q,103009,pKPqvqAzf4Q,München,2024-08-03T02:43:42.991-04:00
KOOZY,MIGHTY MO,,,,Accapella,2014,RAM,2014-02-14,https://www.youtube.com/watch?v=D_aQnYfvCRA,150404,D_aQnYfvCRA,BMCL,2024-08-03T02:43:42.991-04:00
Johnny Rakete,Duff,,,München,Accapella,2014,DLTLLY,2014-02-09,https://www.youtube.com/watch?v=fUvelVlxcPo,104209,fUvelVlxcPo,München,2024-08-03T02:43:42.991-04:00
Hansen,Presto,,,Berlin,Accapella,2013,DLTLLY,2014-01-26,https://www.youtube.com/watch?v=YFaEYJxVZ2E,31096,YFaEYJxVZ2E,Berlin,2024-08-03T02:43:42.991-04:00
LE NERD,FRESH POLAKKE,,,,Accapella,2014,RAM,2014-01-24,https://www.youtube.com/watch?v=fJArtxDNhT4,874604,fJArtxDNhT4,BMCL,2024-08-03T02:43:42.991-04:00
Zero2012,Der Fischer,,,Berlin,Accapella,2013,DLTLLY,2014-01-19,https://www.youtube.com/watch?v=01tb9snEcZY,19613,01tb9snEcZY,Berlin,2024-08-03T02:43:42.991-04:00
Rino Mandingo,Breeze,,,Berlin,Accapella,2013,DLTLLY,2014-01-12,https://www.youtube.com/watch?v=WyB8pGBM6A8,52189,WyB8pGBM6A8,Berlin,2024-08-03T02:43:42.991-04:00
MC Mirror,Proton,,,Berlin,Accapella,2013,DLTLLY,2014-01-05,https://www.youtube.com/watch?v=jQEEjiaNiiE,23553,jQEEjiaNiiE,Berlin,2024-08-03T02:43:42.992-04:00
Mos Prob,Maniac,,,Berlin,Accapella,2013,DLTLLY,2013-12-29,https://www.youtube.com/watch?v=hY0tBCILguU,15192,hY0tBCILguU,Berlin,2024-08-03T02:43:42.992-04:00
P-ZAK,IRON BASIC,,,,Accapella,2013,RAM,2013-12-27,https://www.youtube.com/watch?v=0qAUK-MG2eg,256781,0qAUK-MG2eg,BMCL,2024-08-03T02:43:42.992-04:00
Brian Damage,Doktor Dave,,,Berlin,Accapella,2013,DLTLLY,2013-12-22,https://www.youtube.com/watch?v=XRyY1EePVF0,91070,XRyY1EePVF0,Berlin,2024-08-03T02:43:42.992-04:00
TIERSTAR,GREGPIPE,,,,Accapella,2013,RAM,2013-12-14,https://www.youtube.com/watch?v=qSQBrHXWTOY,648503,qSQBrHXWTOY,BMCL,2024-08-03T02:43:42.992-04:00
AMAH,MIGHTY P.,,,,Accapella,2013,RAM,2013-12-07,https://www.youtube.com/watch?v=pH9E5d8YsGk,73401,pH9E5d8YsGk,BMCL,2024-08-03T02:43:42.992-04:00
SEPARATE,TAKT32,,,,Accapella,2013,RAM,2013-11-15,https://www.youtube.com/watch?v=qbbibKd189w,245559,qbbibKd189w,BMCL,2024-08-03T02:43:42.992-04:00
LAAS UNLTD.,DROB DYNAMIC,,,,Accapella,2013,RAM,2013-10-25,https://www.youtube.com/watch?v=gVzPXJa4eTI,3094589,gVzPXJa4eTI,BMCL,2024-08-03T02:43:42.992-04:00
Kizu,Trump,,,Berlin,Accapella,2013,DLTLLY,2013-10-20,https://www.youtube.com/watch?v=THhMAgBOcN8,19340,THhMAgBOcN8,Berlin,2024-08-03T02:43:42.992-04:00
Doktor Dave,Jack Dragon,,,Berlin,Accapella,2013,DLTLLY,2013-10-13,https://www.youtube.com/watch?v=QB0ZXYSkZcw,37799,QB0ZXYSkZcw,Berlin,2024-08-03T02:43:42.993-04:00
KOOZY,FATCAP,,,,Accapella,2013,RAM,2013-10-10,https://www.youtube.com/watch?v=_cSsd58nwnk,96771,_cSsd58nwnk,BMCL,2024-08-03T02:43:42.993-04:00
Rob Really,Manekin Peace,,,Berlin,Accapella,2013,DLTLLY,2013-10-07,https://www.youtube.com/watch?v=7lUMhXH2ZgE,10722,7lUMhXH2ZgE,Berlin,2024-08-03T02:43:42.993-04:00
Brian Damage,Mighty P,,,Berlin,Accapella,2013,DLTLLY,2013-09-29,https://www.youtube.com/watch?v=Z3a9iIjuFmc,62070,Z3a9iIjuFmc,Berlin,2024-08-03T02:43:42.993-04:00
P-ZAK,BATTLEBOI BASTI,,,,Accapella,2013,RAM,2013-09-27,https://www.youtube.com/watch?v=6fAOSCXdMKM,1242299,6fAOSCXdMKM,BMCL,2024-08-03T02:43:42.993-04:00
Hansen,Kurzer Prozess,,,Berlin,Accapella,2013,DLTLLY,2013-09-24,https://www.youtube.com/watch?v=8Ui9Bl4LCBg,88482,8Ui9Bl4LCBg,Berlin,2024-08-03T02:43:42.993-04:00
TightamMic,Drob Dynamic,,,,Accapella,2013,RAM,2013-06-27,https://www.youtube.com/watch?v=HUIIteZgOEo,137662,HUIIteZgOEo,BMCL,2024-08-03T02:43:42.993-04:00
P-Zak,Drob Dynamic,,,,Accapella,2013,RAM,2013-06-13,https://www.youtube.com/watch?v=V_c4iLEr7VI,107286,V_c4iLEr7VI,BMCL,2024-08-03T02:43:42.993-04:00
Tierstar,Drob Dynamic,,,,Accapella,2013,RAM,2013-05-23,https://www.youtube.com/watch?v=3xIGQWw0yBc,76373,3xIGQWw0yBc,BMCL,2024-08-03T02:43:42.993-04:00
Tierstar,P-Zak,,,,Accapella,2013,RAM,2013-05-09,https://www.youtube.com/watch?v=W3ARbDcTOgA,214677,W3ARbDcTOgA,BMCL,2024-08-03T02:43:42.993-04:00
Le Nerd,P-Zak,,,,Accapella,2013,RAM,2013-04-26,https://www.youtube.com/watch?v=YR_hbQrJFBU,69037,YR_hbQrJFBU,BMCL,2024-08-03T02:43:42.994-04:00
Percee,Le Nerd,,,,Accapella,2013,RAM,2013-04-11,https://www.youtube.com/watch?v=7s6PZzdv0wg,206312,7s6PZzdv0wg,BMCL,2024-08-03T02:43:42.994-04:00
Karate Andi,Percee,,,,Accapella,2013,RAM,2013-03-29,https://www.youtube.com/watch?v=anmpoR_npR4,218223,anmpoR_npR4,BMCL,2024-08-03T02:43:42.994-04:00
Karate Andi,Main Moe,,,,Accapella,2013,RAM,2013-03-14,https://www.youtube.com/watch?v=i-oMO81YD5E,347106,i-oMO81YD5E,BMCL,2024-08-03T02:43:42.994-04:00
Mave,Karate Andi,,,,Accapella,2013,RAM,2013-02-28,https://www.youtube.com/watch?v=TxL9xYZoikE,295668,TxL9xYZoikE,BMCL,2024-08-03T02:43:42.994-04:00
Karate Andi,Gier,,,,Accapella,2013,RAM,2013-01-25,https://www.youtube.com/watch?v=6J_YbVMq6Tc,760144,6J_YbVMq6Tc,BMCL,2024-08-03T02:43:42.994-04:00
GIER,P-ZAK -,,,,Accapella,2012,RAM,2012-12-25,https://www.youtube.com/watch?v=VDxMffxIK9w,112060,VDxMffxIK9w,BMCL,2024-08-03T02:43:42.994-04:00
RV,P-ZAK -,,,,Accapella,2012,RAM,2012-12-12,https://www.youtube.com/watch?v=ZMAmrXDKC2k,57303,ZMAmrXDKC2k,BMCL,2024-08-03T02:43:42.994-04:00
P-ZAK,PAPI SCHLAUCH -,,,,Accapella,2012,RAM,2012-11-27,https://www.youtube.com/watch?v=JOE65_7ANE4,30496,JOE65_7ANE4,BMCL,2024-08-03T02:43:42.994-04:00
FATCAP,PAPI SCHLAUCH -,,,,Accapella,2012,RAM,2012-11-13,https://www.youtube.com/watch?v=0HL7X1MoDC8,27431,0HL7X1MoDC8,BMCL,2024-08-03T02:43:42.994-04:00
PAPI SCHLAUCH,MAIN MOE -,,,,Accapella,2012,RAM,2012-10-23,https://www.youtube.com/watch?v=jCugjz2O7XA,43119,jCugjz2O7XA,BMCL,2024-08-03T02:43:42.995-04:00
MAIN MOE,DER FISCHER -,,,,Accapella,2012,RAM,2012-10-09,https://www.youtube.com/watch?v=szcQuWucbf8,43117,szcQuWucbf8,BMCL,2024-08-03T02:43:42.995-04:00
MAIN MOE,GIER -,,,,Accapella,2011,RAM,2010-10-14,https://www.youtube.com/watch?v=j851KMaKDyA,95600,j851KMaKDyA,BMCL,2024-08-03T02:43:42.995-04:00
FATCAP,MAIN MOE -,,,,Accapella,2012,RAM,2010-10-14,https://www.youtube.com/watch?v=gGuK4lK76oU,68164,gGuK4lK76oU,BMCL,2024-08-03T02:43:42.995-04:00
TIGHTAMMIC,FATCAP -,,,,Accapella,2011,RAM,2010-10-14,https://www.youtube.com/watch?v=LTgCb1EIASk,42780,LTgCb1EIASk,BMCL,2024-08-03T02:43:42.995-04:00
Noize,Gier,,,,Accapella,2010,RAM,2010-10-14,https://www.youtube.com/watch?v=ibeHNtp8Qi4,25699,ibeHNtp8Qi4,BMCL,2024-08-03T02:43:42.995-04:00
GIER,TIERSTAR -,,,,Accapella,2011,RAM,2010-10-14,https://www.youtube.com/watch?v=2XkODGxWvfE,147085,2XkODGxWvfE,BMCL,2024-08-03T02:43:42.995-04:00
GIER,MAIN MOE -,,,,Accapella,2012,RAM,2010-10-14,https://www.youtube.com/watch?v=0IoJTI3ijBw,149786,0IoJTI3ijBw,BMCL,2024-08-03T02:43:42.995-04:00
MAIN MOE,TIGHTAMMIC -,,,,Accapella,2012,RAM,2010-10-14,https://www.youtube.com/watch?v=WgyEvY6d55g,56505,WgyEvY6d55g,BMCL,2024-08-03T02:43:42.995-04:00
PAPI SCHLAUCH,ATZENKALLE -,,,,Accapella,2012,RAM,2010-10-14,https://www.youtube.com/watch?v=3P2OojCc83A,275067,3P2OojCc83A,BMCL,2024-08-03T02:43:42.995-04:00
ATZENKALLE,FATCAP -,,,,Accapella,2012,RAM,2010-10-14,https://www.youtube.com/watch?v=3_WNGbYAEGM,169604,3_WNGbYAEGM,BMCL OFFICIAL HD VERSION AGGROTV,2024-08-03T02:43:42.996-04:00
P-ZAK,TIERSTAR -,,,,Accapella,2011,RAM,2010-10-14,https://www.youtube.com/watch?v=tNLkPJU_3Hc,70439,tNLkPJU_3Hc,BMCL,2024-08-03T02:43:42.996-04:00
P-ZAK,FATCAP -,,,,Accapella,2012,RAM,2010-10-14,https://www.youtube.com/watch?v=TXgYqbhPZbw,41181,TXgYqbhPZbw,BMCL,2024-08-03T02:43:42.996-04:00
GIER,PIRATE,,,,Accapella,2011,RAM,2010-10-14,https://www.youtube.com/watch?v=rLsM528iCvI,40768,rLsM528iCvI,BMCL,2024-08-03T02:43:42.996-04:00
FURIOUS,TIERSTAR -,,,,Accapella,2011,RAM,2010-10-14,https://www.youtube.com/watch?v=V7xmt7en-NU,28024,V7xmt7en-NU,BMCL,2024-08-03T02:43:42.996-04:00
ATZENKALLE,P-ZAK -,,,,Accapella,2012,RAM,2010-10-14,https://www.youtube.com/watch?v=1RlrFmJgUb0,383896,1RlrFmJgUb0,BMCL,2024-08-03T02:43:42.996-04:00
PRESTO,TIGHTAMMIC -,,,,Accapella,2011,RAM,2010-10-14,https://www.youtube.com/watch?v=_zciyRJMT4I,48351,_zciyRJMT4I,BMCL,2024-08-03T02:43:42.996-04:00
Tierstar,Gier,,,,Accapella,2010,RAM,2010-10-14,https://www.youtube.com/watch?v=wOsC6Irs9EY,33175,wOsC6Irs9EY,BMCL,2024-08-03T02:43:42.996-04:00
GIER,JUSE JU -,,,,Accapella,2011,RAM,2010-10-14,https://www.youtube.com/watch?v=1DyxMMREZ_s,66880,1DyxMMREZ_s,BMCL,2024-08-03T02:43:42.996-04:00
P-ZAK,TIERSTAR -,,,,Accapella,2011,RAM,2010-10-14,https://www.youtube.com/watch?v=ZVXJ36hbgRs,45476,ZVXJ36hbgRs,BMCL,2024-08-03T02:43:42.996-04:00
FATCAP,MAIN MOE -,,,,Accapella,2011,RAM,2010-10-14,https://www.youtube.com/watch?v=6ygV5kXXpOY,47710,6ygV5kXXpOY,BMCL,2024-08-03T02:43:42.997-04:00
P-ZAK,FATCAP -,,,,Accapella,2011,RAM,2010-10-14,https://www.youtube.com/watch?v=NpQ5PfavOr4,38361,NpQ5PfavOr4,BMCL,2024-08-03T02:43:42.997-04:00
NESTOR,PRESTO -,,,,Accapella,2011,RAM,2010-10-14,https://www.youtube.com/watch?v=7Id8LsNORpA,18344,7Id8LsNORpA,BMCL,2024-08-03T02:43:42.997-04:00
Tierstar,Gier,,,,Accapella,2010,RAM,2010-10-14,https://www.youtube.com/watch?v=Jx2HyJUI7UQ,58919,Jx2HyJUI7UQ,BMCL,2024-08-03T02:43:42.998-04:00
TIERSTAR,MAIN MOE -,,,,Accapella,2012,RAM,2010-10-14,https://www.youtube.com/watch?v=7vV91Bdl96U,83336,7vV91Bdl96U,BMCL,2024-08-03T02:43:42.998-04:00
MAIN MOE,ATZENKALLE -,,,,Accapella,2012,RAM,2010-10-14,https://www.youtube.com/watch?v=xHaX18xKgAg,275409,xHaX18xKgAg,BMCL,2024-08-03T02:43:42.998-04:00
Noize,Gier,,,,Accapella,2010,RAM,2010-10-14,https://www.youtube.com/watch?v=g65YfSomyZg,41922,g65YfSomyZg,BMCL,2024-08-03T02:43:42.998-04:00
